WIDTH=12;
DEPTH=15360;

ADDRESS_RADIX=UNS;
DATA_RADIX=HEX;

CONTENT BEGIN
0:003;
1:003;
2:003;
3:003;
4:003;
5:003;
6:003;
7:003;
8:003;
9:003;
10:003;
11:003;
12:003;
13:003;
14:003;
15:003;
16:003;
17:003;
18:003;
19:003;
20:003;
21:003;
22:003;
23:003;
24:003;
25:003;
26:003;
27:003;
28:003;
29:003;
30:003;
31:000;
32:003;
33:003;
34:003;
35:003;
36:003;
37:003;
38:003;
39:003;
40:003;
41:003;
42:003;
43:003;
44:003;
45:003;
46:003;
47:003;
48:003;
49:003;
50:003;
51:003;
52:003;
53:003;
54:003;
55:003;
56:003;
57:003;
58:003;
59:003;
60:003;
61:003;
62:003;
63:000;
64:003;
65:003;
66:003;
67:003;
68:003;
69:003;
70:003;
71:003;
72:003;
73:003;
74:003;
75:003;
76:003;
77:003;
78:003;
79:003;
80:003;
81:003;
82:003;
83:003;
84:003;
85:003;
86:003;
87:003;
88:003;
89:003;
90:003;
91:003;
92:003;
93:003;
94:003;
95:000;
96:003;
97:003;
98:003;
99:003;
100:003;
101:003;
102:003;
103:003;
104:003;
105:003;
106:003;
107:003;
108:003;
109:003;
110:003;
111:003;
112:003;
113:003;
114:003;
115:003;
116:003;
117:003;
118:003;
119:003;
120:003;
121:003;
122:003;
123:003;
124:003;
125:003;
126:003;
127:000;
128:003;
129:003;
130:003;
131:003;
132:003;
133:003;
134:003;
135:003;
136:003;
137:003;
138:003;
139:003;
140:003;
141:003;
142:003;
143:003;
144:003;
145:003;
146:003;
147:003;
148:003;
149:003;
150:003;
151:003;
152:003;
153:003;
154:003;
155:003;
156:003;
157:003;
158:003;
159:000;
160:003;
161:003;
162:003;
163:003;
164:003;
165:003;
166:003;
167:003;
168:003;
169:003;
170:003;
171:003;
172:003;
173:003;
174:003;
175:003;
176:003;
177:003;
178:003;
179:003;
180:003;
181:003;
182:003;
183:003;
184:003;
185:003;
186:003;
187:003;
188:003;
189:003;
190:003;
191:000;
192:003;
193:003;
194:003;
195:003;
196:003;
197:003;
198:003;
199:003;
200:003;
201:003;
202:003;
203:003;
204:003;
205:003;
206:003;
207:003;
208:003;
209:003;
210:003;
211:003;
212:003;
213:003;
214:003;
215:003;
216:003;
217:003;
218:003;
219:003;
220:003;
221:003;
222:003;
223:000;
224:003;
225:003;
226:003;
227:003;
228:003;
229:003;
230:003;
231:003;
232:003;
233:003;
234:003;
235:003;
236:003;
237:003;
238:003;
239:003;
240:003;
241:003;
242:003;
243:003;
244:003;
245:003;
246:003;
247:003;
248:003;
249:003;
250:003;
251:003;
252:003;
253:003;
254:003;
255:000;
256:003;
257:003;
258:003;
259:003;
260:003;
261:003;
262:003;
263:003;
264:003;
265:003;
266:003;
267:003;
268:003;
269:003;
270:003;
271:003;
272:003;
273:003;
274:003;
275:003;
276:003;
277:003;
278:003;
279:003;
280:003;
281:003;
282:003;
283:003;
284:003;
285:003;
286:003;
287:000;
288:003;
289:003;
290:003;
291:003;
292:003;
293:003;
294:003;
295:003;
296:003;
297:003;
298:003;
299:003;
300:003;
301:003;
302:003;
303:003;
304:003;
305:003;
306:003;
307:003;
308:003;
309:003;
310:003;
311:003;
312:003;
313:003;
314:003;
315:003;
316:003;
317:003;
318:003;
319:000;
320:003;
321:003;
322:003;
323:003;
324:003;
325:003;
326:003;
327:003;
328:003;
329:003;
330:003;
331:003;
332:003;
333:003;
334:003;
335:003;
336:003;
337:003;
338:003;
339:003;
340:003;
341:003;
342:003;
343:003;
344:003;
345:003;
346:003;
347:003;
348:003;
349:003;
350:003;
351:000;
352:003;
353:003;
354:003;
355:003;
356:003;
357:003;
358:003;
359:003;
360:003;
361:003;
362:003;
363:003;
364:003;
365:003;
366:003;
367:003;
368:003;
369:003;
370:003;
371:003;
372:003;
373:003;
374:003;
375:003;
376:003;
377:003;
378:003;
379:003;
380:003;
381:003;
382:003;
383:000;
384:004;
385:004;
386:004;
387:004;
388:004;
389:004;
390:004;
391:004;
392:004;
393:004;
394:004;
395:004;
396:004;
397:004;
398:004;
399:004;
400:004;
401:004;
402:004;
403:004;
404:004;
405:004;
406:004;
407:004;
408:004;
409:004;
410:004;
411:004;
412:004;
413:000;
414:000;
415:004;
416:004;
417:004;
418:004;
419:004;
420:004;
421:004;
422:004;
423:004;
424:004;
425:004;
426:004;
427:004;
428:004;
429:004;
430:004;
431:004;
432:004;
433:004;
434:004;
435:004;
436:004;
437:004;
438:004;
439:004;
440:004;
441:004;
442:004;
443:004;
444:004;
445:000;
446:000;
447:004;
448:004;
449:004;
450:004;
451:004;
452:004;
453:004;
454:004;
455:004;
456:004;
457:004;
458:004;
459:004;
460:004;
461:004;
462:004;
463:004;
464:004;
465:004;
466:004;
467:004;
468:004;
469:004;
470:004;
471:004;
472:004;
473:004;
474:004;
475:000;
476:000;
477:004;
478:004;
479:004;
480:004;
481:004;
482:004;
483:004;
484:004;
485:004;
486:004;
487:004;
488:004;
489:004;
490:004;
491:004;
492:004;
493:004;
494:004;
495:004;
496:004;
497:004;
498:004;
499:004;
500:004;
501:004;
502:004;
503:004;
504:004;
505:004;
506:004;
507:000;
508:000;
509:004;
510:004;
511:004;
512:004;
513:004;
514:004;
515:004;
516:004;
517:004;
518:004;
519:004;
520:004;
521:004;
522:004;
523:004;
524:004;
525:004;
526:004;
527:004;
528:004;
529:004;
530:004;
531:004;
532:004;
533:004;
534:004;
535:004;
536:004;
537:000;
538:000;
539:004;
540:004;
541:004;
542:004;
543:004;
544:004;
545:004;
546:004;
547:004;
548:004;
549:004;
550:004;
551:004;
552:004;
553:004;
554:004;
555:004;
556:004;
557:004;
558:004;
559:004;
560:004;
561:004;
562:004;
563:004;
564:004;
565:004;
566:004;
567:004;
568:004;
569:000;
570:000;
571:004;
572:004;
573:004;
574:004;
575:004;
576:004;
577:004;
578:004;
579:004;
580:004;
581:004;
582:004;
583:004;
584:004;
585:004;
586:004;
587:004;
588:004;
589:004;
590:004;
591:004;
592:004;
593:004;
594:004;
595:004;
596:004;
597:004;
598:004;
599:000;
600:000;
601:004;
602:004;
603:004;
604:004;
605:004;
606:004;
607:004;
608:004;
609:004;
610:004;
611:004;
612:004;
613:004;
614:004;
615:004;
616:004;
617:004;
618:004;
619:004;
620:004;
621:004;
622:004;
623:004;
624:004;
625:004;
626:004;
627:004;
628:004;
629:004;
630:004;
631:000;
632:000;
633:004;
634:004;
635:004;
636:004;
637:004;
638:004;
639:004;
640:002;
641:002;
642:002;
643:002;
644:002;
645:002;
646:002;
647:002;
648:002;
649:002;
650:002;
651:002;
652:002;
653:002;
654:002;
655:002;
656:002;
657:002;
658:002;
659:002;
660:002;
661:002;
662:002;
663:002;
664:002;
665:002;
666:002;
667:002;
668:002;
669:002;
670:002;
671:002;
672:002;
673:002;
674:002;
675:002;
676:002;
677:002;
678:002;
679:002;
680:002;
681:002;
682:002;
683:002;
684:002;
685:002;
686:002;
687:002;
688:002;
689:002;
690:002;
691:002;
692:002;
693:002;
694:002;
695:002;
696:002;
697:002;
698:002;
699:002;
700:002;
701:002;
702:002;
703:002;
704:002;
705:002;
706:002;
707:002;
708:002;
709:002;
710:002;
711:002;
712:002;
713:002;
714:002;
715:002;
716:002;
717:002;
718:002;
719:002;
720:002;
721:002;
722:002;
723:002;
724:002;
725:002;
726:002;
727:002;
728:002;
729:002;
730:002;
731:002;
732:002;
733:002;
734:002;
735:002;
736:002;
737:002;
738:002;
739:002;
740:002;
741:002;
742:002;
743:002;
744:002;
745:002;
746:002;
747:002;
748:002;
749:002;
750:002;
751:002;
752:002;
753:002;
754:002;
755:002;
756:002;
757:002;
758:002;
759:002;
760:002;
761:002;
762:002;
763:002;
764:002;
765:002;
766:002;
767:002;
768:002;
769:002;
770:002;
771:002;
772:002;
773:002;
774:002;
775:002;
776:002;
777:002;
778:002;
779:002;
780:002;
781:002;
782:002;
783:002;
784:002;
785:002;
786:002;
787:002;
788:002;
789:002;
790:002;
791:002;
792:002;
793:002;
794:002;
795:002;
796:002;
797:002;
798:002;
799:002;
800:002;
801:002;
802:002;
803:002;
804:002;
805:002;
806:002;
807:002;
808:002;
809:002;
810:002;
811:002;
812:002;
813:002;
814:002;
815:002;
816:002;
817:002;
818:002;
819:002;
820:002;
821:002;
822:002;
823:002;
824:002;
825:002;
826:002;
827:002;
828:002;
829:002;
830:002;
831:002;
832:002;
833:002;
834:002;
835:002;
836:002;
837:002;
838:002;
839:002;
840:002;
841:002;
842:002;
843:002;
844:002;
845:002;
846:002;
847:002;
848:002;
849:002;
850:002;
851:002;
852:002;
853:002;
854:002;
855:002;
856:002;
857:002;
858:002;
859:002;
860:002;
861:002;
862:002;
863:002;
864:002;
865:002;
866:002;
867:002;
868:002;
869:002;
870:002;
871:002;
872:002;
873:002;
874:002;
875:002;
876:002;
877:002;
878:002;
879:002;
880:002;
881:002;
882:002;
883:002;
884:002;
885:002;
886:002;
887:002;
888:002;
889:002;
890:002;
891:002;
892:002;
893:002;
894:002;
895:002;
896:002;
897:002;
898:002;
899:002;
900:002;
901:002;
902:002;
903:002;
904:002;
905:002;
906:002;
907:002;
908:002;
909:002;
910:002;
911:002;
912:002;
913:002;
914:002;
915:002;
916:002;
917:002;
918:002;
919:002;
920:002;
921:002;
922:002;
923:002;
924:002;
925:002;
926:002;
927:002;
928:002;
929:002;
930:002;
931:002;
932:002;
933:002;
934:002;
935:002;
936:002;
937:002;
938:002;
939:002;
940:002;
941:002;
942:002;
943:002;
944:002;
945:002;
946:002;
947:002;
948:002;
949:002;
950:002;
951:002;
952:002;
953:002;
954:002;
955:002;
956:002;
957:002;
958:002;
959:002;
960:002;
961:002;
962:002;
963:002;
964:002;
965:002;
966:002;
967:002;
968:002;
969:002;
970:002;
971:002;
972:002;
973:002;
974:002;
975:002;
976:002;
977:002;
978:002;
979:002;
980:002;
981:002;
982:002;
983:002;
984:002;
985:002;
986:002;
987:002;
988:002;
989:002;
990:002;
991:002;
992:002;
993:002;
994:002;
995:002;
996:002;
997:002;
998:002;
999:002;
1000:002;
1001:002;
1002:002;
1003:002;
1004:002;
1005:002;
1006:002;
1007:002;
1008:002;
1009:002;
1010:002;
1011:002;
1012:002;
1013:002;
1014:002;
1015:002;
1016:002;
1017:002;
1018:002;
1019:002;
1020:002;
1021:002;
1022:002;
1023:002;
1024:002;
1025:002;
1026:002;
1027:002;
1028:002;
1029:002;
1030:002;
1031:002;
1032:002;
1033:002;
1034:002;
1035:002;
1036:002;
1037:002;
1038:002;
1039:002;
1040:002;
1041:002;
1042:002;
1043:002;
1044:002;
1045:002;
1046:002;
1047:002;
1048:002;
1049:002;
1050:002;
1051:002;
1052:002;
1053:002;
1054:002;
1055:002;
1056:002;
1057:002;
1058:002;
1059:002;
1060:002;
1061:002;
1062:002;
1063:002;
1064:002;
1065:002;
1066:002;
1067:002;
1068:002;
1069:002;
1070:002;
1071:002;
1072:002;
1073:002;
1074:002;
1075:002;
1076:002;
1077:002;
1078:002;
1079:002;
1080:002;
1081:002;
1082:002;
1083:002;
1084:002;
1085:002;
1086:002;
1087:002;
1088:002;
1089:002;
1090:002;
1091:002;
1092:002;
1093:002;
1094:002;
1095:002;
1096:002;
1097:002;
1098:002;
1099:002;
1100:002;
1101:002;
1102:002;
1103:002;
1104:002;
1105:002;
1106:002;
1107:002;
1108:002;
1109:002;
1110:002;
1111:002;
1112:002;
1113:002;
1114:002;
1115:002;
1116:002;
1117:002;
1118:002;
1119:002;
1120:002;
1121:002;
1122:002;
1123:002;
1124:002;
1125:002;
1126:002;
1127:002;
1128:002;
1129:002;
1130:002;
1131:002;
1132:002;
1133:002;
1134:002;
1135:002;
1136:002;
1137:002;
1138:002;
1139:002;
1140:002;
1141:002;
1142:002;
1143:002;
1144:002;
1145:002;
1146:002;
1147:002;
1148:002;
1149:002;
1150:002;
1151:002;
1152:002;
1153:002;
1154:002;
1155:002;
1156:002;
1157:002;
1158:002;
1159:002;
1160:002;
1161:002;
1162:002;
1163:002;
1164:002;
1165:002;
1166:002;
1167:002;
1168:002;
1169:002;
1170:002;
1171:002;
1172:002;
1173:002;
1174:002;
1175:002;
1176:002;
1177:002;
1178:002;
1179:002;
1180:002;
1181:002;
1182:002;
1183:002;
1184:002;
1185:002;
1186:002;
1187:002;
1188:002;
1189:002;
1190:002;
1191:002;
1192:002;
1193:002;
1194:002;
1195:002;
1196:002;
1197:002;
1198:002;
1199:002;
1200:002;
1201:002;
1202:002;
1203:002;
1204:002;
1205:002;
1206:002;
1207:002;
1208:002;
1209:002;
1210:002;
1211:002;
1212:002;
1213:002;
1214:002;
1215:002;
1216:002;
1217:002;
1218:002;
1219:002;
1220:002;
1221:002;
1222:002;
1223:002;
1224:002;
1225:002;
1226:002;
1227:002;
1228:002;
1229:002;
1230:002;
1231:002;
1232:002;
1233:002;
1234:002;
1235:002;
1236:002;
1237:002;
1238:002;
1239:002;
1240:002;
1241:002;
1242:002;
1243:002;
1244:002;
1245:002;
1246:002;
1247:002;
1248:002;
1249:002;
1250:002;
1251:002;
1252:002;
1253:002;
1254:002;
1255:002;
1256:002;
1257:002;
1258:002;
1259:002;
1260:002;
1261:002;
1262:002;
1263:002;
1264:002;
1265:002;
1266:002;
1267:002;
1268:002;
1269:002;
1270:002;
1271:002;
1272:002;
1273:002;
1274:002;
1275:002;
1276:002;
1277:002;
1278:002;
1279:002;
1280:002;
1281:002;
1282:002;
1283:002;
1284:002;
1285:002;
1286:002;
1287:002;
1288:002;
1289:002;
1290:002;
1291:002;
1292:002;
1293:002;
1294:002;
1295:002;
1296:002;
1297:002;
1298:002;
1299:002;
1300:002;
1301:002;
1302:002;
1303:002;
1304:002;
1305:002;
1306:002;
1307:002;
1308:002;
1309:002;
1310:002;
1311:002;
1312:002;
1313:002;
1314:002;
1315:002;
1316:002;
1317:002;
1318:002;
1319:002;
1320:002;
1321:002;
1322:002;
1323:002;
1324:002;
1325:002;
1326:002;
1327:002;
1328:002;
1329:002;
1330:002;
1331:002;
1332:002;
1333:002;
1334:002;
1335:002;
1336:002;
1337:002;
1338:002;
1339:002;
1340:002;
1341:002;
1342:002;
1343:002;
1344:002;
1345:002;
1346:002;
1347:002;
1348:002;
1349:002;
1350:002;
1351:002;
1352:002;
1353:002;
1354:002;
1355:002;
1356:002;
1357:002;
1358:002;
1359:002;
1360:002;
1361:002;
1362:002;
1363:002;
1364:002;
1365:002;
1366:002;
1367:002;
1368:002;
1369:002;
1370:002;
1371:002;
1372:002;
1373:002;
1374:002;
1375:002;
1376:002;
1377:002;
1378:002;
1379:002;
1380:002;
1381:002;
1382:002;
1383:002;
1384:002;
1385:002;
1386:002;
1387:002;
1388:002;
1389:002;
1390:002;
1391:002;
1392:002;
1393:002;
1394:002;
1395:002;
1396:002;
1397:002;
1398:002;
1399:002;
1400:002;
1401:002;
1402:002;
1403:002;
1404:002;
1405:002;
1406:002;
1407:002;
1408:002;
1409:002;
1410:002;
1411:002;
1412:002;
1413:002;
1414:002;
1415:002;
1416:002;
1417:002;
1418:002;
1419:002;
1420:002;
1421:002;
1422:002;
1423:002;
1424:002;
1425:002;
1426:002;
1427:002;
1428:002;
1429:002;
1430:002;
1431:002;
1432:002;
1433:002;
1434:002;
1435:002;
1436:002;
1437:002;
1438:002;
1439:002;
1440:002;
1441:002;
1442:002;
1443:002;
1444:002;
1445:002;
1446:002;
1447:002;
1448:002;
1449:002;
1450:002;
1451:002;
1452:002;
1453:002;
1454:002;
1455:002;
1456:002;
1457:002;
1458:002;
1459:002;
1460:002;
1461:002;
1462:002;
1463:002;
1464:002;
1465:002;
1466:002;
1467:002;
1468:002;
1469:002;
1470:002;
1471:002;
1472:002;
1473:002;
1474:002;
1475:002;
1476:002;
1477:002;
1478:002;
1479:002;
1480:002;
1481:002;
1482:002;
1483:002;
1484:002;
1485:002;
1486:002;
1487:002;
1488:002;
1489:002;
1490:002;
1491:002;
1492:002;
1493:002;
1494:002;
1495:002;
1496:002;
1497:002;
1498:002;
1499:002;
1500:002;
1501:002;
1502:002;
1503:002;
1504:002;
1505:002;
1506:002;
1507:002;
1508:002;
1509:002;
1510:002;
1511:002;
1512:002;
1513:002;
1514:002;
1515:002;
1516:002;
1517:002;
1518:002;
1519:002;
1520:002;
1521:002;
1522:002;
1523:002;
1524:002;
1525:002;
1526:002;
1527:002;
1528:002;
1529:002;
1530:002;
1531:002;
1532:002;
1533:002;
1534:002;
1535:002;
1536:002;
1537:002;
1538:002;
1539:002;
1540:002;
1541:002;
1542:002;
1543:002;
1544:002;
1545:002;
1546:002;
1547:002;
1548:002;
1549:002;
1550:002;
1551:002;
1552:002;
1553:002;
1554:002;
1555:002;
1556:002;
1557:002;
1558:002;
1559:002;
1560:002;
1561:002;
1562:002;
1563:002;
1564:002;
1565:002;
1566:002;
1567:002;
1568:002;
1569:002;
1570:002;
1571:002;
1572:002;
1573:002;
1574:002;
1575:002;
1576:002;
1577:002;
1578:002;
1579:002;
1580:002;
1581:002;
1582:002;
1583:002;
1584:002;
1585:002;
1586:002;
1587:002;
1588:002;
1589:002;
1590:002;
1591:002;
1592:002;
1593:002;
1594:002;
1595:002;
1596:002;
1597:002;
1598:002;
1599:002;
1600:002;
1601:002;
1602:002;
1603:002;
1604:002;
1605:002;
1606:002;
1607:002;
1608:002;
1609:002;
1610:002;
1611:002;
1612:002;
1613:002;
1614:002;
1615:002;
1616:002;
1617:002;
1618:002;
1619:002;
1620:002;
1621:002;
1622:002;
1623:002;
1624:002;
1625:002;
1626:002;
1627:002;
1628:002;
1629:002;
1630:002;
1631:002;
1632:002;
1633:002;
1634:002;
1635:002;
1636:002;
1637:002;
1638:002;
1639:002;
1640:002;
1641:002;
1642:002;
1643:002;
1644:002;
1645:002;
1646:002;
1647:002;
1648:002;
1649:002;
1650:002;
1651:002;
1652:002;
1653:002;
1654:002;
1655:002;
1656:002;
1657:002;
1658:002;
1659:002;
1660:002;
1661:002;
1662:002;
1663:002;
1664:000;
1665:000;
1666:000;
1667:000;
1668:000;
1669:000;
1670:000;
1671:000;
1672:002;
1673:002;
1674:002;
1675:002;
1676:002;
1677:002;
1678:002;
1679:002;
1680:002;
1681:002;
1682:002;
1683:002;
1684:002;
1685:002;
1686:002;
1687:002;
1688:002;
1689:002;
1690:002;
1691:002;
1692:002;
1693:002;
1694:002;
1695:002;
1696:002;
1697:002;
1698:002;
1699:002;
1700:002;
1701:002;
1702:002;
1703:002;
1704:002;
1705:002;
1706:002;
1707:002;
1708:002;
1709:002;
1710:002;
1711:002;
1712:002;
1713:002;
1714:002;
1715:002;
1716:002;
1717:002;
1718:002;
1719:002;
1720:000;
1721:000;
1722:000;
1723:000;
1724:000;
1725:000;
1726:000;
1727:000;
1728:001;
1729:001;
1730:001;
1731:001;
1732:001;
1733:001;
1734:001;
1735:001;
1736:000;
1737:002;
1738:002;
1739:002;
1740:002;
1741:002;
1742:002;
1743:002;
1744:002;
1745:002;
1746:002;
1747:002;
1748:002;
1749:002;
1750:002;
1751:002;
1752:002;
1753:002;
1754:002;
1755:002;
1756:002;
1757:002;
1758:002;
1759:002;
1760:002;
1761:002;
1762:002;
1763:002;
1764:002;
1765:002;
1766:002;
1767:002;
1768:002;
1769:002;
1770:002;
1771:002;
1772:002;
1773:002;
1774:002;
1775:002;
1776:002;
1777:002;
1778:002;
1779:002;
1780:002;
1781:002;
1782:002;
1783:000;
1784:001;
1785:001;
1786:001;
1787:001;
1788:001;
1789:001;
1790:001;
1791:001;
1792:001;
1793:001;
1794:001;
1795:001;
1796:001;
1797:001;
1798:001;
1799:001;
1800:001;
1801:000;
1802:002;
1803:002;
1804:002;
1805:002;
1806:002;
1807:002;
1808:002;
1809:002;
1810:002;
1811:002;
1812:002;
1813:002;
1814:002;
1815:002;
1816:002;
1817:002;
1818:002;
1819:002;
1820:002;
1821:002;
1822:002;
1823:002;
1824:002;
1825:002;
1826:002;
1827:002;
1828:002;
1829:002;
1830:002;
1831:002;
1832:002;
1833:002;
1834:002;
1835:002;
1836:002;
1837:002;
1838:002;
1839:002;
1840:002;
1841:002;
1842:002;
1843:002;
1844:002;
1845:002;
1846:000;
1847:001;
1848:001;
1849:001;
1850:001;
1851:001;
1852:001;
1853:001;
1854:001;
1855:001;
1856:001;
1857:001;
1858:001;
1859:001;
1860:001;
1861:001;
1862:001;
1863:001;
1864:001;
1865:001;
1866:000;
1867:002;
1868:002;
1869:002;
1870:002;
1871:002;
1872:002;
1873:002;
1874:002;
1875:002;
1876:002;
1877:002;
1878:002;
1879:002;
1880:002;
1881:002;
1882:002;
1883:002;
1884:002;
1885:002;
1886:002;
1887:002;
1888:002;
1889:002;
1890:002;
1891:002;
1892:002;
1893:002;
1894:002;
1895:002;
1896:002;
1897:002;
1898:002;
1899:002;
1900:002;
1901:002;
1902:002;
1903:002;
1904:002;
1905:002;
1906:002;
1907:002;
1908:002;
1909:000;
1910:001;
1911:001;
1912:001;
1913:001;
1914:001;
1915:001;
1916:001;
1917:001;
1918:001;
1919:001;
1920:001;
1921:001;
1922:001;
1923:001;
1924:001;
1925:001;
1926:001;
1927:001;
1928:001;
1929:001;
1930:001;
1931:000;
1932:002;
1933:002;
1934:002;
1935:002;
1936:002;
1937:002;
1938:002;
1939:002;
1940:002;
1941:002;
1942:002;
1943:002;
1944:002;
1945:002;
1946:002;
1947:002;
1948:002;
1949:002;
1950:002;
1951:002;
1952:002;
1953:002;
1954:002;
1955:002;
1956:002;
1957:002;
1958:002;
1959:002;
1960:002;
1961:002;
1962:002;
1963:002;
1964:002;
1965:002;
1966:002;
1967:002;
1968:002;
1969:002;
1970:002;
1971:002;
1972:000;
1973:001;
1974:001;
1975:001;
1976:001;
1977:001;
1978:001;
1979:001;
1980:001;
1981:001;
1982:001;
1983:001;
1984:001;
1985:001;
1986:001;
1987:001;
1988:001;
1989:001;
1990:001;
1991:001;
1992:001;
1993:001;
1994:001;
1995:001;
1996:000;
1997:002;
1998:002;
1999:002;
2000:002;
2001:002;
2002:002;
2003:002;
2004:002;
2005:002;
2006:002;
2007:002;
2008:002;
2009:002;
2010:002;
2011:002;
2012:002;
2013:002;
2014:002;
2015:002;
2016:002;
2017:002;
2018:002;
2019:002;
2020:002;
2021:002;
2022:002;
2023:002;
2024:002;
2025:002;
2026:002;
2027:002;
2028:002;
2029:002;
2030:002;
2031:002;
2032:002;
2033:002;
2034:002;
2035:000;
2036:001;
2037:001;
2038:001;
2039:001;
2040:001;
2041:001;
2042:001;
2043:001;
2044:001;
2045:001;
2046:001;
2047:001;
2048:001;
2049:001;
2050:001;
2051:001;
2052:001;
2053:001;
2054:001;
2055:001;
2056:001;
2057:001;
2058:001;
2059:001;
2060:001;
2061:000;
2062:002;
2063:002;
2064:002;
2065:002;
2066:002;
2067:002;
2068:002;
2069:002;
2070:002;
2071:002;
2072:002;
2073:002;
2074:002;
2075:002;
2076:002;
2077:002;
2078:002;
2079:002;
2080:002;
2081:002;
2082:002;
2083:002;
2084:002;
2085:002;
2086:002;
2087:002;
2088:002;
2089:002;
2090:002;
2091:002;
2092:002;
2093:002;
2094:002;
2095:002;
2096:002;
2097:002;
2098:000;
2099:001;
2100:001;
2101:001;
2102:001;
2103:001;
2104:001;
2105:001;
2106:001;
2107:001;
2108:001;
2109:001;
2110:001;
2111:001;
2112:001;
2113:001;
2114:001;
2115:001;
2116:001;
2117:001;
2118:001;
2119:001;
2120:001;
2121:001;
2122:001;
2123:001;
2124:001;
2125:001;
2126:000;
2127:002;
2128:002;
2129:002;
2130:002;
2131:002;
2132:002;
2133:002;
2134:002;
2135:002;
2136:002;
2137:002;
2138:002;
2139:002;
2140:002;
2141:002;
2142:002;
2143:002;
2144:002;
2145:002;
2146:002;
2147:002;
2148:002;
2149:002;
2150:002;
2151:002;
2152:002;
2153:002;
2154:002;
2155:002;
2156:002;
2157:002;
2158:002;
2159:002;
2160:002;
2161:000;
2162:001;
2163:001;
2164:001;
2165:001;
2166:001;
2167:001;
2168:001;
2169:001;
2170:001;
2171:001;
2172:001;
2173:001;
2174:001;
2175:001;
2176:001;
2177:001;
2178:001;
2179:001;
2180:001;
2181:001;
2182:001;
2183:001;
2184:001;
2185:001;
2186:001;
2187:001;
2188:001;
2189:001;
2190:001;
2191:000;
2192:002;
2193:002;
2194:002;
2195:002;
2196:002;
2197:002;
2198:002;
2199:002;
2200:002;
2201:002;
2202:002;
2203:002;
2204:002;
2205:002;
2206:002;
2207:002;
2208:002;
2209:002;
2210:002;
2211:002;
2212:002;
2213:002;
2214:002;
2215:002;
2216:002;
2217:002;
2218:002;
2219:002;
2220:002;
2221:002;
2222:002;
2223:002;
2224:000;
2225:001;
2226:001;
2227:001;
2228:001;
2229:001;
2230:001;
2231:001;
2232:001;
2233:001;
2234:001;
2235:001;
2236:001;
2237:001;
2238:001;
2239:001;
2240:001;
2241:001;
2242:001;
2243:001;
2244:001;
2245:001;
2246:001;
2247:001;
2248:001;
2249:001;
2250:001;
2251:001;
2252:001;
2253:001;
2254:001;
2255:001;
2256:000;
2257:002;
2258:002;
2259:002;
2260:002;
2261:002;
2262:002;
2263:002;
2264:002;
2265:002;
2266:002;
2267:002;
2268:002;
2269:002;
2270:002;
2271:002;
2272:002;
2273:002;
2274:002;
2275:002;
2276:002;
2277:002;
2278:002;
2279:002;
2280:002;
2281:002;
2282:002;
2283:002;
2284:002;
2285:002;
2286:002;
2287:000;
2288:001;
2289:001;
2290:001;
2291:001;
2292:001;
2293:001;
2294:001;
2295:001;
2296:001;
2297:001;
2298:001;
2299:001;
2300:001;
2301:001;
2302:001;
2303:001;
2304:001;
2305:001;
2306:001;
2307:001;
2308:001;
2309:001;
2310:001;
2311:001;
2312:001;
2313:001;
2314:001;
2315:001;
2316:001;
2317:001;
2318:001;
2319:001;
2320:001;
2321:000;
2322:002;
2323:002;
2324:002;
2325:002;
2326:002;
2327:002;
2328:002;
2329:002;
2330:002;
2331:002;
2332:002;
2333:002;
2334:002;
2335:002;
2336:002;
2337:002;
2338:002;
2339:002;
2340:002;
2341:002;
2342:002;
2343:002;
2344:002;
2345:002;
2346:002;
2347:002;
2348:002;
2349:002;
2350:000;
2351:001;
2352:001;
2353:001;
2354:001;
2355:001;
2356:001;
2357:001;
2358:001;
2359:001;
2360:001;
2361:001;
2362:001;
2363:001;
2364:001;
2365:001;
2366:001;
2367:001;
2368:001;
2369:001;
2370:001;
2371:001;
2372:001;
2373:001;
2374:001;
2375:001;
2376:001;
2377:001;
2378:001;
2379:001;
2380:001;
2381:001;
2382:001;
2383:001;
2384:001;
2385:001;
2386:000;
2387:002;
2388:002;
2389:002;
2390:002;
2391:002;
2392:002;
2393:002;
2394:002;
2395:002;
2396:002;
2397:002;
2398:002;
2399:002;
2400:002;
2401:002;
2402:002;
2403:002;
2404:002;
2405:002;
2406:002;
2407:002;
2408:002;
2409:002;
2410:002;
2411:002;
2412:002;
2413:000;
2414:001;
2415:001;
2416:001;
2417:001;
2418:001;
2419:001;
2420:001;
2421:001;
2422:001;
2423:001;
2424:001;
2425:001;
2426:001;
2427:001;
2428:001;
2429:001;
2430:001;
2431:001;
2432:001;
2433:001;
2434:001;
2435:001;
2436:001;
2437:001;
2438:001;
2439:001;
2440:001;
2441:001;
2442:001;
2443:001;
2444:001;
2445:001;
2446:001;
2447:001;
2448:001;
2449:001;
2450:001;
2451:000;
2452:002;
2453:002;
2454:002;
2455:002;
2456:002;
2457:002;
2458:002;
2459:002;
2460:002;
2461:002;
2462:002;
2463:002;
2464:002;
2465:002;
2466:002;
2467:002;
2468:002;
2469:002;
2470:002;
2471:002;
2472:002;
2473:002;
2474:002;
2475:002;
2476:000;
2477:001;
2478:001;
2479:001;
2480:001;
2481:001;
2482:001;
2483:001;
2484:001;
2485:001;
2486:001;
2487:001;
2488:001;
2489:001;
2490:001;
2491:001;
2492:001;
2493:001;
2494:001;
2495:001;
2496:001;
2497:001;
2498:001;
2499:001;
2500:001;
2501:001;
2502:001;
2503:001;
2504:001;
2505:001;
2506:001;
2507:001;
2508:001;
2509:001;
2510:001;
2511:001;
2512:001;
2513:001;
2514:001;
2515:001;
2516:000;
2517:002;
2518:002;
2519:002;
2520:002;
2521:002;
2522:002;
2523:002;
2524:002;
2525:002;
2526:002;
2527:002;
2528:002;
2529:002;
2530:002;
2531:002;
2532:002;
2533:002;
2534:002;
2535:002;
2536:002;
2537:002;
2538:002;
2539:000;
2540:001;
2541:001;
2542:001;
2543:001;
2544:001;
2545:001;
2546:001;
2547:001;
2548:001;
2549:001;
2550:001;
2551:001;
2552:001;
2553:001;
2554:001;
2555:001;
2556:001;
2557:001;
2558:001;
2559:001;
2560:001;
2561:001;
2562:001;
2563:001;
2564:001;
2565:001;
2566:001;
2567:001;
2568:001;
2569:001;
2570:001;
2571:001;
2572:001;
2573:001;
2574:001;
2575:001;
2576:001;
2577:001;
2578:001;
2579:001;
2580:001;
2581:000;
2582:002;
2583:002;
2584:002;
2585:002;
2586:002;
2587:002;
2588:002;
2589:002;
2590:002;
2591:002;
2592:002;
2593:002;
2594:002;
2595:002;
2596:002;
2597:002;
2598:002;
2599:002;
2600:002;
2601:002;
2602:000;
2603:001;
2604:001;
2605:001;
2606:001;
2607:001;
2608:001;
2609:001;
2610:001;
2611:001;
2612:001;
2613:001;
2614:001;
2615:001;
2616:001;
2617:001;
2618:001;
2619:001;
2620:001;
2621:001;
2622:001;
2623:001;
2624:001;
2625:001;
2626:001;
2627:001;
2628:001;
2629:001;
2630:001;
2631:001;
2632:001;
2633:001;
2634:001;
2635:001;
2636:001;
2637:001;
2638:001;
2639:001;
2640:001;
2641:001;
2642:001;
2643:001;
2644:001;
2645:001;
2646:000;
2647:002;
2648:002;
2649:002;
2650:002;
2651:002;
2652:002;
2653:002;
2654:002;
2655:002;
2656:002;
2657:002;
2658:002;
2659:002;
2660:002;
2661:002;
2662:002;
2663:002;
2664:002;
2665:000;
2666:001;
2667:001;
2668:001;
2669:001;
2670:001;
2671:001;
2672:001;
2673:001;
2674:001;
2675:001;
2676:001;
2677:001;
2678:001;
2679:001;
2680:001;
2681:001;
2682:001;
2683:001;
2684:001;
2685:001;
2686:001;
2687:001;
2688:001;
2689:001;
2690:001;
2691:001;
2692:001;
2693:001;
2694:001;
2695:001;
2696:001;
2697:001;
2698:001;
2699:001;
2700:001;
2701:001;
2702:001;
2703:001;
2704:001;
2705:001;
2706:001;
2707:001;
2708:001;
2709:001;
2710:001;
2711:000;
2712:002;
2713:002;
2714:002;
2715:002;
2716:002;
2717:002;
2718:002;
2719:002;
2720:002;
2721:002;
2722:002;
2723:002;
2724:002;
2725:002;
2726:002;
2727:002;
2728:000;
2729:001;
2730:001;
2731:001;
2732:001;
2733:001;
2734:001;
2735:001;
2736:001;
2737:001;
2738:001;
2739:001;
2740:001;
2741:001;
2742:001;
2743:001;
2744:001;
2745:001;
2746:001;
2747:001;
2748:001;
2749:001;
2750:001;
2751:001;
2752:001;
2753:001;
2754:001;
2755:001;
2756:001;
2757:001;
2758:001;
2759:001;
2760:001;
2761:001;
2762:001;
2763:001;
2764:001;
2765:001;
2766:001;
2767:001;
2768:001;
2769:001;
2770:001;
2771:001;
2772:001;
2773:001;
2774:001;
2775:000;
2776:002;
2777:002;
2778:002;
2779:002;
2780:002;
2781:002;
2782:002;
2783:002;
2784:002;
2785:002;
2786:002;
2787:002;
2788:002;
2789:002;
2790:002;
2791:002;
2792:000;
2793:001;
2794:001;
2795:001;
2796:001;
2797:001;
2798:001;
2799:001;
2800:001;
2801:001;
2802:001;
2803:001;
2804:001;
2805:001;
2806:001;
2807:001;
2808:001;
2809:001;
2810:001;
2811:001;
2812:001;
2813:001;
2814:001;
2815:001;
2816:001;
2817:001;
2818:001;
2819:001;
2820:001;
2821:001;
2822:001;
2823:001;
2824:001;
2825:001;
2826:001;
2827:001;
2828:001;
2829:001;
2830:001;
2831:001;
2832:001;
2833:001;
2834:001;
2835:001;
2836:001;
2837:001;
2838:001;
2839:000;
2840:002;
2841:002;
2842:002;
2843:002;
2844:002;
2845:002;
2846:002;
2847:002;
2848:002;
2849:002;
2850:002;
2851:002;
2852:002;
2853:002;
2854:002;
2855:002;
2856:000;
2857:001;
2858:001;
2859:001;
2860:001;
2861:001;
2862:001;
2863:001;
2864:001;
2865:001;
2866:001;
2867:001;
2868:001;
2869:001;
2870:001;
2871:001;
2872:001;
2873:001;
2874:001;
2875:001;
2876:001;
2877:001;
2878:001;
2879:001;
2880:001;
2881:001;
2882:001;
2883:001;
2884:001;
2885:001;
2886:001;
2887:001;
2888:001;
2889:001;
2890:001;
2891:001;
2892:001;
2893:001;
2894:001;
2895:001;
2896:001;
2897:001;
2898:001;
2899:001;
2900:001;
2901:001;
2902:001;
2903:000;
2904:002;
2905:002;
2906:002;
2907:002;
2908:002;
2909:002;
2910:002;
2911:002;
2912:002;
2913:002;
2914:002;
2915:002;
2916:002;
2917:002;
2918:002;
2919:002;
2920:000;
2921:001;
2922:001;
2923:001;
2924:001;
2925:001;
2926:001;
2927:001;
2928:001;
2929:001;
2930:001;
2931:001;
2932:001;
2933:001;
2934:001;
2935:001;
2936:001;
2937:001;
2938:001;
2939:001;
2940:001;
2941:001;
2942:001;
2943:001;
2944:001;
2945:001;
2946:001;
2947:001;
2948:001;
2949:001;
2950:001;
2951:001;
2952:001;
2953:001;
2954:001;
2955:001;
2956:001;
2957:001;
2958:001;
2959:001;
2960:001;
2961:001;
2962:001;
2963:001;
2964:001;
2965:001;
2966:001;
2967:000;
2968:002;
2969:002;
2970:002;
2971:002;
2972:002;
2973:002;
2974:002;
2975:002;
2976:002;
2977:002;
2978:002;
2979:002;
2980:002;
2981:002;
2982:002;
2983:002;
2984:000;
2985:001;
2986:001;
2987:001;
2988:001;
2989:001;
2990:001;
2991:001;
2992:001;
2993:001;
2994:001;
2995:001;
2996:001;
2997:001;
2998:001;
2999:001;
3000:001;
3001:001;
3002:001;
3003:001;
3004:001;
3005:001;
3006:001;
3007:001;
3008:001;
3009:001;
3010:001;
3011:001;
3012:001;
3013:001;
3014:001;
3015:001;
3016:001;
3017:001;
3018:001;
3019:001;
3020:001;
3021:001;
3022:001;
3023:001;
3024:001;
3025:001;
3026:001;
3027:001;
3028:001;
3029:001;
3030:001;
3031:000;
3032:002;
3033:002;
3034:002;
3035:002;
3036:002;
3037:002;
3038:002;
3039:002;
3040:002;
3041:002;
3042:002;
3043:002;
3044:002;
3045:002;
3046:002;
3047:002;
3048:000;
3049:001;
3050:001;
3051:001;
3052:001;
3053:001;
3054:001;
3055:001;
3056:001;
3057:001;
3058:001;
3059:001;
3060:001;
3061:001;
3062:001;
3063:001;
3064:001;
3065:001;
3066:001;
3067:001;
3068:001;
3069:001;
3070:001;
3071:001;
3072:001;
3073:001;
3074:001;
3075:001;
3076:001;
3077:001;
3078:001;
3079:001;
3080:001;
3081:001;
3082:001;
3083:001;
3084:001;
3085:001;
3086:001;
3087:001;
3088:001;
3089:001;
3090:001;
3091:001;
3092:001;
3093:001;
3094:001;
3095:000;
3096:002;
3097:002;
3098:002;
3099:002;
3100:002;
3101:002;
3102:002;
3103:002;
3104:002;
3105:002;
3106:002;
3107:002;
3108:002;
3109:002;
3110:002;
3111:002;
3112:000;
3113:001;
3114:001;
3115:001;
3116:001;
3117:001;
3118:001;
3119:001;
3120:001;
3121:001;
3122:001;
3123:001;
3124:001;
3125:001;
3126:001;
3127:001;
3128:001;
3129:001;
3130:001;
3131:001;
3132:001;
3133:001;
3134:001;
3135:001;
3136:001;
3137:001;
3138:001;
3139:001;
3140:001;
3141:001;
3142:001;
3143:001;
3144:001;
3145:001;
3146:001;
3147:001;
3148:001;
3149:001;
3150:001;
3151:001;
3152:001;
3153:001;
3154:001;
3155:001;
3156:001;
3157:001;
3158:001;
3159:000;
3160:002;
3161:002;
3162:002;
3163:002;
3164:002;
3165:002;
3166:002;
3167:002;
3168:002;
3169:002;
3170:002;
3171:002;
3172:002;
3173:002;
3174:002;
3175:002;
3176:000;
3177:001;
3178:001;
3179:001;
3180:001;
3181:001;
3182:001;
3183:001;
3184:001;
3185:001;
3186:001;
3187:001;
3188:001;
3189:001;
3190:001;
3191:001;
3192:001;
3193:001;
3194:001;
3195:001;
3196:001;
3197:001;
3198:001;
3199:001;
3200:001;
3201:001;
3202:001;
3203:001;
3204:001;
3205:001;
3206:001;
3207:001;
3208:001;
3209:001;
3210:001;
3211:001;
3212:001;
3213:001;
3214:001;
3215:001;
3216:001;
3217:001;
3218:001;
3219:001;
3220:001;
3221:001;
3222:001;
3223:000;
3224:002;
3225:002;
3226:002;
3227:002;
3228:002;
3229:002;
3230:002;
3231:002;
3232:002;
3233:002;
3234:002;
3235:002;
3236:002;
3237:002;
3238:002;
3239:002;
3240:000;
3241:001;
3242:001;
3243:001;
3244:001;
3245:001;
3246:001;
3247:001;
3248:001;
3249:001;
3250:001;
3251:001;
3252:001;
3253:001;
3254:001;
3255:001;
3256:001;
3257:001;
3258:001;
3259:001;
3260:001;
3261:001;
3262:001;
3263:001;
3264:001;
3265:001;
3266:001;
3267:001;
3268:001;
3269:001;
3270:001;
3271:001;
3272:001;
3273:001;
3274:001;
3275:001;
3276:001;
3277:001;
3278:001;
3279:001;
3280:001;
3281:001;
3282:001;
3283:001;
3284:001;
3285:001;
3286:001;
3287:000;
3288:002;
3289:002;
3290:002;
3291:002;
3292:002;
3293:002;
3294:002;
3295:002;
3296:002;
3297:002;
3298:002;
3299:002;
3300:002;
3301:002;
3302:002;
3303:002;
3304:000;
3305:001;
3306:001;
3307:001;
3308:001;
3309:001;
3310:001;
3311:001;
3312:001;
3313:001;
3314:001;
3315:001;
3316:001;
3317:001;
3318:001;
3319:001;
3320:001;
3321:001;
3322:001;
3323:001;
3324:001;
3325:001;
3326:001;
3327:001;
3328:001;
3329:001;
3330:001;
3331:001;
3332:001;
3333:001;
3334:001;
3335:001;
3336:001;
3337:001;
3338:001;
3339:001;
3340:001;
3341:001;
3342:001;
3343:001;
3344:001;
3345:001;
3346:001;
3347:001;
3348:001;
3349:001;
3350:001;
3351:000;
3352:002;
3353:002;
3354:002;
3355:002;
3356:002;
3357:002;
3358:002;
3359:002;
3360:002;
3361:002;
3362:002;
3363:002;
3364:002;
3365:002;
3366:002;
3367:002;
3368:000;
3369:001;
3370:001;
3371:001;
3372:001;
3373:001;
3374:001;
3375:001;
3376:001;
3377:001;
3378:001;
3379:001;
3380:001;
3381:001;
3382:001;
3383:001;
3384:001;
3385:001;
3386:001;
3387:001;
3388:001;
3389:001;
3390:001;
3391:001;
3392:001;
3393:001;
3394:001;
3395:001;
3396:001;
3397:001;
3398:001;
3399:001;
3400:001;
3401:001;
3402:001;
3403:001;
3404:001;
3405:001;
3406:001;
3407:001;
3408:001;
3409:001;
3410:001;
3411:001;
3412:001;
3413:001;
3414:001;
3415:000;
3416:002;
3417:002;
3418:002;
3419:002;
3420:002;
3421:002;
3422:002;
3423:002;
3424:002;
3425:002;
3426:002;
3427:002;
3428:002;
3429:002;
3430:002;
3431:002;
3432:000;
3433:001;
3434:001;
3435:001;
3436:001;
3437:001;
3438:001;
3439:001;
3440:001;
3441:001;
3442:001;
3443:001;
3444:001;
3445:001;
3446:001;
3447:001;
3448:001;
3449:001;
3450:001;
3451:001;
3452:001;
3453:001;
3454:001;
3455:001;
3456:001;
3457:001;
3458:001;
3459:001;
3460:001;
3461:001;
3462:001;
3463:001;
3464:001;
3465:001;
3466:001;
3467:001;
3468:001;
3469:001;
3470:001;
3471:001;
3472:001;
3473:001;
3474:001;
3475:001;
3476:001;
3477:001;
3478:001;
3479:000;
3480:002;
3481:002;
3482:002;
3483:002;
3484:002;
3485:002;
3486:002;
3487:002;
3488:002;
3489:002;
3490:002;
3491:002;
3492:002;
3493:002;
3494:002;
3495:002;
3496:000;
3497:001;
3498:001;
3499:001;
3500:001;
3501:001;
3502:001;
3503:001;
3504:001;
3505:001;
3506:001;
3507:001;
3508:001;
3509:001;
3510:001;
3511:001;
3512:001;
3513:001;
3514:001;
3515:001;
3516:001;
3517:001;
3518:001;
3519:001;
3520:001;
3521:001;
3522:001;
3523:001;
3524:001;
3525:001;
3526:001;
3527:001;
3528:001;
3529:001;
3530:001;
3531:001;
3532:001;
3533:001;
3534:001;
3535:001;
3536:001;
3537:001;
3538:001;
3539:001;
3540:001;
3541:001;
3542:001;
3543:000;
3544:001;
3545:002;
3546:002;
3547:002;
3548:001;
3549:002;
3550:002;
3551:002;
3552:001;
3553:002;
3554:002;
3555:002;
3556:001;
3557:002;
3558:002;
3559:002;
3560:000;
3561:001;
3562:001;
3563:001;
3564:001;
3565:001;
3566:001;
3567:001;
3568:001;
3569:001;
3570:001;
3571:001;
3572:001;
3573:001;
3574:001;
3575:001;
3576:001;
3577:001;
3578:001;
3579:001;
3580:001;
3581:001;
3582:001;
3583:001;
3584:001;
3585:001;
3586:001;
3587:001;
3588:001;
3589:001;
3590:001;
3591:001;
3592:001;
3593:001;
3594:001;
3595:001;
3596:001;
3597:001;
3598:001;
3599:001;
3600:001;
3601:001;
3602:001;
3603:001;
3604:001;
3605:001;
3606:001;
3607:000;
3608:002;
3609:002;
3610:002;
3611:002;
3612:002;
3613:002;
3614:002;
3615:002;
3616:002;
3617:002;
3618:002;
3619:002;
3620:002;
3621:002;
3622:002;
3623:002;
3624:000;
3625:001;
3626:001;
3627:001;
3628:001;
3629:001;
3630:001;
3631:001;
3632:001;
3633:001;
3634:001;
3635:001;
3636:001;
3637:001;
3638:001;
3639:001;
3640:001;
3641:001;
3642:001;
3643:001;
3644:001;
3645:001;
3646:001;
3647:001;
3648:001;
3649:001;
3650:001;
3651:001;
3652:001;
3653:001;
3654:001;
3655:001;
3656:001;
3657:001;
3658:001;
3659:001;
3660:001;
3661:001;
3662:001;
3663:001;
3664:001;
3665:001;
3666:001;
3667:001;
3668:001;
3669:001;
3670:001;
3671:000;
3672:002;
3673:002;
3674:002;
3675:002;
3676:002;
3677:002;
3678:002;
3679:002;
3680:002;
3681:002;
3682:002;
3683:002;
3684:002;
3685:002;
3686:002;
3687:002;
3688:000;
3689:001;
3690:001;
3691:001;
3692:001;
3693:001;
3694:001;
3695:001;
3696:001;
3697:001;
3698:001;
3699:001;
3700:001;
3701:001;
3702:001;
3703:001;
3704:001;
3705:001;
3706:001;
3707:001;
3708:001;
3709:001;
3710:001;
3711:001;
3712:001;
3713:001;
3714:001;
3715:001;
3716:001;
3717:001;
3718:001;
3719:001;
3720:001;
3721:001;
3722:001;
3723:001;
3724:001;
3725:001;
3726:001;
3727:001;
3728:001;
3729:001;
3730:001;
3731:001;
3732:001;
3733:001;
3734:001;
3735:000;
3736:002;
3737:002;
3738:002;
3739:002;
3740:002;
3741:002;
3742:002;
3743:002;
3744:002;
3745:002;
3746:002;
3747:002;
3748:002;
3749:002;
3750:002;
3751:002;
3752:000;
3753:001;
3754:001;
3755:001;
3756:001;
3757:001;
3758:001;
3759:001;
3760:001;
3761:001;
3762:001;
3763:001;
3764:001;
3765:001;
3766:001;
3767:001;
3768:001;
3769:001;
3770:001;
3771:001;
3772:001;
3773:001;
3774:001;
3775:001;
3776:001;
3777:001;
3778:001;
3779:001;
3780:001;
3781:001;
3782:001;
3783:001;
3784:001;
3785:001;
3786:001;
3787:001;
3788:001;
3789:001;
3790:001;
3791:001;
3792:001;
3793:001;
3794:001;
3795:001;
3796:001;
3797:001;
3798:001;
3799:000;
3800:001;
3801:002;
3802:002;
3803:002;
3804:001;
3805:002;
3806:002;
3807:002;
3808:001;
3809:002;
3810:002;
3811:002;
3812:001;
3813:002;
3814:002;
3815:002;
3816:000;
3817:001;
3818:001;
3819:001;
3820:001;
3821:001;
3822:001;
3823:001;
3824:001;
3825:001;
3826:001;
3827:001;
3828:001;
3829:001;
3830:001;
3831:001;
3832:001;
3833:001;
3834:001;
3835:001;
3836:001;
3837:001;
3838:001;
3839:001;
3840:001;
3841:001;
3842:001;
3843:001;
3844:001;
3845:001;
3846:001;
3847:001;
3848:001;
3849:001;
3850:001;
3851:001;
3852:001;
3853:001;
3854:001;
3855:001;
3856:001;
3857:001;
3858:001;
3859:001;
3860:001;
3861:001;
3862:001;
3863:000;
3864:002;
3865:002;
3866:002;
3867:002;
3868:002;
3869:002;
3870:002;
3871:002;
3872:002;
3873:002;
3874:002;
3875:002;
3876:002;
3877:002;
3878:002;
3879:002;
3880:000;
3881:001;
3882:001;
3883:001;
3884:001;
3885:001;
3886:001;
3887:001;
3888:001;
3889:001;
3890:001;
3891:001;
3892:001;
3893:001;
3894:001;
3895:001;
3896:001;
3897:001;
3898:001;
3899:001;
3900:001;
3901:001;
3902:001;
3903:001;
3904:001;
3905:001;
3906:001;
3907:001;
3908:001;
3909:001;
3910:001;
3911:001;
3912:001;
3913:001;
3914:001;
3915:001;
3916:001;
3917:001;
3918:001;
3919:001;
3920:001;
3921:001;
3922:001;
3923:001;
3924:001;
3925:001;
3926:001;
3927:000;
3928:002;
3929:002;
3930:001;
3931:002;
3932:002;
3933:002;
3934:001;
3935:002;
3936:002;
3937:002;
3938:001;
3939:002;
3940:002;
3941:002;
3942:001;
3943:002;
3944:000;
3945:001;
3946:001;
3947:001;
3948:001;
3949:001;
3950:001;
3951:001;
3952:001;
3953:001;
3954:001;
3955:001;
3956:001;
3957:001;
3958:001;
3959:001;
3960:001;
3961:001;
3962:001;
3963:001;
3964:001;
3965:001;
3966:001;
3967:001;
3968:001;
3969:001;
3970:001;
3971:001;
3972:001;
3973:001;
3974:001;
3975:001;
3976:001;
3977:001;
3978:001;
3979:001;
3980:001;
3981:001;
3982:001;
3983:001;
3984:001;
3985:001;
3986:001;
3987:001;
3988:001;
3989:001;
3990:001;
3991:000;
3992:002;
3993:002;
3994:002;
3995:002;
3996:002;
3997:002;
3998:002;
3999:002;
4000:002;
4001:002;
4002:002;
4003:002;
4004:002;
4005:002;
4006:002;
4007:002;
4008:000;
4009:001;
4010:001;
4011:001;
4012:001;
4013:001;
4014:001;
4015:001;
4016:001;
4017:001;
4018:001;
4019:001;
4020:001;
4021:001;
4022:001;
4023:001;
4024:001;
4025:001;
4026:001;
4027:001;
4028:001;
4029:001;
4030:001;
4031:001;
4032:001;
4033:001;
4034:001;
4035:001;
4036:001;
4037:001;
4038:001;
4039:001;
4040:001;
4041:001;
4042:001;
4043:001;
4044:001;
4045:001;
4046:001;
4047:001;
4048:001;
4049:001;
4050:001;
4051:001;
4052:001;
4053:001;
4054:001;
4055:000;
4056:001;
4057:002;
4058:002;
4059:002;
4060:001;
4061:002;
4062:002;
4063:002;
4064:001;
4065:002;
4066:002;
4067:002;
4068:001;
4069:002;
4070:002;
4071:002;
4072:000;
4073:001;
4074:001;
4075:001;
4076:001;
4077:001;
4078:001;
4079:001;
4080:001;
4081:001;
4082:001;
4083:001;
4084:001;
4085:001;
4086:001;
4087:001;
4088:001;
4089:001;
4090:001;
4091:001;
4092:001;
4093:001;
4094:001;
4095:001;
4096:001;
4097:001;
4098:001;
4099:001;
4100:001;
4101:001;
4102:001;
4103:001;
4104:001;
4105:001;
4106:001;
4107:001;
4108:001;
4109:001;
4110:001;
4111:001;
4112:001;
4113:001;
4114:001;
4115:001;
4116:001;
4117:001;
4118:001;
4119:000;
4120:002;
4121:002;
4122:002;
4123:002;
4124:002;
4125:002;
4126:002;
4127:002;
4128:002;
4129:002;
4130:002;
4131:002;
4132:002;
4133:002;
4134:002;
4135:002;
4136:000;
4137:001;
4138:001;
4139:001;
4140:001;
4141:001;
4142:001;
4143:001;
4144:001;
4145:001;
4146:001;
4147:001;
4148:001;
4149:001;
4150:001;
4151:001;
4152:001;
4153:001;
4154:001;
4155:001;
4156:001;
4157:001;
4158:001;
4159:001;
4160:001;
4161:001;
4162:001;
4163:001;
4164:001;
4165:001;
4166:001;
4167:001;
4168:001;
4169:001;
4170:001;
4171:001;
4172:001;
4173:001;
4174:001;
4175:001;
4176:001;
4177:001;
4178:001;
4179:001;
4180:001;
4181:001;
4182:001;
4183:000;
4184:002;
4185:002;
4186:001;
4187:002;
4188:002;
4189:002;
4190:001;
4191:002;
4192:002;
4193:002;
4194:001;
4195:002;
4196:002;
4197:002;
4198:001;
4199:002;
4200:000;
4201:001;
4202:001;
4203:001;
4204:001;
4205:001;
4206:001;
4207:001;
4208:001;
4209:001;
4210:001;
4211:001;
4212:001;
4213:001;
4214:001;
4215:001;
4216:001;
4217:001;
4218:001;
4219:001;
4220:001;
4221:001;
4222:001;
4223:001;
4224:001;
4225:001;
4226:001;
4227:001;
4228:001;
4229:001;
4230:001;
4231:001;
4232:001;
4233:001;
4234:001;
4235:001;
4236:001;
4237:001;
4238:001;
4239:001;
4240:001;
4241:001;
4242:001;
4243:001;
4244:001;
4245:001;
4246:001;
4247:000;
4248:002;
4249:002;
4250:002;
4251:002;
4252:002;
4253:002;
4254:002;
4255:002;
4256:002;
4257:002;
4258:002;
4259:002;
4260:002;
4261:002;
4262:002;
4263:002;
4264:000;
4265:001;
4266:001;
4267:001;
4268:001;
4269:001;
4270:001;
4271:001;
4272:001;
4273:001;
4274:001;
4275:001;
4276:001;
4277:001;
4278:001;
4279:001;
4280:001;
4281:001;
4282:001;
4283:001;
4284:001;
4285:001;
4286:001;
4287:001;
4288:001;
4289:001;
4290:001;
4291:001;
4292:001;
4293:001;
4294:001;
4295:001;
4296:001;
4297:001;
4298:001;
4299:001;
4300:001;
4301:001;
4302:001;
4303:001;
4304:001;
4305:001;
4306:001;
4307:001;
4308:001;
4309:001;
4310:001;
4311:000;
4312:001;
4313:002;
4314:002;
4315:002;
4316:001;
4317:002;
4318:002;
4319:002;
4320:001;
4321:002;
4322:002;
4323:002;
4324:001;
4325:002;
4326:002;
4327:002;
4328:000;
4329:001;
4330:001;
4331:001;
4332:001;
4333:001;
4334:001;
4335:001;
4336:001;
4337:001;
4338:001;
4339:001;
4340:001;
4341:001;
4342:001;
4343:001;
4344:001;
4345:001;
4346:001;
4347:001;
4348:001;
4349:001;
4350:001;
4351:001;
4352:001;
4353:001;
4354:001;
4355:001;
4356:001;
4357:001;
4358:001;
4359:001;
4360:001;
4361:001;
4362:001;
4363:001;
4364:001;
4365:001;
4366:001;
4367:001;
4368:001;
4369:001;
4370:001;
4371:001;
4372:001;
4373:001;
4374:001;
4375:000;
4376:002;
4377:002;
4378:002;
4379:002;
4380:002;
4381:002;
4382:002;
4383:002;
4384:002;
4385:002;
4386:002;
4387:002;
4388:002;
4389:002;
4390:002;
4391:002;
4392:000;
4393:001;
4394:001;
4395:001;
4396:001;
4397:001;
4398:001;
4399:001;
4400:001;
4401:001;
4402:001;
4403:001;
4404:001;
4405:001;
4406:001;
4407:001;
4408:001;
4409:001;
4410:001;
4411:001;
4412:001;
4413:001;
4414:001;
4415:001;
4416:001;
4417:001;
4418:001;
4419:001;
4420:001;
4421:001;
4422:001;
4423:001;
4424:001;
4425:001;
4426:001;
4427:001;
4428:001;
4429:001;
4430:001;
4431:001;
4432:001;
4433:001;
4434:001;
4435:001;
4436:001;
4437:001;
4438:001;
4439:000;
4440:002;
4441:002;
4442:001;
4443:002;
4444:002;
4445:002;
4446:001;
4447:002;
4448:002;
4449:002;
4450:001;
4451:002;
4452:002;
4453:002;
4454:001;
4455:002;
4456:000;
4457:001;
4458:001;
4459:001;
4460:001;
4461:001;
4462:001;
4463:001;
4464:001;
4465:001;
4466:001;
4467:001;
4468:001;
4469:001;
4470:001;
4471:001;
4472:001;
4473:001;
4474:001;
4475:001;
4476:001;
4477:001;
4478:001;
4479:001;
4480:001;
4481:001;
4482:001;
4483:001;
4484:001;
4485:001;
4486:001;
4487:001;
4488:001;
4489:001;
4490:001;
4491:001;
4492:001;
4493:001;
4494:001;
4495:001;
4496:001;
4497:001;
4498:001;
4499:001;
4500:001;
4501:001;
4502:001;
4503:000;
4504:002;
4505:002;
4506:002;
4507:002;
4508:002;
4509:002;
4510:002;
4511:002;
4512:002;
4513:002;
4514:002;
4515:002;
4516:002;
4517:002;
4518:002;
4519:002;
4520:000;
4521:001;
4522:001;
4523:001;
4524:001;
4525:001;
4526:001;
4527:001;
4528:001;
4529:001;
4530:001;
4531:001;
4532:001;
4533:001;
4534:001;
4535:001;
4536:001;
4537:001;
4538:001;
4539:001;
4540:001;
4541:001;
4542:001;
4543:001;
4544:001;
4545:001;
4546:001;
4547:001;
4548:001;
4549:001;
4550:001;
4551:001;
4552:001;
4553:001;
4554:001;
4555:001;
4556:001;
4557:001;
4558:001;
4559:001;
4560:001;
4561:001;
4562:001;
4563:001;
4564:001;
4565:001;
4566:001;
4567:000;
4568:001;
4569:002;
4570:001;
4571:002;
4572:001;
4573:002;
4574:001;
4575:002;
4576:001;
4577:002;
4578:001;
4579:002;
4580:001;
4581:002;
4582:001;
4583:002;
4584:000;
4585:001;
4586:001;
4587:001;
4588:001;
4589:001;
4590:001;
4591:001;
4592:001;
4593:001;
4594:001;
4595:001;
4596:001;
4597:001;
4598:001;
4599:001;
4600:001;
4601:001;
4602:001;
4603:001;
4604:001;
4605:001;
4606:001;
4607:001;
4608:001;
4609:001;
4610:001;
4611:001;
4612:001;
4613:001;
4614:001;
4615:001;
4616:001;
4617:001;
4618:001;
4619:001;
4620:001;
4621:001;
4622:001;
4623:001;
4624:001;
4625:001;
4626:001;
4627:001;
4628:001;
4629:001;
4630:001;
4631:000;
4632:002;
4633:002;
4634:002;
4635:002;
4636:002;
4637:002;
4638:002;
4639:002;
4640:002;
4641:002;
4642:002;
4643:002;
4644:002;
4645:002;
4646:002;
4647:002;
4648:000;
4649:001;
4650:001;
4651:001;
4652:001;
4653:001;
4654:001;
4655:001;
4656:001;
4657:001;
4658:001;
4659:001;
4660:001;
4661:001;
4662:001;
4663:001;
4664:001;
4665:001;
4666:001;
4667:001;
4668:001;
4669:001;
4670:001;
4671:001;
4672:001;
4673:001;
4674:001;
4675:001;
4676:001;
4677:001;
4678:001;
4679:001;
4680:001;
4681:001;
4682:001;
4683:001;
4684:001;
4685:001;
4686:001;
4687:001;
4688:001;
4689:001;
4690:001;
4691:001;
4692:001;
4693:001;
4694:001;
4695:000;
4696:002;
4697:002;
4698:001;
4699:002;
4700:002;
4701:002;
4702:001;
4703:002;
4704:002;
4705:002;
4706:001;
4707:002;
4708:002;
4709:002;
4710:001;
4711:002;
4712:000;
4713:001;
4714:001;
4715:001;
4716:001;
4717:001;
4718:001;
4719:001;
4720:001;
4721:001;
4722:001;
4723:001;
4724:001;
4725:001;
4726:001;
4727:001;
4728:001;
4729:001;
4730:001;
4731:001;
4732:001;
4733:001;
4734:001;
4735:001;
4736:001;
4737:001;
4738:001;
4739:001;
4740:001;
4741:001;
4742:001;
4743:001;
4744:001;
4745:001;
4746:001;
4747:001;
4748:001;
4749:001;
4750:001;
4751:001;
4752:001;
4753:001;
4754:001;
4755:001;
4756:001;
4757:001;
4758:001;
4759:000;
4760:002;
4761:002;
4762:002;
4763:002;
4764:002;
4765:002;
4766:002;
4767:002;
4768:002;
4769:002;
4770:002;
4771:002;
4772:002;
4773:002;
4774:002;
4775:002;
4776:000;
4777:001;
4778:001;
4779:001;
4780:001;
4781:001;
4782:001;
4783:001;
4784:001;
4785:001;
4786:001;
4787:001;
4788:001;
4789:001;
4790:001;
4791:001;
4792:001;
4793:001;
4794:001;
4795:001;
4796:001;
4797:001;
4798:001;
4799:001;
4800:001;
4801:001;
4802:001;
4803:001;
4804:001;
4805:001;
4806:001;
4807:001;
4808:001;
4809:001;
4810:001;
4811:001;
4812:001;
4813:001;
4814:001;
4815:001;
4816:001;
4817:001;
4818:001;
4819:001;
4820:001;
4821:001;
4822:001;
4823:000;
4824:001;
4825:002;
4826:001;
4827:002;
4828:001;
4829:002;
4830:001;
4831:002;
4832:001;
4833:002;
4834:001;
4835:002;
4836:001;
4837:002;
4838:001;
4839:002;
4840:000;
4841:001;
4842:001;
4843:001;
4844:001;
4845:001;
4846:001;
4847:001;
4848:001;
4849:001;
4850:001;
4851:001;
4852:001;
4853:001;
4854:001;
4855:001;
4856:001;
4857:001;
4858:001;
4859:001;
4860:001;
4861:001;
4862:001;
4863:001;
4864:001;
4865:001;
4866:001;
4867:001;
4868:001;
4869:001;
4870:001;
4871:001;
4872:001;
4873:001;
4874:001;
4875:001;
4876:001;
4877:001;
4878:001;
4879:001;
4880:001;
4881:001;
4882:001;
4883:001;
4884:001;
4885:001;
4886:001;
4887:000;
4888:002;
4889:002;
4890:002;
4891:002;
4892:002;
4893:002;
4894:002;
4895:002;
4896:002;
4897:002;
4898:002;
4899:002;
4900:002;
4901:002;
4902:002;
4903:002;
4904:000;
4905:001;
4906:001;
4907:001;
4908:001;
4909:001;
4910:001;
4911:001;
4912:001;
4913:001;
4914:001;
4915:001;
4916:001;
4917:001;
4918:001;
4919:001;
4920:001;
4921:001;
4922:001;
4923:001;
4924:001;
4925:001;
4926:001;
4927:001;
4928:001;
4929:001;
4930:003;
4931:003;
4932:001;
4933:001;
4934:001;
4935:001;
4936:001;
4937:001;
4938:001;
4939:001;
4940:001;
4941:001;
4942:001;
4943:001;
4944:001;
4945:001;
4946:001;
4947:001;
4948:001;
4949:001;
4950:001;
4951:000;
4952:002;
4953:002;
4954:001;
4955:002;
4956:002;
4957:002;
4958:001;
4959:002;
4960:002;
4961:002;
4962:001;
4963:002;
4964:002;
4965:002;
4966:001;
4967:002;
4968:000;
4969:001;
4970:001;
4971:001;
4972:001;
4973:001;
4974:001;
4975:001;
4976:001;
4977:001;
4978:001;
4979:001;
4980:001;
4981:001;
4982:001;
4983:001;
4984:001;
4985:001;
4986:001;
4987:001;
4988:003;
4989:003;
4990:001;
4991:001;
4992:001;
4993:001;
4994:001;
4995:003;
4996:001;
4997:001;
4998:001;
4999:001;
5000:001;
5001:001;
5002:001;
5003:001;
5004:001;
5005:001;
5006:001;
5007:001;
5008:001;
5009:001;
5010:001;
5011:001;
5012:001;
5013:001;
5014:001;
5015:000;
5016:002;
5017:002;
5018:002;
5019:002;
5020:002;
5021:002;
5022:002;
5023:002;
5024:002;
5025:002;
5026:002;
5027:002;
5028:002;
5029:002;
5030:002;
5031:002;
5032:000;
5033:001;
5034:001;
5035:001;
5036:001;
5037:001;
5038:001;
5039:001;
5040:001;
5041:001;
5042:001;
5043:001;
5044:001;
5045:001;
5046:001;
5047:001;
5048:001;
5049:001;
5050:001;
5051:001;
5052:003;
5053:001;
5054:001;
5055:001;
5056:001;
5057:001;
5058:001;
5059:001;
5060:001;
5061:001;
5062:001;
5063:001;
5064:001;
5065:001;
5066:001;
5067:001;
5068:001;
5069:001;
5070:001;
5071:001;
5072:001;
5073:001;
5074:001;
5075:001;
5076:001;
5077:001;
5078:001;
5079:000;
5080:001;
5081:002;
5082:001;
5083:002;
5084:001;
5085:002;
5086:001;
5087:002;
5088:001;
5089:002;
5090:001;
5091:002;
5092:001;
5093:002;
5094:001;
5095:002;
5096:000;
5097:001;
5098:001;
5099:001;
5100:001;
5101:001;
5102:001;
5103:001;
5104:001;
5105:001;
5106:001;
5107:001;
5108:001;
5109:001;
5110:001;
5111:001;
5112:001;
5113:001;
5114:001;
5115:001;
5116:001;
5117:001;
5118:001;
5119:001;
5120:001;
5121:001;
5122:001;
5123:001;
5124:001;
5125:001;
5126:001;
5127:001;
5128:001;
5129:001;
5130:001;
5131:001;
5132:001;
5133:001;
5134:001;
5135:001;
5136:001;
5137:001;
5138:001;
5139:001;
5140:001;
5141:001;
5142:001;
5143:000;
5144:002;
5145:002;
5146:002;
5147:002;
5148:002;
5149:002;
5150:002;
5151:002;
5152:002;
5153:002;
5154:002;
5155:002;
5156:002;
5157:002;
5158:002;
5159:002;
5160:000;
5161:001;
5162:001;
5163:001;
5164:001;
5165:001;
5166:001;
5167:001;
5168:001;
5169:001;
5170:001;
5171:001;
5172:001;
5173:001;
5174:001;
5175:001;
5176:001;
5177:001;
5178:001;
5179:001;
5180:001;
5181:001;
5182:001;
5183:001;
5184:001;
5185:001;
5186:001;
5187:001;
5188:001;
5189:001;
5190:001;
5191:001;
5192:001;
5193:001;
5194:001;
5195:001;
5196:001;
5197:001;
5198:001;
5199:001;
5200:001;
5201:001;
5202:001;
5203:001;
5204:001;
5205:001;
5206:001;
5207:000;
5208:001;
5209:002;
5210:001;
5211:002;
5212:001;
5213:002;
5214:001;
5215:002;
5216:001;
5217:002;
5218:001;
5219:002;
5220:001;
5221:002;
5222:001;
5223:002;
5224:000;
5225:001;
5226:001;
5227:001;
5228:001;
5229:001;
5230:001;
5231:001;
5232:001;
5233:001;
5234:001;
5235:001;
5236:001;
5237:001;
5238:001;
5239:001;
5240:001;
5241:001;
5242:001;
5243:001;
5244:001;
5245:001;
5246:001;
5247:001;
5248:001;
5249:001;
5250:001;
5251:001;
5252:001;
5253:001;
5254:001;
5255:001;
5256:001;
5257:001;
5258:001;
5259:001;
5260:001;
5261:001;
5262:001;
5263:001;
5264:001;
5265:001;
5266:001;
5267:001;
5268:001;
5269:001;
5270:001;
5271:000;
5272:002;
5273:002;
5274:002;
5275:002;
5276:002;
5277:002;
5278:002;
5279:002;
5280:002;
5281:002;
5282:002;
5283:002;
5284:002;
5285:002;
5286:002;
5287:002;
5288:000;
5289:001;
5290:001;
5291:001;
5292:001;
5293:001;
5294:001;
5295:001;
5296:001;
5297:001;
5298:001;
5299:001;
5300:001;
5301:001;
5302:001;
5303:001;
5304:001;
5305:001;
5306:001;
5307:001;
5308:001;
5309:001;
5310:001;
5311:001;
5312:001;
5313:001;
5314:001;
5315:003;
5316:001;
5317:001;
5318:001;
5319:001;
5320:001;
5321:001;
5322:001;
5323:001;
5324:001;
5325:001;
5326:001;
5327:001;
5328:001;
5329:001;
5330:001;
5331:001;
5332:001;
5333:001;
5334:001;
5335:000;
5336:001;
5337:002;
5338:001;
5339:002;
5340:001;
5341:002;
5342:001;
5343:002;
5344:001;
5345:002;
5346:001;
5347:002;
5348:001;
5349:002;
5350:001;
5351:002;
5352:000;
5353:001;
5354:001;
5355:001;
5356:001;
5357:001;
5358:001;
5359:001;
5360:001;
5361:001;
5362:001;
5363:001;
5364:001;
5365:001;
5366:001;
5367:001;
5368:001;
5369:001;
5370:001;
5371:001;
5372:003;
5373:001;
5374:001;
5375:001;
5376:001;
5377:001;
5378:003;
5379:003;
5380:001;
5381:001;
5382:001;
5383:001;
5384:001;
5385:001;
5386:001;
5387:001;
5388:001;
5389:001;
5390:001;
5391:001;
5392:001;
5393:001;
5394:001;
5395:001;
5396:001;
5397:001;
5398:001;
5399:000;
5400:002;
5401:002;
5402:002;
5403:002;
5404:002;
5405:002;
5406:002;
5407:002;
5408:002;
5409:002;
5410:002;
5411:002;
5412:002;
5413:002;
5414:002;
5415:002;
5416:000;
5417:001;
5418:001;
5419:001;
5420:001;
5421:001;
5422:001;
5423:001;
5424:001;
5425:001;
5426:001;
5427:001;
5428:001;
5429:001;
5430:001;
5431:001;
5432:001;
5433:001;
5434:001;
5435:001;
5436:003;
5437:003;
5438:001;
5439:001;
5440:001;
5441:001;
5442:001;
5443:001;
5444:001;
5445:001;
5446:001;
5447:001;
5448:001;
5449:001;
5450:001;
5451:001;
5452:001;
5453:001;
5454:001;
5455:001;
5456:001;
5457:001;
5458:001;
5459:001;
5460:001;
5461:001;
5462:001;
5463:000;
5464:001;
5465:002;
5466:001;
5467:002;
5468:001;
5469:002;
5470:001;
5471:002;
5472:001;
5473:002;
5474:001;
5475:002;
5476:001;
5477:002;
5478:001;
5479:002;
5480:000;
5481:001;
5482:001;
5483:001;
5484:001;
5485:001;
5486:001;
5487:001;
5488:001;
5489:001;
5490:001;
5491:001;
5492:001;
5493:001;
5494:001;
5495:001;
5496:001;
5497:001;
5498:001;
5499:001;
5500:001;
5501:001;
5502:001;
5503:001;
5504:001;
5505:001;
5506:001;
5507:001;
5508:001;
5509:001;
5510:001;
5511:001;
5512:001;
5513:001;
5514:001;
5515:001;
5516:001;
5517:001;
5518:001;
5519:001;
5520:001;
5521:001;
5522:001;
5523:001;
5524:001;
5525:001;
5526:001;
5527:000;
5528:002;
5529:002;
5530:002;
5531:002;
5532:002;
5533:002;
5534:002;
5535:002;
5536:002;
5537:002;
5538:002;
5539:002;
5540:002;
5541:002;
5542:002;
5543:002;
5544:000;
5545:001;
5546:001;
5547:001;
5548:001;
5549:001;
5550:001;
5551:001;
5552:001;
5553:001;
5554:001;
5555:001;
5556:001;
5557:001;
5558:001;
5559:001;
5560:001;
5561:001;
5562:001;
5563:001;
5564:001;
5565:001;
5566:001;
5567:001;
5568:001;
5569:001;
5570:001;
5571:001;
5572:001;
5573:001;
5574:001;
5575:001;
5576:001;
5577:001;
5578:001;
5579:001;
5580:001;
5581:001;
5582:001;
5583:001;
5584:001;
5585:001;
5586:001;
5587:001;
5588:001;
5589:001;
5590:001;
5591:000;
5592:001;
5593:002;
5594:001;
5595:002;
5596:001;
5597:002;
5598:001;
5599:002;
5600:001;
5601:002;
5602:001;
5603:002;
5604:001;
5605:002;
5606:001;
5607:002;
5608:000;
5609:001;
5610:001;
5611:001;
5612:001;
5613:001;
5614:001;
5615:001;
5616:001;
5617:001;
5618:001;
5619:001;
5620:001;
5621:001;
5622:001;
5623:001;
5624:001;
5625:001;
5626:001;
5627:001;
5628:001;
5629:001;
5630:001;
5631:001;
5632:001;
5633:001;
5634:001;
5635:001;
5636:001;
5637:001;
5638:001;
5639:001;
5640:001;
5641:001;
5642:001;
5643:001;
5644:001;
5645:001;
5646:001;
5647:001;
5648:001;
5649:001;
5650:001;
5651:001;
5652:001;
5653:001;
5654:001;
5655:000;
5656:002;
5657:002;
5658:002;
5659:002;
5660:002;
5661:002;
5662:002;
5663:002;
5664:002;
5665:002;
5666:002;
5667:002;
5668:002;
5669:002;
5670:002;
5671:002;
5672:000;
5673:001;
5674:001;
5675:001;
5676:001;
5677:001;
5678:001;
5679:001;
5680:001;
5681:001;
5682:001;
5683:001;
5684:001;
5685:001;
5686:001;
5687:001;
5688:001;
5689:001;
5690:001;
5691:001;
5692:001;
5693:001;
5694:001;
5695:001;
5696:001;
5697:001;
5698:001;
5699:001;
5700:001;
5701:001;
5702:001;
5703:001;
5704:001;
5705:001;
5706:001;
5707:001;
5708:001;
5709:001;
5710:001;
5711:001;
5712:001;
5713:001;
5714:001;
5715:001;
5716:001;
5717:001;
5718:001;
5719:000;
5720:001;
5721:002;
5722:001;
5723:002;
5724:001;
5725:002;
5726:001;
5727:002;
5728:001;
5729:002;
5730:001;
5731:002;
5732:001;
5733:002;
5734:001;
5735:002;
5736:000;
5737:001;
5738:001;
5739:001;
5740:001;
5741:001;
5742:001;
5743:001;
5744:001;
5745:001;
5746:001;
5747:001;
5748:001;
5749:001;
5750:001;
5751:001;
5752:001;
5753:001;
5754:001;
5755:001;
5756:001;
5757:001;
5758:001;
5759:001;
5760:001;
5761:001;
5762:001;
5763:001;
5764:001;
5765:001;
5766:001;
5767:001;
5768:001;
5769:001;
5770:001;
5771:001;
5772:001;
5773:001;
5774:001;
5775:001;
5776:001;
5777:001;
5778:001;
5779:001;
5780:001;
5781:001;
5782:001;
5783:000;
5784:002;
5785:001;
5786:002;
5787:002;
5788:002;
5789:001;
5790:002;
5791:002;
5792:002;
5793:001;
5794:002;
5795:002;
5796:002;
5797:001;
5798:002;
5799:002;
5800:000;
5801:001;
5802:001;
5803:001;
5804:001;
5805:001;
5806:001;
5807:001;
5808:001;
5809:001;
5810:001;
5811:001;
5812:001;
5813:001;
5814:001;
5815:001;
5816:001;
5817:001;
5818:001;
5819:001;
5820:001;
5821:001;
5822:001;
5823:001;
5824:001;
5825:001;
5826:001;
5827:001;
5828:001;
5829:001;
5830:001;
5831:001;
5832:001;
5833:001;
5834:001;
5835:001;
5836:001;
5837:001;
5838:001;
5839:001;
5840:001;
5841:001;
5842:001;
5843:001;
5844:001;
5845:001;
5846:001;
5847:000;
5848:001;
5849:002;
5850:001;
5851:002;
5852:001;
5853:002;
5854:001;
5855:002;
5856:001;
5857:002;
5858:001;
5859:002;
5860:001;
5861:002;
5862:001;
5863:002;
5864:000;
5865:001;
5866:001;
5867:001;
5868:001;
5869:001;
5870:001;
5871:001;
5872:001;
5873:001;
5874:001;
5875:001;
5876:001;
5877:001;
5878:001;
5879:001;
5880:001;
5881:001;
5882:001;
5883:001;
5884:001;
5885:001;
5886:001;
5887:001;
5888:001;
5889:001;
5890:001;
5891:001;
5892:001;
5893:001;
5894:001;
5895:001;
5896:001;
5897:001;
5898:001;
5899:001;
5900:001;
5901:001;
5902:001;
5903:001;
5904:001;
5905:001;
5906:001;
5907:001;
5908:001;
5909:001;
5910:001;
5911:000;
5912:002;
5913:002;
5914:002;
5915:002;
5916:002;
5917:002;
5918:002;
5919:002;
5920:002;
5921:002;
5922:002;
5923:002;
5924:002;
5925:002;
5926:002;
5927:002;
5928:000;
5929:001;
5930:001;
5931:001;
5932:001;
5933:001;
5934:001;
5935:001;
5936:001;
5937:001;
5938:001;
5939:001;
5940:001;
5941:001;
5942:001;
5943:001;
5944:001;
5945:001;
5946:001;
5947:001;
5948:001;
5949:001;
5950:001;
5951:001;
5952:001;
5953:001;
5954:001;
5955:001;
5956:001;
5957:001;
5958:001;
5959:001;
5960:001;
5961:001;
5962:001;
5963:001;
5964:001;
5965:001;
5966:001;
5967:001;
5968:001;
5969:001;
5970:001;
5971:001;
5972:001;
5973:001;
5974:001;
5975:000;
5976:001;
5977:002;
5978:001;
5979:002;
5980:001;
5981:002;
5982:001;
5983:002;
5984:001;
5985:002;
5986:001;
5987:002;
5988:001;
5989:002;
5990:001;
5991:002;
5992:000;
5993:001;
5994:001;
5995:001;
5996:001;
5997:001;
5998:001;
5999:001;
6000:001;
6001:001;
6002:001;
6003:001;
6004:001;
6005:001;
6006:001;
6007:001;
6008:001;
6009:001;
6010:001;
6011:001;
6012:001;
6013:001;
6014:001;
6015:001;
6016:001;
6017:001;
6018:001;
6019:001;
6020:001;
6021:001;
6022:001;
6023:001;
6024:001;
6025:001;
6026:001;
6027:001;
6028:001;
6029:001;
6030:001;
6031:001;
6032:001;
6033:001;
6034:001;
6035:001;
6036:001;
6037:001;
6038:001;
6039:000;
6040:002;
6041:001;
6042:002;
6043:002;
6044:002;
6045:001;
6046:002;
6047:002;
6048:002;
6049:001;
6050:002;
6051:002;
6052:002;
6053:001;
6054:002;
6055:002;
6056:000;
6057:001;
6058:001;
6059:001;
6060:001;
6061:001;
6062:001;
6063:001;
6064:001;
6065:001;
6066:001;
6067:001;
6068:001;
6069:001;
6070:001;
6071:001;
6072:001;
6073:001;
6074:001;
6075:001;
6076:001;
6077:001;
6078:001;
6079:001;
6080:001;
6081:001;
6082:001;
6083:001;
6084:001;
6085:001;
6086:001;
6087:001;
6088:001;
6089:001;
6090:001;
6091:001;
6092:001;
6093:001;
6094:001;
6095:001;
6096:001;
6097:001;
6098:001;
6099:001;
6100:001;
6101:001;
6102:001;
6103:000;
6104:001;
6105:002;
6106:001;
6107:002;
6108:001;
6109:002;
6110:001;
6111:002;
6112:001;
6113:002;
6114:001;
6115:002;
6116:001;
6117:002;
6118:001;
6119:002;
6120:000;
6121:001;
6122:001;
6123:001;
6124:001;
6125:001;
6126:001;
6127:001;
6128:001;
6129:001;
6130:001;
6131:001;
6132:001;
6133:001;
6134:001;
6135:001;
6136:001;
6137:001;
6138:001;
6139:001;
6140:001;
6141:001;
6142:001;
6143:001;
6144:001;
6145:001;
6146:001;
6147:001;
6148:001;
6149:001;
6150:001;
6151:001;
6152:001;
6153:001;
6154:001;
6155:001;
6156:001;
6157:001;
6158:001;
6159:001;
6160:001;
6161:001;
6162:001;
6163:001;
6164:001;
6165:001;
6166:001;
6167:000;
6168:002;
6169:002;
6170:002;
6171:002;
6172:002;
6173:002;
6174:002;
6175:002;
6176:002;
6177:002;
6178:002;
6179:002;
6180:002;
6181:002;
6182:002;
6183:002;
6184:000;
6185:001;
6186:001;
6187:001;
6188:001;
6189:001;
6190:001;
6191:001;
6192:001;
6193:001;
6194:001;
6195:001;
6196:001;
6197:001;
6198:001;
6199:001;
6200:001;
6201:001;
6202:001;
6203:001;
6204:001;
6205:001;
6206:001;
6207:001;
6208:001;
6209:001;
6210:001;
6211:001;
6212:001;
6213:001;
6214:001;
6215:001;
6216:001;
6217:001;
6218:001;
6219:001;
6220:001;
6221:001;
6222:001;
6223:001;
6224:001;
6225:001;
6226:001;
6227:001;
6228:001;
6229:001;
6230:001;
6231:000;
6232:001;
6233:002;
6234:001;
6235:002;
6236:001;
6237:002;
6238:001;
6239:002;
6240:001;
6241:002;
6242:001;
6243:002;
6244:001;
6245:002;
6246:001;
6247:002;
6248:000;
6249:001;
6250:001;
6251:001;
6252:001;
6253:001;
6254:001;
6255:001;
6256:001;
6257:001;
6258:001;
6259:001;
6260:001;
6261:001;
6262:001;
6263:001;
6264:001;
6265:001;
6266:001;
6267:001;
6268:001;
6269:001;
6270:001;
6271:001;
6272:001;
6273:001;
6274:001;
6275:001;
6276:001;
6277:001;
6278:001;
6279:001;
6280:001;
6281:001;
6282:001;
6283:001;
6284:001;
6285:001;
6286:001;
6287:001;
6288:001;
6289:001;
6290:001;
6291:001;
6292:001;
6293:001;
6294:001;
6295:000;
6296:002;
6297:001;
6298:002;
6299:002;
6300:002;
6301:001;
6302:002;
6303:002;
6304:002;
6305:001;
6306:002;
6307:002;
6308:002;
6309:001;
6310:002;
6311:002;
6312:000;
6313:001;
6314:001;
6315:001;
6316:001;
6317:001;
6318:001;
6319:001;
6320:001;
6321:001;
6322:001;
6323:001;
6324:001;
6325:001;
6326:001;
6327:001;
6328:001;
6329:001;
6330:001;
6331:001;
6332:001;
6333:001;
6334:001;
6335:001;
6336:001;
6337:001;
6338:001;
6339:001;
6340:001;
6341:001;
6342:001;
6343:001;
6344:001;
6345:001;
6346:001;
6347:001;
6348:001;
6349:001;
6350:001;
6351:001;
6352:001;
6353:001;
6354:001;
6355:001;
6356:001;
6357:001;
6358:001;
6359:000;
6360:001;
6361:002;
6362:001;
6363:002;
6364:001;
6365:002;
6366:001;
6367:002;
6368:001;
6369:002;
6370:001;
6371:002;
6372:001;
6373:002;
6374:001;
6375:002;
6376:000;
6377:001;
6378:001;
6379:001;
6380:001;
6381:001;
6382:001;
6383:001;
6384:001;
6385:001;
6386:001;
6387:001;
6388:001;
6389:001;
6390:001;
6391:001;
6392:001;
6393:001;
6394:001;
6395:001;
6396:001;
6397:001;
6398:001;
6399:001;
6400:001;
6401:001;
6402:001;
6403:001;
6404:001;
6405:001;
6406:001;
6407:001;
6408:001;
6409:001;
6410:001;
6411:001;
6412:001;
6413:001;
6414:001;
6415:001;
6416:001;
6417:001;
6418:001;
6419:001;
6420:001;
6421:001;
6422:001;
6423:000;
6424:002;
6425:002;
6426:002;
6427:001;
6428:002;
6429:002;
6430:002;
6431:001;
6432:002;
6433:002;
6434:002;
6435:001;
6436:002;
6437:002;
6438:002;
6439:001;
6440:000;
6441:001;
6442:001;
6443:001;
6444:001;
6445:001;
6446:001;
6447:001;
6448:001;
6449:001;
6450:001;
6451:001;
6452:001;
6453:001;
6454:001;
6455:001;
6456:001;
6457:001;
6458:001;
6459:001;
6460:001;
6461:001;
6462:001;
6463:001;
6464:001;
6465:001;
6466:001;
6467:001;
6468:001;
6469:001;
6470:001;
6471:001;
6472:001;
6473:001;
6474:001;
6475:001;
6476:001;
6477:001;
6478:001;
6479:001;
6480:001;
6481:001;
6482:001;
6483:001;
6484:001;
6485:001;
6486:001;
6487:000;
6488:001;
6489:002;
6490:001;
6491:002;
6492:001;
6493:002;
6494:001;
6495:002;
6496:001;
6497:002;
6498:001;
6499:002;
6500:001;
6501:002;
6502:001;
6503:002;
6504:000;
6505:001;
6506:001;
6507:001;
6508:001;
6509:001;
6510:001;
6511:001;
6512:001;
6513:001;
6514:001;
6515:001;
6516:001;
6517:001;
6518:001;
6519:001;
6520:001;
6521:001;
6522:001;
6523:001;
6524:001;
6525:001;
6526:001;
6527:001;
6528:001;
6529:001;
6530:001;
6531:001;
6532:001;
6533:001;
6534:001;
6535:001;
6536:001;
6537:001;
6538:001;
6539:001;
6540:001;
6541:001;
6542:001;
6543:001;
6544:001;
6545:001;
6546:001;
6547:001;
6548:001;
6549:001;
6550:001;
6551:000;
6552:002;
6553:001;
6554:002;
6555:002;
6556:002;
6557:001;
6558:002;
6559:002;
6560:002;
6561:001;
6562:002;
6563:002;
6564:002;
6565:001;
6566:002;
6567:002;
6568:000;
6569:001;
6570:001;
6571:001;
6572:001;
6573:001;
6574:001;
6575:001;
6576:001;
6577:001;
6578:001;
6579:001;
6580:001;
6581:001;
6582:001;
6583:001;
6584:001;
6585:001;
6586:001;
6587:001;
6588:001;
6589:001;
6590:001;
6591:001;
6592:001;
6593:001;
6594:001;
6595:001;
6596:001;
6597:001;
6598:001;
6599:001;
6600:001;
6601:001;
6602:001;
6603:001;
6604:001;
6605:001;
6606:001;
6607:001;
6608:001;
6609:001;
6610:001;
6611:001;
6612:001;
6613:001;
6614:001;
6615:000;
6616:001;
6617:002;
6618:001;
6619:002;
6620:001;
6621:002;
6622:001;
6623:002;
6624:001;
6625:002;
6626:001;
6627:002;
6628:001;
6629:002;
6630:001;
6631:002;
6632:000;
6633:001;
6634:001;
6635:001;
6636:001;
6637:001;
6638:001;
6639:001;
6640:001;
6641:001;
6642:001;
6643:001;
6644:001;
6645:001;
6646:001;
6647:001;
6648:001;
6649:001;
6650:001;
6651:001;
6652:001;
6653:001;
6654:001;
6655:001;
6656:001;
6657:001;
6658:001;
6659:001;
6660:001;
6661:001;
6662:001;
6663:001;
6664:001;
6665:001;
6666:001;
6667:001;
6668:001;
6669:001;
6670:001;
6671:001;
6672:001;
6673:001;
6674:001;
6675:001;
6676:001;
6677:001;
6678:001;
6679:000;
6680:002;
6681:002;
6682:002;
6683:001;
6684:002;
6685:002;
6686:002;
6687:001;
6688:002;
6689:002;
6690:002;
6691:001;
6692:002;
6693:002;
6694:002;
6695:001;
6696:000;
6697:001;
6698:001;
6699:001;
6700:001;
6701:001;
6702:001;
6703:001;
6704:001;
6705:001;
6706:001;
6707:001;
6708:001;
6709:001;
6710:001;
6711:001;
6712:001;
6713:001;
6714:001;
6715:001;
6716:001;
6717:001;
6718:001;
6719:001;
6720:001;
6721:001;
6722:001;
6723:001;
6724:001;
6725:001;
6726:001;
6727:001;
6728:001;
6729:001;
6730:001;
6731:001;
6732:001;
6733:001;
6734:001;
6735:001;
6736:001;
6737:001;
6738:001;
6739:001;
6740:001;
6741:001;
6742:001;
6743:000;
6744:001;
6745:002;
6746:001;
6747:002;
6748:001;
6749:002;
6750:001;
6751:002;
6752:001;
6753:002;
6754:001;
6755:002;
6756:001;
6757:002;
6758:001;
6759:002;
6760:000;
6761:001;
6762:001;
6763:001;
6764:001;
6765:001;
6766:001;
6767:001;
6768:001;
6769:001;
6770:001;
6771:001;
6772:001;
6773:001;
6774:001;
6775:001;
6776:001;
6777:001;
6778:001;
6779:001;
6780:001;
6781:001;
6782:001;
6783:001;
6784:001;
6785:001;
6786:001;
6787:001;
6788:001;
6789:001;
6790:001;
6791:001;
6792:001;
6793:001;
6794:001;
6795:001;
6796:001;
6797:001;
6798:001;
6799:001;
6800:001;
6801:001;
6802:001;
6803:001;
6804:001;
6805:001;
6806:001;
6807:000;
6808:002;
6809:001;
6810:002;
6811:001;
6812:002;
6813:001;
6814:002;
6815:001;
6816:002;
6817:001;
6818:002;
6819:001;
6820:002;
6821:001;
6822:002;
6823:001;
6824:000;
6825:001;
6826:001;
6827:001;
6828:001;
6829:001;
6830:001;
6831:001;
6832:001;
6833:001;
6834:001;
6835:001;
6836:001;
6837:001;
6838:001;
6839:001;
6840:001;
6841:001;
6842:001;
6843:001;
6844:001;
6845:001;
6846:001;
6847:001;
6848:001;
6849:001;
6850:001;
6851:001;
6852:001;
6853:001;
6854:001;
6855:001;
6856:001;
6857:001;
6858:001;
6859:001;
6860:001;
6861:001;
6862:001;
6863:001;
6864:001;
6865:001;
6866:001;
6867:001;
6868:001;
6869:001;
6870:001;
6871:000;
6872:001;
6873:002;
6874:001;
6875:002;
6876:001;
6877:002;
6878:001;
6879:002;
6880:001;
6881:002;
6882:001;
6883:002;
6884:001;
6885:002;
6886:001;
6887:002;
6888:000;
6889:001;
6890:001;
6891:001;
6892:001;
6893:001;
6894:001;
6895:001;
6896:001;
6897:001;
6898:001;
6899:001;
6900:001;
6901:001;
6902:001;
6903:001;
6904:001;
6905:001;
6906:001;
6907:001;
6908:001;
6909:001;
6910:001;
6911:001;
6912:005;
6913:005;
6914:005;
6915:005;
6916:005;
6917:005;
6918:005;
6919:005;
6920:005;
6921:005;
6922:005;
6923:005;
6924:005;
6925:005;
6926:005;
6927:005;
6928:005;
6929:005;
6930:005;
6931:005;
6932:005;
6933:005;
6934:005;
6935:000;
6936:002;
6937:002;
6938:002;
6939:001;
6940:002;
6941:002;
6942:002;
6943:001;
6944:002;
6945:002;
6946:002;
6947:001;
6948:002;
6949:002;
6950:002;
6951:001;
6952:000;
6953:005;
6954:005;
6955:005;
6956:005;
6957:005;
6958:005;
6959:005;
6960:005;
6961:005;
6962:005;
6963:005;
6964:005;
6965:005;
6966:005;
6967:005;
6968:005;
6969:005;
6970:005;
6971:005;
6972:005;
6973:005;
6974:005;
6975:005;
6976:005;
6977:005;
6978:005;
6979:005;
6980:005;
6981:005;
6982:005;
6983:005;
6984:005;
6985:005;
6986:005;
6987:005;
6988:005;
6989:005;
6990:005;
6991:005;
6992:005;
6993:005;
6994:005;
6995:005;
6996:005;
6997:005;
6998:005;
6999:000;
7000:001;
7001:002;
7002:001;
7003:002;
7004:001;
7005:002;
7006:001;
7007:002;
7008:001;
7009:002;
7010:001;
7011:002;
7012:001;
7013:002;
7014:001;
7015:002;
7016:000;
7017:005;
7018:005;
7019:005;
7020:005;
7021:005;
7022:005;
7023:005;
7024:005;
7025:005;
7026:005;
7027:005;
7028:005;
7029:005;
7030:005;
7031:005;
7032:005;
7033:005;
7034:005;
7035:005;
7036:005;
7037:005;
7038:005;
7039:005;
7040:001;
7041:001;
7042:001;
7043:001;
7044:001;
7045:001;
7046:001;
7047:001;
7048:001;
7049:001;
7050:001;
7051:001;
7052:001;
7053:001;
7054:001;
7055:001;
7056:001;
7057:001;
7058:001;
7059:001;
7060:001;
7061:001;
7062:001;
7063:000;
7064:002;
7065:001;
7066:002;
7067:001;
7068:002;
7069:001;
7070:002;
7071:001;
7072:002;
7073:001;
7074:002;
7075:001;
7076:002;
7077:001;
7078:002;
7079:001;
7080:000;
7081:001;
7082:001;
7083:001;
7084:001;
7085:001;
7086:001;
7087:001;
7088:001;
7089:001;
7090:001;
7091:001;
7092:001;
7093:001;
7094:001;
7095:001;
7096:001;
7097:001;
7098:001;
7099:001;
7100:001;
7101:001;
7102:001;
7103:001;
7104:005;
7105:005;
7106:005;
7107:005;
7108:005;
7109:005;
7110:005;
7111:005;
7112:005;
7113:005;
7114:005;
7115:005;
7116:005;
7117:005;
7118:005;
7119:005;
7120:005;
7121:005;
7122:005;
7123:005;
7124:005;
7125:005;
7126:005;
7127:000;
7128:001;
7129:002;
7130:001;
7131:002;
7132:001;
7133:002;
7134:001;
7135:002;
7136:001;
7137:002;
7138:001;
7139:002;
7140:001;
7141:002;
7142:001;
7143:002;
7144:000;
7145:005;
7146:005;
7147:005;
7148:005;
7149:005;
7150:005;
7151:005;
7152:005;
7153:005;
7154:005;
7155:005;
7156:005;
7157:005;
7158:005;
7159:005;
7160:005;
7161:005;
7162:005;
7163:005;
7164:005;
7165:005;
7166:005;
7167:005;
7168:005;
7169:005;
7170:005;
7171:005;
7172:005;
7173:005;
7174:005;
7175:005;
7176:005;
7177:005;
7178:005;
7179:005;
7180:005;
7181:005;
7182:005;
7183:005;
7184:005;
7185:005;
7186:005;
7187:005;
7188:005;
7189:005;
7190:005;
7191:000;
7192:002;
7193:002;
7194:002;
7195:001;
7196:002;
7197:002;
7198:002;
7199:001;
7200:002;
7201:002;
7202:002;
7203:001;
7204:002;
7205:002;
7206:002;
7207:001;
7208:000;
7209:005;
7210:005;
7211:005;
7212:005;
7213:005;
7214:005;
7215:005;
7216:005;
7217:005;
7218:005;
7219:005;
7220:005;
7221:005;
7222:005;
7223:005;
7224:005;
7225:005;
7226:005;
7227:005;
7228:005;
7229:005;
7230:005;
7231:005;
7232:005;
7233:005;
7234:005;
7235:005;
7236:005;
7237:005;
7238:005;
7239:005;
7240:005;
7241:005;
7242:005;
7243:005;
7244:005;
7245:005;
7246:005;
7247:005;
7248:005;
7249:005;
7250:005;
7251:005;
7252:005;
7253:005;
7254:005;
7255:000;
7256:001;
7257:002;
7258:001;
7259:002;
7260:001;
7261:002;
7262:001;
7263:002;
7264:001;
7265:002;
7266:001;
7267:002;
7268:001;
7269:002;
7270:001;
7271:002;
7272:000;
7273:005;
7274:005;
7275:005;
7276:005;
7277:005;
7278:005;
7279:005;
7280:005;
7281:005;
7282:005;
7283:005;
7284:005;
7285:005;
7286:005;
7287:005;
7288:005;
7289:005;
7290:005;
7291:005;
7292:005;
7293:005;
7294:005;
7295:005;
7296:006;
7297:005;
7298:006;
7299:005;
7300:006;
7301:005;
7302:006;
7303:005;
7304:006;
7305:005;
7306:006;
7307:005;
7308:006;
7309:005;
7310:006;
7311:005;
7312:006;
7313:005;
7314:006;
7315:005;
7316:006;
7317:005;
7318:006;
7319:000;
7320:002;
7321:001;
7322:002;
7323:001;
7324:002;
7325:001;
7326:002;
7327:001;
7328:002;
7329:001;
7330:002;
7331:001;
7332:002;
7333:001;
7334:002;
7335:001;
7336:000;
7337:005;
7338:006;
7339:005;
7340:006;
7341:005;
7342:006;
7343:005;
7344:006;
7345:005;
7346:006;
7347:005;
7348:006;
7349:005;
7350:006;
7351:005;
7352:006;
7353:005;
7354:006;
7355:005;
7356:006;
7357:005;
7358:006;
7359:005;
7360:005;
7361:006;
7362:005;
7363:006;
7364:005;
7365:006;
7366:005;
7367:006;
7368:005;
7369:006;
7370:005;
7371:006;
7372:005;
7373:006;
7374:005;
7375:006;
7376:005;
7377:006;
7378:005;
7379:006;
7380:005;
7381:006;
7382:005;
7383:000;
7384:001;
7385:002;
7386:001;
7387:002;
7388:001;
7389:002;
7390:001;
7391:002;
7392:001;
7393:002;
7394:001;
7395:002;
7396:001;
7397:002;
7398:001;
7399:002;
7400:000;
7401:006;
7402:005;
7403:006;
7404:005;
7405:006;
7406:005;
7407:006;
7408:005;
7409:006;
7410:005;
7411:006;
7412:005;
7413:006;
7414:005;
7415:006;
7416:005;
7417:006;
7418:005;
7419:006;
7420:005;
7421:006;
7422:005;
7423:006;
7424:001;
7425:001;
7426:001;
7427:001;
7428:001;
7429:001;
7430:001;
7431:001;
7432:001;
7433:001;
7434:001;
7435:001;
7436:001;
7437:001;
7438:001;
7439:001;
7440:001;
7441:001;
7442:001;
7443:001;
7444:001;
7445:001;
7446:001;
7447:000;
7448:002;
7449:001;
7450:002;
7451:001;
7452:002;
7453:001;
7454:002;
7455:001;
7456:002;
7457:001;
7458:002;
7459:001;
7460:002;
7461:001;
7462:002;
7463:001;
7464:000;
7465:001;
7466:001;
7467:001;
7468:001;
7469:001;
7470:001;
7471:001;
7472:001;
7473:001;
7474:001;
7475:001;
7476:001;
7477:001;
7478:001;
7479:001;
7480:001;
7481:001;
7482:001;
7483:001;
7484:001;
7485:001;
7486:001;
7487:001;
7488:001;
7489:001;
7490:001;
7491:001;
7492:001;
7493:001;
7494:001;
7495:001;
7496:001;
7497:001;
7498:001;
7499:001;
7500:001;
7501:001;
7502:001;
7503:001;
7504:001;
7505:001;
7506:001;
7507:001;
7508:001;
7509:001;
7510:001;
7511:000;
7512:001;
7513:002;
7514:001;
7515:002;
7516:001;
7517:002;
7518:001;
7519:002;
7520:001;
7521:002;
7522:001;
7523:002;
7524:001;
7525:002;
7526:001;
7527:002;
7528:000;
7529:001;
7530:001;
7531:001;
7532:001;
7533:001;
7534:001;
7535:001;
7536:001;
7537:001;
7538:001;
7539:001;
7540:001;
7541:001;
7542:001;
7543:001;
7544:001;
7545:001;
7546:001;
7547:001;
7548:001;
7549:001;
7550:001;
7551:001;
7552:001;
7553:001;
7554:001;
7555:001;
7556:001;
7557:001;
7558:001;
7559:001;
7560:001;
7561:001;
7562:001;
7563:001;
7564:001;
7565:001;
7566:001;
7567:001;
7568:001;
7569:001;
7570:001;
7571:001;
7572:001;
7573:001;
7574:001;
7575:000;
7576:002;
7577:001;
7578:002;
7579:001;
7580:002;
7581:001;
7582:002;
7583:001;
7584:002;
7585:001;
7586:002;
7587:001;
7588:002;
7589:001;
7590:002;
7591:001;
7592:000;
7593:001;
7594:001;
7595:001;
7596:001;
7597:001;
7598:001;
7599:001;
7600:001;
7601:001;
7602:001;
7603:001;
7604:001;
7605:001;
7606:001;
7607:001;
7608:001;
7609:001;
7610:001;
7611:001;
7612:001;
7613:001;
7614:001;
7615:001;
7616:001;
7617:001;
7618:001;
7619:001;
7620:001;
7621:001;
7622:001;
7623:001;
7624:001;
7625:001;
7626:001;
7627:001;
7628:001;
7629:001;
7630:001;
7631:001;
7632:001;
7633:001;
7634:001;
7635:001;
7636:001;
7637:001;
7638:001;
7639:000;
7640:001;
7641:002;
7642:001;
7643:002;
7644:001;
7645:002;
7646:001;
7647:002;
7648:001;
7649:002;
7650:001;
7651:002;
7652:001;
7653:002;
7654:001;
7655:002;
7656:000;
7657:001;
7658:001;
7659:001;
7660:001;
7661:001;
7662:001;
7663:001;
7664:001;
7665:001;
7666:001;
7667:001;
7668:001;
7669:001;
7670:001;
7671:001;
7672:001;
7673:001;
7674:001;
7675:001;
7676:001;
7677:001;
7678:001;
7679:001;
7680:001;
7681:001;
7682:001;
7683:001;
7684:001;
7685:001;
7686:001;
7687:001;
7688:001;
7689:001;
7690:001;
7691:001;
7692:001;
7693:001;
7694:001;
7695:001;
7696:001;
7697:001;
7698:001;
7699:001;
7700:001;
7701:001;
7702:001;
7703:000;
7704:002;
7705:001;
7706:002;
7707:001;
7708:002;
7709:001;
7710:002;
7711:001;
7712:002;
7713:001;
7714:002;
7715:001;
7716:002;
7717:001;
7718:002;
7719:001;
7720:000;
7721:001;
7722:001;
7723:001;
7724:001;
7725:001;
7726:001;
7727:001;
7728:001;
7729:001;
7730:001;
7731:001;
7732:001;
7733:001;
7734:001;
7735:001;
7736:001;
7737:001;
7738:001;
7739:001;
7740:001;
7741:001;
7742:001;
7743:001;
7744:001;
7745:001;
7746:001;
7747:001;
7748:001;
7749:001;
7750:001;
7751:001;
7752:001;
7753:001;
7754:001;
7755:001;
7756:001;
7757:001;
7758:001;
7759:001;
7760:001;
7761:001;
7762:001;
7763:001;
7764:001;
7765:001;
7766:001;
7767:000;
7768:001;
7769:002;
7770:001;
7771:002;
7772:001;
7773:002;
7774:001;
7775:002;
7776:001;
7777:002;
7778:001;
7779:002;
7780:001;
7781:002;
7782:001;
7783:002;
7784:000;
7785:001;
7786:001;
7787:001;
7788:001;
7789:001;
7790:001;
7791:001;
7792:001;
7793:001;
7794:001;
7795:001;
7796:001;
7797:001;
7798:001;
7799:001;
7800:001;
7801:001;
7802:001;
7803:001;
7804:001;
7805:001;
7806:001;
7807:001;
7808:001;
7809:001;
7810:001;
7811:001;
7812:001;
7813:001;
7814:001;
7815:001;
7816:001;
7817:001;
7818:001;
7819:001;
7820:001;
7821:001;
7822:001;
7823:001;
7824:001;
7825:001;
7826:001;
7827:001;
7828:001;
7829:001;
7830:001;
7831:000;
7832:002;
7833:001;
7834:002;
7835:001;
7836:002;
7837:001;
7838:002;
7839:001;
7840:002;
7841:001;
7842:002;
7843:001;
7844:002;
7845:001;
7846:002;
7847:001;
7848:000;
7849:001;
7850:001;
7851:001;
7852:001;
7853:001;
7854:001;
7855:001;
7856:001;
7857:001;
7858:001;
7859:001;
7860:001;
7861:001;
7862:001;
7863:001;
7864:001;
7865:001;
7866:001;
7867:001;
7868:001;
7869:001;
7870:001;
7871:001;
7872:001;
7873:001;
7874:001;
7875:001;
7876:001;
7877:001;
7878:001;
7879:001;
7880:001;
7881:001;
7882:001;
7883:001;
7884:001;
7885:001;
7886:001;
7887:001;
7888:001;
7889:001;
7890:001;
7891:001;
7892:001;
7893:001;
7894:001;
7895:000;
7896:001;
7897:002;
7898:001;
7899:002;
7900:001;
7901:002;
7902:001;
7903:002;
7904:001;
7905:002;
7906:001;
7907:002;
7908:001;
7909:002;
7910:001;
7911:002;
7912:000;
7913:001;
7914:001;
7915:001;
7916:001;
7917:001;
7918:001;
7919:001;
7920:001;
7921:001;
7922:001;
7923:001;
7924:001;
7925:001;
7926:001;
7927:001;
7928:001;
7929:001;
7930:001;
7931:001;
7932:001;
7933:001;
7934:001;
7935:001;
7936:002;
7937:001;
7938:001;
7939:001;
7940:002;
7941:001;
7942:001;
7943:001;
7944:002;
7945:001;
7946:001;
7947:001;
7948:002;
7949:001;
7950:001;
7951:001;
7952:002;
7953:001;
7954:001;
7955:001;
7956:002;
7957:001;
7958:001;
7959:000;
7960:002;
7961:001;
7962:002;
7963:001;
7964:002;
7965:001;
7966:002;
7967:001;
7968:002;
7969:001;
7970:002;
7971:001;
7972:002;
7973:001;
7974:002;
7975:001;
7976:000;
7977:001;
7978:001;
7979:001;
7980:002;
7981:001;
7982:001;
7983:001;
7984:002;
7985:001;
7986:001;
7987:001;
7988:002;
7989:001;
7990:001;
7991:001;
7992:002;
7993:001;
7994:001;
7995:001;
7996:002;
7997:001;
7998:001;
7999:001;
8000:001;
8001:001;
8002:001;
8003:001;
8004:001;
8005:001;
8006:001;
8007:001;
8008:001;
8009:001;
8010:001;
8011:001;
8012:001;
8013:001;
8014:001;
8015:001;
8016:001;
8017:001;
8018:001;
8019:001;
8020:001;
8021:001;
8022:001;
8023:000;
8024:001;
8025:002;
8026:001;
8027:002;
8028:001;
8029:002;
8030:001;
8031:002;
8032:001;
8033:002;
8034:001;
8035:002;
8036:001;
8037:002;
8038:001;
8039:002;
8040:000;
8041:001;
8042:001;
8043:001;
8044:001;
8045:001;
8046:001;
8047:001;
8048:001;
8049:001;
8050:001;
8051:001;
8052:001;
8053:001;
8054:001;
8055:001;
8056:001;
8057:001;
8058:001;
8059:001;
8060:001;
8061:001;
8062:001;
8063:001;
8064:001;
8065:001;
8066:001;
8067:001;
8068:001;
8069:001;
8070:001;
8071:001;
8072:001;
8073:001;
8074:001;
8075:001;
8076:001;
8077:001;
8078:001;
8079:001;
8080:001;
8081:001;
8082:001;
8083:001;
8084:001;
8085:001;
8086:001;
8087:000;
8088:002;
8089:001;
8090:002;
8091:001;
8092:002;
8093:001;
8094:002;
8095:001;
8096:002;
8097:001;
8098:002;
8099:001;
8100:002;
8101:001;
8102:002;
8103:001;
8104:000;
8105:001;
8106:001;
8107:001;
8108:001;
8109:001;
8110:001;
8111:001;
8112:001;
8113:001;
8114:001;
8115:001;
8116:001;
8117:001;
8118:001;
8119:001;
8120:001;
8121:001;
8122:001;
8123:001;
8124:001;
8125:001;
8126:001;
8127:001;
8128:001;
8129:001;
8130:001;
8131:001;
8132:001;
8133:001;
8134:001;
8135:001;
8136:001;
8137:001;
8138:001;
8139:001;
8140:001;
8141:001;
8142:001;
8143:001;
8144:001;
8145:001;
8146:001;
8147:001;
8148:001;
8149:001;
8150:001;
8151:000;
8152:001;
8153:001;
8154:001;
8155:002;
8156:001;
8157:001;
8158:001;
8159:002;
8160:001;
8161:001;
8162:001;
8163:002;
8164:001;
8165:001;
8166:001;
8167:002;
8168:000;
8169:001;
8170:001;
8171:001;
8172:001;
8173:001;
8174:001;
8175:001;
8176:001;
8177:001;
8178:001;
8179:001;
8180:001;
8181:001;
8182:001;
8183:001;
8184:001;
8185:001;
8186:001;
8187:001;
8188:001;
8189:001;
8190:001;
8191:001;
8192:002;
8193:001;
8194:001;
8195:001;
8196:002;
8197:001;
8198:001;
8199:001;
8200:002;
8201:001;
8202:001;
8203:001;
8204:002;
8205:001;
8206:001;
8207:001;
8208:002;
8209:001;
8210:001;
8211:001;
8212:002;
8213:001;
8214:001;
8215:000;
8216:002;
8217:001;
8218:002;
8219:001;
8220:002;
8221:001;
8222:002;
8223:001;
8224:002;
8225:001;
8226:002;
8227:001;
8228:002;
8229:001;
8230:002;
8231:001;
8232:000;
8233:001;
8234:001;
8235:001;
8236:002;
8237:001;
8238:001;
8239:001;
8240:002;
8241:001;
8242:001;
8243:001;
8244:002;
8245:001;
8246:001;
8247:001;
8248:002;
8249:001;
8250:001;
8251:001;
8252:002;
8253:001;
8254:001;
8255:001;
8256:001;
8257:001;
8258:001;
8259:001;
8260:001;
8261:001;
8262:001;
8263:001;
8264:001;
8265:001;
8266:001;
8267:001;
8268:001;
8269:001;
8270:001;
8271:001;
8272:001;
8273:001;
8274:001;
8275:001;
8276:001;
8277:001;
8278:001;
8279:000;
8280:001;
8281:002;
8282:001;
8283:002;
8284:001;
8285:002;
8286:001;
8287:002;
8288:001;
8289:002;
8290:001;
8291:002;
8292:001;
8293:002;
8294:001;
8295:002;
8296:000;
8297:001;
8298:001;
8299:001;
8300:001;
8301:001;
8302:001;
8303:001;
8304:001;
8305:001;
8306:001;
8307:001;
8308:001;
8309:001;
8310:001;
8311:001;
8312:001;
8313:001;
8314:001;
8315:001;
8316:001;
8317:001;
8318:001;
8319:001;
8320:001;
8321:001;
8322:002;
8323:001;
8324:001;
8325:001;
8326:002;
8327:001;
8328:001;
8329:001;
8330:002;
8331:001;
8332:001;
8333:001;
8334:002;
8335:001;
8336:001;
8337:001;
8338:002;
8339:001;
8340:001;
8341:001;
8342:002;
8343:000;
8344:002;
8345:001;
8346:002;
8347:001;
8348:002;
8349:001;
8350:002;
8351:001;
8352:002;
8353:001;
8354:002;
8355:001;
8356:002;
8357:001;
8358:002;
8359:001;
8360:000;
8361:001;
8362:002;
8363:001;
8364:001;
8365:001;
8366:002;
8367:001;
8368:001;
8369:001;
8370:002;
8371:001;
8372:001;
8373:001;
8374:002;
8375:001;
8376:001;
8377:001;
8378:002;
8379:001;
8380:001;
8381:001;
8382:002;
8383:001;
8384:001;
8385:001;
8386:001;
8387:001;
8388:001;
8389:001;
8390:001;
8391:001;
8392:001;
8393:001;
8394:001;
8395:001;
8396:001;
8397:001;
8398:001;
8399:001;
8400:001;
8401:001;
8402:001;
8403:001;
8404:001;
8405:001;
8406:001;
8407:000;
8408:001;
8409:001;
8410:001;
8411:002;
8412:001;
8413:001;
8414:001;
8415:002;
8416:001;
8417:001;
8418:001;
8419:002;
8420:001;
8421:001;
8422:001;
8423:002;
8424:000;
8425:001;
8426:001;
8427:001;
8428:001;
8429:001;
8430:001;
8431:001;
8432:001;
8433:001;
8434:001;
8435:001;
8436:001;
8437:001;
8438:001;
8439:001;
8440:001;
8441:001;
8442:001;
8443:001;
8444:001;
8445:001;
8446:001;
8447:001;
8448:002;
8449:001;
8450:001;
8451:001;
8452:002;
8453:001;
8454:001;
8455:001;
8456:002;
8457:001;
8458:001;
8459:001;
8460:002;
8461:001;
8462:001;
8463:001;
8464:002;
8465:001;
8466:001;
8467:001;
8468:002;
8469:001;
8470:001;
8471:000;
8472:002;
8473:001;
8474:002;
8475:001;
8476:002;
8477:001;
8478:002;
8479:001;
8480:002;
8481:001;
8482:002;
8483:001;
8484:002;
8485:001;
8486:002;
8487:001;
8488:000;
8489:001;
8490:001;
8491:001;
8492:002;
8493:001;
8494:001;
8495:001;
8496:002;
8497:001;
8498:001;
8499:001;
8500:002;
8501:001;
8502:001;
8503:001;
8504:002;
8505:001;
8506:001;
8507:001;
8508:002;
8509:001;
8510:001;
8511:001;
8512:001;
8513:001;
8514:001;
8515:001;
8516:001;
8517:001;
8518:001;
8519:001;
8520:001;
8521:001;
8522:001;
8523:001;
8524:001;
8525:001;
8526:001;
8527:001;
8528:001;
8529:001;
8530:001;
8531:001;
8532:001;
8533:001;
8534:001;
8535:000;
8536:001;
8537:002;
8538:001;
8539:002;
8540:001;
8541:002;
8542:001;
8543:002;
8544:001;
8545:002;
8546:001;
8547:002;
8548:001;
8549:002;
8550:001;
8551:002;
8552:000;
8553:001;
8554:001;
8555:001;
8556:001;
8557:001;
8558:001;
8559:001;
8560:001;
8561:001;
8562:001;
8563:001;
8564:001;
8565:001;
8566:001;
8567:001;
8568:001;
8569:001;
8570:001;
8571:001;
8572:001;
8573:001;
8574:001;
8575:001;
8576:001;
8577:001;
8578:002;
8579:001;
8580:001;
8581:001;
8582:002;
8583:001;
8584:001;
8585:001;
8586:002;
8587:001;
8588:001;
8589:001;
8590:002;
8591:001;
8592:001;
8593:001;
8594:002;
8595:001;
8596:001;
8597:001;
8598:002;
8599:000;
8600:002;
8601:001;
8602:002;
8603:001;
8604:002;
8605:001;
8606:002;
8607:001;
8608:002;
8609:001;
8610:002;
8611:001;
8612:002;
8613:001;
8614:002;
8615:001;
8616:000;
8617:001;
8618:002;
8619:001;
8620:001;
8621:001;
8622:002;
8623:001;
8624:001;
8625:001;
8626:002;
8627:001;
8628:001;
8629:001;
8630:002;
8631:001;
8632:001;
8633:001;
8634:002;
8635:001;
8636:001;
8637:001;
8638:002;
8639:001;
8640:001;
8641:001;
8642:001;
8643:001;
8644:001;
8645:001;
8646:001;
8647:001;
8648:001;
8649:001;
8650:001;
8651:001;
8652:001;
8653:001;
8654:001;
8655:001;
8656:001;
8657:001;
8658:001;
8659:001;
8660:001;
8661:001;
8662:001;
8663:000;
8664:001;
8665:001;
8666:001;
8667:002;
8668:001;
8669:001;
8670:001;
8671:002;
8672:001;
8673:001;
8674:001;
8675:002;
8676:001;
8677:001;
8678:001;
8679:002;
8680:000;
8681:001;
8682:001;
8683:001;
8684:001;
8685:001;
8686:001;
8687:001;
8688:001;
8689:001;
8690:001;
8691:001;
8692:001;
8693:001;
8694:001;
8695:001;
8696:001;
8697:001;
8698:001;
8699:001;
8700:001;
8701:001;
8702:001;
8703:001;
8704:002;
8705:001;
8706:002;
8707:001;
8708:002;
8709:001;
8710:002;
8711:001;
8712:002;
8713:001;
8714:002;
8715:001;
8716:002;
8717:001;
8718:002;
8719:001;
8720:002;
8721:001;
8722:002;
8723:001;
8724:002;
8725:001;
8726:002;
8727:000;
8728:002;
8729:001;
8730:002;
8731:001;
8732:002;
8733:001;
8734:002;
8735:001;
8736:002;
8737:001;
8738:002;
8739:001;
8740:002;
8741:001;
8742:002;
8743:001;
8744:000;
8745:001;
8746:002;
8747:001;
8748:002;
8749:001;
8750:002;
8751:001;
8752:002;
8753:001;
8754:002;
8755:001;
8756:002;
8757:001;
8758:002;
8759:001;
8760:002;
8761:001;
8762:002;
8763:001;
8764:002;
8765:001;
8766:002;
8767:001;
8768:001;
8769:001;
8770:001;
8771:001;
8772:001;
8773:001;
8774:001;
8775:001;
8776:001;
8777:001;
8778:001;
8779:001;
8780:001;
8781:001;
8782:001;
8783:001;
8784:001;
8785:001;
8786:001;
8787:001;
8788:001;
8789:001;
8790:001;
8791:000;
8792:001;
8793:002;
8794:001;
8795:001;
8796:001;
8797:002;
8798:001;
8799:001;
8800:001;
8801:002;
8802:001;
8803:001;
8804:001;
8805:002;
8806:001;
8807:001;
8808:000;
8809:001;
8810:001;
8811:001;
8812:001;
8813:001;
8814:001;
8815:001;
8816:001;
8817:001;
8818:001;
8819:001;
8820:001;
8821:001;
8822:001;
8823:001;
8824:001;
8825:001;
8826:001;
8827:001;
8828:001;
8829:001;
8830:001;
8831:001;
8832:001;
8833:001;
8834:002;
8835:001;
8836:001;
8837:001;
8838:002;
8839:001;
8840:001;
8841:001;
8842:002;
8843:001;
8844:001;
8845:001;
8846:002;
8847:001;
8848:001;
8849:001;
8850:002;
8851:001;
8852:001;
8853:001;
8854:002;
8855:000;
8856:002;
8857:001;
8858:002;
8859:001;
8860:002;
8861:001;
8862:002;
8863:001;
8864:002;
8865:001;
8866:002;
8867:001;
8868:002;
8869:001;
8870:002;
8871:001;
8872:000;
8873:001;
8874:002;
8875:001;
8876:001;
8877:001;
8878:002;
8879:001;
8880:001;
8881:001;
8882:002;
8883:001;
8884:001;
8885:001;
8886:002;
8887:001;
8888:001;
8889:001;
8890:002;
8891:001;
8892:001;
8893:001;
8894:002;
8895:001;
8896:001;
8897:001;
8898:001;
8899:001;
8900:001;
8901:001;
8902:001;
8903:001;
8904:001;
8905:001;
8906:001;
8907:001;
8908:001;
8909:001;
8910:001;
8911:001;
8912:001;
8913:001;
8914:001;
8915:001;
8916:001;
8917:001;
8918:001;
8919:000;
8920:001;
8921:001;
8922:001;
8923:002;
8924:001;
8925:001;
8926:001;
8927:002;
8928:001;
8929:001;
8930:001;
8931:002;
8932:001;
8933:001;
8934:001;
8935:002;
8936:000;
8937:001;
8938:001;
8939:001;
8940:001;
8941:001;
8942:001;
8943:001;
8944:001;
8945:001;
8946:001;
8947:001;
8948:001;
8949:001;
8950:001;
8951:001;
8952:001;
8953:001;
8954:001;
8955:001;
8956:001;
8957:001;
8958:001;
8959:001;
8960:002;
8961:001;
8962:002;
8963:001;
8964:002;
8965:001;
8966:002;
8967:001;
8968:002;
8969:001;
8970:002;
8971:001;
8972:002;
8973:001;
8974:002;
8975:001;
8976:002;
8977:001;
8978:002;
8979:001;
8980:002;
8981:001;
8982:002;
8983:000;
8984:002;
8985:001;
8986:002;
8987:001;
8988:002;
8989:001;
8990:002;
8991:001;
8992:002;
8993:001;
8994:002;
8995:001;
8996:002;
8997:001;
8998:002;
8999:001;
9000:000;
9001:001;
9002:002;
9003:001;
9004:002;
9005:001;
9006:002;
9007:001;
9008:002;
9009:001;
9010:002;
9011:001;
9012:002;
9013:001;
9014:002;
9015:001;
9016:002;
9017:001;
9018:002;
9019:001;
9020:002;
9021:001;
9022:002;
9023:001;
9024:001;
9025:001;
9026:001;
9027:001;
9028:001;
9029:001;
9030:001;
9031:001;
9032:001;
9033:001;
9034:001;
9035:001;
9036:001;
9037:001;
9038:001;
9039:001;
9040:001;
9041:001;
9042:001;
9043:001;
9044:001;
9045:001;
9046:001;
9047:000;
9048:001;
9049:002;
9050:001;
9051:001;
9052:001;
9053:002;
9054:001;
9055:001;
9056:001;
9057:002;
9058:001;
9059:001;
9060:001;
9061:002;
9062:001;
9063:001;
9064:000;
9065:001;
9066:001;
9067:001;
9068:001;
9069:001;
9070:001;
9071:001;
9072:001;
9073:001;
9074:001;
9075:001;
9076:001;
9077:001;
9078:001;
9079:001;
9080:001;
9081:001;
9082:001;
9083:001;
9084:001;
9085:001;
9086:001;
9087:001;
9088:002;
9089:001;
9090:002;
9091:001;
9092:002;
9093:001;
9094:002;
9095:001;
9096:002;
9097:001;
9098:002;
9099:001;
9100:002;
9101:001;
9102:002;
9103:001;
9104:002;
9105:001;
9106:002;
9107:001;
9108:002;
9109:001;
9110:002;
9111:000;
9112:002;
9113:001;
9114:002;
9115:001;
9116:002;
9117:001;
9118:002;
9119:001;
9120:002;
9121:001;
9122:002;
9123:001;
9124:002;
9125:001;
9126:002;
9127:001;
9128:000;
9129:001;
9130:002;
9131:001;
9132:002;
9133:001;
9134:002;
9135:001;
9136:002;
9137:001;
9138:002;
9139:001;
9140:002;
9141:001;
9142:002;
9143:001;
9144:002;
9145:001;
9146:002;
9147:001;
9148:002;
9149:001;
9150:002;
9151:001;
9152:001;
9153:001;
9154:001;
9155:001;
9156:001;
9157:001;
9158:001;
9159:001;
9160:001;
9161:001;
9162:001;
9163:001;
9164:001;
9165:001;
9166:001;
9167:001;
9168:001;
9169:001;
9170:001;
9171:001;
9172:001;
9173:001;
9174:001;
9175:000;
9176:001;
9177:001;
9178:001;
9179:001;
9180:001;
9181:001;
9182:001;
9183:001;
9184:001;
9185:001;
9186:001;
9187:001;
9188:001;
9189:001;
9190:001;
9191:001;
9192:000;
9193:001;
9194:001;
9195:001;
9196:001;
9197:001;
9198:001;
9199:001;
9200:001;
9201:001;
9202:001;
9203:001;
9204:001;
9205:001;
9206:001;
9207:001;
9208:001;
9209:001;
9210:001;
9211:001;
9212:001;
9213:001;
9214:001;
9215:001;
9216:002;
9217:001;
9218:002;
9219:001;
9220:002;
9221:001;
9222:002;
9223:001;
9224:002;
9225:001;
9226:002;
9227:001;
9228:002;
9229:001;
9230:002;
9231:001;
9232:002;
9233:001;
9234:002;
9235:001;
9236:002;
9237:001;
9238:002;
9239:000;
9240:002;
9241:001;
9242:002;
9243:001;
9244:002;
9245:001;
9246:002;
9247:001;
9248:002;
9249:001;
9250:002;
9251:001;
9252:002;
9253:001;
9254:002;
9255:001;
9256:000;
9257:001;
9258:002;
9259:001;
9260:002;
9261:001;
9262:002;
9263:001;
9264:002;
9265:001;
9266:002;
9267:001;
9268:002;
9269:001;
9270:002;
9271:001;
9272:002;
9273:001;
9274:002;
9275:001;
9276:002;
9277:001;
9278:002;
9279:001;
9280:001;
9281:002;
9282:001;
9283:001;
9284:001;
9285:002;
9286:001;
9287:001;
9288:001;
9289:002;
9290:001;
9291:001;
9292:001;
9293:002;
9294:001;
9295:001;
9296:001;
9297:002;
9298:001;
9299:001;
9300:001;
9301:002;
9302:001;
9303:000;
9304:001;
9305:002;
9306:001;
9307:001;
9308:001;
9309:002;
9310:001;
9311:001;
9312:001;
9313:002;
9314:001;
9315:001;
9316:001;
9317:002;
9318:001;
9319:001;
9320:000;
9321:002;
9322:001;
9323:001;
9324:001;
9325:002;
9326:001;
9327:001;
9328:001;
9329:002;
9330:001;
9331:001;
9332:001;
9333:002;
9334:001;
9335:001;
9336:001;
9337:002;
9338:001;
9339:001;
9340:001;
9341:002;
9342:001;
9343:001;
9344:002;
9345:001;
9346:003;
9347:003;
9348:002;
9349:001;
9350:002;
9351:001;
9352:002;
9353:001;
9354:002;
9355:001;
9356:002;
9357:001;
9358:002;
9359:001;
9360:002;
9361:001;
9362:002;
9363:001;
9364:002;
9365:001;
9366:002;
9367:000;
9368:002;
9369:001;
9370:002;
9371:001;
9372:002;
9373:001;
9374:002;
9375:001;
9376:002;
9377:001;
9378:002;
9379:001;
9380:002;
9381:001;
9382:002;
9383:001;
9384:000;
9385:001;
9386:002;
9387:001;
9388:002;
9389:001;
9390:002;
9391:001;
9392:002;
9393:001;
9394:002;
9395:001;
9396:002;
9397:001;
9398:002;
9399:001;
9400:002;
9401:001;
9402:002;
9403:001;
9404:003;
9405:003;
9406:002;
9407:001;
9408:001;
9409:001;
9410:001;
9411:003;
9412:001;
9413:001;
9414:001;
9415:001;
9416:001;
9417:001;
9418:001;
9419:001;
9420:001;
9421:001;
9422:001;
9423:001;
9424:001;
9425:001;
9426:001;
9427:001;
9428:001;
9429:001;
9430:001;
9431:000;
9432:001;
9433:001;
9434:001;
9435:001;
9436:001;
9437:001;
9438:001;
9439:001;
9440:001;
9441:001;
9442:001;
9443:001;
9444:001;
9445:001;
9446:001;
9447:001;
9448:000;
9449:001;
9450:001;
9451:001;
9452:001;
9453:001;
9454:001;
9455:001;
9456:001;
9457:001;
9458:001;
9459:001;
9460:001;
9461:001;
9462:001;
9463:001;
9464:001;
9465:001;
9466:001;
9467:001;
9468:003;
9469:001;
9470:001;
9471:001;
9472:002;
9473:001;
9474:002;
9475:001;
9476:002;
9477:001;
9478:002;
9479:001;
9480:002;
9481:001;
9482:002;
9483:001;
9484:002;
9485:001;
9486:002;
9487:001;
9488:002;
9489:001;
9490:002;
9491:001;
9492:002;
9493:001;
9494:002;
9495:000;
9496:002;
9497:001;
9498:002;
9499:001;
9500:002;
9501:001;
9502:002;
9503:001;
9504:002;
9505:001;
9506:002;
9507:001;
9508:002;
9509:001;
9510:002;
9511:001;
9512:000;
9513:001;
9514:002;
9515:001;
9516:002;
9517:001;
9518:002;
9519:001;
9520:002;
9521:001;
9522:002;
9523:001;
9524:002;
9525:001;
9526:002;
9527:001;
9528:002;
9529:001;
9530:002;
9531:001;
9532:002;
9533:001;
9534:002;
9535:001;
9536:001;
9537:002;
9538:001;
9539:001;
9540:001;
9541:002;
9542:001;
9543:001;
9544:001;
9545:002;
9546:001;
9547:001;
9548:001;
9549:002;
9550:001;
9551:001;
9552:001;
9553:002;
9554:001;
9555:001;
9556:001;
9557:002;
9558:001;
9559:000;
9560:001;
9561:002;
9562:001;
9563:001;
9564:001;
9565:002;
9566:001;
9567:001;
9568:001;
9569:002;
9570:001;
9571:001;
9572:001;
9573:002;
9574:001;
9575:001;
9576:000;
9577:002;
9578:001;
9579:001;
9580:001;
9581:002;
9582:001;
9583:001;
9584:001;
9585:002;
9586:001;
9587:001;
9588:001;
9589:002;
9590:001;
9591:001;
9592:001;
9593:002;
9594:001;
9595:001;
9596:001;
9597:002;
9598:001;
9599:001;
9600:002;
9601:001;
9602:002;
9603:001;
9604:002;
9605:001;
9606:002;
9607:001;
9608:002;
9609:001;
9610:002;
9611:001;
9612:002;
9613:001;
9614:002;
9615:001;
9616:002;
9617:001;
9618:002;
9619:001;
9620:002;
9621:001;
9622:002;
9623:000;
9624:002;
9625:001;
9626:002;
9627:001;
9628:002;
9629:001;
9630:002;
9631:001;
9632:002;
9633:001;
9634:002;
9635:001;
9636:002;
9637:001;
9638:002;
9639:001;
9640:000;
9641:001;
9642:002;
9643:001;
9644:002;
9645:001;
9646:002;
9647:001;
9648:002;
9649:001;
9650:002;
9651:001;
9652:002;
9653:001;
9654:002;
9655:001;
9656:002;
9657:001;
9658:002;
9659:001;
9660:002;
9661:001;
9662:002;
9663:001;
9664:001;
9665:001;
9666:001;
9667:002;
9668:001;
9669:001;
9670:001;
9671:002;
9672:001;
9673:001;
9674:001;
9675:002;
9676:001;
9677:001;
9678:001;
9679:002;
9680:001;
9681:001;
9682:001;
9683:002;
9684:001;
9685:001;
9686:001;
9687:000;
9688:001;
9689:001;
9690:001;
9691:001;
9692:001;
9693:001;
9694:001;
9695:001;
9696:001;
9697:001;
9698:001;
9699:001;
9700:001;
9701:001;
9702:001;
9703:001;
9704:000;
9705:001;
9706:001;
9707:002;
9708:001;
9709:001;
9710:001;
9711:002;
9712:001;
9713:001;
9714:001;
9715:002;
9716:001;
9717:001;
9718:001;
9719:002;
9720:001;
9721:001;
9722:001;
9723:002;
9724:001;
9725:001;
9726:001;
9727:002;
9728:002;
9729:001;
9730:002;
9731:003;
9732:002;
9733:001;
9734:002;
9735:001;
9736:002;
9737:001;
9738:002;
9739:001;
9740:002;
9741:001;
9742:002;
9743:001;
9744:002;
9745:001;
9746:002;
9747:001;
9748:002;
9749:001;
9750:002;
9751:000;
9752:002;
9753:001;
9754:002;
9755:001;
9756:002;
9757:001;
9758:002;
9759:001;
9760:002;
9761:001;
9762:002;
9763:001;
9764:002;
9765:001;
9766:002;
9767:001;
9768:000;
9769:001;
9770:002;
9771:001;
9772:002;
9773:001;
9774:002;
9775:001;
9776:002;
9777:001;
9778:002;
9779:001;
9780:002;
9781:001;
9782:002;
9783:001;
9784:002;
9785:001;
9786:002;
9787:001;
9788:003;
9789:001;
9790:002;
9791:001;
9792:001;
9793:002;
9794:003;
9795:003;
9796:001;
9797:002;
9798:001;
9799:001;
9800:001;
9801:002;
9802:001;
9803:001;
9804:001;
9805:002;
9806:001;
9807:001;
9808:001;
9809:002;
9810:001;
9811:001;
9812:001;
9813:002;
9814:001;
9815:000;
9816:001;
9817:001;
9818:001;
9819:001;
9820:001;
9821:001;
9822:001;
9823:001;
9824:001;
9825:001;
9826:001;
9827:001;
9828:001;
9829:001;
9830:001;
9831:001;
9832:000;
9833:002;
9834:001;
9835:001;
9836:001;
9837:002;
9838:001;
9839:001;
9840:001;
9841:002;
9842:001;
9843:001;
9844:001;
9845:002;
9846:001;
9847:001;
9848:001;
9849:002;
9850:001;
9851:001;
9852:003;
9853:003;
9854:001;
9855:001;
9856:002;
9857:001;
9858:002;
9859:001;
9860:002;
9861:001;
9862:002;
9863:001;
9864:002;
9865:001;
9866:002;
9867:001;
9868:002;
9869:001;
9870:002;
9871:001;
9872:002;
9873:001;
9874:002;
9875:001;
9876:002;
9877:001;
9878:002;
9879:000;
9880:002;
9881:001;
9882:002;
9883:001;
9884:002;
9885:001;
9886:002;
9887:001;
9888:002;
9889:001;
9890:002;
9891:001;
9892:002;
9893:001;
9894:002;
9895:001;
9896:000;
9897:001;
9898:002;
9899:001;
9900:002;
9901:001;
9902:002;
9903:001;
9904:002;
9905:001;
9906:002;
9907:001;
9908:002;
9909:001;
9910:002;
9911:001;
9912:002;
9913:001;
9914:002;
9915:001;
9916:002;
9917:001;
9918:002;
9919:001;
9920:001;
9921:001;
9922:001;
9923:002;
9924:001;
9925:001;
9926:001;
9927:002;
9928:001;
9929:001;
9930:001;
9931:002;
9932:001;
9933:001;
9934:001;
9935:002;
9936:001;
9937:001;
9938:001;
9939:002;
9940:001;
9941:001;
9942:001;
9943:000;
9944:001;
9945:001;
9946:001;
9947:001;
9948:001;
9949:001;
9950:001;
9951:001;
9952:001;
9953:001;
9954:001;
9955:001;
9956:001;
9957:001;
9958:001;
9959:001;
9960:000;
9961:001;
9962:001;
9963:002;
9964:001;
9965:001;
9966:001;
9967:002;
9968:001;
9969:001;
9970:001;
9971:002;
9972:001;
9973:001;
9974:001;
9975:002;
9976:001;
9977:001;
9978:001;
9979:002;
9980:001;
9981:001;
9982:001;
9983:002;
9984:002;
9985:001;
9986:002;
9987:001;
9988:002;
9989:001;
9990:002;
9991:001;
9992:002;
9993:001;
9994:002;
9995:001;
9996:002;
9997:001;
9998:002;
9999:001;
10000:002;
10001:001;
10002:002;
10003:001;
10004:002;
10005:001;
10006:002;
10007:000;
10008:002;
10009:001;
10010:002;
10011:001;
10012:002;
10013:001;
10014:002;
10015:001;
10016:002;
10017:001;
10018:002;
10019:001;
10020:002;
10021:001;
10022:002;
10023:001;
10024:000;
10025:001;
10026:002;
10027:001;
10028:002;
10029:001;
10030:002;
10031:001;
10032:002;
10033:001;
10034:002;
10035:001;
10036:002;
10037:001;
10038:002;
10039:001;
10040:002;
10041:001;
10042:002;
10043:001;
10044:002;
10045:001;
10046:002;
10047:001;
10048:001;
10049:002;
10050:001;
10051:002;
10052:001;
10053:002;
10054:001;
10055:002;
10056:001;
10057:002;
10058:001;
10059:002;
10060:001;
10061:002;
10062:001;
10063:002;
10064:001;
10065:002;
10066:001;
10067:002;
10068:001;
10069:002;
10070:001;
10071:000;
10072:001;
10073:001;
10074:001;
10075:001;
10076:001;
10077:001;
10078:001;
10079:001;
10080:001;
10081:001;
10082:001;
10083:001;
10084:001;
10085:001;
10086:001;
10087:001;
10088:000;
10089:002;
10090:001;
10091:002;
10092:001;
10093:002;
10094:001;
10095:002;
10096:001;
10097:002;
10098:001;
10099:002;
10100:001;
10101:002;
10102:001;
10103:002;
10104:001;
10105:002;
10106:001;
10107:002;
10108:001;
10109:002;
10110:001;
10111:002;
10112:002;
10113:001;
10114:002;
10115:001;
10116:002;
10117:001;
10118:002;
10119:001;
10120:002;
10121:001;
10122:002;
10123:001;
10124:002;
10125:001;
10126:002;
10127:001;
10128:002;
10129:001;
10130:002;
10131:001;
10132:002;
10133:001;
10134:002;
10135:000;
10136:002;
10137:001;
10138:002;
10139:001;
10140:002;
10141:001;
10142:002;
10143:001;
10144:002;
10145:001;
10146:002;
10147:001;
10148:002;
10149:001;
10150:002;
10151:001;
10152:000;
10153:001;
10154:002;
10155:001;
10156:002;
10157:001;
10158:002;
10159:001;
10160:002;
10161:001;
10162:002;
10163:001;
10164:002;
10165:001;
10166:002;
10167:001;
10168:002;
10169:001;
10170:002;
10171:001;
10172:002;
10173:001;
10174:002;
10175:001;
10176:001;
10177:001;
10178:001;
10179:002;
10180:001;
10181:001;
10182:001;
10183:002;
10184:001;
10185:001;
10186:001;
10187:002;
10188:001;
10189:001;
10190:001;
10191:002;
10192:001;
10193:001;
10194:001;
10195:002;
10196:001;
10197:001;
10198:001;
10199:000;
10200:001;
10201:001;
10202:001;
10203:001;
10204:001;
10205:001;
10206:001;
10207:001;
10208:001;
10209:001;
10210:001;
10211:001;
10212:001;
10213:001;
10214:001;
10215:001;
10216:000;
10217:001;
10218:001;
10219:002;
10220:001;
10221:001;
10222:001;
10223:002;
10224:001;
10225:001;
10226:001;
10227:002;
10228:001;
10229:001;
10230:001;
10231:002;
10232:001;
10233:001;
10234:001;
10235:002;
10236:001;
10237:001;
10238:001;
10239:002;
10240:002;
10241:001;
10242:002;
10243:001;
10244:002;
10245:001;
10246:002;
10247:001;
10248:002;
10249:001;
10250:002;
10251:001;
10252:002;
10253:001;
10254:002;
10255:001;
10256:002;
10257:001;
10258:002;
10259:001;
10260:002;
10261:001;
10262:002;
10263:000;
10264:002;
10265:001;
10266:002;
10267:001;
10268:002;
10269:001;
10270:002;
10271:001;
10272:002;
10273:001;
10274:002;
10275:001;
10276:002;
10277:001;
10278:002;
10279:001;
10280:000;
10281:001;
10282:002;
10283:001;
10284:002;
10285:001;
10286:002;
10287:001;
10288:002;
10289:001;
10290:002;
10291:001;
10292:002;
10293:001;
10294:002;
10295:001;
10296:002;
10297:001;
10298:002;
10299:001;
10300:002;
10301:001;
10302:002;
10303:001;
10304:001;
10305:002;
10306:001;
10307:002;
10308:001;
10309:002;
10310:001;
10311:002;
10312:001;
10313:002;
10314:001;
10315:002;
10316:001;
10317:002;
10318:001;
10319:002;
10320:001;
10321:002;
10322:001;
10323:002;
10324:001;
10325:002;
10326:001;
10327:000;
10328:001;
10329:001;
10330:001;
10331:001;
10332:001;
10333:001;
10334:001;
10335:001;
10336:001;
10337:001;
10338:001;
10339:001;
10340:001;
10341:001;
10342:001;
10343:001;
10344:000;
10345:002;
10346:001;
10347:002;
10348:001;
10349:002;
10350:001;
10351:002;
10352:001;
10353:002;
10354:001;
10355:002;
10356:001;
10357:002;
10358:001;
10359:002;
10360:001;
10361:002;
10362:001;
10363:002;
10364:001;
10365:002;
10366:001;
10367:002;
10368:002;
10369:001;
10370:002;
10371:001;
10372:002;
10373:001;
10374:002;
10375:001;
10376:002;
10377:001;
10378:002;
10379:001;
10380:002;
10381:001;
10382:002;
10383:001;
10384:002;
10385:001;
10386:002;
10387:001;
10388:002;
10389:001;
10390:002;
10391:000;
10392:001;
10393:001;
10394:002;
10395:001;
10396:001;
10397:001;
10398:002;
10399:001;
10400:001;
10401:001;
10402:002;
10403:001;
10404:001;
10405:001;
10406:002;
10407:001;
10408:000;
10409:001;
10410:002;
10411:001;
10412:002;
10413:001;
10414:002;
10415:001;
10416:002;
10417:001;
10418:002;
10419:001;
10420:002;
10421:001;
10422:002;
10423:001;
10424:002;
10425:001;
10426:002;
10427:001;
10428:002;
10429:001;
10430:002;
10431:001;
10432:001;
10433:002;
10434:001;
10435:002;
10436:001;
10437:002;
10438:001;
10439:002;
10440:001;
10441:002;
10442:001;
10443:002;
10444:001;
10445:002;
10446:001;
10447:002;
10448:001;
10449:002;
10450:001;
10451:002;
10452:001;
10453:002;
10454:001;
10455:000;
10456:001;
10457:001;
10458:001;
10459:001;
10460:001;
10461:001;
10462:001;
10463:001;
10464:001;
10465:001;
10466:001;
10467:001;
10468:001;
10469:001;
10470:001;
10471:001;
10472:000;
10473:002;
10474:001;
10475:002;
10476:001;
10477:002;
10478:001;
10479:002;
10480:001;
10481:002;
10482:001;
10483:002;
10484:001;
10485:002;
10486:001;
10487:002;
10488:001;
10489:002;
10490:001;
10491:002;
10492:001;
10493:002;
10494:001;
10495:002;
10496:002;
10497:001;
10498:002;
10499:001;
10500:002;
10501:001;
10502:002;
10503:001;
10504:002;
10505:001;
10506:002;
10507:001;
10508:002;
10509:001;
10510:002;
10511:001;
10512:002;
10513:001;
10514:002;
10515:001;
10516:002;
10517:001;
10518:002;
10519:000;
10520:002;
10521:001;
10522:002;
10523:001;
10524:002;
10525:001;
10526:002;
10527:001;
10528:002;
10529:001;
10530:002;
10531:001;
10532:002;
10533:001;
10534:002;
10535:001;
10536:000;
10537:001;
10538:002;
10539:001;
10540:002;
10541:001;
10542:002;
10543:001;
10544:002;
10545:001;
10546:002;
10547:001;
10548:002;
10549:001;
10550:002;
10551:001;
10552:002;
10553:001;
10554:002;
10555:001;
10556:002;
10557:001;
10558:002;
10559:001;
10560:001;
10561:002;
10562:001;
10563:002;
10564:001;
10565:002;
10566:001;
10567:002;
10568:001;
10569:002;
10570:001;
10571:002;
10572:001;
10573:002;
10574:001;
10575:002;
10576:001;
10577:002;
10578:001;
10579:002;
10580:001;
10581:002;
10582:001;
10583:000;
10584:001;
10585:001;
10586:001;
10587:001;
10588:001;
10589:001;
10590:001;
10591:001;
10592:001;
10593:001;
10594:001;
10595:001;
10596:001;
10597:001;
10598:001;
10599:001;
10600:000;
10601:002;
10602:001;
10603:002;
10604:001;
10605:002;
10606:001;
10607:002;
10608:001;
10609:002;
10610:001;
10611:002;
10612:001;
10613:002;
10614:001;
10615:002;
10616:001;
10617:002;
10618:001;
10619:002;
10620:001;
10621:002;
10622:001;
10623:002;
10624:002;
10625:001;
10626:002;
10627:001;
10628:002;
10629:001;
10630:002;
10631:001;
10632:002;
10633:001;
10634:002;
10635:001;
10636:002;
10637:001;
10638:002;
10639:001;
10640:002;
10641:001;
10642:002;
10643:001;
10644:002;
10645:001;
10646:002;
10647:000;
10648:001;
10649:001;
10650:002;
10651:001;
10652:001;
10653:001;
10654:002;
10655:001;
10656:001;
10657:001;
10658:002;
10659:001;
10660:001;
10661:001;
10662:002;
10663:001;
10664:000;
10665:001;
10666:002;
10667:001;
10668:002;
10669:001;
10670:002;
10671:001;
10672:002;
10673:001;
10674:002;
10675:001;
10676:002;
10677:001;
10678:002;
10679:001;
10680:002;
10681:001;
10682:002;
10683:001;
10684:002;
10685:001;
10686:002;
10687:001;
10688:001;
10689:002;
10690:001;
10691:002;
10692:001;
10693:002;
10694:001;
10695:002;
10696:001;
10697:002;
10698:001;
10699:002;
10700:001;
10701:002;
10702:001;
10703:002;
10704:001;
10705:002;
10706:001;
10707:002;
10708:001;
10709:002;
10710:001;
10711:000;
10712:001;
10713:001;
10714:001;
10715:001;
10716:001;
10717:001;
10718:001;
10719:001;
10720:001;
10721:001;
10722:001;
10723:001;
10724:001;
10725:001;
10726:001;
10727:001;
10728:000;
10729:002;
10730:001;
10731:002;
10732:001;
10733:002;
10734:001;
10735:002;
10736:001;
10737:002;
10738:001;
10739:002;
10740:001;
10741:002;
10742:001;
10743:002;
10744:001;
10745:002;
10746:001;
10747:002;
10748:001;
10749:002;
10750:001;
10751:002;
10752:002;
10753:002;
10754:002;
10755:001;
10756:002;
10757:002;
10758:002;
10759:001;
10760:002;
10761:002;
10762:002;
10763:001;
10764:002;
10765:002;
10766:002;
10767:001;
10768:002;
10769:002;
10770:002;
10771:001;
10772:002;
10773:002;
10774:002;
10775:000;
10776:002;
10777:001;
10778:002;
10779:001;
10780:002;
10781:001;
10782:002;
10783:001;
10784:002;
10785:001;
10786:002;
10787:001;
10788:002;
10789:001;
10790:002;
10791:001;
10792:000;
10793:002;
10794:002;
10795:001;
10796:002;
10797:002;
10798:002;
10799:001;
10800:002;
10801:002;
10802:002;
10803:001;
10804:002;
10805:002;
10806:002;
10807:001;
10808:002;
10809:002;
10810:002;
10811:001;
10812:002;
10813:002;
10814:002;
10815:001;
10816:001;
10817:002;
10818:001;
10819:002;
10820:001;
10821:002;
10822:001;
10823:002;
10824:001;
10825:002;
10826:001;
10827:002;
10828:001;
10829:002;
10830:001;
10831:002;
10832:001;
10833:002;
10834:001;
10835:002;
10836:001;
10837:002;
10838:001;
10839:000;
10840:001;
10841:001;
10842:001;
10843:001;
10844:001;
10845:001;
10846:001;
10847:001;
10848:001;
10849:001;
10850:001;
10851:001;
10852:001;
10853:001;
10854:001;
10855:001;
10856:000;
10857:002;
10858:001;
10859:002;
10860:001;
10861:002;
10862:001;
10863:002;
10864:001;
10865:002;
10866:001;
10867:002;
10868:001;
10869:002;
10870:001;
10871:002;
10872:001;
10873:002;
10874:001;
10875:002;
10876:001;
10877:002;
10878:001;
10879:002;
10880:002;
10881:001;
10882:002;
10883:001;
10884:002;
10885:001;
10886:002;
10887:001;
10888:002;
10889:001;
10890:002;
10891:001;
10892:002;
10893:001;
10894:002;
10895:001;
10896:002;
10897:001;
10898:002;
10899:001;
10900:002;
10901:001;
10902:002;
10903:000;
10904:001;
10905:001;
10906:002;
10907:001;
10908:001;
10909:001;
10910:002;
10911:001;
10912:001;
10913:001;
10914:002;
10915:001;
10916:001;
10917:001;
10918:002;
10919:001;
10920:000;
10921:001;
10922:002;
10923:001;
10924:002;
10925:001;
10926:002;
10927:001;
10928:002;
10929:001;
10930:002;
10931:001;
10932:002;
10933:001;
10934:002;
10935:001;
10936:002;
10937:001;
10938:002;
10939:001;
10940:002;
10941:001;
10942:002;
10943:001;
10944:001;
10945:002;
10946:001;
10947:002;
10948:001;
10949:002;
10950:001;
10951:002;
10952:001;
10953:002;
10954:001;
10955:002;
10956:001;
10957:002;
10958:001;
10959:002;
10960:001;
10961:002;
10962:001;
10963:002;
10964:001;
10965:002;
10966:001;
10967:000;
10968:001;
10969:001;
10970:001;
10971:001;
10972:001;
10973:001;
10974:001;
10975:001;
10976:001;
10977:001;
10978:001;
10979:001;
10980:001;
10981:001;
10982:001;
10983:001;
10984:000;
10985:002;
10986:001;
10987:002;
10988:001;
10989:002;
10990:001;
10991:002;
10992:001;
10993:002;
10994:001;
10995:002;
10996:001;
10997:002;
10998:001;
10999:002;
11000:001;
11001:002;
11002:001;
11003:002;
11004:001;
11005:002;
11006:001;
11007:002;
11008:002;
11009:002;
11010:002;
11011:001;
11012:002;
11013:002;
11014:002;
11015:001;
11016:002;
11017:002;
11018:002;
11019:001;
11020:002;
11021:002;
11022:002;
11023:001;
11024:002;
11025:002;
11026:002;
11027:001;
11028:002;
11029:002;
11030:002;
11031:000;
11032:002;
11033:001;
11034:001;
11035:001;
11036:002;
11037:001;
11038:001;
11039:001;
11040:002;
11041:001;
11042:001;
11043:001;
11044:002;
11045:001;
11046:001;
11047:001;
11048:000;
11049:002;
11050:002;
11051:001;
11052:002;
11053:002;
11054:002;
11055:001;
11056:002;
11057:002;
11058:002;
11059:001;
11060:002;
11061:002;
11062:002;
11063:001;
11064:002;
11065:002;
11066:002;
11067:001;
11068:002;
11069:002;
11070:002;
11071:001;
11072:001;
11073:002;
11074:001;
11075:002;
11076:001;
11077:002;
11078:001;
11079:002;
11080:001;
11081:002;
11082:001;
11083:002;
11084:001;
11085:002;
11086:001;
11087:002;
11088:001;
11089:002;
11090:001;
11091:002;
11092:001;
11093:002;
11094:001;
11095:000;
11096:001;
11097:001;
11098:001;
11099:001;
11100:001;
11101:001;
11102:001;
11103:001;
11104:001;
11105:001;
11106:001;
11107:001;
11108:001;
11109:001;
11110:001;
11111:001;
11112:000;
11113:002;
11114:001;
11115:002;
11116:001;
11117:002;
11118:001;
11119:002;
11120:001;
11121:002;
11122:001;
11123:002;
11124:001;
11125:002;
11126:001;
11127:002;
11128:001;
11129:002;
11130:001;
11131:002;
11132:001;
11133:002;
11134:001;
11135:002;
11136:002;
11137:001;
11138:002;
11139:002;
11140:002;
11141:001;
11142:002;
11143:002;
11144:002;
11145:001;
11146:002;
11147:002;
11148:002;
11149:001;
11150:002;
11151:002;
11152:002;
11153:001;
11154:002;
11155:002;
11156:002;
11157:001;
11158:002;
11159:000;
11160:001;
11161:001;
11162:002;
11163:001;
11164:001;
11165:001;
11166:002;
11167:001;
11168:001;
11169:001;
11170:002;
11171:001;
11172:001;
11173:001;
11174:002;
11175:001;
11176:000;
11177:001;
11178:002;
11179:002;
11180:002;
11181:001;
11182:002;
11183:002;
11184:002;
11185:001;
11186:002;
11187:002;
11188:002;
11189:001;
11190:002;
11191:002;
11192:002;
11193:001;
11194:002;
11195:002;
11196:002;
11197:001;
11198:002;
11199:002;
11200:001;
11201:002;
11202:001;
11203:002;
11204:001;
11205:002;
11206:001;
11207:002;
11208:001;
11209:002;
11210:001;
11211:002;
11212:001;
11213:002;
11214:001;
11215:002;
11216:001;
11217:002;
11218:001;
11219:002;
11220:001;
11221:002;
11222:001;
11223:000;
11224:001;
11225:001;
11226:001;
11227:001;
11228:001;
11229:001;
11230:001;
11231:001;
11232:001;
11233:001;
11234:001;
11235:001;
11236:001;
11237:001;
11238:001;
11239:001;
11240:000;
11241:002;
11242:001;
11243:002;
11244:001;
11245:002;
11246:001;
11247:002;
11248:001;
11249:002;
11250:001;
11251:002;
11252:001;
11253:002;
11254:001;
11255:002;
11256:001;
11257:002;
11258:001;
11259:002;
11260:001;
11261:002;
11262:001;
11263:002;
11264:002;
11265:002;
11266:002;
11267:001;
11268:002;
11269:002;
11270:002;
11271:001;
11272:002;
11273:002;
11274:002;
11275:001;
11276:002;
11277:002;
11278:002;
11279:001;
11280:002;
11281:002;
11282:002;
11283:001;
11284:002;
11285:002;
11286:002;
11287:000;
11288:002;
11289:001;
11290:001;
11291:001;
11292:002;
11293:001;
11294:001;
11295:001;
11296:002;
11297:001;
11298:001;
11299:001;
11300:002;
11301:001;
11302:001;
11303:001;
11304:000;
11305:002;
11306:002;
11307:001;
11308:002;
11309:002;
11310:002;
11311:001;
11312:002;
11313:002;
11314:002;
11315:001;
11316:002;
11317:002;
11318:002;
11319:001;
11320:002;
11321:002;
11322:002;
11323:001;
11324:002;
11325:002;
11326:002;
11327:001;
11328:001;
11329:002;
11330:001;
11331:002;
11332:001;
11333:002;
11334:001;
11335:002;
11336:001;
11337:002;
11338:001;
11339:002;
11340:001;
11341:002;
11342:001;
11343:002;
11344:001;
11345:002;
11346:001;
11347:002;
11348:001;
11349:002;
11350:001;
11351:000;
11352:001;
11353:001;
11354:001;
11355:001;
11356:001;
11357:001;
11358:001;
11359:001;
11360:001;
11361:001;
11362:001;
11363:001;
11364:001;
11365:001;
11366:001;
11367:001;
11368:000;
11369:002;
11370:001;
11371:002;
11372:001;
11373:002;
11374:001;
11375:002;
11376:001;
11377:002;
11378:001;
11379:002;
11380:001;
11381:002;
11382:001;
11383:002;
11384:001;
11385:002;
11386:001;
11387:002;
11388:001;
11389:002;
11390:001;
11391:002;
11392:002;
11393:001;
11394:002;
11395:002;
11396:002;
11397:001;
11398:002;
11399:002;
11400:002;
11401:001;
11402:002;
11403:002;
11404:002;
11405:001;
11406:002;
11407:002;
11408:002;
11409:001;
11410:002;
11411:002;
11412:002;
11413:001;
11414:002;
11415:000;
11416:001;
11417:001;
11418:002;
11419:001;
11420:001;
11421:001;
11422:002;
11423:001;
11424:001;
11425:001;
11426:002;
11427:001;
11428:001;
11429:001;
11430:002;
11431:001;
11432:000;
11433:001;
11434:002;
11435:002;
11436:002;
11437:001;
11438:002;
11439:002;
11440:002;
11441:001;
11442:002;
11443:002;
11444:002;
11445:001;
11446:002;
11447:002;
11448:002;
11449:001;
11450:002;
11451:002;
11452:002;
11453:001;
11454:002;
11455:002;
11456:001;
11457:002;
11458:001;
11459:002;
11460:001;
11461:002;
11462:001;
11463:002;
11464:001;
11465:002;
11466:001;
11467:002;
11468:001;
11469:002;
11470:001;
11471:002;
11472:001;
11473:002;
11474:001;
11475:002;
11476:001;
11477:002;
11478:001;
11479:000;
11480:001;
11481:001;
11482:001;
11483:001;
11484:001;
11485:001;
11486:001;
11487:001;
11488:001;
11489:001;
11490:001;
11491:001;
11492:001;
11493:001;
11494:001;
11495:001;
11496:000;
11497:002;
11498:001;
11499:002;
11500:001;
11501:002;
11502:001;
11503:002;
11504:001;
11505:002;
11506:001;
11507:002;
11508:001;
11509:002;
11510:001;
11511:002;
11512:001;
11513:002;
11514:001;
11515:002;
11516:001;
11517:002;
11518:001;
11519:002;
11520:002;
11521:002;
11522:002;
11523:002;
11524:002;
11525:002;
11526:002;
11527:002;
11528:002;
11529:002;
11530:002;
11531:002;
11532:002;
11533:002;
11534:002;
11535:002;
11536:002;
11537:002;
11538:002;
11539:002;
11540:002;
11541:002;
11542:002;
11543:000;
11544:002;
11545:001;
11546:001;
11547:001;
11548:002;
11549:001;
11550:001;
11551:001;
11552:002;
11553:001;
11554:001;
11555:001;
11556:002;
11557:001;
11558:001;
11559:001;
11560:000;
11561:002;
11562:002;
11563:002;
11564:002;
11565:002;
11566:002;
11567:002;
11568:002;
11569:002;
11570:002;
11571:002;
11572:002;
11573:002;
11574:002;
11575:002;
11576:002;
11577:002;
11578:002;
11579:002;
11580:002;
11581:002;
11582:002;
11583:002;
11584:001;
11585:002;
11586:001;
11587:002;
11588:001;
11589:002;
11590:001;
11591:002;
11592:001;
11593:002;
11594:001;
11595:002;
11596:001;
11597:002;
11598:001;
11599:002;
11600:001;
11601:002;
11602:001;
11603:002;
11604:001;
11605:002;
11606:001;
11607:000;
11608:001;
11609:001;
11610:001;
11611:001;
11612:001;
11613:001;
11614:001;
11615:001;
11616:001;
11617:001;
11618:001;
11619:001;
11620:001;
11621:001;
11622:001;
11623:001;
11624:000;
11625:002;
11626:001;
11627:002;
11628:001;
11629:002;
11630:001;
11631:002;
11632:001;
11633:002;
11634:001;
11635:002;
11636:001;
11637:002;
11638:001;
11639:002;
11640:001;
11641:002;
11642:001;
11643:002;
11644:001;
11645:002;
11646:001;
11647:002;
11648:002;
11649:001;
11650:002;
11651:002;
11652:002;
11653:001;
11654:002;
11655:002;
11656:002;
11657:001;
11658:002;
11659:002;
11660:002;
11661:001;
11662:002;
11663:002;
11664:002;
11665:001;
11666:002;
11667:002;
11668:002;
11669:001;
11670:002;
11671:000;
11672:001;
11673:001;
11674:001;
11675:001;
11676:001;
11677:001;
11678:001;
11679:001;
11680:001;
11681:001;
11682:001;
11683:001;
11684:001;
11685:001;
11686:001;
11687:001;
11688:000;
11689:001;
11690:002;
11691:002;
11692:002;
11693:001;
11694:002;
11695:002;
11696:002;
11697:001;
11698:002;
11699:002;
11700:002;
11701:001;
11702:002;
11703:002;
11704:002;
11705:001;
11706:002;
11707:002;
11708:002;
11709:001;
11710:002;
11711:002;
11712:001;
11713:002;
11714:001;
11715:002;
11716:001;
11717:002;
11718:001;
11719:002;
11720:001;
11721:002;
11722:001;
11723:002;
11724:001;
11725:002;
11726:001;
11727:002;
11728:001;
11729:002;
11730:001;
11731:002;
11732:001;
11733:002;
11734:001;
11735:000;
11736:001;
11737:001;
11738:001;
11739:001;
11740:001;
11741:001;
11742:001;
11743:001;
11744:001;
11745:001;
11746:001;
11747:001;
11748:001;
11749:001;
11750:001;
11751:001;
11752:000;
11753:002;
11754:001;
11755:002;
11756:001;
11757:002;
11758:001;
11759:002;
11760:001;
11761:002;
11762:001;
11763:002;
11764:001;
11765:002;
11766:001;
11767:002;
11768:001;
11769:002;
11770:001;
11771:002;
11772:001;
11773:002;
11774:001;
11775:002;
11776:002;
11777:002;
11778:002;
11779:002;
11780:002;
11781:002;
11782:002;
11783:002;
11784:002;
11785:002;
11786:002;
11787:002;
11788:002;
11789:002;
11790:002;
11791:002;
11792:002;
11793:002;
11794:002;
11795:002;
11796:002;
11797:002;
11798:002;
11799:000;
11800:002;
11801:001;
11802:001;
11803:001;
11804:002;
11805:001;
11806:001;
11807:001;
11808:002;
11809:001;
11810:001;
11811:001;
11812:002;
11813:001;
11814:001;
11815:001;
11816:000;
11817:002;
11818:002;
11819:002;
11820:002;
11821:002;
11822:002;
11823:002;
11824:002;
11825:002;
11826:002;
11827:002;
11828:002;
11829:002;
11830:002;
11831:002;
11832:002;
11833:002;
11834:002;
11835:002;
11836:002;
11837:002;
11838:002;
11839:002;
11840:001;
11841:002;
11842:001;
11843:002;
11844:001;
11845:002;
11846:001;
11847:002;
11848:001;
11849:002;
11850:001;
11851:002;
11852:001;
11853:002;
11854:001;
11855:002;
11856:001;
11857:002;
11858:001;
11859:002;
11860:001;
11861:002;
11862:001;
11863:000;
11864:001;
11865:001;
11866:001;
11867:001;
11868:001;
11869:001;
11870:001;
11871:001;
11872:001;
11873:001;
11874:001;
11875:001;
11876:001;
11877:001;
11878:001;
11879:001;
11880:000;
11881:002;
11882:001;
11883:002;
11884:001;
11885:002;
11886:001;
11887:002;
11888:001;
11889:002;
11890:001;
11891:002;
11892:001;
11893:002;
11894:001;
11895:002;
11896:001;
11897:002;
11898:001;
11899:002;
11900:001;
11901:002;
11902:001;
11903:002;
11904:002;
11905:002;
11906:002;
11907:002;
11908:002;
11909:002;
11910:002;
11911:002;
11912:002;
11913:002;
11914:002;
11915:002;
11916:002;
11917:002;
11918:002;
11919:002;
11920:002;
11921:002;
11922:002;
11923:002;
11924:002;
11925:002;
11926:002;
11927:000;
11928:001;
11929:001;
11930:001;
11931:001;
11932:001;
11933:001;
11934:001;
11935:001;
11936:001;
11937:001;
11938:001;
11939:001;
11940:001;
11941:001;
11942:001;
11943:001;
11944:000;
11945:002;
11946:002;
11947:002;
11948:002;
11949:002;
11950:002;
11951:002;
11952:002;
11953:002;
11954:002;
11955:002;
11956:002;
11957:002;
11958:002;
11959:002;
11960:002;
11961:002;
11962:002;
11963:002;
11964:002;
11965:002;
11966:002;
11967:002;
11968:001;
11969:002;
11970:001;
11971:002;
11972:001;
11973:002;
11974:001;
11975:002;
11976:001;
11977:002;
11978:001;
11979:002;
11980:001;
11981:002;
11982:001;
11983:002;
11984:001;
11985:002;
11986:001;
11987:002;
11988:001;
11989:002;
11990:001;
11991:000;
11992:001;
11993:001;
11994:001;
11995:001;
11996:001;
11997:001;
11998:001;
11999:001;
12000:001;
12001:001;
12002:001;
12003:001;
12004:001;
12005:001;
12006:001;
12007:001;
12008:000;
12009:002;
12010:001;
12011:002;
12012:001;
12013:002;
12014:001;
12015:002;
12016:001;
12017:002;
12018:001;
12019:002;
12020:001;
12021:002;
12022:001;
12023:002;
12024:001;
12025:002;
12026:001;
12027:002;
12028:001;
12029:002;
12030:001;
12031:002;
12032:002;
12033:002;
12034:002;
12035:002;
12036:002;
12037:002;
12038:002;
12039:002;
12040:002;
12041:002;
12042:002;
12043:002;
12044:002;
12045:002;
12046:002;
12047:002;
12048:002;
12049:002;
12050:002;
12051:002;
12052:002;
12053:002;
12054:002;
12055:000;
12056:001;
12057:001;
12058:001;
12059:001;
12060:001;
12061:001;
12062:001;
12063:001;
12064:001;
12065:001;
12066:001;
12067:001;
12068:001;
12069:001;
12070:001;
12071:001;
12072:000;
12073:002;
12074:002;
12075:002;
12076:002;
12077:002;
12078:002;
12079:002;
12080:002;
12081:002;
12082:002;
12083:002;
12084:002;
12085:002;
12086:002;
12087:002;
12088:002;
12089:002;
12090:002;
12091:002;
12092:002;
12093:002;
12094:002;
12095:002;
12096:001;
12097:002;
12098:001;
12099:002;
12100:001;
12101:002;
12102:001;
12103:002;
12104:001;
12105:002;
12106:001;
12107:002;
12108:001;
12109:002;
12110:001;
12111:002;
12112:001;
12113:002;
12114:001;
12115:002;
12116:001;
12117:002;
12118:001;
12119:000;
12120:001;
12121:001;
12122:001;
12123:001;
12124:001;
12125:001;
12126:001;
12127:001;
12128:001;
12129:001;
12130:001;
12131:001;
12132:001;
12133:001;
12134:001;
12135:001;
12136:000;
12137:002;
12138:001;
12139:002;
12140:001;
12141:002;
12142:001;
12143:002;
12144:001;
12145:002;
12146:001;
12147:002;
12148:001;
12149:002;
12150:001;
12151:002;
12152:001;
12153:002;
12154:001;
12155:002;
12156:001;
12157:002;
12158:001;
12159:002;
12160:002;
12161:002;
12162:002;
12163:002;
12164:002;
12165:002;
12166:002;
12167:002;
12168:002;
12169:002;
12170:002;
12171:002;
12172:002;
12173:002;
12174:002;
12175:002;
12176:002;
12177:002;
12178:002;
12179:002;
12180:002;
12181:002;
12182:002;
12183:000;
12184:001;
12185:001;
12186:001;
12187:001;
12188:001;
12189:001;
12190:001;
12191:001;
12192:001;
12193:001;
12194:001;
12195:001;
12196:001;
12197:001;
12198:001;
12199:001;
12200:000;
12201:002;
12202:002;
12203:002;
12204:002;
12205:002;
12206:002;
12207:002;
12208:002;
12209:002;
12210:002;
12211:002;
12212:002;
12213:002;
12214:002;
12215:002;
12216:002;
12217:002;
12218:002;
12219:002;
12220:002;
12221:002;
12222:002;
12223:002;
12224:001;
12225:002;
12226:001;
12227:002;
12228:001;
12229:002;
12230:001;
12231:002;
12232:001;
12233:002;
12234:001;
12235:002;
12236:001;
12237:002;
12238:001;
12239:002;
12240:001;
12241:002;
12242:001;
12243:002;
12244:001;
12245:002;
12246:001;
12247:000;
12248:001;
12249:001;
12250:001;
12251:001;
12252:001;
12253:001;
12254:001;
12255:001;
12256:001;
12257:001;
12258:001;
12259:001;
12260:001;
12261:001;
12262:001;
12263:001;
12264:000;
12265:002;
12266:001;
12267:002;
12268:001;
12269:002;
12270:001;
12271:002;
12272:001;
12273:002;
12274:001;
12275:002;
12276:001;
12277:002;
12278:001;
12279:002;
12280:001;
12281:002;
12282:001;
12283:002;
12284:001;
12285:002;
12286:001;
12287:002;
12288:002;
12289:002;
12290:002;
12291:002;
12292:002;
12293:002;
12294:002;
12295:002;
12296:002;
12297:002;
12298:002;
12299:002;
12300:002;
12301:002;
12302:002;
12303:002;
12304:002;
12305:002;
12306:002;
12307:002;
12308:002;
12309:002;
12310:002;
12311:000;
12312:001;
12313:001;
12314:001;
12315:001;
12316:001;
12317:001;
12318:001;
12319:001;
12320:001;
12321:001;
12322:001;
12323:001;
12324:001;
12325:001;
12326:001;
12327:001;
12328:000;
12329:002;
12330:002;
12331:002;
12332:002;
12333:002;
12334:002;
12335:002;
12336:002;
12337:002;
12338:002;
12339:002;
12340:002;
12341:002;
12342:002;
12343:002;
12344:002;
12345:002;
12346:002;
12347:002;
12348:002;
12349:002;
12350:002;
12351:002;
12352:002;
12353:002;
12354:001;
12355:002;
12356:002;
12357:002;
12358:001;
12359:002;
12360:002;
12361:002;
12362:001;
12363:002;
12364:002;
12365:002;
12366:001;
12367:002;
12368:002;
12369:002;
12370:001;
12371:002;
12372:002;
12373:002;
12374:001;
12375:000;
12376:001;
12377:001;
12378:001;
12379:001;
12380:001;
12381:001;
12382:001;
12383:001;
12384:001;
12385:001;
12386:001;
12387:001;
12388:001;
12389:001;
12390:001;
12391:001;
12392:000;
12393:002;
12394:001;
12395:002;
12396:002;
12397:002;
12398:001;
12399:002;
12400:002;
12401:002;
12402:001;
12403:002;
12404:002;
12405:002;
12406:001;
12407:002;
12408:002;
12409:002;
12410:001;
12411:002;
12412:002;
12413:002;
12414:001;
12415:002;
12416:002;
12417:002;
12418:002;
12419:002;
12420:002;
12421:002;
12422:002;
12423:002;
12424:002;
12425:002;
12426:002;
12427:002;
12428:002;
12429:002;
12430:002;
12431:002;
12432:002;
12433:002;
12434:002;
12435:002;
12436:002;
12437:002;
12438:002;
12439:000;
12440:001;
12441:001;
12442:001;
12443:001;
12444:001;
12445:001;
12446:001;
12447:001;
12448:001;
12449:001;
12450:001;
12451:001;
12452:001;
12453:001;
12454:001;
12455:001;
12456:000;
12457:002;
12458:002;
12459:002;
12460:002;
12461:002;
12462:002;
12463:002;
12464:002;
12465:002;
12466:002;
12467:002;
12468:002;
12469:002;
12470:002;
12471:002;
12472:002;
12473:002;
12474:002;
12475:002;
12476:002;
12477:002;
12478:002;
12479:002;
12480:001;
12481:002;
12482:001;
12483:002;
12484:001;
12485:002;
12486:001;
12487:002;
12488:001;
12489:002;
12490:001;
12491:002;
12492:001;
12493:002;
12494:001;
12495:002;
12496:001;
12497:002;
12498:001;
12499:002;
12500:001;
12501:002;
12502:001;
12503:000;
12504:001;
12505:001;
12506:001;
12507:001;
12508:001;
12509:001;
12510:001;
12511:001;
12512:001;
12513:001;
12514:001;
12515:001;
12516:001;
12517:001;
12518:001;
12519:001;
12520:000;
12521:002;
12522:001;
12523:002;
12524:001;
12525:002;
12526:001;
12527:002;
12528:001;
12529:002;
12530:001;
12531:002;
12532:001;
12533:002;
12534:001;
12535:002;
12536:001;
12537:002;
12538:001;
12539:002;
12540:001;
12541:002;
12542:001;
12543:002;
12544:002;
12545:002;
12546:002;
12547:002;
12548:002;
12549:002;
12550:002;
12551:002;
12552:002;
12553:002;
12554:002;
12555:002;
12556:002;
12557:002;
12558:002;
12559:002;
12560:002;
12561:002;
12562:002;
12563:002;
12564:002;
12565:002;
12566:002;
12567:000;
12568:001;
12569:001;
12570:001;
12571:001;
12572:001;
12573:001;
12574:001;
12575:001;
12576:001;
12577:001;
12578:001;
12579:001;
12580:001;
12581:001;
12582:001;
12583:001;
12584:000;
12585:002;
12586:002;
12587:002;
12588:002;
12589:002;
12590:002;
12591:002;
12592:002;
12593:002;
12594:002;
12595:002;
12596:002;
12597:002;
12598:002;
12599:002;
12600:002;
12601:002;
12602:002;
12603:002;
12604:002;
12605:002;
12606:002;
12607:002;
12608:002;
12609:002;
12610:001;
12611:002;
12612:002;
12613:002;
12614:001;
12615:002;
12616:002;
12617:002;
12618:001;
12619:002;
12620:002;
12621:002;
12622:001;
12623:002;
12624:002;
12625:002;
12626:001;
12627:002;
12628:002;
12629:002;
12630:001;
12631:000;
12632:001;
12633:001;
12634:001;
12635:001;
12636:001;
12637:001;
12638:001;
12639:001;
12640:001;
12641:001;
12642:001;
12643:001;
12644:001;
12645:001;
12646:001;
12647:001;
12648:000;
12649:002;
12650:001;
12651:002;
12652:002;
12653:002;
12654:001;
12655:002;
12656:002;
12657:002;
12658:001;
12659:002;
12660:002;
12661:002;
12662:001;
12663:002;
12664:002;
12665:002;
12666:001;
12667:002;
12668:002;
12669:002;
12670:001;
12671:002;
12672:002;
12673:002;
12674:002;
12675:002;
12676:002;
12677:002;
12678:002;
12679:002;
12680:002;
12681:002;
12682:002;
12683:002;
12684:002;
12685:002;
12686:002;
12687:002;
12688:002;
12689:002;
12690:002;
12691:002;
12692:002;
12693:002;
12694:000;
12695:001;
12696:001;
12697:001;
12698:001;
12699:001;
12700:001;
12701:001;
12702:001;
12703:001;
12704:001;
12705:001;
12706:001;
12707:001;
12708:001;
12709:001;
12710:001;
12711:001;
12712:001;
12713:000;
12714:002;
12715:002;
12716:002;
12717:002;
12718:002;
12719:002;
12720:002;
12721:002;
12722:002;
12723:002;
12724:002;
12725:002;
12726:002;
12727:002;
12728:002;
12729:002;
12730:002;
12731:002;
12732:002;
12733:002;
12734:002;
12735:002;
12736:001;
12737:002;
12738:002;
12739:002;
12740:001;
12741:002;
12742:002;
12743:002;
12744:001;
12745:002;
12746:002;
12747:002;
12748:001;
12749:002;
12750:002;
12751:002;
12752:001;
12753:002;
12754:002;
12755:002;
12756:001;
12757:000;
12758:001;
12759:001;
12760:001;
12761:001;
12762:001;
12763:001;
12764:001;
12765:001;
12766:001;
12767:001;
12768:001;
12769:001;
12770:001;
12771:001;
12772:001;
12773:001;
12774:001;
12775:001;
12776:001;
12777:001;
12778:000;
12779:002;
12780:001;
12781:002;
12782:002;
12783:002;
12784:001;
12785:002;
12786:002;
12787:002;
12788:001;
12789:002;
12790:002;
12791:002;
12792:001;
12793:002;
12794:002;
12795:002;
12796:001;
12797:002;
12798:002;
12799:002;
12800:002;
12801:002;
12802:002;
12803:002;
12804:002;
12805:002;
12806:002;
12807:002;
12808:002;
12809:002;
12810:002;
12811:002;
12812:002;
12813:002;
12814:002;
12815:002;
12816:002;
12817:002;
12818:002;
12819:002;
12820:000;
12821:001;
12822:001;
12823:001;
12824:001;
12825:001;
12826:001;
12827:001;
12828:001;
12829:001;
12830:001;
12831:001;
12832:001;
12833:001;
12834:001;
12835:001;
12836:001;
12837:001;
12838:001;
12839:001;
12840:001;
12841:001;
12842:001;
12843:000;
12844:002;
12845:002;
12846:002;
12847:002;
12848:002;
12849:002;
12850:002;
12851:002;
12852:002;
12853:002;
12854:002;
12855:002;
12856:002;
12857:002;
12858:002;
12859:002;
12860:002;
12861:002;
12862:002;
12863:002;
12864:002;
12865:002;
12866:002;
12867:002;
12868:002;
12869:002;
12870:002;
12871:002;
12872:002;
12873:002;
12874:002;
12875:002;
12876:002;
12877:002;
12878:002;
12879:002;
12880:002;
12881:002;
12882:002;
12883:000;
12884:001;
12885:001;
12886:001;
12887:001;
12888:001;
12889:001;
12890:001;
12891:001;
12892:001;
12893:001;
12894:001;
12895:001;
12896:001;
12897:001;
12898:001;
12899:001;
12900:001;
12901:001;
12902:001;
12903:001;
12904:001;
12905:001;
12906:001;
12907:001;
12908:000;
12909:002;
12910:002;
12911:002;
12912:002;
12913:002;
12914:002;
12915:002;
12916:002;
12917:002;
12918:002;
12919:002;
12920:002;
12921:002;
12922:002;
12923:002;
12924:002;
12925:002;
12926:002;
12927:002;
12928:002;
12929:002;
12930:002;
12931:002;
12932:002;
12933:002;
12934:002;
12935:002;
12936:002;
12937:002;
12938:002;
12939:002;
12940:002;
12941:002;
12942:002;
12943:002;
12944:002;
12945:002;
12946:000;
12947:001;
12948:001;
12949:001;
12950:001;
12951:001;
12952:001;
12953:001;
12954:001;
12955:001;
12956:001;
12957:001;
12958:001;
12959:001;
12960:001;
12961:001;
12962:001;
12963:001;
12964:001;
12965:001;
12966:001;
12967:001;
12968:001;
12969:001;
12970:001;
12971:001;
12972:001;
12973:000;
12974:002;
12975:002;
12976:002;
12977:002;
12978:002;
12979:002;
12980:002;
12981:002;
12982:002;
12983:002;
12984:002;
12985:002;
12986:002;
12987:002;
12988:002;
12989:002;
12990:002;
12991:002;
12992:001;
12993:002;
12994:002;
12995:002;
12996:001;
12997:002;
12998:002;
12999:002;
13000:001;
13001:002;
13002:002;
13003:002;
13004:001;
13005:002;
13006:002;
13007:002;
13008:001;
13009:000;
13010:001;
13011:001;
13012:001;
13013:001;
13014:001;
13015:001;
13016:001;
13017:001;
13018:001;
13019:001;
13020:001;
13021:001;
13022:001;
13023:001;
13024:001;
13025:001;
13026:001;
13027:001;
13028:001;
13029:001;
13030:001;
13031:001;
13032:001;
13033:001;
13034:001;
13035:001;
13036:001;
13037:001;
13038:000;
13039:002;
13040:001;
13041:002;
13042:002;
13043:002;
13044:001;
13045:002;
13046:002;
13047:002;
13048:001;
13049:002;
13050:002;
13051:002;
13052:001;
13053:002;
13054:002;
13055:002;
13056:002;
13057:002;
13058:002;
13059:002;
13060:002;
13061:002;
13062:002;
13063:002;
13064:002;
13065:002;
13066:002;
13067:002;
13068:002;
13069:002;
13070:002;
13071:002;
13072:000;
13073:001;
13074:001;
13075:001;
13076:001;
13077:001;
13078:001;
13079:001;
13080:001;
13081:001;
13082:001;
13083:001;
13084:001;
13085:001;
13086:001;
13087:001;
13088:001;
13089:001;
13090:001;
13091:001;
13092:001;
13093:001;
13094:001;
13095:001;
13096:001;
13097:001;
13098:001;
13099:001;
13100:001;
13101:001;
13102:001;
13103:000;
13104:002;
13105:002;
13106:002;
13107:002;
13108:002;
13109:002;
13110:002;
13111:002;
13112:002;
13113:002;
13114:002;
13115:002;
13116:002;
13117:002;
13118:002;
13119:002;
13120:002;
13121:002;
13122:002;
13123:002;
13124:002;
13125:002;
13126:002;
13127:002;
13128:002;
13129:002;
13130:002;
13131:002;
13132:002;
13133:002;
13134:002;
13135:000;
13136:001;
13137:001;
13138:001;
13139:001;
13140:001;
13141:001;
13142:001;
13143:001;
13144:001;
13145:001;
13146:001;
13147:001;
13148:001;
13149:001;
13150:001;
13151:001;
13152:001;
13153:001;
13154:001;
13155:001;
13156:001;
13157:001;
13158:001;
13159:001;
13160:001;
13161:001;
13162:001;
13163:001;
13164:001;
13165:001;
13166:001;
13167:001;
13168:000;
13169:002;
13170:002;
13171:002;
13172:002;
13173:002;
13174:002;
13175:002;
13176:002;
13177:002;
13178:002;
13179:002;
13180:002;
13181:002;
13182:002;
13183:002;
13184:002;
13185:002;
13186:002;
13187:002;
13188:002;
13189:002;
13190:002;
13191:002;
13192:002;
13193:002;
13194:002;
13195:002;
13196:002;
13197:002;
13198:000;
13199:001;
13200:001;
13201:001;
13202:001;
13203:001;
13204:001;
13205:001;
13206:001;
13207:001;
13208:001;
13209:001;
13210:001;
13211:001;
13212:001;
13213:001;
13214:001;
13215:001;
13216:001;
13217:001;
13218:001;
13219:001;
13220:001;
13221:001;
13222:001;
13223:001;
13224:001;
13225:001;
13226:001;
13227:001;
13228:001;
13229:001;
13230:001;
13231:001;
13232:001;
13233:000;
13234:002;
13235:002;
13236:002;
13237:002;
13238:002;
13239:002;
13240:002;
13241:002;
13242:002;
13243:002;
13244:002;
13245:002;
13246:002;
13247:002;
13248:002;
13249:002;
13250:002;
13251:002;
13252:002;
13253:002;
13254:002;
13255:002;
13256:002;
13257:002;
13258:002;
13259:002;
13260:002;
13261:000;
13262:001;
13263:001;
13264:001;
13265:001;
13266:001;
13267:001;
13268:001;
13269:001;
13270:001;
13271:001;
13272:001;
13273:001;
13274:001;
13275:001;
13276:001;
13277:001;
13278:001;
13279:001;
13280:001;
13281:001;
13282:001;
13283:001;
13284:001;
13285:001;
13286:001;
13287:001;
13288:001;
13289:001;
13290:001;
13291:001;
13292:001;
13293:001;
13294:001;
13295:001;
13296:001;
13297:001;
13298:000;
13299:002;
13300:002;
13301:002;
13302:002;
13303:002;
13304:002;
13305:002;
13306:002;
13307:002;
13308:002;
13309:002;
13310:002;
13311:002;
13312:002;
13313:002;
13314:002;
13315:002;
13316:002;
13317:002;
13318:002;
13319:002;
13320:002;
13321:002;
13322:002;
13323:002;
13324:000;
13325:001;
13326:001;
13327:001;
13328:001;
13329:001;
13330:001;
13331:001;
13332:001;
13333:001;
13334:001;
13335:001;
13336:001;
13337:001;
13338:001;
13339:001;
13340:001;
13341:001;
13342:001;
13343:001;
13344:001;
13345:001;
13346:001;
13347:001;
13348:001;
13349:001;
13350:001;
13351:001;
13352:001;
13353:001;
13354:001;
13355:001;
13356:001;
13357:001;
13358:001;
13359:001;
13360:001;
13361:001;
13362:001;
13363:000;
13364:002;
13365:002;
13366:002;
13367:002;
13368:002;
13369:002;
13370:002;
13371:002;
13372:002;
13373:002;
13374:002;
13375:002;
13376:002;
13377:002;
13378:002;
13379:002;
13380:002;
13381:002;
13382:002;
13383:002;
13384:002;
13385:002;
13386:002;
13387:000;
13388:001;
13389:001;
13390:001;
13391:001;
13392:001;
13393:001;
13394:001;
13395:001;
13396:001;
13397:001;
13398:001;
13399:001;
13400:001;
13401:001;
13402:001;
13403:001;
13404:001;
13405:001;
13406:001;
13407:001;
13408:001;
13409:001;
13410:001;
13411:001;
13412:001;
13413:001;
13414:001;
13415:001;
13416:001;
13417:001;
13418:001;
13419:001;
13420:001;
13421:001;
13422:001;
13423:001;
13424:001;
13425:001;
13426:001;
13427:001;
13428:000;
13429:002;
13430:002;
13431:002;
13432:002;
13433:002;
13434:002;
13435:002;
13436:002;
13437:002;
13438:002;
13439:002;
13440:002;
13441:002;
13442:002;
13443:002;
13444:002;
13445:002;
13446:002;
13447:002;
13448:002;
13449:002;
13450:000;
13451:001;
13452:001;
13453:001;
13454:001;
13455:001;
13456:001;
13457:001;
13458:001;
13459:001;
13460:001;
13461:001;
13462:001;
13463:001;
13464:001;
13465:001;
13466:001;
13467:001;
13468:001;
13469:001;
13470:001;
13471:001;
13472:001;
13473:001;
13474:001;
13475:001;
13476:001;
13477:001;
13478:001;
13479:001;
13480:001;
13481:001;
13482:001;
13483:001;
13484:001;
13485:001;
13486:001;
13487:001;
13488:001;
13489:001;
13490:001;
13491:001;
13492:001;
13493:000;
13494:002;
13495:002;
13496:002;
13497:002;
13498:002;
13499:002;
13500:002;
13501:002;
13502:002;
13503:002;
13504:002;
13505:002;
13506:002;
13507:002;
13508:002;
13509:002;
13510:002;
13511:002;
13512:002;
13513:000;
13514:001;
13515:001;
13516:001;
13517:001;
13518:001;
13519:001;
13520:001;
13521:001;
13522:001;
13523:001;
13524:001;
13525:001;
13526:001;
13527:001;
13528:001;
13529:001;
13530:001;
13531:001;
13532:001;
13533:001;
13534:001;
13535:001;
13536:001;
13537:001;
13538:001;
13539:001;
13540:001;
13541:001;
13542:001;
13543:001;
13544:001;
13545:001;
13546:001;
13547:001;
13548:001;
13549:001;
13550:001;
13551:001;
13552:001;
13553:001;
13554:001;
13555:001;
13556:001;
13557:001;
13558:000;
13559:002;
13560:002;
13561:002;
13562:002;
13563:002;
13564:002;
13565:002;
13566:002;
13567:002;
13568:002;
13569:002;
13570:002;
13571:002;
13572:002;
13573:002;
13574:002;
13575:002;
13576:000;
13577:001;
13578:001;
13579:001;
13580:001;
13581:001;
13582:001;
13583:001;
13584:001;
13585:001;
13586:001;
13587:001;
13588:001;
13589:001;
13590:001;
13591:001;
13592:001;
13593:001;
13594:001;
13595:001;
13596:001;
13597:001;
13598:001;
13599:001;
13600:001;
13601:001;
13602:001;
13603:001;
13604:001;
13605:001;
13606:001;
13607:001;
13608:001;
13609:001;
13610:001;
13611:001;
13612:001;
13613:001;
13614:001;
13615:001;
13616:001;
13617:001;
13618:001;
13619:001;
13620:001;
13621:001;
13622:001;
13623:000;
13624:002;
13625:002;
13626:002;
13627:002;
13628:002;
13629:002;
13630:002;
13631:002;
13632:000;
13633:000;
13634:000;
13635:000;
13636:000;
13637:000;
13638:000;
13639:000;
13640:001;
13641:001;
13642:001;
13643:001;
13644:001;
13645:001;
13646:001;
13647:001;
13648:001;
13649:001;
13650:001;
13651:001;
13652:001;
13653:001;
13654:001;
13655:001;
13656:001;
13657:001;
13658:001;
13659:001;
13660:001;
13661:001;
13662:001;
13663:001;
13664:001;
13665:001;
13666:001;
13667:001;
13668:001;
13669:001;
13670:001;
13671:001;
13672:001;
13673:001;
13674:001;
13675:001;
13676:001;
13677:001;
13678:001;
13679:001;
13680:001;
13681:001;
13682:001;
13683:001;
13684:001;
13685:001;
13686:001;
13687:001;
13688:000;
13689:000;
13690:000;
13691:000;
13692:000;
13693:000;
13694:000;
13695:000;
13696:001;
13697:001;
13698:001;
13699:001;
13700:001;
13701:001;
13702:001;
13703:001;
13704:001;
13705:001;
13706:001;
13707:001;
13708:001;
13709:001;
13710:001;
13711:001;
13712:001;
13713:001;
13714:001;
13715:001;
13716:001;
13717:001;
13718:001;
13719:001;
13720:001;
13721:001;
13722:001;
13723:001;
13724:001;
13725:001;
13726:001;
13727:001;
13728:001;
13729:001;
13730:001;
13731:001;
13732:001;
13733:001;
13734:001;
13735:001;
13736:001;
13737:001;
13738:001;
13739:001;
13740:001;
13741:001;
13742:001;
13743:001;
13744:001;
13745:001;
13746:001;
13747:001;
13748:001;
13749:001;
13750:001;
13751:001;
13752:001;
13753:001;
13754:001;
13755:001;
13756:001;
13757:001;
13758:001;
13759:001;
13760:001;
13761:001;
13762:001;
13763:001;
13764:001;
13765:001;
13766:001;
13767:001;
13768:001;
13769:001;
13770:001;
13771:001;
13772:001;
13773:001;
13774:001;
13775:001;
13776:001;
13777:001;
13778:001;
13779:001;
13780:001;
13781:001;
13782:001;
13783:001;
13784:001;
13785:001;
13786:001;
13787:001;
13788:001;
13789:001;
13790:001;
13791:001;
13792:001;
13793:001;
13794:001;
13795:001;
13796:001;
13797:001;
13798:001;
13799:001;
13800:001;
13801:001;
13802:001;
13803:001;
13804:001;
13805:001;
13806:001;
13807:001;
13808:001;
13809:001;
13810:001;
13811:001;
13812:001;
13813:001;
13814:001;
13815:001;
13816:001;
13817:001;
13818:001;
13819:001;
13820:001;
13821:001;
13822:001;
13823:001;
13824:001;
13825:001;
13826:001;
13827:001;
13828:001;
13829:001;
13830:001;
13831:001;
13832:001;
13833:001;
13834:001;
13835:001;
13836:001;
13837:001;
13838:001;
13839:001;
13840:001;
13841:001;
13842:001;
13843:001;
13844:001;
13845:001;
13846:001;
13847:001;
13848:001;
13849:001;
13850:001;
13851:001;
13852:001;
13853:001;
13854:001;
13855:001;
13856:001;
13857:001;
13858:001;
13859:001;
13860:001;
13861:001;
13862:001;
13863:001;
13864:001;
13865:001;
13866:001;
13867:001;
13868:001;
13869:001;
13870:001;
13871:001;
13872:001;
13873:001;
13874:001;
13875:001;
13876:001;
13877:001;
13878:001;
13879:001;
13880:001;
13881:001;
13882:001;
13883:001;
13884:001;
13885:001;
13886:001;
13887:001;
13888:001;
13889:001;
13890:001;
13891:001;
13892:001;
13893:001;
13894:001;
13895:001;
13896:001;
13897:001;
13898:001;
13899:001;
13900:001;
13901:001;
13902:001;
13903:001;
13904:001;
13905:001;
13906:001;
13907:001;
13908:001;
13909:001;
13910:001;
13911:001;
13912:001;
13913:001;
13914:001;
13915:001;
13916:001;
13917:001;
13918:001;
13919:001;
13920:001;
13921:001;
13922:001;
13923:001;
13924:001;
13925:001;
13926:001;
13927:001;
13928:001;
13929:001;
13930:001;
13931:001;
13932:001;
13933:001;
13934:001;
13935:001;
13936:001;
13937:001;
13938:001;
13939:001;
13940:001;
13941:001;
13942:001;
13943:001;
13944:001;
13945:001;
13946:001;
13947:001;
13948:001;
13949:001;
13950:001;
13951:001;
13952:001;
13953:001;
13954:001;
13955:001;
13956:001;
13957:001;
13958:001;
13959:001;
13960:001;
13961:001;
13962:001;
13963:001;
13964:001;
13965:001;
13966:001;
13967:001;
13968:001;
13969:001;
13970:001;
13971:001;
13972:001;
13973:001;
13974:001;
13975:001;
13976:001;
13977:001;
13978:001;
13979:001;
13980:001;
13981:001;
13982:001;
13983:001;
13984:001;
13985:001;
13986:001;
13987:001;
13988:001;
13989:001;
13990:001;
13991:001;
13992:001;
13993:001;
13994:001;
13995:001;
13996:001;
13997:001;
13998:001;
13999:001;
14000:001;
14001:001;
14002:001;
14003:001;
14004:001;
14005:001;
14006:001;
14007:001;
14008:001;
14009:001;
14010:001;
14011:001;
14012:001;
14013:001;
14014:001;
14015:001;
14016:001;
14017:001;
14018:001;
14019:001;
14020:001;
14021:001;
14022:001;
14023:001;
14024:001;
14025:001;
14026:001;
14027:001;
14028:001;
14029:001;
14030:001;
14031:001;
14032:001;
14033:001;
14034:001;
14035:001;
14036:001;
14037:001;
14038:001;
14039:001;
14040:001;
14041:001;
14042:001;
14043:001;
14044:001;
14045:001;
14046:001;
14047:001;
14048:001;
14049:001;
14050:001;
14051:001;
14052:001;
14053:001;
14054:001;
14055:001;
14056:001;
14057:001;
14058:001;
14059:001;
14060:001;
14061:001;
14062:001;
14063:001;
14064:001;
14065:001;
14066:001;
14067:001;
14068:001;
14069:001;
14070:001;
14071:001;
14072:001;
14073:001;
14074:001;
14075:001;
14076:001;
14077:001;
14078:001;
14079:001;
14080:001;
14081:001;
14082:001;
14083:001;
14084:001;
14085:001;
14086:001;
14087:001;
14088:001;
14089:001;
14090:001;
14091:001;
14092:001;
14093:001;
14094:001;
14095:001;
14096:001;
14097:001;
14098:001;
14099:001;
14100:001;
14101:001;
14102:001;
14103:001;
14104:001;
14105:001;
14106:001;
14107:001;
14108:001;
14109:001;
14110:001;
14111:001;
14112:001;
14113:001;
14114:001;
14115:001;
14116:001;
14117:001;
14118:001;
14119:001;
14120:001;
14121:001;
14122:001;
14123:001;
14124:001;
14125:001;
14126:001;
14127:001;
14128:001;
14129:001;
14130:001;
14131:001;
14132:001;
14133:001;
14134:001;
14135:001;
14136:001;
14137:001;
14138:001;
14139:001;
14140:001;
14141:001;
14142:001;
14143:001;
14144:001;
14145:001;
14146:001;
14147:001;
14148:001;
14149:001;
14150:001;
14151:001;
14152:001;
14153:001;
14154:001;
14155:001;
14156:001;
14157:001;
14158:001;
14159:001;
14160:001;
14161:001;
14162:001;
14163:001;
14164:001;
14165:001;
14166:001;
14167:001;
14168:001;
14169:001;
14170:001;
14171:001;
14172:001;
14173:001;
14174:001;
14175:001;
14176:001;
14177:001;
14178:001;
14179:001;
14180:001;
14181:001;
14182:001;
14183:001;
14184:001;
14185:001;
14186:001;
14187:001;
14188:001;
14189:001;
14190:001;
14191:001;
14192:001;
14193:001;
14194:001;
14195:001;
14196:001;
14197:001;
14198:001;
14199:001;
14200:001;
14201:001;
14202:001;
14203:001;
14204:001;
14205:001;
14206:001;
14207:001;
14208:001;
14209:001;
14210:001;
14211:001;
14212:001;
14213:001;
14214:001;
14215:001;
14216:001;
14217:001;
14218:001;
14219:001;
14220:001;
14221:001;
14222:001;
14223:001;
14224:001;
14225:001;
14226:001;
14227:001;
14228:001;
14229:001;
14230:001;
14231:001;
14232:001;
14233:001;
14234:001;
14235:001;
14236:001;
14237:001;
14238:001;
14239:001;
14240:001;
14241:001;
14242:001;
14243:001;
14244:001;
14245:001;
14246:001;
14247:001;
14248:001;
14249:001;
14250:001;
14251:001;
14252:001;
14253:001;
14254:001;
14255:001;
14256:001;
14257:001;
14258:001;
14259:001;
14260:001;
14261:001;
14262:001;
14263:001;
14264:001;
14265:001;
14266:001;
14267:001;
14268:001;
14269:001;
14270:001;
14271:001;
14272:001;
14273:001;
14274:001;
14275:001;
14276:001;
14277:001;
14278:001;
14279:001;
14280:001;
14281:001;
14282:001;
14283:001;
14284:001;
14285:001;
14286:001;
14287:001;
14288:001;
14289:001;
14290:001;
14291:001;
14292:001;
14293:001;
14294:001;
14295:001;
14296:001;
14297:001;
14298:001;
14299:001;
14300:001;
14301:001;
14302:001;
14303:001;
14304:001;
14305:001;
14306:001;
14307:001;
14308:001;
14309:001;
14310:001;
14311:001;
14312:001;
14313:001;
14314:001;
14315:001;
14316:001;
14317:001;
14318:001;
14319:001;
14320:001;
14321:001;
14322:001;
14323:001;
14324:001;
14325:001;
14326:001;
14327:001;
14328:001;
14329:001;
14330:001;
14331:001;
14332:001;
14333:001;
14334:001;
14335:001;
14336:001;
14337:001;
14338:001;
14339:001;
14340:001;
14341:001;
14342:001;
14343:001;
14344:001;
14345:001;
14346:001;
14347:001;
14348:001;
14349:001;
14350:001;
14351:001;
14352:001;
14353:001;
14354:001;
14355:001;
14356:001;
14357:001;
14358:001;
14359:001;
14360:001;
14361:001;
14362:001;
14363:001;
14364:001;
14365:001;
14366:001;
14367:001;
14368:001;
14369:001;
14370:001;
14371:001;
14372:001;
14373:001;
14374:001;
14375:001;
14376:001;
14377:001;
14378:001;
14379:001;
14380:001;
14381:001;
14382:001;
14383:001;
14384:001;
14385:001;
14386:001;
14387:001;
14388:001;
14389:001;
14390:001;
14391:001;
14392:001;
14393:001;
14394:001;
14395:001;
14396:001;
14397:001;
14398:001;
14399:001;
14400:001;
14401:001;
14402:001;
14403:001;
14404:001;
14405:001;
14406:001;
14407:001;
14408:001;
14409:001;
14410:001;
14411:001;
14412:001;
14413:001;
14414:001;
14415:001;
14416:001;
14417:001;
14418:001;
14419:001;
14420:001;
14421:001;
14422:001;
14423:001;
14424:001;
14425:001;
14426:001;
14427:001;
14428:001;
14429:001;
14430:001;
14431:001;
14432:001;
14433:001;
14434:001;
14435:001;
14436:001;
14437:001;
14438:001;
14439:001;
14440:001;
14441:001;
14442:001;
14443:001;
14444:001;
14445:001;
14446:001;
14447:001;
14448:001;
14449:001;
14450:001;
14451:001;
14452:001;
14453:001;
14454:001;
14455:001;
14456:001;
14457:001;
14458:001;
14459:001;
14460:001;
14461:001;
14462:001;
14463:001;
14464:001;
14465:001;
14466:001;
14467:001;
14468:001;
14469:001;
14470:001;
14471:001;
14472:001;
14473:001;
14474:001;
14475:001;
14476:001;
14477:001;
14478:001;
14479:001;
14480:001;
14481:001;
14482:001;
14483:001;
14484:001;
14485:001;
14486:001;
14487:001;
14488:001;
14489:001;
14490:001;
14491:001;
14492:001;
14493:001;
14494:001;
14495:001;
14496:001;
14497:001;
14498:001;
14499:001;
14500:001;
14501:001;
14502:001;
14503:001;
14504:001;
14505:001;
14506:001;
14507:001;
14508:001;
14509:001;
14510:001;
14511:001;
14512:001;
14513:001;
14514:001;
14515:001;
14516:001;
14517:001;
14518:001;
14519:001;
14520:001;
14521:001;
14522:001;
14523:001;
14524:001;
14525:001;
14526:001;
14527:001;
14528:001;
14529:001;
14530:001;
14531:001;
14532:001;
14533:001;
14534:001;
14535:001;
14536:001;
14537:001;
14538:001;
14539:001;
14540:001;
14541:001;
14542:001;
14543:001;
14544:001;
14545:001;
14546:001;
14547:001;
14548:001;
14549:001;
14550:001;
14551:001;
14552:001;
14553:001;
14554:001;
14555:001;
14556:001;
14557:001;
14558:001;
14559:001;
14560:001;
14561:001;
14562:001;
14563:001;
14564:001;
14565:001;
14566:001;
14567:001;
14568:001;
14569:001;
14570:001;
14571:001;
14572:001;
14573:001;
14574:001;
14575:001;
14576:001;
14577:001;
14578:001;
14579:001;
14580:001;
14581:001;
14582:001;
14583:001;
14584:001;
14585:001;
14586:001;
14587:001;
14588:001;
14589:001;
14590:001;
14591:001;
14592:001;
14593:001;
14594:001;
14595:001;
14596:001;
14597:001;
14598:001;
14599:001;
14600:001;
14601:001;
14602:001;
14603:001;
14604:001;
14605:001;
14606:001;
14607:001;
14608:001;
14609:001;
14610:001;
14611:001;
14612:001;
14613:001;
14614:001;
14615:001;
14616:001;
14617:001;
14618:001;
14619:001;
14620:001;
14621:001;
14622:001;
14623:001;
14624:001;
14625:001;
14626:001;
14627:001;
14628:001;
14629:001;
14630:001;
14631:001;
14632:001;
14633:001;
14634:001;
14635:001;
14636:001;
14637:001;
14638:001;
14639:001;
14640:001;
14641:001;
14642:001;
14643:001;
14644:001;
14645:001;
14646:001;
14647:001;
14648:001;
14649:001;
14650:001;
14651:001;
14652:001;
14653:001;
14654:001;
14655:001;
14656:001;
14657:001;
14658:001;
14659:001;
14660:001;
14661:001;
14662:001;
14663:001;
14664:001;
14665:001;
14666:001;
14667:001;
14668:001;
14669:001;
14670:001;
14671:001;
14672:001;
14673:001;
14674:001;
14675:001;
14676:001;
14677:001;
14678:001;
14679:001;
14680:001;
14681:001;
14682:001;
14683:001;
14684:001;
14685:001;
14686:001;
14687:001;
14688:001;
14689:001;
14690:001;
14691:001;
14692:001;
14693:001;
14694:001;
14695:001;
14696:001;
14697:001;
14698:001;
14699:001;
14700:001;
14701:001;
14702:001;
14703:001;
14704:001;
14705:001;
14706:001;
14707:001;
14708:001;
14709:001;
14710:001;
14711:001;
14712:001;
14713:001;
14714:001;
14715:001;
14716:001;
14717:001;
14718:001;
14719:001;
14720:004;
14721:004;
14722:004;
14723:004;
14724:004;
14725:004;
14726:004;
14727:004;
14728:004;
14729:004;
14730:004;
14731:004;
14732:004;
14733:004;
14734:004;
14735:004;
14736:004;
14737:004;
14738:004;
14739:004;
14740:004;
14741:004;
14742:004;
14743:000;
14744:000;
14745:004;
14746:004;
14747:004;
14748:004;
14749:004;
14750:004;
14751:004;
14752:004;
14753:004;
14754:004;
14755:004;
14756:004;
14757:004;
14758:004;
14759:004;
14760:004;
14761:004;
14762:004;
14763:004;
14764:004;
14765:004;
14766:004;
14767:004;
14768:004;
14769:004;
14770:004;
14771:004;
14772:004;
14773:004;
14774:004;
14775:000;
14776:000;
14777:004;
14778:004;
14779:004;
14780:004;
14781:004;
14782:004;
14783:004;
14784:004;
14785:004;
14786:004;
14787:004;
14788:004;
14789:004;
14790:004;
14791:004;
14792:004;
14793:004;
14794:004;
14795:004;
14796:004;
14797:004;
14798:004;
14799:004;
14800:004;
14801:004;
14802:004;
14803:004;
14804:004;
14805:004;
14806:004;
14807:004;
14808:004;
14809:000;
14810:000;
14811:004;
14812:004;
14813:004;
14814:004;
14815:004;
14816:004;
14817:004;
14818:004;
14819:004;
14820:004;
14821:004;
14822:004;
14823:004;
14824:004;
14825:004;
14826:004;
14827:004;
14828:004;
14829:004;
14830:004;
14831:004;
14832:004;
14833:004;
14834:004;
14835:004;
14836:004;
14837:004;
14838:004;
14839:004;
14840:004;
14841:000;
14842:000;
14843:004;
14844:004;
14845:004;
14846:004;
14847:004;
14848:004;
14849:004;
14850:004;
14851:004;
14852:004;
14853:004;
14854:004;
14855:004;
14856:004;
14857:004;
14858:004;
14859:004;
14860:004;
14861:004;
14862:004;
14863:004;
14864:004;
14865:004;
14866:004;
14867:004;
14868:004;
14869:004;
14870:004;
14871:004;
14872:004;
14873:004;
14874:004;
14875:000;
14876:000;
14877:004;
14878:004;
14879:004;
14880:004;
14881:004;
14882:004;
14883:004;
14884:004;
14885:004;
14886:004;
14887:004;
14888:004;
14889:004;
14890:004;
14891:004;
14892:004;
14893:004;
14894:004;
14895:004;
14896:004;
14897:004;
14898:004;
14899:004;
14900:004;
14901:004;
14902:004;
14903:004;
14904:004;
14905:004;
14906:004;
14907:000;
14908:000;
14909:004;
14910:004;
14911:004;
14912:004;
14913:004;
14914:004;
14915:004;
14916:004;
14917:004;
14918:004;
14919:004;
14920:004;
14921:004;
14922:004;
14923:004;
14924:004;
14925:004;
14926:004;
14927:004;
14928:004;
14929:004;
14930:004;
14931:004;
14932:004;
14933:004;
14934:004;
14935:004;
14936:004;
14937:004;
14938:004;
14939:004;
14940:004;
14941:000;
14942:000;
14943:004;
14944:004;
14945:004;
14946:004;
14947:004;
14948:004;
14949:004;
14950:004;
14951:004;
14952:004;
14953:004;
14954:004;
14955:004;
14956:004;
14957:004;
14958:004;
14959:004;
14960:004;
14961:004;
14962:004;
14963:004;
14964:004;
14965:004;
14966:004;
14967:004;
14968:004;
14969:004;
14970:004;
14971:004;
14972:004;
14973:000;
14974:000;
14975:004;
14976:003;
14977:003;
14978:003;
14979:003;
14980:003;
14981:003;
14982:003;
14983:003;
14984:003;
14985:003;
14986:003;
14987:003;
14988:003;
14989:003;
14990:003;
14991:003;
14992:003;
14993:003;
14994:003;
14995:003;
14996:003;
14997:003;
14998:003;
14999:003;
15000:003;
15001:003;
15002:003;
15003:003;
15004:003;
15005:003;
15006:003;
15007:000;
15008:003;
15009:003;
15010:003;
15011:003;
15012:003;
15013:003;
15014:003;
15015:003;
15016:003;
15017:003;
15018:003;
15019:003;
15020:003;
15021:003;
15022:003;
15023:003;
15024:003;
15025:003;
15026:003;
15027:003;
15028:003;
15029:003;
15030:003;
15031:003;
15032:003;
15033:003;
15034:003;
15035:003;
15036:003;
15037:003;
15038:003;
15039:000;
15040:003;
15041:003;
15042:003;
15043:003;
15044:003;
15045:003;
15046:003;
15047:003;
15048:003;
15049:003;
15050:003;
15051:003;
15052:003;
15053:003;
15054:003;
15055:003;
15056:003;
15057:003;
15058:003;
15059:003;
15060:003;
15061:003;
15062:003;
15063:003;
15064:003;
15065:003;
15066:003;
15067:003;
15068:003;
15069:003;
15070:003;
15071:000;
15072:003;
15073:003;
15074:003;
15075:003;
15076:003;
15077:003;
15078:003;
15079:003;
15080:003;
15081:003;
15082:003;
15083:003;
15084:003;
15085:003;
15086:003;
15087:003;
15088:003;
15089:003;
15090:003;
15091:003;
15092:003;
15093:003;
15094:003;
15095:003;
15096:003;
15097:003;
15098:003;
15099:003;
15100:003;
15101:003;
15102:003;
15103:000;
15104:003;
15105:003;
15106:003;
15107:003;
15108:003;
15109:003;
15110:003;
15111:003;
15112:003;
15113:003;
15114:003;
15115:003;
15116:003;
15117:003;
15118:003;
15119:003;
15120:003;
15121:003;
15122:003;
15123:003;
15124:003;
15125:003;
15126:003;
15127:003;
15128:003;
15129:003;
15130:003;
15131:003;
15132:003;
15133:003;
15134:003;
15135:000;
15136:003;
15137:003;
15138:003;
15139:003;
15140:003;
15141:003;
15142:003;
15143:003;
15144:003;
15145:003;
15146:003;
15147:003;
15148:003;
15149:003;
15150:003;
15151:003;
15152:003;
15153:003;
15154:003;
15155:003;
15156:003;
15157:003;
15158:003;
15159:003;
15160:003;
15161:003;
15162:003;
15163:003;
15164:003;
15165:003;
15166:003;
15167:000;
15168:003;
15169:003;
15170:003;
15171:003;
15172:003;
15173:003;
15174:003;
15175:003;
15176:003;
15177:003;
15178:003;
15179:003;
15180:003;
15181:003;
15182:003;
15183:003;
15184:003;
15185:003;
15186:003;
15187:003;
15188:003;
15189:003;
15190:003;
15191:003;
15192:003;
15193:003;
15194:003;
15195:003;
15196:003;
15197:003;
15198:003;
15199:000;
15200:003;
15201:003;
15202:003;
15203:003;
15204:003;
15205:003;
15206:003;
15207:003;
15208:003;
15209:003;
15210:003;
15211:003;
15212:003;
15213:003;
15214:003;
15215:003;
15216:003;
15217:003;
15218:003;
15219:003;
15220:003;
15221:003;
15222:003;
15223:003;
15224:003;
15225:003;
15226:003;
15227:003;
15228:003;
15229:003;
15230:003;
15231:000;
15232:003;
15233:003;
15234:003;
15235:003;
15236:003;
15237:003;
15238:003;
15239:003;
15240:003;
15241:003;
15242:003;
15243:003;
15244:003;
15245:003;
15246:003;
15247:003;
15248:003;
15249:003;
15250:003;
15251:003;
15252:003;
15253:003;
15254:003;
15255:003;
15256:003;
15257:003;
15258:003;
15259:003;
15260:003;
15261:003;
15262:003;
15263:000;
15264:003;
15265:003;
15266:003;
15267:003;
15268:003;
15269:003;
15270:003;
15271:003;
15272:003;
15273:003;
15274:003;
15275:003;
15276:003;
15277:003;
15278:003;
15279:003;
15280:003;
15281:003;
15282:003;
15283:003;
15284:003;
15285:003;
15286:003;
15287:003;
15288:003;
15289:003;
15290:003;
15291:003;
15292:003;
15293:003;
15294:003;
15295:000;
15296:003;
15297:003;
15298:003;
15299:003;
15300:003;
15301:003;
15302:003;
15303:003;
15304:003;
15305:003;
15306:003;
15307:003;
15308:003;
15309:003;
15310:003;
15311:003;
15312:003;
15313:003;
15314:003;
15315:003;
15316:003;
15317:003;
15318:003;
15319:003;
15320:003;
15321:003;
15322:003;
15323:003;
15324:003;
15325:003;
15326:003;
15327:000;
15328:003;
15329:003;
15330:003;
15331:003;
15332:003;
15333:003;
15334:003;
15335:003;
15336:003;
15337:003;
15338:003;
15339:003;
15340:003;
15341:003;
15342:003;
15343:003;
15344:003;
15345:003;
15346:003;
15347:003;
15348:003;
15349:003;
15350:003;
15351:003;
15352:003;
15353:003;
15354:003;
15355:003;
15356:003;
15357:003;
15358:003;
15359:000;
END;
