WIDTH=12;
DEPTH=61440;

ADDRESS_RADIX=UNS;
DATA_RADIX=HEX;

CONTENT BEGIN
0:000;
1:000;
2:000;
3:000;
4:000;
5:000;
6:000;
7:000;
8:000;
9:000;
10:000;
11:000;
12:000;
13:000;
14:000;
15:000;
16:000;
17:000;
18:000;
19:000;
20:000;
21:000;
22:000;
23:000;
24:000;
25:000;
26:000;
27:000;
28:000;
29:000;
30:000;
31:000;
32:000;
33:000;
34:000;
35:000;
36:000;
37:000;
38:000;
39:000;
40:000;
41:000;
42:000;
43:000;
44:000;
45:000;
46:000;
47:000;
48:000;
49:000;
50:000;
51:000;
52:000;
53:000;
54:000;
55:000;
56:000;
57:000;
58:000;
59:000;
60:000;
61:000;
62:000;
63:001;
64:000;
65:000;
66:000;
67:000;
68:000;
69:000;
70:000;
71:000;
72:000;
73:000;
74:000;
75:000;
76:000;
77:000;
78:000;
79:000;
80:000;
81:000;
82:000;
83:000;
84:000;
85:000;
86:000;
87:000;
88:000;
89:000;
90:000;
91:000;
92:000;
93:000;
94:000;
95:000;
96:000;
97:000;
98:000;
99:000;
100:000;
101:000;
102:000;
103:000;
104:000;
105:000;
106:000;
107:000;
108:000;
109:000;
110:000;
111:000;
112:000;
113:000;
114:000;
115:000;
116:000;
117:000;
118:000;
119:000;
120:000;
121:000;
122:000;
123:000;
124:000;
125:000;
126:000;
127:001;
128:000;
129:000;
130:000;
131:000;
132:000;
133:000;
134:000;
135:000;
136:000;
137:000;
138:000;
139:000;
140:000;
141:000;
142:000;
143:000;
144:000;
145:000;
146:000;
147:000;
148:000;
149:000;
150:000;
151:000;
152:000;
153:000;
154:000;
155:000;
156:000;
157:000;
158:000;
159:000;
160:000;
161:000;
162:000;
163:000;
164:000;
165:000;
166:000;
167:000;
168:000;
169:000;
170:000;
171:000;
172:000;
173:000;
174:000;
175:000;
176:000;
177:000;
178:000;
179:000;
180:000;
181:000;
182:000;
183:000;
184:000;
185:000;
186:000;
187:000;
188:000;
189:000;
190:000;
191:001;
192:000;
193:000;
194:000;
195:000;
196:000;
197:000;
198:000;
199:000;
200:000;
201:000;
202:000;
203:000;
204:000;
205:000;
206:000;
207:000;
208:000;
209:000;
210:000;
211:000;
212:000;
213:000;
214:000;
215:000;
216:000;
217:000;
218:000;
219:000;
220:000;
221:000;
222:000;
223:000;
224:000;
225:000;
226:000;
227:000;
228:000;
229:000;
230:000;
231:000;
232:000;
233:000;
234:000;
235:000;
236:000;
237:000;
238:000;
239:000;
240:000;
241:000;
242:000;
243:000;
244:000;
245:000;
246:000;
247:000;
248:000;
249:000;
250:000;
251:000;
252:000;
253:000;
254:000;
255:001;
256:000;
257:000;
258:000;
259:000;
260:000;
261:000;
262:000;
263:000;
264:000;
265:000;
266:000;
267:000;
268:000;
269:000;
270:000;
271:000;
272:000;
273:000;
274:000;
275:000;
276:000;
277:000;
278:000;
279:000;
280:000;
281:000;
282:000;
283:000;
284:000;
285:000;
286:000;
287:000;
288:000;
289:000;
290:000;
291:000;
292:000;
293:000;
294:000;
295:000;
296:000;
297:000;
298:000;
299:000;
300:000;
301:000;
302:000;
303:000;
304:000;
305:000;
306:000;
307:000;
308:000;
309:000;
310:000;
311:000;
312:000;
313:000;
314:000;
315:000;
316:000;
317:000;
318:000;
319:001;
320:000;
321:000;
322:000;
323:000;
324:000;
325:000;
326:000;
327:000;
328:000;
329:000;
330:000;
331:000;
332:000;
333:000;
334:000;
335:000;
336:000;
337:000;
338:000;
339:000;
340:000;
341:000;
342:000;
343:000;
344:000;
345:000;
346:000;
347:000;
348:000;
349:000;
350:000;
351:000;
352:000;
353:000;
354:000;
355:000;
356:000;
357:000;
358:000;
359:000;
360:000;
361:000;
362:000;
363:000;
364:000;
365:000;
366:000;
367:000;
368:000;
369:000;
370:000;
371:000;
372:000;
373:000;
374:000;
375:000;
376:000;
377:000;
378:000;
379:000;
380:000;
381:000;
382:000;
383:001;
384:000;
385:000;
386:000;
387:000;
388:000;
389:000;
390:000;
391:000;
392:000;
393:000;
394:000;
395:000;
396:000;
397:000;
398:000;
399:000;
400:000;
401:000;
402:000;
403:000;
404:000;
405:000;
406:000;
407:000;
408:000;
409:000;
410:000;
411:000;
412:000;
413:000;
414:000;
415:000;
416:000;
417:000;
418:000;
419:000;
420:000;
421:000;
422:000;
423:000;
424:000;
425:000;
426:000;
427:000;
428:000;
429:000;
430:000;
431:000;
432:000;
433:000;
434:000;
435:000;
436:000;
437:000;
438:000;
439:000;
440:000;
441:000;
442:000;
443:000;
444:000;
445:000;
446:000;
447:001;
448:000;
449:000;
450:000;
451:000;
452:000;
453:000;
454:000;
455:000;
456:000;
457:000;
458:000;
459:000;
460:000;
461:000;
462:000;
463:000;
464:000;
465:000;
466:000;
467:000;
468:000;
469:000;
470:000;
471:000;
472:000;
473:000;
474:000;
475:000;
476:000;
477:000;
478:000;
479:000;
480:000;
481:000;
482:000;
483:000;
484:000;
485:000;
486:000;
487:000;
488:000;
489:000;
490:000;
491:000;
492:000;
493:000;
494:000;
495:000;
496:000;
497:000;
498:000;
499:000;
500:000;
501:000;
502:000;
503:000;
504:000;
505:000;
506:000;
507:000;
508:000;
509:000;
510:000;
511:001;
512:000;
513:000;
514:000;
515:000;
516:000;
517:000;
518:000;
519:000;
520:000;
521:000;
522:000;
523:000;
524:000;
525:000;
526:000;
527:000;
528:000;
529:000;
530:000;
531:000;
532:000;
533:000;
534:000;
535:000;
536:000;
537:000;
538:000;
539:000;
540:000;
541:000;
542:000;
543:000;
544:000;
545:000;
546:000;
547:000;
548:000;
549:000;
550:000;
551:000;
552:000;
553:000;
554:000;
555:000;
556:000;
557:000;
558:000;
559:000;
560:000;
561:000;
562:000;
563:000;
564:000;
565:000;
566:000;
567:000;
568:000;
569:000;
570:000;
571:000;
572:000;
573:000;
574:000;
575:001;
576:000;
577:000;
578:000;
579:000;
580:000;
581:000;
582:000;
583:000;
584:000;
585:000;
586:000;
587:000;
588:000;
589:000;
590:000;
591:000;
592:000;
593:000;
594:000;
595:000;
596:000;
597:000;
598:000;
599:000;
600:000;
601:000;
602:000;
603:000;
604:000;
605:000;
606:000;
607:000;
608:000;
609:000;
610:000;
611:000;
612:000;
613:000;
614:000;
615:000;
616:000;
617:000;
618:000;
619:000;
620:000;
621:000;
622:000;
623:000;
624:000;
625:000;
626:000;
627:000;
628:000;
629:000;
630:000;
631:000;
632:000;
633:000;
634:000;
635:000;
636:000;
637:000;
638:000;
639:001;
640:000;
641:000;
642:000;
643:000;
644:000;
645:000;
646:000;
647:000;
648:000;
649:000;
650:000;
651:000;
652:000;
653:000;
654:000;
655:000;
656:000;
657:000;
658:000;
659:000;
660:000;
661:000;
662:000;
663:000;
664:000;
665:000;
666:000;
667:000;
668:000;
669:000;
670:000;
671:000;
672:000;
673:000;
674:000;
675:000;
676:000;
677:000;
678:000;
679:000;
680:000;
681:000;
682:000;
683:000;
684:000;
685:000;
686:000;
687:000;
688:000;
689:000;
690:000;
691:000;
692:000;
693:000;
694:000;
695:000;
696:000;
697:000;
698:000;
699:000;
700:000;
701:000;
702:000;
703:001;
704:000;
705:000;
706:000;
707:000;
708:000;
709:000;
710:000;
711:000;
712:000;
713:000;
714:000;
715:000;
716:000;
717:000;
718:000;
719:000;
720:000;
721:000;
722:000;
723:000;
724:000;
725:000;
726:000;
727:000;
728:000;
729:000;
730:000;
731:000;
732:000;
733:000;
734:000;
735:000;
736:000;
737:000;
738:000;
739:000;
740:000;
741:000;
742:000;
743:000;
744:000;
745:000;
746:000;
747:000;
748:000;
749:000;
750:000;
751:000;
752:000;
753:000;
754:000;
755:000;
756:000;
757:000;
758:000;
759:000;
760:000;
761:000;
762:000;
763:000;
764:000;
765:000;
766:000;
767:001;
768:000;
769:000;
770:000;
771:000;
772:000;
773:000;
774:000;
775:000;
776:000;
777:000;
778:000;
779:000;
780:000;
781:000;
782:000;
783:000;
784:000;
785:000;
786:000;
787:000;
788:000;
789:000;
790:000;
791:000;
792:000;
793:000;
794:000;
795:000;
796:000;
797:000;
798:000;
799:000;
800:000;
801:000;
802:000;
803:000;
804:000;
805:000;
806:000;
807:000;
808:000;
809:000;
810:000;
811:000;
812:000;
813:000;
814:000;
815:000;
816:000;
817:000;
818:000;
819:000;
820:000;
821:000;
822:000;
823:000;
824:000;
825:000;
826:000;
827:000;
828:000;
829:000;
830:000;
831:001;
832:000;
833:000;
834:000;
835:000;
836:000;
837:000;
838:000;
839:000;
840:000;
841:000;
842:000;
843:000;
844:000;
845:000;
846:000;
847:000;
848:000;
849:000;
850:000;
851:000;
852:000;
853:000;
854:000;
855:000;
856:000;
857:000;
858:000;
859:000;
860:000;
861:000;
862:000;
863:000;
864:000;
865:000;
866:000;
867:000;
868:000;
869:000;
870:000;
871:000;
872:000;
873:000;
874:000;
875:000;
876:000;
877:000;
878:000;
879:000;
880:000;
881:000;
882:000;
883:000;
884:000;
885:000;
886:000;
887:000;
888:000;
889:000;
890:000;
891:000;
892:000;
893:000;
894:000;
895:001;
896:000;
897:000;
898:000;
899:000;
900:000;
901:000;
902:000;
903:000;
904:000;
905:000;
906:000;
907:000;
908:000;
909:000;
910:000;
911:000;
912:000;
913:000;
914:000;
915:000;
916:000;
917:000;
918:000;
919:000;
920:000;
921:000;
922:000;
923:000;
924:000;
925:000;
926:000;
927:000;
928:000;
929:000;
930:000;
931:000;
932:000;
933:000;
934:000;
935:000;
936:000;
937:000;
938:000;
939:000;
940:000;
941:000;
942:000;
943:000;
944:000;
945:000;
946:000;
947:000;
948:000;
949:000;
950:000;
951:000;
952:000;
953:000;
954:000;
955:000;
956:000;
957:000;
958:000;
959:001;
960:000;
961:000;
962:000;
963:000;
964:000;
965:000;
966:000;
967:000;
968:000;
969:000;
970:000;
971:000;
972:000;
973:000;
974:000;
975:000;
976:000;
977:000;
978:000;
979:000;
980:000;
981:000;
982:000;
983:000;
984:000;
985:000;
986:000;
987:000;
988:000;
989:000;
990:000;
991:000;
992:000;
993:000;
994:000;
995:000;
996:000;
997:000;
998:000;
999:000;
1000:000;
1001:000;
1002:000;
1003:000;
1004:000;
1005:000;
1006:000;
1007:000;
1008:000;
1009:000;
1010:000;
1011:000;
1012:000;
1013:000;
1014:000;
1015:000;
1016:000;
1017:000;
1018:000;
1019:000;
1020:000;
1021:000;
1022:000;
1023:001;
1024:000;
1025:000;
1026:000;
1027:000;
1028:000;
1029:000;
1030:000;
1031:000;
1032:000;
1033:000;
1034:000;
1035:000;
1036:000;
1037:000;
1038:000;
1039:000;
1040:000;
1041:000;
1042:000;
1043:000;
1044:000;
1045:000;
1046:000;
1047:000;
1048:000;
1049:000;
1050:000;
1051:000;
1052:000;
1053:000;
1054:000;
1055:000;
1056:000;
1057:000;
1058:000;
1059:000;
1060:000;
1061:000;
1062:000;
1063:000;
1064:000;
1065:000;
1066:000;
1067:000;
1068:000;
1069:000;
1070:000;
1071:000;
1072:000;
1073:000;
1074:000;
1075:000;
1076:000;
1077:000;
1078:000;
1079:000;
1080:000;
1081:000;
1082:000;
1083:000;
1084:000;
1085:000;
1086:000;
1087:001;
1088:000;
1089:000;
1090:000;
1091:000;
1092:000;
1093:000;
1094:000;
1095:000;
1096:000;
1097:000;
1098:000;
1099:000;
1100:000;
1101:000;
1102:000;
1103:000;
1104:000;
1105:000;
1106:000;
1107:000;
1108:000;
1109:000;
1110:000;
1111:000;
1112:000;
1113:000;
1114:000;
1115:000;
1116:000;
1117:000;
1118:000;
1119:000;
1120:000;
1121:000;
1122:000;
1123:000;
1124:000;
1125:000;
1126:000;
1127:000;
1128:000;
1129:000;
1130:000;
1131:000;
1132:000;
1133:000;
1134:000;
1135:000;
1136:000;
1137:000;
1138:000;
1139:000;
1140:000;
1141:000;
1142:000;
1143:000;
1144:000;
1145:000;
1146:000;
1147:000;
1148:000;
1149:000;
1150:000;
1151:001;
1152:000;
1153:000;
1154:000;
1155:000;
1156:000;
1157:000;
1158:000;
1159:000;
1160:000;
1161:000;
1162:000;
1163:000;
1164:000;
1165:000;
1166:000;
1167:000;
1168:000;
1169:000;
1170:000;
1171:000;
1172:000;
1173:000;
1174:000;
1175:000;
1176:000;
1177:000;
1178:000;
1179:000;
1180:000;
1181:000;
1182:000;
1183:000;
1184:000;
1185:000;
1186:000;
1187:000;
1188:000;
1189:000;
1190:000;
1191:000;
1192:000;
1193:000;
1194:000;
1195:000;
1196:000;
1197:000;
1198:000;
1199:000;
1200:000;
1201:000;
1202:000;
1203:000;
1204:000;
1205:000;
1206:000;
1207:000;
1208:000;
1209:000;
1210:000;
1211:000;
1212:000;
1213:000;
1214:000;
1215:001;
1216:000;
1217:000;
1218:000;
1219:000;
1220:000;
1221:000;
1222:000;
1223:000;
1224:000;
1225:000;
1226:000;
1227:000;
1228:000;
1229:000;
1230:000;
1231:000;
1232:000;
1233:000;
1234:000;
1235:000;
1236:000;
1237:000;
1238:000;
1239:000;
1240:000;
1241:000;
1242:000;
1243:000;
1244:000;
1245:000;
1246:000;
1247:000;
1248:000;
1249:000;
1250:000;
1251:000;
1252:000;
1253:000;
1254:000;
1255:000;
1256:000;
1257:000;
1258:000;
1259:000;
1260:000;
1261:000;
1262:000;
1263:000;
1264:000;
1265:000;
1266:000;
1267:000;
1268:000;
1269:000;
1270:000;
1271:000;
1272:000;
1273:000;
1274:000;
1275:000;
1276:000;
1277:000;
1278:000;
1279:001;
1280:000;
1281:000;
1282:000;
1283:000;
1284:000;
1285:000;
1286:000;
1287:000;
1288:000;
1289:000;
1290:000;
1291:000;
1292:000;
1293:000;
1294:000;
1295:000;
1296:000;
1297:000;
1298:000;
1299:000;
1300:000;
1301:000;
1302:000;
1303:000;
1304:000;
1305:000;
1306:000;
1307:000;
1308:000;
1309:000;
1310:000;
1311:000;
1312:000;
1313:000;
1314:000;
1315:000;
1316:000;
1317:000;
1318:000;
1319:000;
1320:000;
1321:000;
1322:000;
1323:000;
1324:000;
1325:000;
1326:000;
1327:000;
1328:000;
1329:000;
1330:000;
1331:000;
1332:000;
1333:000;
1334:000;
1335:000;
1336:000;
1337:000;
1338:000;
1339:000;
1340:000;
1341:000;
1342:000;
1343:001;
1344:000;
1345:000;
1346:000;
1347:000;
1348:000;
1349:000;
1350:000;
1351:000;
1352:000;
1353:000;
1354:000;
1355:000;
1356:000;
1357:000;
1358:000;
1359:000;
1360:000;
1361:000;
1362:000;
1363:000;
1364:000;
1365:000;
1366:000;
1367:000;
1368:000;
1369:000;
1370:000;
1371:000;
1372:000;
1373:000;
1374:000;
1375:000;
1376:000;
1377:000;
1378:000;
1379:000;
1380:000;
1381:000;
1382:000;
1383:000;
1384:000;
1385:000;
1386:000;
1387:000;
1388:000;
1389:000;
1390:000;
1391:000;
1392:000;
1393:000;
1394:000;
1395:000;
1396:000;
1397:000;
1398:000;
1399:000;
1400:000;
1401:000;
1402:000;
1403:000;
1404:000;
1405:000;
1406:000;
1407:001;
1408:000;
1409:000;
1410:000;
1411:000;
1412:000;
1413:000;
1414:000;
1415:000;
1416:000;
1417:000;
1418:000;
1419:000;
1420:000;
1421:000;
1422:000;
1423:000;
1424:000;
1425:000;
1426:000;
1427:000;
1428:000;
1429:000;
1430:000;
1431:000;
1432:000;
1433:000;
1434:000;
1435:000;
1436:000;
1437:000;
1438:000;
1439:000;
1440:000;
1441:000;
1442:000;
1443:000;
1444:000;
1445:000;
1446:000;
1447:000;
1448:000;
1449:000;
1450:000;
1451:000;
1452:000;
1453:000;
1454:000;
1455:000;
1456:000;
1457:000;
1458:000;
1459:000;
1460:000;
1461:000;
1462:000;
1463:000;
1464:000;
1465:000;
1466:000;
1467:000;
1468:000;
1469:000;
1470:001;
1471:001;
1472:000;
1473:000;
1474:000;
1475:000;
1476:000;
1477:000;
1478:000;
1479:000;
1480:000;
1481:000;
1482:000;
1483:000;
1484:000;
1485:000;
1486:000;
1487:000;
1488:000;
1489:000;
1490:000;
1491:000;
1492:000;
1493:000;
1494:000;
1495:000;
1496:000;
1497:000;
1498:000;
1499:000;
1500:000;
1501:000;
1502:000;
1503:000;
1504:000;
1505:000;
1506:000;
1507:000;
1508:000;
1509:000;
1510:000;
1511:000;
1512:000;
1513:000;
1514:000;
1515:000;
1516:000;
1517:000;
1518:000;
1519:000;
1520:000;
1521:000;
1522:000;
1523:000;
1524:000;
1525:000;
1526:000;
1527:000;
1528:000;
1529:000;
1530:000;
1531:000;
1532:000;
1533:000;
1534:001;
1535:001;
1536:002;
1537:002;
1538:002;
1539:002;
1540:002;
1541:002;
1542:002;
1543:002;
1544:002;
1545:002;
1546:002;
1547:002;
1548:002;
1549:002;
1550:002;
1551:002;
1552:002;
1553:002;
1554:002;
1555:002;
1556:002;
1557:002;
1558:002;
1559:002;
1560:002;
1561:002;
1562:002;
1563:002;
1564:002;
1565:002;
1566:002;
1567:002;
1568:002;
1569:002;
1570:002;
1571:002;
1572:002;
1573:002;
1574:002;
1575:002;
1576:002;
1577:002;
1578:002;
1579:002;
1580:002;
1581:002;
1582:002;
1583:002;
1584:002;
1585:002;
1586:002;
1587:002;
1588:002;
1589:002;
1590:002;
1591:002;
1592:002;
1593:002;
1594:002;
1595:002;
1596:001;
1597:001;
1598:002;
1599:002;
1600:002;
1601:002;
1602:002;
1603:002;
1604:002;
1605:002;
1606:002;
1607:002;
1608:002;
1609:002;
1610:002;
1611:002;
1612:002;
1613:002;
1614:002;
1615:002;
1616:002;
1617:002;
1618:002;
1619:002;
1620:002;
1621:002;
1622:002;
1623:002;
1624:002;
1625:002;
1626:002;
1627:002;
1628:002;
1629:002;
1630:002;
1631:002;
1632:002;
1633:002;
1634:002;
1635:002;
1636:002;
1637:002;
1638:002;
1639:002;
1640:002;
1641:002;
1642:002;
1643:002;
1644:002;
1645:002;
1646:002;
1647:002;
1648:002;
1649:002;
1650:002;
1651:002;
1652:002;
1653:002;
1654:002;
1655:002;
1656:002;
1657:002;
1658:002;
1659:002;
1660:001;
1661:001;
1662:002;
1663:002;
1664:002;
1665:002;
1666:002;
1667:002;
1668:002;
1669:002;
1670:002;
1671:002;
1672:002;
1673:002;
1674:002;
1675:002;
1676:002;
1677:002;
1678:002;
1679:002;
1680:002;
1681:002;
1682:002;
1683:002;
1684:002;
1685:002;
1686:002;
1687:002;
1688:002;
1689:002;
1690:002;
1691:002;
1692:002;
1693:002;
1694:002;
1695:002;
1696:002;
1697:002;
1698:002;
1699:002;
1700:002;
1701:002;
1702:002;
1703:002;
1704:002;
1705:002;
1706:002;
1707:002;
1708:002;
1709:002;
1710:002;
1711:002;
1712:002;
1713:002;
1714:002;
1715:002;
1716:002;
1717:002;
1718:002;
1719:002;
1720:002;
1721:002;
1722:001;
1723:001;
1724:002;
1725:002;
1726:002;
1727:002;
1728:002;
1729:002;
1730:002;
1731:002;
1732:002;
1733:002;
1734:002;
1735:002;
1736:002;
1737:002;
1738:002;
1739:002;
1740:002;
1741:002;
1742:002;
1743:002;
1744:002;
1745:002;
1746:002;
1747:002;
1748:002;
1749:002;
1750:002;
1751:002;
1752:002;
1753:002;
1754:002;
1755:002;
1756:002;
1757:002;
1758:002;
1759:002;
1760:002;
1761:002;
1762:002;
1763:002;
1764:002;
1765:002;
1766:002;
1767:002;
1768:002;
1769:002;
1770:002;
1771:002;
1772:002;
1773:002;
1774:002;
1775:002;
1776:002;
1777:002;
1778:002;
1779:002;
1780:002;
1781:002;
1782:002;
1783:002;
1784:002;
1785:002;
1786:001;
1787:001;
1788:002;
1789:002;
1790:002;
1791:002;
1792:002;
1793:002;
1794:002;
1795:002;
1796:002;
1797:002;
1798:002;
1799:002;
1800:002;
1801:002;
1802:002;
1803:002;
1804:002;
1805:002;
1806:002;
1807:002;
1808:002;
1809:002;
1810:002;
1811:002;
1812:002;
1813:002;
1814:002;
1815:002;
1816:002;
1817:002;
1818:002;
1819:002;
1820:002;
1821:002;
1822:002;
1823:002;
1824:002;
1825:002;
1826:002;
1827:002;
1828:002;
1829:002;
1830:002;
1831:002;
1832:002;
1833:002;
1834:002;
1835:002;
1836:002;
1837:002;
1838:002;
1839:002;
1840:002;
1841:002;
1842:002;
1843:002;
1844:002;
1845:002;
1846:002;
1847:002;
1848:001;
1849:001;
1850:002;
1851:002;
1852:002;
1853:002;
1854:002;
1855:002;
1856:002;
1857:002;
1858:002;
1859:002;
1860:002;
1861:002;
1862:002;
1863:002;
1864:002;
1865:002;
1866:002;
1867:002;
1868:002;
1869:002;
1870:002;
1871:002;
1872:002;
1873:002;
1874:002;
1875:002;
1876:002;
1877:002;
1878:002;
1879:002;
1880:002;
1881:002;
1882:002;
1883:002;
1884:002;
1885:002;
1886:002;
1887:002;
1888:002;
1889:002;
1890:002;
1891:002;
1892:002;
1893:002;
1894:002;
1895:002;
1896:002;
1897:002;
1898:002;
1899:002;
1900:002;
1901:002;
1902:002;
1903:002;
1904:002;
1905:002;
1906:002;
1907:002;
1908:002;
1909:002;
1910:002;
1911:002;
1912:001;
1913:001;
1914:002;
1915:002;
1916:002;
1917:002;
1918:002;
1919:002;
1920:002;
1921:002;
1922:002;
1923:002;
1924:002;
1925:002;
1926:002;
1927:002;
1928:002;
1929:002;
1930:002;
1931:002;
1932:002;
1933:002;
1934:002;
1935:002;
1936:002;
1937:002;
1938:002;
1939:002;
1940:002;
1941:002;
1942:002;
1943:002;
1944:002;
1945:002;
1946:002;
1947:002;
1948:002;
1949:002;
1950:002;
1951:002;
1952:002;
1953:002;
1954:002;
1955:002;
1956:002;
1957:002;
1958:002;
1959:002;
1960:002;
1961:002;
1962:002;
1963:002;
1964:002;
1965:002;
1966:002;
1967:002;
1968:002;
1969:002;
1970:002;
1971:002;
1972:002;
1973:002;
1974:001;
1975:001;
1976:002;
1977:002;
1978:002;
1979:002;
1980:002;
1981:002;
1982:002;
1983:002;
1984:002;
1985:002;
1986:002;
1987:002;
1988:002;
1989:002;
1990:002;
1991:002;
1992:002;
1993:002;
1994:002;
1995:002;
1996:002;
1997:002;
1998:002;
1999:002;
2000:002;
2001:002;
2002:002;
2003:002;
2004:002;
2005:002;
2006:002;
2007:002;
2008:002;
2009:002;
2010:002;
2011:002;
2012:002;
2013:002;
2014:002;
2015:002;
2016:002;
2017:002;
2018:002;
2019:002;
2020:002;
2021:002;
2022:002;
2023:002;
2024:002;
2025:002;
2026:002;
2027:002;
2028:002;
2029:002;
2030:002;
2031:002;
2032:002;
2033:002;
2034:002;
2035:002;
2036:002;
2037:002;
2038:001;
2039:001;
2040:002;
2041:002;
2042:002;
2043:002;
2044:002;
2045:002;
2046:002;
2047:002;
2048:002;
2049:002;
2050:002;
2051:002;
2052:002;
2053:002;
2054:002;
2055:002;
2056:002;
2057:002;
2058:002;
2059:002;
2060:002;
2061:002;
2062:002;
2063:002;
2064:002;
2065:002;
2066:002;
2067:002;
2068:002;
2069:002;
2070:002;
2071:002;
2072:002;
2073:002;
2074:002;
2075:002;
2076:002;
2077:002;
2078:002;
2079:002;
2080:002;
2081:002;
2082:002;
2083:002;
2084:002;
2085:002;
2086:002;
2087:002;
2088:002;
2089:002;
2090:002;
2091:002;
2092:002;
2093:002;
2094:002;
2095:002;
2096:002;
2097:002;
2098:002;
2099:002;
2100:001;
2101:001;
2102:002;
2103:002;
2104:002;
2105:002;
2106:002;
2107:002;
2108:002;
2109:002;
2110:002;
2111:002;
2112:002;
2113:002;
2114:002;
2115:002;
2116:002;
2117:002;
2118:002;
2119:002;
2120:002;
2121:002;
2122:002;
2123:002;
2124:002;
2125:002;
2126:002;
2127:002;
2128:002;
2129:002;
2130:002;
2131:002;
2132:002;
2133:002;
2134:002;
2135:002;
2136:002;
2137:002;
2138:002;
2139:002;
2140:002;
2141:002;
2142:002;
2143:002;
2144:002;
2145:002;
2146:002;
2147:002;
2148:002;
2149:002;
2150:002;
2151:002;
2152:002;
2153:002;
2154:002;
2155:002;
2156:002;
2157:002;
2158:002;
2159:002;
2160:002;
2161:002;
2162:002;
2163:002;
2164:001;
2165:001;
2166:002;
2167:002;
2168:002;
2169:002;
2170:002;
2171:002;
2172:002;
2173:002;
2174:002;
2175:002;
2176:002;
2177:002;
2178:002;
2179:002;
2180:002;
2181:002;
2182:002;
2183:002;
2184:002;
2185:002;
2186:002;
2187:002;
2188:002;
2189:002;
2190:002;
2191:002;
2192:002;
2193:002;
2194:002;
2195:002;
2196:002;
2197:002;
2198:002;
2199:002;
2200:002;
2201:002;
2202:002;
2203:002;
2204:002;
2205:002;
2206:002;
2207:002;
2208:002;
2209:002;
2210:002;
2211:002;
2212:002;
2213:002;
2214:002;
2215:002;
2216:002;
2217:002;
2218:002;
2219:002;
2220:002;
2221:002;
2222:002;
2223:002;
2224:002;
2225:002;
2226:001;
2227:001;
2228:002;
2229:002;
2230:002;
2231:002;
2232:002;
2233:002;
2234:002;
2235:002;
2236:002;
2237:002;
2238:002;
2239:002;
2240:002;
2241:002;
2242:002;
2243:002;
2244:002;
2245:002;
2246:002;
2247:002;
2248:002;
2249:002;
2250:002;
2251:002;
2252:002;
2253:002;
2254:002;
2255:002;
2256:002;
2257:002;
2258:002;
2259:002;
2260:002;
2261:002;
2262:002;
2263:002;
2264:002;
2265:002;
2266:002;
2267:002;
2268:002;
2269:002;
2270:002;
2271:002;
2272:002;
2273:002;
2274:002;
2275:002;
2276:002;
2277:002;
2278:002;
2279:002;
2280:002;
2281:002;
2282:002;
2283:002;
2284:002;
2285:002;
2286:002;
2287:002;
2288:002;
2289:002;
2290:001;
2291:001;
2292:002;
2293:002;
2294:002;
2295:002;
2296:002;
2297:002;
2298:002;
2299:002;
2300:002;
2301:002;
2302:002;
2303:002;
2304:002;
2305:002;
2306:002;
2307:002;
2308:002;
2309:002;
2310:002;
2311:002;
2312:002;
2313:002;
2314:002;
2315:002;
2316:002;
2317:002;
2318:002;
2319:002;
2320:002;
2321:002;
2322:002;
2323:002;
2324:002;
2325:002;
2326:002;
2327:002;
2328:002;
2329:002;
2330:002;
2331:002;
2332:002;
2333:002;
2334:002;
2335:002;
2336:002;
2337:002;
2338:002;
2339:002;
2340:002;
2341:002;
2342:002;
2343:002;
2344:002;
2345:002;
2346:002;
2347:002;
2348:002;
2349:002;
2350:002;
2351:002;
2352:001;
2353:001;
2354:002;
2355:002;
2356:002;
2357:002;
2358:002;
2359:002;
2360:002;
2361:002;
2362:002;
2363:002;
2364:002;
2365:002;
2366:002;
2367:002;
2368:002;
2369:002;
2370:002;
2371:002;
2372:002;
2373:002;
2374:002;
2375:002;
2376:002;
2377:002;
2378:002;
2379:002;
2380:002;
2381:002;
2382:002;
2383:002;
2384:002;
2385:002;
2386:002;
2387:002;
2388:002;
2389:002;
2390:002;
2391:002;
2392:002;
2393:002;
2394:002;
2395:002;
2396:002;
2397:002;
2398:002;
2399:002;
2400:002;
2401:002;
2402:002;
2403:002;
2404:002;
2405:002;
2406:002;
2407:002;
2408:002;
2409:002;
2410:002;
2411:002;
2412:002;
2413:002;
2414:002;
2415:002;
2416:001;
2417:001;
2418:002;
2419:002;
2420:002;
2421:002;
2422:002;
2423:002;
2424:002;
2425:002;
2426:002;
2427:002;
2428:002;
2429:002;
2430:002;
2431:002;
2432:002;
2433:002;
2434:002;
2435:002;
2436:002;
2437:002;
2438:002;
2439:002;
2440:002;
2441:002;
2442:002;
2443:002;
2444:002;
2445:002;
2446:002;
2447:002;
2448:002;
2449:002;
2450:002;
2451:002;
2452:002;
2453:002;
2454:002;
2455:002;
2456:002;
2457:002;
2458:002;
2459:002;
2460:002;
2461:002;
2462:002;
2463:002;
2464:002;
2465:002;
2466:002;
2467:002;
2468:002;
2469:002;
2470:002;
2471:002;
2472:002;
2473:002;
2474:002;
2475:002;
2476:002;
2477:002;
2478:001;
2479:001;
2480:002;
2481:002;
2482:002;
2483:002;
2484:002;
2485:002;
2486:002;
2487:002;
2488:002;
2489:002;
2490:002;
2491:002;
2492:002;
2493:002;
2494:002;
2495:002;
2496:002;
2497:002;
2498:002;
2499:002;
2500:002;
2501:002;
2502:002;
2503:002;
2504:002;
2505:002;
2506:002;
2507:002;
2508:002;
2509:002;
2510:002;
2511:002;
2512:002;
2513:002;
2514:002;
2515:002;
2516:002;
2517:002;
2518:002;
2519:002;
2520:002;
2521:002;
2522:002;
2523:002;
2524:002;
2525:002;
2526:002;
2527:002;
2528:002;
2529:002;
2530:002;
2531:002;
2532:002;
2533:002;
2534:002;
2535:002;
2536:002;
2537:002;
2538:002;
2539:002;
2540:002;
2541:002;
2542:001;
2543:001;
2544:002;
2545:002;
2546:002;
2547:002;
2548:002;
2549:002;
2550:002;
2551:002;
2552:002;
2553:002;
2554:002;
2555:002;
2556:002;
2557:002;
2558:002;
2559:002;
2560:003;
2561:003;
2562:003;
2563:003;
2564:003;
2565:003;
2566:003;
2567:003;
2568:003;
2569:003;
2570:003;
2571:003;
2572:003;
2573:003;
2574:003;
2575:003;
2576:003;
2577:003;
2578:003;
2579:003;
2580:003;
2581:003;
2582:003;
2583:003;
2584:003;
2585:003;
2586:003;
2587:003;
2588:003;
2589:003;
2590:003;
2591:003;
2592:003;
2593:003;
2594:003;
2595:003;
2596:003;
2597:003;
2598:003;
2599:003;
2600:003;
2601:003;
2602:003;
2603:003;
2604:003;
2605:003;
2606:003;
2607:003;
2608:003;
2609:003;
2610:003;
2611:003;
2612:003;
2613:003;
2614:003;
2615:003;
2616:003;
2617:003;
2618:003;
2619:003;
2620:003;
2621:003;
2622:003;
2623:003;
2624:003;
2625:003;
2626:003;
2627:003;
2628:003;
2629:003;
2630:003;
2631:003;
2632:003;
2633:003;
2634:003;
2635:003;
2636:003;
2637:003;
2638:003;
2639:003;
2640:003;
2641:003;
2642:003;
2643:003;
2644:003;
2645:003;
2646:003;
2647:003;
2648:003;
2649:003;
2650:003;
2651:003;
2652:003;
2653:003;
2654:003;
2655:003;
2656:003;
2657:003;
2658:003;
2659:003;
2660:003;
2661:003;
2662:003;
2663:003;
2664:003;
2665:003;
2666:003;
2667:003;
2668:003;
2669:003;
2670:003;
2671:003;
2672:003;
2673:003;
2674:003;
2675:003;
2676:003;
2677:003;
2678:003;
2679:003;
2680:003;
2681:003;
2682:003;
2683:003;
2684:003;
2685:003;
2686:003;
2687:003;
2688:003;
2689:003;
2690:003;
2691:003;
2692:003;
2693:003;
2694:003;
2695:003;
2696:003;
2697:003;
2698:003;
2699:003;
2700:003;
2701:003;
2702:003;
2703:003;
2704:003;
2705:003;
2706:003;
2707:003;
2708:003;
2709:003;
2710:003;
2711:003;
2712:003;
2713:003;
2714:003;
2715:003;
2716:003;
2717:003;
2718:003;
2719:003;
2720:003;
2721:003;
2722:003;
2723:003;
2724:003;
2725:003;
2726:003;
2727:003;
2728:003;
2729:003;
2730:003;
2731:003;
2732:003;
2733:003;
2734:003;
2735:003;
2736:003;
2737:003;
2738:003;
2739:003;
2740:003;
2741:003;
2742:003;
2743:003;
2744:003;
2745:003;
2746:003;
2747:003;
2748:003;
2749:003;
2750:003;
2751:003;
2752:003;
2753:003;
2754:003;
2755:003;
2756:003;
2757:003;
2758:003;
2759:003;
2760:003;
2761:003;
2762:003;
2763:003;
2764:003;
2765:003;
2766:003;
2767:003;
2768:003;
2769:003;
2770:003;
2771:003;
2772:003;
2773:003;
2774:003;
2775:003;
2776:003;
2777:003;
2778:003;
2779:003;
2780:003;
2781:003;
2782:003;
2783:003;
2784:003;
2785:003;
2786:003;
2787:003;
2788:003;
2789:003;
2790:003;
2791:003;
2792:003;
2793:003;
2794:003;
2795:003;
2796:003;
2797:003;
2798:003;
2799:003;
2800:003;
2801:003;
2802:003;
2803:003;
2804:003;
2805:003;
2806:003;
2807:003;
2808:003;
2809:003;
2810:003;
2811:003;
2812:003;
2813:003;
2814:003;
2815:003;
2816:003;
2817:003;
2818:003;
2819:003;
2820:003;
2821:003;
2822:003;
2823:003;
2824:003;
2825:003;
2826:003;
2827:003;
2828:003;
2829:003;
2830:003;
2831:003;
2832:003;
2833:003;
2834:003;
2835:003;
2836:003;
2837:003;
2838:003;
2839:003;
2840:003;
2841:003;
2842:003;
2843:003;
2844:003;
2845:003;
2846:003;
2847:003;
2848:003;
2849:003;
2850:003;
2851:003;
2852:003;
2853:003;
2854:003;
2855:003;
2856:003;
2857:003;
2858:003;
2859:003;
2860:003;
2861:003;
2862:003;
2863:003;
2864:003;
2865:003;
2866:003;
2867:003;
2868:003;
2869:003;
2870:003;
2871:003;
2872:003;
2873:003;
2874:003;
2875:003;
2876:003;
2877:003;
2878:003;
2879:003;
2880:003;
2881:003;
2882:003;
2883:003;
2884:003;
2885:003;
2886:003;
2887:003;
2888:003;
2889:003;
2890:003;
2891:003;
2892:003;
2893:003;
2894:003;
2895:003;
2896:003;
2897:003;
2898:003;
2899:003;
2900:003;
2901:003;
2902:003;
2903:003;
2904:003;
2905:003;
2906:003;
2907:003;
2908:003;
2909:003;
2910:003;
2911:003;
2912:003;
2913:003;
2914:003;
2915:003;
2916:003;
2917:003;
2918:003;
2919:003;
2920:003;
2921:003;
2922:003;
2923:003;
2924:003;
2925:003;
2926:003;
2927:003;
2928:003;
2929:003;
2930:003;
2931:003;
2932:003;
2933:003;
2934:003;
2935:003;
2936:003;
2937:003;
2938:003;
2939:003;
2940:003;
2941:003;
2942:003;
2943:003;
2944:003;
2945:003;
2946:003;
2947:003;
2948:003;
2949:003;
2950:003;
2951:003;
2952:003;
2953:003;
2954:003;
2955:003;
2956:003;
2957:003;
2958:003;
2959:003;
2960:003;
2961:003;
2962:003;
2963:003;
2964:003;
2965:003;
2966:003;
2967:003;
2968:003;
2969:003;
2970:003;
2971:003;
2972:003;
2973:003;
2974:003;
2975:003;
2976:003;
2977:003;
2978:003;
2979:003;
2980:003;
2981:003;
2982:003;
2983:003;
2984:003;
2985:003;
2986:003;
2987:003;
2988:003;
2989:003;
2990:003;
2991:003;
2992:003;
2993:003;
2994:003;
2995:003;
2996:003;
2997:003;
2998:003;
2999:003;
3000:003;
3001:003;
3002:003;
3003:003;
3004:003;
3005:003;
3006:003;
3007:003;
3008:003;
3009:003;
3010:003;
3011:003;
3012:003;
3013:003;
3014:003;
3015:003;
3016:003;
3017:003;
3018:003;
3019:003;
3020:003;
3021:003;
3022:003;
3023:003;
3024:003;
3025:003;
3026:003;
3027:003;
3028:003;
3029:003;
3030:003;
3031:003;
3032:003;
3033:003;
3034:003;
3035:003;
3036:003;
3037:003;
3038:003;
3039:003;
3040:003;
3041:003;
3042:003;
3043:003;
3044:003;
3045:003;
3046:003;
3047:003;
3048:003;
3049:003;
3050:003;
3051:003;
3052:003;
3053:003;
3054:003;
3055:003;
3056:003;
3057:003;
3058:003;
3059:003;
3060:003;
3061:003;
3062:003;
3063:003;
3064:003;
3065:003;
3066:003;
3067:003;
3068:003;
3069:003;
3070:003;
3071:003;
3072:003;
3073:003;
3074:003;
3075:003;
3076:003;
3077:003;
3078:003;
3079:003;
3080:003;
3081:003;
3082:003;
3083:003;
3084:003;
3085:003;
3086:003;
3087:003;
3088:003;
3089:003;
3090:003;
3091:003;
3092:003;
3093:003;
3094:003;
3095:003;
3096:003;
3097:003;
3098:003;
3099:003;
3100:003;
3101:003;
3102:003;
3103:003;
3104:003;
3105:003;
3106:003;
3107:003;
3108:003;
3109:003;
3110:003;
3111:003;
3112:003;
3113:003;
3114:003;
3115:003;
3116:003;
3117:003;
3118:003;
3119:003;
3120:003;
3121:003;
3122:003;
3123:003;
3124:003;
3125:003;
3126:003;
3127:003;
3128:003;
3129:003;
3130:003;
3131:003;
3132:003;
3133:003;
3134:003;
3135:003;
3136:003;
3137:003;
3138:003;
3139:003;
3140:003;
3141:003;
3142:003;
3143:003;
3144:003;
3145:003;
3146:003;
3147:003;
3148:003;
3149:003;
3150:003;
3151:003;
3152:003;
3153:003;
3154:003;
3155:003;
3156:003;
3157:003;
3158:003;
3159:003;
3160:003;
3161:003;
3162:003;
3163:003;
3164:003;
3165:003;
3166:003;
3167:003;
3168:003;
3169:003;
3170:003;
3171:003;
3172:003;
3173:003;
3174:003;
3175:003;
3176:003;
3177:003;
3178:003;
3179:003;
3180:003;
3181:003;
3182:003;
3183:003;
3184:003;
3185:003;
3186:003;
3187:003;
3188:003;
3189:003;
3190:003;
3191:003;
3192:003;
3193:003;
3194:003;
3195:003;
3196:003;
3197:003;
3198:003;
3199:003;
3200:003;
3201:003;
3202:003;
3203:003;
3204:003;
3205:003;
3206:003;
3207:003;
3208:003;
3209:003;
3210:003;
3211:003;
3212:003;
3213:003;
3214:003;
3215:003;
3216:003;
3217:003;
3218:003;
3219:003;
3220:003;
3221:003;
3222:003;
3223:003;
3224:003;
3225:003;
3226:003;
3227:003;
3228:003;
3229:003;
3230:003;
3231:003;
3232:003;
3233:003;
3234:003;
3235:003;
3236:003;
3237:003;
3238:003;
3239:003;
3240:003;
3241:003;
3242:003;
3243:003;
3244:003;
3245:003;
3246:003;
3247:003;
3248:003;
3249:003;
3250:003;
3251:003;
3252:003;
3253:003;
3254:003;
3255:003;
3256:003;
3257:003;
3258:003;
3259:003;
3260:003;
3261:003;
3262:003;
3263:003;
3264:003;
3265:003;
3266:003;
3267:003;
3268:003;
3269:003;
3270:003;
3271:003;
3272:003;
3273:003;
3274:003;
3275:003;
3276:003;
3277:003;
3278:003;
3279:003;
3280:003;
3281:003;
3282:003;
3283:003;
3284:003;
3285:003;
3286:003;
3287:003;
3288:003;
3289:003;
3290:003;
3291:003;
3292:003;
3293:003;
3294:003;
3295:003;
3296:003;
3297:003;
3298:003;
3299:003;
3300:003;
3301:003;
3302:003;
3303:003;
3304:003;
3305:003;
3306:003;
3307:003;
3308:003;
3309:003;
3310:003;
3311:003;
3312:003;
3313:003;
3314:003;
3315:003;
3316:003;
3317:003;
3318:003;
3319:003;
3320:003;
3321:003;
3322:003;
3323:003;
3324:003;
3325:003;
3326:003;
3327:003;
3328:003;
3329:003;
3330:003;
3331:003;
3332:003;
3333:003;
3334:003;
3335:003;
3336:003;
3337:003;
3338:003;
3339:003;
3340:003;
3341:003;
3342:003;
3343:003;
3344:003;
3345:003;
3346:003;
3347:003;
3348:003;
3349:003;
3350:003;
3351:003;
3352:003;
3353:003;
3354:003;
3355:003;
3356:003;
3357:003;
3358:003;
3359:003;
3360:003;
3361:003;
3362:003;
3363:003;
3364:003;
3365:003;
3366:003;
3367:003;
3368:003;
3369:003;
3370:003;
3371:003;
3372:003;
3373:003;
3374:003;
3375:003;
3376:003;
3377:003;
3378:003;
3379:003;
3380:003;
3381:003;
3382:003;
3383:003;
3384:003;
3385:003;
3386:003;
3387:003;
3388:003;
3389:003;
3390:003;
3391:003;
3392:003;
3393:003;
3394:003;
3395:003;
3396:003;
3397:003;
3398:003;
3399:003;
3400:003;
3401:003;
3402:003;
3403:003;
3404:003;
3405:003;
3406:003;
3407:003;
3408:003;
3409:003;
3410:003;
3411:003;
3412:003;
3413:003;
3414:003;
3415:003;
3416:003;
3417:003;
3418:003;
3419:003;
3420:003;
3421:003;
3422:003;
3423:003;
3424:003;
3425:003;
3426:003;
3427:003;
3428:003;
3429:003;
3430:003;
3431:003;
3432:003;
3433:003;
3434:003;
3435:003;
3436:003;
3437:003;
3438:003;
3439:003;
3440:003;
3441:003;
3442:003;
3443:003;
3444:003;
3445:003;
3446:003;
3447:003;
3448:003;
3449:003;
3450:003;
3451:003;
3452:003;
3453:003;
3454:003;
3455:003;
3456:003;
3457:003;
3458:003;
3459:003;
3460:003;
3461:003;
3462:003;
3463:003;
3464:003;
3465:003;
3466:003;
3467:003;
3468:003;
3469:003;
3470:003;
3471:003;
3472:003;
3473:003;
3474:003;
3475:003;
3476:003;
3477:003;
3478:003;
3479:003;
3480:003;
3481:003;
3482:003;
3483:003;
3484:003;
3485:003;
3486:003;
3487:003;
3488:003;
3489:003;
3490:003;
3491:003;
3492:003;
3493:003;
3494:003;
3495:003;
3496:003;
3497:003;
3498:003;
3499:003;
3500:003;
3501:003;
3502:003;
3503:003;
3504:003;
3505:003;
3506:003;
3507:003;
3508:003;
3509:003;
3510:003;
3511:003;
3512:003;
3513:003;
3514:003;
3515:003;
3516:003;
3517:003;
3518:003;
3519:003;
3520:003;
3521:003;
3522:003;
3523:003;
3524:003;
3525:003;
3526:003;
3527:003;
3528:003;
3529:003;
3530:003;
3531:003;
3532:003;
3533:003;
3534:003;
3535:003;
3536:003;
3537:003;
3538:003;
3539:003;
3540:003;
3541:003;
3542:003;
3543:003;
3544:003;
3545:003;
3546:003;
3547:003;
3548:003;
3549:003;
3550:003;
3551:003;
3552:003;
3553:003;
3554:003;
3555:003;
3556:003;
3557:003;
3558:003;
3559:003;
3560:003;
3561:003;
3562:003;
3563:003;
3564:003;
3565:003;
3566:003;
3567:003;
3568:003;
3569:003;
3570:003;
3571:003;
3572:003;
3573:003;
3574:003;
3575:003;
3576:003;
3577:003;
3578:003;
3579:003;
3580:003;
3581:003;
3582:003;
3583:003;
3584:003;
3585:003;
3586:003;
3587:003;
3588:003;
3589:003;
3590:003;
3591:003;
3592:003;
3593:003;
3594:003;
3595:003;
3596:003;
3597:003;
3598:003;
3599:003;
3600:003;
3601:003;
3602:003;
3603:003;
3604:003;
3605:003;
3606:003;
3607:003;
3608:003;
3609:003;
3610:003;
3611:003;
3612:003;
3613:003;
3614:003;
3615:003;
3616:003;
3617:003;
3618:003;
3619:003;
3620:003;
3621:003;
3622:003;
3623:003;
3624:003;
3625:003;
3626:003;
3627:003;
3628:003;
3629:003;
3630:003;
3631:003;
3632:003;
3633:003;
3634:003;
3635:003;
3636:003;
3637:003;
3638:003;
3639:003;
3640:003;
3641:003;
3642:003;
3643:003;
3644:003;
3645:003;
3646:003;
3647:003;
3648:003;
3649:003;
3650:003;
3651:003;
3652:003;
3653:003;
3654:003;
3655:003;
3656:003;
3657:003;
3658:003;
3659:003;
3660:003;
3661:003;
3662:003;
3663:003;
3664:003;
3665:003;
3666:003;
3667:003;
3668:003;
3669:003;
3670:003;
3671:003;
3672:003;
3673:003;
3674:003;
3675:003;
3676:003;
3677:003;
3678:003;
3679:003;
3680:003;
3681:003;
3682:003;
3683:003;
3684:003;
3685:003;
3686:003;
3687:003;
3688:003;
3689:003;
3690:003;
3691:003;
3692:003;
3693:003;
3694:003;
3695:003;
3696:003;
3697:003;
3698:003;
3699:003;
3700:003;
3701:003;
3702:003;
3703:003;
3704:003;
3705:003;
3706:003;
3707:003;
3708:003;
3709:003;
3710:003;
3711:003;
3712:003;
3713:003;
3714:003;
3715:003;
3716:003;
3717:003;
3718:003;
3719:003;
3720:003;
3721:003;
3722:003;
3723:003;
3724:003;
3725:003;
3726:003;
3727:003;
3728:003;
3729:003;
3730:003;
3731:003;
3732:003;
3733:003;
3734:003;
3735:003;
3736:003;
3737:003;
3738:003;
3739:003;
3740:003;
3741:003;
3742:003;
3743:003;
3744:003;
3745:003;
3746:003;
3747:003;
3748:003;
3749:003;
3750:003;
3751:003;
3752:003;
3753:003;
3754:003;
3755:003;
3756:003;
3757:003;
3758:003;
3759:003;
3760:003;
3761:003;
3762:003;
3763:003;
3764:003;
3765:003;
3766:003;
3767:003;
3768:003;
3769:003;
3770:003;
3771:003;
3772:003;
3773:003;
3774:003;
3775:003;
3776:003;
3777:003;
3778:003;
3779:003;
3780:003;
3781:003;
3782:003;
3783:003;
3784:003;
3785:003;
3786:003;
3787:003;
3788:003;
3789:003;
3790:003;
3791:003;
3792:003;
3793:003;
3794:003;
3795:003;
3796:003;
3797:003;
3798:003;
3799:003;
3800:003;
3801:003;
3802:003;
3803:003;
3804:003;
3805:003;
3806:003;
3807:003;
3808:003;
3809:003;
3810:003;
3811:003;
3812:003;
3813:003;
3814:003;
3815:003;
3816:003;
3817:003;
3818:003;
3819:003;
3820:003;
3821:003;
3822:003;
3823:003;
3824:003;
3825:003;
3826:003;
3827:003;
3828:003;
3829:003;
3830:003;
3831:003;
3832:003;
3833:003;
3834:003;
3835:003;
3836:003;
3837:003;
3838:003;
3839:003;
3840:003;
3841:003;
3842:003;
3843:003;
3844:003;
3845:003;
3846:003;
3847:003;
3848:003;
3849:003;
3850:003;
3851:003;
3852:003;
3853:003;
3854:003;
3855:003;
3856:003;
3857:003;
3858:003;
3859:003;
3860:003;
3861:003;
3862:003;
3863:003;
3864:003;
3865:003;
3866:003;
3867:003;
3868:003;
3869:003;
3870:003;
3871:003;
3872:003;
3873:003;
3874:003;
3875:003;
3876:003;
3877:003;
3878:003;
3879:003;
3880:003;
3881:003;
3882:003;
3883:003;
3884:003;
3885:003;
3886:003;
3887:003;
3888:003;
3889:003;
3890:003;
3891:003;
3892:003;
3893:003;
3894:003;
3895:003;
3896:003;
3897:003;
3898:003;
3899:003;
3900:003;
3901:003;
3902:003;
3903:003;
3904:003;
3905:003;
3906:003;
3907:003;
3908:003;
3909:003;
3910:003;
3911:003;
3912:003;
3913:003;
3914:003;
3915:003;
3916:003;
3917:003;
3918:003;
3919:003;
3920:003;
3921:003;
3922:003;
3923:003;
3924:003;
3925:003;
3926:003;
3927:003;
3928:003;
3929:003;
3930:003;
3931:003;
3932:003;
3933:003;
3934:003;
3935:003;
3936:003;
3937:003;
3938:003;
3939:003;
3940:003;
3941:003;
3942:003;
3943:003;
3944:003;
3945:003;
3946:003;
3947:003;
3948:003;
3949:003;
3950:003;
3951:003;
3952:003;
3953:003;
3954:003;
3955:003;
3956:003;
3957:003;
3958:003;
3959:003;
3960:003;
3961:003;
3962:003;
3963:003;
3964:003;
3965:003;
3966:003;
3967:003;
3968:003;
3969:003;
3970:003;
3971:003;
3972:003;
3973:003;
3974:003;
3975:003;
3976:003;
3977:003;
3978:003;
3979:003;
3980:003;
3981:003;
3982:003;
3983:003;
3984:003;
3985:003;
3986:003;
3987:003;
3988:003;
3989:003;
3990:003;
3991:003;
3992:003;
3993:003;
3994:003;
3995:003;
3996:003;
3997:003;
3998:003;
3999:003;
4000:003;
4001:003;
4002:003;
4003:003;
4004:003;
4005:003;
4006:003;
4007:003;
4008:003;
4009:003;
4010:003;
4011:003;
4012:003;
4013:003;
4014:003;
4015:003;
4016:003;
4017:003;
4018:003;
4019:003;
4020:003;
4021:003;
4022:003;
4023:003;
4024:003;
4025:003;
4026:003;
4027:003;
4028:003;
4029:003;
4030:003;
4031:003;
4032:003;
4033:003;
4034:003;
4035:003;
4036:003;
4037:003;
4038:003;
4039:003;
4040:003;
4041:003;
4042:003;
4043:003;
4044:003;
4045:003;
4046:003;
4047:003;
4048:003;
4049:003;
4050:003;
4051:003;
4052:003;
4053:003;
4054:003;
4055:003;
4056:003;
4057:003;
4058:003;
4059:003;
4060:003;
4061:003;
4062:003;
4063:003;
4064:003;
4065:003;
4066:003;
4067:003;
4068:003;
4069:003;
4070:003;
4071:003;
4072:003;
4073:003;
4074:003;
4075:003;
4076:003;
4077:003;
4078:003;
4079:003;
4080:003;
4081:003;
4082:003;
4083:003;
4084:003;
4085:003;
4086:003;
4087:003;
4088:003;
4089:003;
4090:003;
4091:003;
4092:003;
4093:003;
4094:003;
4095:003;
4096:003;
4097:003;
4098:003;
4099:003;
4100:003;
4101:003;
4102:003;
4103:003;
4104:003;
4105:003;
4106:003;
4107:003;
4108:003;
4109:003;
4110:003;
4111:003;
4112:003;
4113:003;
4114:003;
4115:003;
4116:003;
4117:003;
4118:003;
4119:003;
4120:003;
4121:003;
4122:003;
4123:003;
4124:003;
4125:003;
4126:003;
4127:003;
4128:003;
4129:003;
4130:003;
4131:003;
4132:003;
4133:003;
4134:003;
4135:003;
4136:003;
4137:003;
4138:003;
4139:003;
4140:003;
4141:003;
4142:003;
4143:003;
4144:003;
4145:003;
4146:003;
4147:003;
4148:003;
4149:003;
4150:003;
4151:003;
4152:003;
4153:003;
4154:003;
4155:003;
4156:003;
4157:003;
4158:003;
4159:003;
4160:003;
4161:003;
4162:003;
4163:003;
4164:003;
4165:003;
4166:003;
4167:003;
4168:003;
4169:003;
4170:003;
4171:003;
4172:003;
4173:003;
4174:003;
4175:003;
4176:003;
4177:003;
4178:003;
4179:003;
4180:003;
4181:003;
4182:003;
4183:003;
4184:003;
4185:003;
4186:003;
4187:003;
4188:003;
4189:003;
4190:003;
4191:003;
4192:003;
4193:003;
4194:003;
4195:003;
4196:003;
4197:003;
4198:003;
4199:003;
4200:003;
4201:003;
4202:003;
4203:003;
4204:003;
4205:003;
4206:003;
4207:003;
4208:003;
4209:003;
4210:003;
4211:003;
4212:003;
4213:003;
4214:003;
4215:003;
4216:003;
4217:003;
4218:003;
4219:003;
4220:003;
4221:003;
4222:003;
4223:003;
4224:003;
4225:003;
4226:003;
4227:003;
4228:003;
4229:003;
4230:003;
4231:003;
4232:003;
4233:003;
4234:003;
4235:003;
4236:003;
4237:003;
4238:003;
4239:003;
4240:003;
4241:003;
4242:003;
4243:003;
4244:003;
4245:003;
4246:003;
4247:003;
4248:003;
4249:003;
4250:003;
4251:003;
4252:003;
4253:003;
4254:003;
4255:003;
4256:003;
4257:003;
4258:003;
4259:003;
4260:003;
4261:003;
4262:003;
4263:003;
4264:003;
4265:003;
4266:003;
4267:003;
4268:003;
4269:003;
4270:003;
4271:003;
4272:003;
4273:003;
4274:003;
4275:003;
4276:003;
4277:003;
4278:003;
4279:003;
4280:003;
4281:003;
4282:003;
4283:003;
4284:003;
4285:003;
4286:003;
4287:003;
4288:003;
4289:003;
4290:003;
4291:003;
4292:003;
4293:003;
4294:003;
4295:003;
4296:003;
4297:003;
4298:003;
4299:003;
4300:003;
4301:003;
4302:003;
4303:003;
4304:003;
4305:003;
4306:003;
4307:003;
4308:003;
4309:003;
4310:003;
4311:003;
4312:003;
4313:003;
4314:003;
4315:003;
4316:003;
4317:003;
4318:003;
4319:003;
4320:003;
4321:003;
4322:003;
4323:003;
4324:003;
4325:003;
4326:003;
4327:003;
4328:003;
4329:003;
4330:003;
4331:003;
4332:003;
4333:003;
4334:003;
4335:003;
4336:003;
4337:003;
4338:003;
4339:003;
4340:003;
4341:003;
4342:003;
4343:003;
4344:003;
4345:003;
4346:003;
4347:003;
4348:003;
4349:003;
4350:003;
4351:003;
4352:003;
4353:003;
4354:003;
4355:003;
4356:003;
4357:003;
4358:003;
4359:003;
4360:003;
4361:003;
4362:003;
4363:003;
4364:003;
4365:003;
4366:003;
4367:003;
4368:003;
4369:003;
4370:003;
4371:003;
4372:003;
4373:003;
4374:003;
4375:003;
4376:003;
4377:003;
4378:003;
4379:003;
4380:003;
4381:003;
4382:003;
4383:003;
4384:003;
4385:003;
4386:003;
4387:003;
4388:003;
4389:003;
4390:003;
4391:003;
4392:003;
4393:003;
4394:003;
4395:003;
4396:003;
4397:003;
4398:003;
4399:003;
4400:003;
4401:003;
4402:003;
4403:003;
4404:003;
4405:003;
4406:003;
4407:003;
4408:003;
4409:003;
4410:003;
4411:003;
4412:003;
4413:003;
4414:003;
4415:003;
4416:003;
4417:003;
4418:003;
4419:003;
4420:003;
4421:003;
4422:003;
4423:003;
4424:003;
4425:003;
4426:003;
4427:003;
4428:003;
4429:003;
4430:003;
4431:003;
4432:003;
4433:003;
4434:003;
4435:003;
4436:003;
4437:003;
4438:003;
4439:003;
4440:003;
4441:003;
4442:003;
4443:003;
4444:003;
4445:003;
4446:003;
4447:003;
4448:003;
4449:003;
4450:003;
4451:003;
4452:003;
4453:003;
4454:003;
4455:003;
4456:003;
4457:003;
4458:003;
4459:003;
4460:003;
4461:003;
4462:003;
4463:003;
4464:003;
4465:003;
4466:003;
4467:003;
4468:003;
4469:003;
4470:003;
4471:003;
4472:003;
4473:003;
4474:003;
4475:003;
4476:003;
4477:003;
4478:003;
4479:003;
4480:003;
4481:003;
4482:003;
4483:003;
4484:003;
4485:003;
4486:003;
4487:003;
4488:003;
4489:003;
4490:003;
4491:003;
4492:003;
4493:003;
4494:003;
4495:003;
4496:003;
4497:003;
4498:003;
4499:003;
4500:003;
4501:003;
4502:003;
4503:003;
4504:003;
4505:003;
4506:003;
4507:003;
4508:003;
4509:003;
4510:003;
4511:003;
4512:003;
4513:003;
4514:003;
4515:003;
4516:003;
4517:003;
4518:003;
4519:003;
4520:003;
4521:003;
4522:003;
4523:003;
4524:003;
4525:003;
4526:003;
4527:003;
4528:003;
4529:003;
4530:003;
4531:003;
4532:003;
4533:003;
4534:003;
4535:003;
4536:003;
4537:003;
4538:003;
4539:003;
4540:003;
4541:003;
4542:003;
4543:003;
4544:003;
4545:003;
4546:003;
4547:003;
4548:003;
4549:003;
4550:003;
4551:003;
4552:003;
4553:003;
4554:003;
4555:003;
4556:003;
4557:003;
4558:003;
4559:003;
4560:003;
4561:003;
4562:003;
4563:003;
4564:003;
4565:003;
4566:003;
4567:003;
4568:003;
4569:003;
4570:003;
4571:003;
4572:003;
4573:003;
4574:003;
4575:003;
4576:003;
4577:003;
4578:003;
4579:003;
4580:003;
4581:003;
4582:003;
4583:003;
4584:003;
4585:003;
4586:003;
4587:003;
4588:003;
4589:003;
4590:003;
4591:003;
4592:003;
4593:003;
4594:003;
4595:003;
4596:003;
4597:003;
4598:003;
4599:003;
4600:003;
4601:003;
4602:003;
4603:003;
4604:003;
4605:003;
4606:003;
4607:003;
4608:003;
4609:003;
4610:003;
4611:003;
4612:003;
4613:003;
4614:003;
4615:003;
4616:003;
4617:003;
4618:003;
4619:003;
4620:003;
4621:003;
4622:003;
4623:003;
4624:003;
4625:003;
4626:003;
4627:003;
4628:003;
4629:003;
4630:003;
4631:003;
4632:003;
4633:003;
4634:003;
4635:003;
4636:003;
4637:003;
4638:003;
4639:003;
4640:003;
4641:003;
4642:003;
4643:003;
4644:003;
4645:003;
4646:003;
4647:003;
4648:003;
4649:003;
4650:003;
4651:003;
4652:003;
4653:003;
4654:003;
4655:003;
4656:003;
4657:003;
4658:003;
4659:003;
4660:003;
4661:003;
4662:003;
4663:003;
4664:003;
4665:003;
4666:003;
4667:003;
4668:003;
4669:003;
4670:003;
4671:003;
4672:003;
4673:003;
4674:003;
4675:003;
4676:003;
4677:003;
4678:003;
4679:003;
4680:003;
4681:003;
4682:003;
4683:003;
4684:003;
4685:003;
4686:003;
4687:003;
4688:003;
4689:003;
4690:003;
4691:003;
4692:003;
4693:003;
4694:003;
4695:003;
4696:003;
4697:003;
4698:003;
4699:003;
4700:003;
4701:003;
4702:003;
4703:003;
4704:003;
4705:003;
4706:003;
4707:003;
4708:003;
4709:003;
4710:003;
4711:003;
4712:003;
4713:003;
4714:003;
4715:003;
4716:003;
4717:003;
4718:003;
4719:003;
4720:003;
4721:003;
4722:003;
4723:003;
4724:003;
4725:003;
4726:003;
4727:003;
4728:003;
4729:003;
4730:003;
4731:003;
4732:003;
4733:003;
4734:003;
4735:003;
4736:003;
4737:003;
4738:003;
4739:003;
4740:003;
4741:003;
4742:003;
4743:003;
4744:003;
4745:003;
4746:003;
4747:003;
4748:003;
4749:003;
4750:003;
4751:003;
4752:003;
4753:003;
4754:003;
4755:003;
4756:003;
4757:003;
4758:003;
4759:003;
4760:003;
4761:003;
4762:003;
4763:003;
4764:003;
4765:003;
4766:003;
4767:003;
4768:003;
4769:003;
4770:003;
4771:003;
4772:003;
4773:003;
4774:003;
4775:003;
4776:003;
4777:003;
4778:003;
4779:003;
4780:003;
4781:003;
4782:003;
4783:003;
4784:003;
4785:003;
4786:003;
4787:003;
4788:003;
4789:003;
4790:003;
4791:003;
4792:003;
4793:003;
4794:003;
4795:003;
4796:003;
4797:003;
4798:003;
4799:003;
4800:003;
4801:003;
4802:003;
4803:003;
4804:003;
4805:003;
4806:003;
4807:003;
4808:003;
4809:003;
4810:003;
4811:003;
4812:003;
4813:003;
4814:003;
4815:003;
4816:003;
4817:003;
4818:003;
4819:003;
4820:003;
4821:003;
4822:003;
4823:003;
4824:003;
4825:003;
4826:003;
4827:003;
4828:003;
4829:003;
4830:003;
4831:003;
4832:003;
4833:003;
4834:003;
4835:003;
4836:003;
4837:003;
4838:003;
4839:003;
4840:003;
4841:003;
4842:003;
4843:003;
4844:003;
4845:003;
4846:003;
4847:003;
4848:003;
4849:003;
4850:003;
4851:003;
4852:003;
4853:003;
4854:003;
4855:003;
4856:003;
4857:003;
4858:003;
4859:003;
4860:003;
4861:003;
4862:003;
4863:003;
4864:003;
4865:003;
4866:003;
4867:003;
4868:003;
4869:003;
4870:003;
4871:003;
4872:003;
4873:003;
4874:003;
4875:003;
4876:003;
4877:003;
4878:003;
4879:003;
4880:003;
4881:003;
4882:003;
4883:003;
4884:003;
4885:003;
4886:003;
4887:003;
4888:003;
4889:003;
4890:003;
4891:003;
4892:003;
4893:003;
4894:003;
4895:003;
4896:003;
4897:003;
4898:003;
4899:003;
4900:003;
4901:003;
4902:003;
4903:003;
4904:003;
4905:003;
4906:003;
4907:003;
4908:003;
4909:003;
4910:003;
4911:003;
4912:003;
4913:003;
4914:003;
4915:003;
4916:003;
4917:003;
4918:003;
4919:003;
4920:003;
4921:003;
4922:003;
4923:003;
4924:003;
4925:003;
4926:003;
4927:003;
4928:003;
4929:003;
4930:003;
4931:003;
4932:003;
4933:003;
4934:003;
4935:003;
4936:003;
4937:003;
4938:003;
4939:003;
4940:003;
4941:003;
4942:003;
4943:003;
4944:003;
4945:003;
4946:003;
4947:003;
4948:003;
4949:003;
4950:003;
4951:003;
4952:003;
4953:003;
4954:003;
4955:003;
4956:003;
4957:003;
4958:003;
4959:003;
4960:003;
4961:003;
4962:003;
4963:003;
4964:003;
4965:003;
4966:003;
4967:003;
4968:003;
4969:003;
4970:003;
4971:003;
4972:003;
4973:003;
4974:003;
4975:003;
4976:003;
4977:003;
4978:003;
4979:003;
4980:003;
4981:003;
4982:003;
4983:003;
4984:003;
4985:003;
4986:003;
4987:003;
4988:003;
4989:003;
4990:003;
4991:003;
4992:003;
4993:003;
4994:003;
4995:003;
4996:003;
4997:003;
4998:003;
4999:003;
5000:003;
5001:003;
5002:003;
5003:003;
5004:003;
5005:003;
5006:003;
5007:003;
5008:003;
5009:003;
5010:003;
5011:003;
5012:003;
5013:003;
5014:003;
5015:003;
5016:003;
5017:003;
5018:003;
5019:003;
5020:003;
5021:003;
5022:003;
5023:003;
5024:003;
5025:003;
5026:003;
5027:003;
5028:003;
5029:003;
5030:003;
5031:003;
5032:003;
5033:003;
5034:003;
5035:003;
5036:003;
5037:003;
5038:003;
5039:003;
5040:003;
5041:003;
5042:003;
5043:003;
5044:003;
5045:003;
5046:003;
5047:003;
5048:003;
5049:003;
5050:003;
5051:003;
5052:003;
5053:003;
5054:003;
5055:003;
5056:003;
5057:003;
5058:003;
5059:003;
5060:003;
5061:003;
5062:003;
5063:003;
5064:003;
5065:003;
5066:003;
5067:003;
5068:003;
5069:003;
5070:003;
5071:003;
5072:003;
5073:003;
5074:003;
5075:003;
5076:003;
5077:003;
5078:003;
5079:003;
5080:003;
5081:003;
5082:003;
5083:003;
5084:003;
5085:003;
5086:003;
5087:003;
5088:003;
5089:003;
5090:003;
5091:003;
5092:003;
5093:003;
5094:003;
5095:003;
5096:003;
5097:003;
5098:003;
5099:003;
5100:003;
5101:003;
5102:003;
5103:003;
5104:003;
5105:003;
5106:003;
5107:003;
5108:003;
5109:003;
5110:003;
5111:003;
5112:003;
5113:003;
5114:003;
5115:003;
5116:003;
5117:003;
5118:003;
5119:003;
5120:003;
5121:003;
5122:003;
5123:003;
5124:003;
5125:003;
5126:003;
5127:003;
5128:003;
5129:003;
5130:003;
5131:003;
5132:003;
5133:003;
5134:003;
5135:003;
5136:003;
5137:003;
5138:003;
5139:003;
5140:003;
5141:003;
5142:003;
5143:003;
5144:003;
5145:003;
5146:003;
5147:003;
5148:003;
5149:003;
5150:003;
5151:003;
5152:003;
5153:003;
5154:003;
5155:003;
5156:003;
5157:003;
5158:003;
5159:003;
5160:003;
5161:003;
5162:003;
5163:003;
5164:003;
5165:003;
5166:003;
5167:003;
5168:003;
5169:003;
5170:003;
5171:003;
5172:003;
5173:003;
5174:003;
5175:003;
5176:003;
5177:003;
5178:003;
5179:003;
5180:003;
5181:003;
5182:003;
5183:003;
5184:003;
5185:003;
5186:003;
5187:003;
5188:003;
5189:003;
5190:003;
5191:003;
5192:003;
5193:003;
5194:003;
5195:003;
5196:003;
5197:003;
5198:003;
5199:003;
5200:003;
5201:003;
5202:003;
5203:003;
5204:003;
5205:003;
5206:003;
5207:003;
5208:003;
5209:003;
5210:003;
5211:003;
5212:003;
5213:003;
5214:003;
5215:003;
5216:003;
5217:003;
5218:003;
5219:003;
5220:003;
5221:003;
5222:003;
5223:003;
5224:003;
5225:003;
5226:003;
5227:003;
5228:003;
5229:003;
5230:003;
5231:003;
5232:003;
5233:003;
5234:003;
5235:003;
5236:003;
5237:003;
5238:003;
5239:003;
5240:003;
5241:003;
5242:003;
5243:003;
5244:003;
5245:003;
5246:003;
5247:003;
5248:003;
5249:003;
5250:003;
5251:003;
5252:003;
5253:003;
5254:003;
5255:003;
5256:003;
5257:003;
5258:003;
5259:003;
5260:003;
5261:003;
5262:003;
5263:003;
5264:003;
5265:003;
5266:003;
5267:003;
5268:003;
5269:003;
5270:003;
5271:003;
5272:003;
5273:003;
5274:003;
5275:003;
5276:003;
5277:003;
5278:003;
5279:003;
5280:003;
5281:003;
5282:003;
5283:003;
5284:003;
5285:003;
5286:003;
5287:003;
5288:003;
5289:003;
5290:003;
5291:003;
5292:003;
5293:003;
5294:003;
5295:003;
5296:003;
5297:003;
5298:003;
5299:003;
5300:003;
5301:003;
5302:003;
5303:003;
5304:003;
5305:003;
5306:003;
5307:003;
5308:003;
5309:003;
5310:003;
5311:003;
5312:003;
5313:003;
5314:003;
5315:003;
5316:003;
5317:003;
5318:003;
5319:003;
5320:003;
5321:003;
5322:003;
5323:003;
5324:003;
5325:003;
5326:003;
5327:003;
5328:003;
5329:003;
5330:003;
5331:003;
5332:003;
5333:003;
5334:003;
5335:003;
5336:003;
5337:003;
5338:003;
5339:003;
5340:003;
5341:003;
5342:003;
5343:003;
5344:003;
5345:003;
5346:003;
5347:003;
5348:003;
5349:003;
5350:003;
5351:003;
5352:003;
5353:003;
5354:003;
5355:003;
5356:003;
5357:003;
5358:003;
5359:003;
5360:003;
5361:003;
5362:003;
5363:003;
5364:003;
5365:003;
5366:003;
5367:003;
5368:003;
5369:003;
5370:003;
5371:003;
5372:003;
5373:003;
5374:003;
5375:003;
5376:003;
5377:003;
5378:003;
5379:003;
5380:003;
5381:003;
5382:003;
5383:003;
5384:003;
5385:003;
5386:003;
5387:003;
5388:003;
5389:003;
5390:003;
5391:003;
5392:003;
5393:003;
5394:003;
5395:003;
5396:003;
5397:003;
5398:003;
5399:003;
5400:003;
5401:003;
5402:003;
5403:003;
5404:003;
5405:003;
5406:003;
5407:003;
5408:003;
5409:003;
5410:003;
5411:003;
5412:003;
5413:003;
5414:003;
5415:003;
5416:003;
5417:003;
5418:003;
5419:003;
5420:003;
5421:003;
5422:003;
5423:003;
5424:003;
5425:003;
5426:003;
5427:003;
5428:003;
5429:003;
5430:003;
5431:003;
5432:003;
5433:003;
5434:003;
5435:003;
5436:003;
5437:003;
5438:003;
5439:003;
5440:003;
5441:003;
5442:003;
5443:003;
5444:003;
5445:003;
5446:003;
5447:003;
5448:003;
5449:003;
5450:003;
5451:003;
5452:003;
5453:003;
5454:003;
5455:003;
5456:003;
5457:003;
5458:003;
5459:003;
5460:003;
5461:003;
5462:003;
5463:003;
5464:003;
5465:003;
5466:003;
5467:003;
5468:003;
5469:003;
5470:003;
5471:003;
5472:003;
5473:003;
5474:003;
5475:003;
5476:003;
5477:003;
5478:003;
5479:003;
5480:003;
5481:003;
5482:003;
5483:003;
5484:003;
5485:003;
5486:003;
5487:003;
5488:003;
5489:003;
5490:003;
5491:003;
5492:003;
5493:003;
5494:003;
5495:003;
5496:003;
5497:003;
5498:003;
5499:003;
5500:003;
5501:003;
5502:003;
5503:003;
5504:003;
5505:003;
5506:003;
5507:003;
5508:003;
5509:003;
5510:003;
5511:003;
5512:003;
5513:003;
5514:003;
5515:003;
5516:003;
5517:003;
5518:003;
5519:003;
5520:003;
5521:003;
5522:003;
5523:003;
5524:003;
5525:003;
5526:003;
5527:003;
5528:003;
5529:003;
5530:003;
5531:003;
5532:003;
5533:003;
5534:003;
5535:003;
5536:003;
5537:003;
5538:003;
5539:003;
5540:003;
5541:003;
5542:003;
5543:003;
5544:003;
5545:003;
5546:003;
5547:003;
5548:003;
5549:003;
5550:003;
5551:003;
5552:003;
5553:003;
5554:003;
5555:003;
5556:003;
5557:003;
5558:003;
5559:003;
5560:003;
5561:003;
5562:003;
5563:003;
5564:003;
5565:003;
5566:003;
5567:003;
5568:003;
5569:003;
5570:003;
5571:003;
5572:003;
5573:003;
5574:003;
5575:003;
5576:003;
5577:003;
5578:003;
5579:003;
5580:003;
5581:003;
5582:003;
5583:003;
5584:003;
5585:003;
5586:003;
5587:003;
5588:003;
5589:003;
5590:003;
5591:003;
5592:003;
5593:003;
5594:003;
5595:003;
5596:003;
5597:003;
5598:003;
5599:003;
5600:003;
5601:003;
5602:003;
5603:003;
5604:003;
5605:003;
5606:003;
5607:003;
5608:003;
5609:003;
5610:003;
5611:003;
5612:003;
5613:003;
5614:003;
5615:003;
5616:003;
5617:003;
5618:003;
5619:003;
5620:003;
5621:003;
5622:003;
5623:003;
5624:003;
5625:003;
5626:003;
5627:003;
5628:003;
5629:003;
5630:003;
5631:003;
5632:003;
5633:003;
5634:003;
5635:003;
5636:003;
5637:003;
5638:003;
5639:003;
5640:003;
5641:003;
5642:003;
5643:003;
5644:003;
5645:003;
5646:003;
5647:003;
5648:003;
5649:003;
5650:003;
5651:003;
5652:003;
5653:003;
5654:003;
5655:003;
5656:003;
5657:003;
5658:003;
5659:003;
5660:003;
5661:003;
5662:003;
5663:003;
5664:003;
5665:003;
5666:003;
5667:003;
5668:003;
5669:003;
5670:003;
5671:003;
5672:003;
5673:003;
5674:003;
5675:003;
5676:003;
5677:003;
5678:003;
5679:003;
5680:003;
5681:003;
5682:003;
5683:003;
5684:003;
5685:003;
5686:003;
5687:003;
5688:003;
5689:003;
5690:003;
5691:003;
5692:003;
5693:003;
5694:003;
5695:003;
5696:003;
5697:003;
5698:003;
5699:003;
5700:003;
5701:003;
5702:003;
5703:003;
5704:003;
5705:003;
5706:003;
5707:003;
5708:003;
5709:003;
5710:003;
5711:003;
5712:003;
5713:003;
5714:003;
5715:003;
5716:003;
5717:003;
5718:003;
5719:003;
5720:003;
5721:003;
5722:003;
5723:003;
5724:003;
5725:003;
5726:003;
5727:003;
5728:003;
5729:003;
5730:003;
5731:003;
5732:003;
5733:003;
5734:003;
5735:003;
5736:003;
5737:003;
5738:003;
5739:003;
5740:003;
5741:003;
5742:003;
5743:003;
5744:003;
5745:003;
5746:003;
5747:003;
5748:003;
5749:003;
5750:003;
5751:003;
5752:003;
5753:003;
5754:003;
5755:003;
5756:003;
5757:003;
5758:003;
5759:003;
5760:003;
5761:003;
5762:003;
5763:003;
5764:003;
5765:003;
5766:003;
5767:003;
5768:003;
5769:003;
5770:003;
5771:003;
5772:003;
5773:003;
5774:003;
5775:003;
5776:003;
5777:003;
5778:003;
5779:003;
5780:003;
5781:003;
5782:003;
5783:003;
5784:003;
5785:003;
5786:003;
5787:003;
5788:003;
5789:003;
5790:003;
5791:003;
5792:003;
5793:003;
5794:003;
5795:003;
5796:003;
5797:003;
5798:003;
5799:003;
5800:003;
5801:003;
5802:003;
5803:003;
5804:003;
5805:003;
5806:003;
5807:003;
5808:003;
5809:003;
5810:003;
5811:003;
5812:003;
5813:003;
5814:003;
5815:003;
5816:003;
5817:003;
5818:003;
5819:003;
5820:003;
5821:003;
5822:003;
5823:003;
5824:003;
5825:003;
5826:003;
5827:003;
5828:003;
5829:003;
5830:003;
5831:003;
5832:003;
5833:003;
5834:003;
5835:003;
5836:003;
5837:003;
5838:003;
5839:003;
5840:003;
5841:003;
5842:003;
5843:003;
5844:003;
5845:003;
5846:003;
5847:003;
5848:003;
5849:003;
5850:003;
5851:003;
5852:003;
5853:003;
5854:003;
5855:003;
5856:003;
5857:003;
5858:003;
5859:003;
5860:003;
5861:003;
5862:003;
5863:003;
5864:003;
5865:003;
5866:003;
5867:003;
5868:003;
5869:003;
5870:003;
5871:003;
5872:003;
5873:003;
5874:003;
5875:003;
5876:003;
5877:003;
5878:003;
5879:003;
5880:003;
5881:003;
5882:003;
5883:003;
5884:003;
5885:003;
5886:003;
5887:003;
5888:003;
5889:003;
5890:003;
5891:003;
5892:003;
5893:003;
5894:003;
5895:003;
5896:003;
5897:003;
5898:003;
5899:003;
5900:003;
5901:003;
5902:003;
5903:003;
5904:003;
5905:003;
5906:003;
5907:003;
5908:003;
5909:003;
5910:003;
5911:003;
5912:003;
5913:003;
5914:003;
5915:003;
5916:003;
5917:003;
5918:003;
5919:003;
5920:003;
5921:003;
5922:003;
5923:003;
5924:003;
5925:003;
5926:003;
5927:003;
5928:003;
5929:003;
5930:003;
5931:003;
5932:003;
5933:003;
5934:003;
5935:003;
5936:003;
5937:003;
5938:003;
5939:003;
5940:003;
5941:003;
5942:003;
5943:003;
5944:003;
5945:003;
5946:003;
5947:003;
5948:003;
5949:003;
5950:003;
5951:003;
5952:003;
5953:003;
5954:003;
5955:003;
5956:003;
5957:003;
5958:003;
5959:003;
5960:003;
5961:003;
5962:003;
5963:003;
5964:003;
5965:003;
5966:003;
5967:003;
5968:003;
5969:003;
5970:003;
5971:003;
5972:003;
5973:003;
5974:003;
5975:003;
5976:003;
5977:003;
5978:003;
5979:003;
5980:003;
5981:003;
5982:003;
5983:003;
5984:003;
5985:003;
5986:003;
5987:003;
5988:003;
5989:003;
5990:003;
5991:003;
5992:003;
5993:003;
5994:003;
5995:003;
5996:003;
5997:003;
5998:003;
5999:003;
6000:003;
6001:003;
6002:003;
6003:003;
6004:003;
6005:003;
6006:003;
6007:003;
6008:003;
6009:003;
6010:003;
6011:003;
6012:003;
6013:003;
6014:003;
6015:003;
6016:003;
6017:003;
6018:003;
6019:003;
6020:003;
6021:003;
6022:003;
6023:003;
6024:003;
6025:003;
6026:003;
6027:003;
6028:003;
6029:003;
6030:003;
6031:003;
6032:003;
6033:003;
6034:003;
6035:003;
6036:003;
6037:003;
6038:003;
6039:003;
6040:003;
6041:003;
6042:003;
6043:003;
6044:003;
6045:003;
6046:003;
6047:003;
6048:003;
6049:003;
6050:003;
6051:003;
6052:003;
6053:003;
6054:003;
6055:003;
6056:003;
6057:003;
6058:003;
6059:003;
6060:003;
6061:003;
6062:003;
6063:003;
6064:003;
6065:003;
6066:003;
6067:003;
6068:003;
6069:003;
6070:003;
6071:003;
6072:003;
6073:003;
6074:003;
6075:003;
6076:003;
6077:003;
6078:003;
6079:003;
6080:003;
6081:003;
6082:003;
6083:003;
6084:003;
6085:003;
6086:003;
6087:003;
6088:003;
6089:003;
6090:003;
6091:003;
6092:003;
6093:003;
6094:003;
6095:003;
6096:003;
6097:003;
6098:003;
6099:003;
6100:003;
6101:003;
6102:003;
6103:003;
6104:003;
6105:003;
6106:003;
6107:003;
6108:003;
6109:003;
6110:003;
6111:003;
6112:003;
6113:003;
6114:003;
6115:003;
6116:003;
6117:003;
6118:003;
6119:003;
6120:003;
6121:003;
6122:003;
6123:003;
6124:003;
6125:003;
6126:003;
6127:003;
6128:003;
6129:003;
6130:003;
6131:003;
6132:003;
6133:003;
6134:003;
6135:003;
6136:003;
6137:003;
6138:003;
6139:003;
6140:003;
6141:003;
6142:003;
6143:003;
6144:003;
6145:003;
6146:003;
6147:003;
6148:003;
6149:003;
6150:003;
6151:003;
6152:003;
6153:003;
6154:003;
6155:003;
6156:003;
6157:003;
6158:003;
6159:003;
6160:003;
6161:003;
6162:003;
6163:003;
6164:003;
6165:003;
6166:003;
6167:003;
6168:003;
6169:003;
6170:003;
6171:003;
6172:003;
6173:003;
6174:003;
6175:003;
6176:003;
6177:003;
6178:003;
6179:003;
6180:003;
6181:003;
6182:003;
6183:003;
6184:003;
6185:003;
6186:003;
6187:003;
6188:003;
6189:003;
6190:003;
6191:003;
6192:003;
6193:003;
6194:003;
6195:003;
6196:003;
6197:003;
6198:003;
6199:003;
6200:003;
6201:003;
6202:003;
6203:003;
6204:003;
6205:003;
6206:003;
6207:003;
6208:003;
6209:003;
6210:003;
6211:003;
6212:003;
6213:003;
6214:003;
6215:003;
6216:003;
6217:003;
6218:003;
6219:003;
6220:003;
6221:003;
6222:003;
6223:003;
6224:003;
6225:003;
6226:003;
6227:003;
6228:003;
6229:003;
6230:003;
6231:003;
6232:003;
6233:003;
6234:003;
6235:003;
6236:003;
6237:003;
6238:003;
6239:003;
6240:003;
6241:003;
6242:003;
6243:003;
6244:003;
6245:003;
6246:003;
6247:003;
6248:003;
6249:003;
6250:003;
6251:003;
6252:003;
6253:003;
6254:003;
6255:003;
6256:003;
6257:003;
6258:003;
6259:003;
6260:003;
6261:003;
6262:003;
6263:003;
6264:003;
6265:003;
6266:003;
6267:003;
6268:003;
6269:003;
6270:003;
6271:003;
6272:003;
6273:003;
6274:003;
6275:003;
6276:003;
6277:003;
6278:003;
6279:003;
6280:003;
6281:003;
6282:003;
6283:003;
6284:003;
6285:003;
6286:003;
6287:003;
6288:003;
6289:003;
6290:003;
6291:003;
6292:003;
6293:003;
6294:003;
6295:003;
6296:003;
6297:003;
6298:003;
6299:003;
6300:003;
6301:003;
6302:003;
6303:003;
6304:003;
6305:003;
6306:003;
6307:003;
6308:003;
6309:003;
6310:003;
6311:003;
6312:003;
6313:003;
6314:003;
6315:003;
6316:003;
6317:003;
6318:003;
6319:003;
6320:003;
6321:003;
6322:003;
6323:003;
6324:003;
6325:003;
6326:003;
6327:003;
6328:003;
6329:003;
6330:003;
6331:003;
6332:003;
6333:003;
6334:003;
6335:003;
6336:003;
6337:003;
6338:003;
6339:003;
6340:003;
6341:003;
6342:003;
6343:003;
6344:003;
6345:003;
6346:003;
6347:003;
6348:003;
6349:003;
6350:003;
6351:003;
6352:003;
6353:003;
6354:003;
6355:003;
6356:003;
6357:003;
6358:003;
6359:003;
6360:003;
6361:003;
6362:003;
6363:003;
6364:003;
6365:003;
6366:003;
6367:003;
6368:003;
6369:003;
6370:003;
6371:003;
6372:003;
6373:003;
6374:003;
6375:003;
6376:003;
6377:003;
6378:003;
6379:003;
6380:003;
6381:003;
6382:003;
6383:003;
6384:003;
6385:003;
6386:003;
6387:003;
6388:003;
6389:003;
6390:003;
6391:003;
6392:003;
6393:003;
6394:003;
6395:003;
6396:003;
6397:003;
6398:003;
6399:003;
6400:003;
6401:003;
6402:003;
6403:003;
6404:003;
6405:003;
6406:003;
6407:003;
6408:003;
6409:003;
6410:003;
6411:003;
6412:003;
6413:003;
6414:003;
6415:003;
6416:003;
6417:003;
6418:003;
6419:003;
6420:003;
6421:003;
6422:003;
6423:003;
6424:003;
6425:003;
6426:003;
6427:003;
6428:003;
6429:003;
6430:003;
6431:003;
6432:003;
6433:003;
6434:003;
6435:003;
6436:003;
6437:003;
6438:003;
6439:003;
6440:003;
6441:003;
6442:003;
6443:003;
6444:003;
6445:003;
6446:003;
6447:003;
6448:003;
6449:003;
6450:003;
6451:003;
6452:003;
6453:003;
6454:003;
6455:003;
6456:003;
6457:003;
6458:003;
6459:003;
6460:003;
6461:003;
6462:003;
6463:003;
6464:003;
6465:003;
6466:003;
6467:003;
6468:003;
6469:003;
6470:003;
6471:003;
6472:003;
6473:003;
6474:003;
6475:003;
6476:003;
6477:003;
6478:003;
6479:003;
6480:003;
6481:003;
6482:003;
6483:003;
6484:003;
6485:003;
6486:003;
6487:003;
6488:003;
6489:003;
6490:003;
6491:003;
6492:003;
6493:003;
6494:003;
6495:003;
6496:003;
6497:003;
6498:003;
6499:003;
6500:003;
6501:003;
6502:003;
6503:003;
6504:003;
6505:003;
6506:003;
6507:003;
6508:003;
6509:003;
6510:003;
6511:003;
6512:003;
6513:003;
6514:003;
6515:003;
6516:003;
6517:003;
6518:003;
6519:003;
6520:003;
6521:003;
6522:003;
6523:003;
6524:003;
6525:003;
6526:003;
6527:003;
6528:003;
6529:003;
6530:003;
6531:003;
6532:003;
6533:003;
6534:003;
6535:003;
6536:003;
6537:003;
6538:003;
6539:003;
6540:003;
6541:003;
6542:003;
6543:003;
6544:003;
6545:003;
6546:003;
6547:003;
6548:003;
6549:003;
6550:003;
6551:003;
6552:003;
6553:003;
6554:003;
6555:003;
6556:003;
6557:003;
6558:003;
6559:003;
6560:003;
6561:003;
6562:003;
6563:003;
6564:003;
6565:003;
6566:003;
6567:003;
6568:003;
6569:003;
6570:003;
6571:003;
6572:003;
6573:003;
6574:003;
6575:003;
6576:003;
6577:003;
6578:003;
6579:003;
6580:003;
6581:003;
6582:003;
6583:003;
6584:003;
6585:003;
6586:003;
6587:003;
6588:003;
6589:003;
6590:003;
6591:003;
6592:003;
6593:003;
6594:003;
6595:003;
6596:003;
6597:003;
6598:003;
6599:003;
6600:003;
6601:003;
6602:003;
6603:003;
6604:003;
6605:003;
6606:003;
6607:003;
6608:003;
6609:003;
6610:003;
6611:003;
6612:003;
6613:003;
6614:003;
6615:003;
6616:003;
6617:003;
6618:003;
6619:003;
6620:003;
6621:003;
6622:003;
6623:003;
6624:003;
6625:003;
6626:003;
6627:003;
6628:003;
6629:003;
6630:003;
6631:003;
6632:003;
6633:003;
6634:003;
6635:003;
6636:003;
6637:003;
6638:003;
6639:003;
6640:003;
6641:003;
6642:003;
6643:003;
6644:003;
6645:003;
6646:003;
6647:003;
6648:003;
6649:003;
6650:003;
6651:003;
6652:003;
6653:003;
6654:003;
6655:003;
6656:001;
6657:001;
6658:001;
6659:001;
6660:001;
6661:001;
6662:001;
6663:001;
6664:001;
6665:001;
6666:001;
6667:001;
6668:001;
6669:001;
6670:001;
6671:001;
6672:003;
6673:003;
6674:003;
6675:003;
6676:003;
6677:003;
6678:003;
6679:003;
6680:003;
6681:003;
6682:003;
6683:003;
6684:003;
6685:003;
6686:003;
6687:003;
6688:003;
6689:003;
6690:003;
6691:003;
6692:003;
6693:003;
6694:003;
6695:003;
6696:003;
6697:003;
6698:003;
6699:003;
6700:003;
6701:003;
6702:003;
6703:003;
6704:003;
6705:003;
6706:003;
6707:003;
6708:003;
6709:003;
6710:003;
6711:003;
6712:003;
6713:003;
6714:003;
6715:003;
6716:003;
6717:003;
6718:003;
6719:003;
6720:003;
6721:003;
6722:003;
6723:003;
6724:003;
6725:003;
6726:003;
6727:003;
6728:003;
6729:003;
6730:003;
6731:003;
6732:003;
6733:003;
6734:003;
6735:003;
6736:003;
6737:003;
6738:003;
6739:003;
6740:003;
6741:003;
6742:003;
6743:003;
6744:003;
6745:003;
6746:003;
6747:003;
6748:003;
6749:003;
6750:003;
6751:003;
6752:003;
6753:003;
6754:003;
6755:003;
6756:003;
6757:003;
6758:003;
6759:003;
6760:003;
6761:003;
6762:003;
6763:003;
6764:003;
6765:003;
6766:001;
6767:001;
6768:001;
6769:001;
6770:001;
6771:001;
6772:001;
6773:001;
6774:001;
6775:001;
6776:001;
6777:001;
6778:001;
6779:001;
6780:001;
6781:001;
6782:001;
6783:001;
6784:001;
6785:001;
6786:001;
6787:001;
6788:001;
6789:001;
6790:001;
6791:001;
6792:001;
6793:001;
6794:001;
6795:001;
6796:001;
6797:001;
6798:001;
6799:001;
6800:001;
6801:003;
6802:003;
6803:003;
6804:003;
6805:003;
6806:003;
6807:003;
6808:003;
6809:003;
6810:003;
6811:003;
6812:003;
6813:003;
6814:003;
6815:003;
6816:003;
6817:003;
6818:003;
6819:003;
6820:003;
6821:003;
6822:003;
6823:003;
6824:003;
6825:003;
6826:003;
6827:003;
6828:003;
6829:003;
6830:003;
6831:003;
6832:003;
6833:003;
6834:003;
6835:003;
6836:003;
6837:003;
6838:003;
6839:003;
6840:003;
6841:003;
6842:003;
6843:003;
6844:003;
6845:003;
6846:003;
6847:003;
6848:003;
6849:003;
6850:003;
6851:003;
6852:003;
6853:003;
6854:003;
6855:003;
6856:003;
6857:003;
6858:003;
6859:003;
6860:003;
6861:003;
6862:003;
6863:003;
6864:003;
6865:003;
6866:003;
6867:003;
6868:003;
6869:003;
6870:003;
6871:003;
6872:003;
6873:003;
6874:003;
6875:003;
6876:003;
6877:003;
6878:003;
6879:003;
6880:003;
6881:003;
6882:003;
6883:003;
6884:003;
6885:003;
6886:003;
6887:003;
6888:003;
6889:003;
6890:003;
6891:003;
6892:003;
6893:001;
6894:001;
6895:001;
6896:001;
6897:001;
6898:001;
6899:001;
6900:001;
6901:001;
6902:001;
6903:001;
6904:001;
6905:001;
6906:001;
6907:001;
6908:001;
6909:001;
6910:001;
6911:001;
6912:004;
6913:004;
6914:004;
6915:004;
6916:004;
6917:004;
6918:004;
6919:004;
6920:004;
6921:004;
6922:004;
6923:004;
6924:004;
6925:004;
6926:004;
6927:001;
6928:001;
6929:001;
6930:003;
6931:003;
6932:003;
6933:003;
6934:003;
6935:003;
6936:003;
6937:003;
6938:003;
6939:003;
6940:003;
6941:003;
6942:003;
6943:003;
6944:003;
6945:003;
6946:003;
6947:003;
6948:003;
6949:003;
6950:003;
6951:003;
6952:003;
6953:003;
6954:003;
6955:003;
6956:003;
6957:003;
6958:003;
6959:003;
6960:003;
6961:003;
6962:003;
6963:003;
6964:003;
6965:003;
6966:003;
6967:003;
6968:003;
6969:003;
6970:003;
6971:003;
6972:003;
6973:003;
6974:003;
6975:003;
6976:003;
6977:003;
6978:003;
6979:003;
6980:003;
6981:003;
6982:003;
6983:003;
6984:003;
6985:003;
6986:003;
6987:003;
6988:003;
6989:003;
6990:003;
6991:003;
6992:003;
6993:003;
6994:003;
6995:003;
6996:003;
6997:003;
6998:003;
6999:003;
7000:003;
7001:003;
7002:003;
7003:003;
7004:003;
7005:003;
7006:003;
7007:003;
7008:003;
7009:003;
7010:003;
7011:003;
7012:003;
7013:003;
7014:003;
7015:003;
7016:003;
7017:003;
7018:003;
7019:003;
7020:001;
7021:001;
7022:001;
7023:004;
7024:004;
7025:004;
7026:004;
7027:004;
7028:004;
7029:004;
7030:004;
7031:004;
7032:004;
7033:004;
7034:004;
7035:004;
7036:004;
7037:004;
7038:004;
7039:001;
7040:004;
7041:004;
7042:004;
7043:004;
7044:004;
7045:004;
7046:004;
7047:004;
7048:004;
7049:004;
7050:004;
7051:004;
7052:004;
7053:004;
7054:004;
7055:004;
7056:001;
7057:001;
7058:001;
7059:003;
7060:003;
7061:003;
7062:003;
7063:003;
7064:003;
7065:003;
7066:003;
7067:003;
7068:003;
7069:003;
7070:003;
7071:003;
7072:003;
7073:003;
7074:003;
7075:003;
7076:003;
7077:003;
7078:003;
7079:003;
7080:003;
7081:003;
7082:003;
7083:003;
7084:003;
7085:003;
7086:003;
7087:003;
7088:003;
7089:003;
7090:003;
7091:003;
7092:003;
7093:003;
7094:003;
7095:003;
7096:003;
7097:003;
7098:003;
7099:003;
7100:003;
7101:003;
7102:003;
7103:003;
7104:003;
7105:003;
7106:003;
7107:003;
7108:003;
7109:003;
7110:003;
7111:003;
7112:003;
7113:003;
7114:003;
7115:003;
7116:003;
7117:003;
7118:003;
7119:003;
7120:003;
7121:003;
7122:003;
7123:003;
7124:003;
7125:003;
7126:003;
7127:003;
7128:003;
7129:003;
7130:003;
7131:003;
7132:003;
7133:003;
7134:003;
7135:003;
7136:003;
7137:003;
7138:003;
7139:003;
7140:003;
7141:003;
7142:003;
7143:003;
7144:003;
7145:003;
7146:003;
7147:001;
7148:001;
7149:001;
7150:004;
7151:004;
7152:004;
7153:004;
7154:004;
7155:004;
7156:004;
7157:004;
7158:004;
7159:004;
7160:004;
7161:004;
7162:004;
7163:004;
7164:004;
7165:004;
7166:004;
7167:001;
7168:004;
7169:004;
7170:004;
7171:004;
7172:004;
7173:004;
7174:004;
7175:004;
7176:004;
7177:004;
7178:004;
7179:004;
7180:004;
7181:004;
7182:004;
7183:004;
7184:004;
7185:001;
7186:001;
7187:001;
7188:003;
7189:003;
7190:003;
7191:003;
7192:003;
7193:003;
7194:003;
7195:003;
7196:003;
7197:003;
7198:003;
7199:003;
7200:003;
7201:003;
7202:003;
7203:003;
7204:003;
7205:003;
7206:003;
7207:003;
7208:003;
7209:003;
7210:003;
7211:003;
7212:003;
7213:003;
7214:003;
7215:003;
7216:003;
7217:003;
7218:003;
7219:003;
7220:003;
7221:003;
7222:003;
7223:003;
7224:003;
7225:003;
7226:003;
7227:003;
7228:003;
7229:003;
7230:003;
7231:003;
7232:003;
7233:003;
7234:003;
7235:003;
7236:003;
7237:003;
7238:003;
7239:003;
7240:003;
7241:003;
7242:003;
7243:003;
7244:003;
7245:003;
7246:003;
7247:003;
7248:003;
7249:003;
7250:003;
7251:003;
7252:003;
7253:003;
7254:003;
7255:003;
7256:003;
7257:003;
7258:003;
7259:003;
7260:003;
7261:003;
7262:003;
7263:003;
7264:003;
7265:003;
7266:003;
7267:003;
7268:003;
7269:003;
7270:003;
7271:003;
7272:003;
7273:003;
7274:001;
7275:001;
7276:001;
7277:004;
7278:004;
7279:004;
7280:004;
7281:004;
7282:004;
7283:004;
7284:004;
7285:004;
7286:004;
7287:004;
7288:004;
7289:004;
7290:004;
7291:004;
7292:004;
7293:004;
7294:004;
7295:001;
7296:004;
7297:004;
7298:004;
7299:004;
7300:004;
7301:004;
7302:004;
7303:004;
7304:004;
7305:004;
7306:004;
7307:004;
7308:004;
7309:004;
7310:004;
7311:004;
7312:004;
7313:004;
7314:001;
7315:001;
7316:001;
7317:003;
7318:003;
7319:003;
7320:003;
7321:003;
7322:003;
7323:003;
7324:003;
7325:003;
7326:003;
7327:003;
7328:003;
7329:003;
7330:003;
7331:003;
7332:003;
7333:003;
7334:003;
7335:003;
7336:003;
7337:003;
7338:003;
7339:003;
7340:003;
7341:003;
7342:003;
7343:003;
7344:003;
7345:003;
7346:003;
7347:003;
7348:003;
7349:003;
7350:003;
7351:003;
7352:003;
7353:003;
7354:003;
7355:003;
7356:003;
7357:003;
7358:003;
7359:003;
7360:003;
7361:003;
7362:003;
7363:003;
7364:003;
7365:003;
7366:003;
7367:003;
7368:003;
7369:003;
7370:003;
7371:003;
7372:003;
7373:003;
7374:003;
7375:003;
7376:003;
7377:003;
7378:003;
7379:003;
7380:003;
7381:003;
7382:003;
7383:003;
7384:003;
7385:003;
7386:003;
7387:003;
7388:003;
7389:003;
7390:003;
7391:003;
7392:003;
7393:003;
7394:003;
7395:003;
7396:003;
7397:003;
7398:003;
7399:003;
7400:003;
7401:001;
7402:001;
7403:001;
7404:004;
7405:004;
7406:004;
7407:004;
7408:004;
7409:004;
7410:004;
7411:004;
7412:004;
7413:004;
7414:004;
7415:004;
7416:004;
7417:004;
7418:004;
7419:004;
7420:004;
7421:004;
7422:004;
7423:001;
7424:004;
7425:004;
7426:004;
7427:004;
7428:004;
7429:004;
7430:004;
7431:004;
7432:004;
7433:004;
7434:004;
7435:004;
7436:004;
7437:004;
7438:004;
7439:004;
7440:004;
7441:004;
7442:004;
7443:001;
7444:001;
7445:001;
7446:003;
7447:003;
7448:003;
7449:003;
7450:003;
7451:003;
7452:003;
7453:003;
7454:003;
7455:003;
7456:003;
7457:003;
7458:003;
7459:003;
7460:003;
7461:003;
7462:003;
7463:003;
7464:003;
7465:003;
7466:003;
7467:003;
7468:003;
7469:003;
7470:003;
7471:003;
7472:003;
7473:003;
7474:003;
7475:003;
7476:003;
7477:003;
7478:003;
7479:003;
7480:003;
7481:003;
7482:003;
7483:003;
7484:003;
7485:003;
7486:003;
7487:003;
7488:003;
7489:003;
7490:003;
7491:003;
7492:003;
7493:003;
7494:003;
7495:003;
7496:003;
7497:003;
7498:003;
7499:003;
7500:003;
7501:003;
7502:003;
7503:003;
7504:003;
7505:003;
7506:003;
7507:003;
7508:003;
7509:003;
7510:003;
7511:003;
7512:003;
7513:003;
7514:003;
7515:003;
7516:003;
7517:003;
7518:003;
7519:003;
7520:003;
7521:003;
7522:003;
7523:003;
7524:003;
7525:003;
7526:003;
7527:003;
7528:001;
7529:001;
7530:001;
7531:004;
7532:004;
7533:004;
7534:004;
7535:004;
7536:004;
7537:004;
7538:004;
7539:004;
7540:004;
7541:004;
7542:004;
7543:004;
7544:004;
7545:004;
7546:004;
7547:004;
7548:004;
7549:004;
7550:004;
7551:001;
7552:004;
7553:004;
7554:004;
7555:004;
7556:004;
7557:004;
7558:004;
7559:004;
7560:004;
7561:004;
7562:004;
7563:004;
7564:004;
7565:004;
7566:004;
7567:004;
7568:004;
7569:004;
7570:004;
7571:004;
7572:001;
7573:001;
7574:001;
7575:003;
7576:003;
7577:003;
7578:003;
7579:003;
7580:003;
7581:003;
7582:003;
7583:003;
7584:003;
7585:003;
7586:003;
7587:003;
7588:003;
7589:003;
7590:003;
7591:003;
7592:003;
7593:003;
7594:003;
7595:003;
7596:003;
7597:003;
7598:003;
7599:003;
7600:003;
7601:003;
7602:003;
7603:003;
7604:003;
7605:003;
7606:003;
7607:003;
7608:003;
7609:003;
7610:003;
7611:003;
7612:003;
7613:003;
7614:003;
7615:003;
7616:003;
7617:003;
7618:003;
7619:003;
7620:003;
7621:003;
7622:003;
7623:003;
7624:003;
7625:003;
7626:003;
7627:003;
7628:003;
7629:003;
7630:003;
7631:003;
7632:003;
7633:003;
7634:003;
7635:003;
7636:003;
7637:003;
7638:003;
7639:003;
7640:003;
7641:003;
7642:003;
7643:003;
7644:003;
7645:003;
7646:003;
7647:003;
7648:003;
7649:003;
7650:003;
7651:003;
7652:003;
7653:003;
7654:003;
7655:001;
7656:001;
7657:001;
7658:004;
7659:004;
7660:004;
7661:004;
7662:004;
7663:004;
7664:004;
7665:004;
7666:004;
7667:004;
7668:004;
7669:004;
7670:004;
7671:004;
7672:004;
7673:004;
7674:004;
7675:004;
7676:004;
7677:004;
7678:004;
7679:001;
7680:004;
7681:004;
7682:004;
7683:004;
7684:004;
7685:004;
7686:004;
7687:004;
7688:004;
7689:004;
7690:004;
7691:004;
7692:004;
7693:004;
7694:004;
7695:004;
7696:004;
7697:004;
7698:004;
7699:004;
7700:004;
7701:001;
7702:001;
7703:001;
7704:003;
7705:003;
7706:003;
7707:003;
7708:003;
7709:003;
7710:003;
7711:003;
7712:003;
7713:003;
7714:003;
7715:003;
7716:003;
7717:003;
7718:003;
7719:003;
7720:003;
7721:003;
7722:003;
7723:003;
7724:003;
7725:003;
7726:003;
7727:003;
7728:003;
7729:003;
7730:003;
7731:003;
7732:003;
7733:003;
7734:003;
7735:003;
7736:003;
7737:003;
7738:003;
7739:003;
7740:003;
7741:003;
7742:003;
7743:003;
7744:003;
7745:003;
7746:003;
7747:003;
7748:003;
7749:003;
7750:003;
7751:003;
7752:003;
7753:003;
7754:003;
7755:003;
7756:003;
7757:003;
7758:003;
7759:003;
7760:003;
7761:003;
7762:003;
7763:003;
7764:003;
7765:003;
7766:003;
7767:003;
7768:003;
7769:003;
7770:003;
7771:003;
7772:003;
7773:003;
7774:003;
7775:003;
7776:003;
7777:003;
7778:003;
7779:003;
7780:003;
7781:003;
7782:001;
7783:001;
7784:001;
7785:004;
7786:004;
7787:004;
7788:004;
7789:004;
7790:004;
7791:004;
7792:004;
7793:004;
7794:004;
7795:004;
7796:004;
7797:004;
7798:004;
7799:004;
7800:004;
7801:004;
7802:004;
7803:004;
7804:004;
7805:004;
7806:004;
7807:001;
7808:004;
7809:004;
7810:004;
7811:004;
7812:004;
7813:004;
7814:004;
7815:004;
7816:004;
7817:004;
7818:004;
7819:004;
7820:004;
7821:004;
7822:004;
7823:004;
7824:004;
7825:004;
7826:004;
7827:004;
7828:004;
7829:004;
7830:001;
7831:001;
7832:001;
7833:003;
7834:003;
7835:003;
7836:003;
7837:003;
7838:003;
7839:003;
7840:003;
7841:003;
7842:003;
7843:003;
7844:003;
7845:003;
7846:003;
7847:003;
7848:003;
7849:003;
7850:003;
7851:003;
7852:003;
7853:003;
7854:003;
7855:003;
7856:003;
7857:003;
7858:003;
7859:003;
7860:003;
7861:003;
7862:003;
7863:003;
7864:003;
7865:003;
7866:003;
7867:003;
7868:003;
7869:003;
7870:003;
7871:003;
7872:003;
7873:003;
7874:003;
7875:003;
7876:003;
7877:003;
7878:003;
7879:003;
7880:003;
7881:003;
7882:003;
7883:003;
7884:003;
7885:003;
7886:003;
7887:003;
7888:003;
7889:003;
7890:003;
7891:003;
7892:003;
7893:003;
7894:003;
7895:003;
7896:003;
7897:003;
7898:003;
7899:003;
7900:003;
7901:003;
7902:003;
7903:003;
7904:003;
7905:003;
7906:003;
7907:003;
7908:003;
7909:001;
7910:001;
7911:001;
7912:004;
7913:004;
7914:004;
7915:004;
7916:004;
7917:004;
7918:004;
7919:004;
7920:004;
7921:004;
7922:004;
7923:004;
7924:004;
7925:004;
7926:004;
7927:004;
7928:004;
7929:004;
7930:004;
7931:004;
7932:004;
7933:004;
7934:004;
7935:001;
7936:004;
7937:004;
7938:004;
7939:004;
7940:004;
7941:004;
7942:004;
7943:004;
7944:004;
7945:004;
7946:004;
7947:004;
7948:004;
7949:004;
7950:004;
7951:004;
7952:004;
7953:004;
7954:004;
7955:004;
7956:004;
7957:004;
7958:004;
7959:001;
7960:001;
7961:001;
7962:003;
7963:003;
7964:003;
7965:003;
7966:003;
7967:003;
7968:003;
7969:003;
7970:003;
7971:003;
7972:003;
7973:003;
7974:003;
7975:003;
7976:003;
7977:003;
7978:003;
7979:003;
7980:003;
7981:003;
7982:003;
7983:003;
7984:003;
7985:003;
7986:003;
7987:003;
7988:003;
7989:003;
7990:003;
7991:003;
7992:003;
7993:003;
7994:003;
7995:003;
7996:003;
7997:003;
7998:003;
7999:003;
8000:003;
8001:003;
8002:003;
8003:003;
8004:003;
8005:003;
8006:003;
8007:003;
8008:003;
8009:003;
8010:003;
8011:003;
8012:003;
8013:003;
8014:003;
8015:003;
8016:003;
8017:003;
8018:003;
8019:003;
8020:003;
8021:003;
8022:003;
8023:003;
8024:003;
8025:003;
8026:003;
8027:003;
8028:003;
8029:003;
8030:003;
8031:003;
8032:003;
8033:003;
8034:003;
8035:003;
8036:001;
8037:001;
8038:001;
8039:004;
8040:004;
8041:004;
8042:004;
8043:004;
8044:004;
8045:004;
8046:004;
8047:004;
8048:004;
8049:004;
8050:004;
8051:004;
8052:004;
8053:004;
8054:004;
8055:004;
8056:004;
8057:004;
8058:004;
8059:004;
8060:004;
8061:004;
8062:004;
8063:001;
8064:004;
8065:004;
8066:004;
8067:004;
8068:004;
8069:004;
8070:004;
8071:004;
8072:004;
8073:004;
8074:004;
8075:004;
8076:004;
8077:004;
8078:004;
8079:004;
8080:004;
8081:004;
8082:004;
8083:004;
8084:004;
8085:004;
8086:004;
8087:004;
8088:001;
8089:001;
8090:001;
8091:003;
8092:003;
8093:003;
8094:003;
8095:003;
8096:003;
8097:003;
8098:003;
8099:003;
8100:003;
8101:003;
8102:003;
8103:003;
8104:003;
8105:003;
8106:003;
8107:003;
8108:003;
8109:003;
8110:003;
8111:003;
8112:003;
8113:003;
8114:003;
8115:003;
8116:003;
8117:003;
8118:003;
8119:003;
8120:003;
8121:003;
8122:003;
8123:003;
8124:003;
8125:003;
8126:003;
8127:003;
8128:003;
8129:003;
8130:003;
8131:003;
8132:003;
8133:003;
8134:003;
8135:003;
8136:003;
8137:003;
8138:003;
8139:003;
8140:003;
8141:003;
8142:003;
8143:003;
8144:003;
8145:003;
8146:003;
8147:003;
8148:003;
8149:003;
8150:003;
8151:003;
8152:003;
8153:003;
8154:003;
8155:003;
8156:003;
8157:003;
8158:003;
8159:003;
8160:003;
8161:003;
8162:003;
8163:001;
8164:001;
8165:001;
8166:004;
8167:004;
8168:004;
8169:004;
8170:004;
8171:004;
8172:004;
8173:004;
8174:004;
8175:004;
8176:004;
8177:004;
8178:004;
8179:004;
8180:004;
8181:004;
8182:004;
8183:004;
8184:004;
8185:004;
8186:004;
8187:004;
8188:004;
8189:004;
8190:004;
8191:001;
8192:004;
8193:004;
8194:004;
8195:004;
8196:004;
8197:004;
8198:004;
8199:004;
8200:004;
8201:004;
8202:004;
8203:004;
8204:004;
8205:004;
8206:004;
8207:004;
8208:004;
8209:004;
8210:004;
8211:004;
8212:004;
8213:004;
8214:004;
8215:004;
8216:004;
8217:001;
8218:001;
8219:001;
8220:003;
8221:003;
8222:003;
8223:003;
8224:003;
8225:003;
8226:003;
8227:003;
8228:003;
8229:003;
8230:003;
8231:003;
8232:003;
8233:003;
8234:003;
8235:003;
8236:003;
8237:003;
8238:003;
8239:003;
8240:003;
8241:003;
8242:003;
8243:003;
8244:003;
8245:003;
8246:003;
8247:003;
8248:003;
8249:003;
8250:003;
8251:003;
8252:003;
8253:003;
8254:003;
8255:003;
8256:003;
8257:003;
8258:003;
8259:003;
8260:003;
8261:003;
8262:003;
8263:003;
8264:003;
8265:003;
8266:003;
8267:003;
8268:003;
8269:003;
8270:003;
8271:003;
8272:003;
8273:003;
8274:003;
8275:003;
8276:003;
8277:003;
8278:003;
8279:003;
8280:003;
8281:003;
8282:003;
8283:003;
8284:003;
8285:003;
8286:003;
8287:003;
8288:003;
8289:003;
8290:001;
8291:001;
8292:001;
8293:004;
8294:004;
8295:004;
8296:004;
8297:004;
8298:004;
8299:004;
8300:004;
8301:004;
8302:004;
8303:004;
8304:004;
8305:004;
8306:004;
8307:004;
8308:004;
8309:004;
8310:004;
8311:004;
8312:004;
8313:004;
8314:004;
8315:004;
8316:004;
8317:004;
8318:004;
8319:001;
8320:004;
8321:004;
8322:004;
8323:004;
8324:004;
8325:004;
8326:004;
8327:004;
8328:004;
8329:004;
8330:004;
8331:004;
8332:004;
8333:004;
8334:004;
8335:004;
8336:004;
8337:004;
8338:004;
8339:004;
8340:004;
8341:004;
8342:004;
8343:004;
8344:004;
8345:004;
8346:001;
8347:001;
8348:001;
8349:003;
8350:003;
8351:003;
8352:003;
8353:003;
8354:003;
8355:003;
8356:003;
8357:003;
8358:003;
8359:003;
8360:003;
8361:003;
8362:003;
8363:003;
8364:003;
8365:003;
8366:003;
8367:003;
8368:003;
8369:003;
8370:003;
8371:003;
8372:003;
8373:003;
8374:003;
8375:003;
8376:003;
8377:003;
8378:003;
8379:003;
8380:003;
8381:003;
8382:003;
8383:003;
8384:003;
8385:003;
8386:003;
8387:003;
8388:003;
8389:003;
8390:003;
8391:003;
8392:003;
8393:003;
8394:003;
8395:003;
8396:003;
8397:003;
8398:003;
8399:003;
8400:003;
8401:003;
8402:003;
8403:003;
8404:003;
8405:003;
8406:003;
8407:003;
8408:003;
8409:003;
8410:003;
8411:003;
8412:003;
8413:003;
8414:003;
8415:003;
8416:003;
8417:001;
8418:001;
8419:001;
8420:004;
8421:004;
8422:004;
8423:004;
8424:004;
8425:004;
8426:004;
8427:004;
8428:004;
8429:004;
8430:004;
8431:004;
8432:004;
8433:004;
8434:004;
8435:004;
8436:004;
8437:004;
8438:004;
8439:004;
8440:004;
8441:004;
8442:004;
8443:004;
8444:004;
8445:004;
8446:004;
8447:001;
8448:004;
8449:004;
8450:004;
8451:004;
8452:004;
8453:004;
8454:004;
8455:004;
8456:004;
8457:004;
8458:004;
8459:004;
8460:004;
8461:004;
8462:004;
8463:004;
8464:004;
8465:004;
8466:004;
8467:004;
8468:004;
8469:004;
8470:004;
8471:004;
8472:004;
8473:004;
8474:004;
8475:001;
8476:001;
8477:001;
8478:003;
8479:003;
8480:003;
8481:003;
8482:003;
8483:003;
8484:003;
8485:003;
8486:003;
8487:003;
8488:003;
8489:003;
8490:003;
8491:003;
8492:003;
8493:003;
8494:003;
8495:003;
8496:003;
8497:003;
8498:003;
8499:003;
8500:003;
8501:003;
8502:003;
8503:003;
8504:003;
8505:003;
8506:003;
8507:003;
8508:003;
8509:003;
8510:003;
8511:003;
8512:003;
8513:003;
8514:003;
8515:003;
8516:003;
8517:003;
8518:003;
8519:003;
8520:003;
8521:003;
8522:003;
8523:003;
8524:003;
8525:003;
8526:003;
8527:003;
8528:003;
8529:003;
8530:003;
8531:003;
8532:003;
8533:003;
8534:003;
8535:003;
8536:003;
8537:003;
8538:003;
8539:003;
8540:003;
8541:003;
8542:003;
8543:003;
8544:001;
8545:001;
8546:001;
8547:004;
8548:004;
8549:004;
8550:004;
8551:004;
8552:004;
8553:004;
8554:004;
8555:004;
8556:004;
8557:004;
8558:004;
8559:004;
8560:004;
8561:004;
8562:004;
8563:004;
8564:004;
8565:004;
8566:004;
8567:004;
8568:004;
8569:004;
8570:004;
8571:004;
8572:004;
8573:004;
8574:004;
8575:001;
8576:004;
8577:004;
8578:004;
8579:004;
8580:004;
8581:004;
8582:004;
8583:004;
8584:004;
8585:004;
8586:004;
8587:004;
8588:004;
8589:004;
8590:004;
8591:004;
8592:004;
8593:004;
8594:004;
8595:004;
8596:004;
8597:004;
8598:004;
8599:004;
8600:004;
8601:004;
8602:004;
8603:004;
8604:001;
8605:001;
8606:001;
8607:003;
8608:003;
8609:003;
8610:003;
8611:003;
8612:003;
8613:003;
8614:003;
8615:003;
8616:003;
8617:003;
8618:003;
8619:003;
8620:003;
8621:003;
8622:003;
8623:003;
8624:003;
8625:003;
8626:003;
8627:003;
8628:003;
8629:003;
8630:003;
8631:003;
8632:003;
8633:003;
8634:003;
8635:003;
8636:003;
8637:003;
8638:003;
8639:003;
8640:003;
8641:003;
8642:003;
8643:003;
8644:003;
8645:003;
8646:003;
8647:003;
8648:003;
8649:003;
8650:003;
8651:003;
8652:003;
8653:003;
8654:003;
8655:003;
8656:003;
8657:003;
8658:003;
8659:003;
8660:003;
8661:003;
8662:003;
8663:003;
8664:003;
8665:003;
8666:003;
8667:003;
8668:003;
8669:003;
8670:003;
8671:001;
8672:001;
8673:001;
8674:004;
8675:004;
8676:004;
8677:004;
8678:004;
8679:004;
8680:004;
8681:004;
8682:004;
8683:004;
8684:004;
8685:004;
8686:004;
8687:004;
8688:004;
8689:004;
8690:004;
8691:004;
8692:004;
8693:004;
8694:004;
8695:004;
8696:004;
8697:004;
8698:004;
8699:004;
8700:004;
8701:004;
8702:004;
8703:001;
8704:004;
8705:004;
8706:004;
8707:004;
8708:004;
8709:004;
8710:004;
8711:004;
8712:004;
8713:004;
8714:004;
8715:004;
8716:004;
8717:004;
8718:004;
8719:004;
8720:004;
8721:004;
8722:004;
8723:004;
8724:004;
8725:004;
8726:004;
8727:004;
8728:004;
8729:004;
8730:004;
8731:004;
8732:004;
8733:001;
8734:001;
8735:001;
8736:003;
8737:003;
8738:003;
8739:003;
8740:003;
8741:003;
8742:003;
8743:003;
8744:003;
8745:003;
8746:003;
8747:003;
8748:003;
8749:003;
8750:003;
8751:003;
8752:003;
8753:003;
8754:003;
8755:003;
8756:003;
8757:003;
8758:003;
8759:003;
8760:003;
8761:003;
8762:003;
8763:003;
8764:003;
8765:003;
8766:003;
8767:003;
8768:003;
8769:003;
8770:003;
8771:003;
8772:003;
8773:003;
8774:003;
8775:003;
8776:003;
8777:003;
8778:003;
8779:003;
8780:003;
8781:003;
8782:003;
8783:003;
8784:003;
8785:003;
8786:003;
8787:003;
8788:003;
8789:003;
8790:003;
8791:003;
8792:003;
8793:003;
8794:003;
8795:003;
8796:003;
8797:003;
8798:001;
8799:001;
8800:001;
8801:004;
8802:004;
8803:004;
8804:004;
8805:004;
8806:004;
8807:004;
8808:004;
8809:004;
8810:004;
8811:004;
8812:004;
8813:004;
8814:004;
8815:004;
8816:004;
8817:004;
8818:004;
8819:004;
8820:004;
8821:004;
8822:004;
8823:004;
8824:004;
8825:004;
8826:004;
8827:004;
8828:004;
8829:004;
8830:004;
8831:001;
8832:004;
8833:004;
8834:004;
8835:004;
8836:004;
8837:004;
8838:004;
8839:004;
8840:004;
8841:004;
8842:004;
8843:004;
8844:004;
8845:004;
8846:004;
8847:004;
8848:004;
8849:004;
8850:004;
8851:004;
8852:004;
8853:004;
8854:004;
8855:004;
8856:004;
8857:004;
8858:004;
8859:004;
8860:004;
8861:004;
8862:001;
8863:001;
8864:001;
8865:003;
8866:003;
8867:003;
8868:003;
8869:003;
8870:003;
8871:003;
8872:003;
8873:003;
8874:003;
8875:003;
8876:003;
8877:003;
8878:003;
8879:003;
8880:003;
8881:003;
8882:003;
8883:003;
8884:003;
8885:003;
8886:003;
8887:003;
8888:003;
8889:003;
8890:003;
8891:003;
8892:003;
8893:003;
8894:003;
8895:003;
8896:003;
8897:003;
8898:003;
8899:003;
8900:003;
8901:003;
8902:003;
8903:003;
8904:003;
8905:003;
8906:003;
8907:003;
8908:003;
8909:003;
8910:003;
8911:003;
8912:003;
8913:003;
8914:003;
8915:003;
8916:003;
8917:003;
8918:003;
8919:003;
8920:003;
8921:003;
8922:003;
8923:003;
8924:003;
8925:001;
8926:001;
8927:001;
8928:004;
8929:004;
8930:004;
8931:004;
8932:004;
8933:004;
8934:004;
8935:004;
8936:004;
8937:004;
8938:004;
8939:004;
8940:004;
8941:004;
8942:004;
8943:004;
8944:004;
8945:004;
8946:004;
8947:004;
8948:004;
8949:004;
8950:004;
8951:004;
8952:004;
8953:004;
8954:004;
8955:004;
8956:004;
8957:004;
8958:004;
8959:001;
8960:004;
8961:004;
8962:004;
8963:004;
8964:004;
8965:004;
8966:004;
8967:004;
8968:004;
8969:004;
8970:004;
8971:004;
8972:004;
8973:004;
8974:004;
8975:004;
8976:004;
8977:004;
8978:004;
8979:004;
8980:004;
8981:004;
8982:004;
8983:004;
8984:004;
8985:004;
8986:004;
8987:004;
8988:004;
8989:004;
8990:004;
8991:001;
8992:001;
8993:001;
8994:003;
8995:003;
8996:003;
8997:003;
8998:003;
8999:003;
9000:003;
9001:003;
9002:003;
9003:003;
9004:003;
9005:003;
9006:003;
9007:003;
9008:003;
9009:003;
9010:003;
9011:003;
9012:003;
9013:003;
9014:003;
9015:003;
9016:003;
9017:003;
9018:003;
9019:003;
9020:003;
9021:003;
9022:003;
9023:003;
9024:003;
9025:003;
9026:003;
9027:003;
9028:003;
9029:003;
9030:003;
9031:003;
9032:003;
9033:003;
9034:003;
9035:003;
9036:003;
9037:003;
9038:003;
9039:003;
9040:003;
9041:003;
9042:003;
9043:003;
9044:003;
9045:003;
9046:003;
9047:003;
9048:003;
9049:003;
9050:003;
9051:003;
9052:001;
9053:001;
9054:001;
9055:004;
9056:004;
9057:004;
9058:004;
9059:004;
9060:004;
9061:004;
9062:004;
9063:004;
9064:004;
9065:004;
9066:004;
9067:004;
9068:004;
9069:004;
9070:004;
9071:004;
9072:004;
9073:004;
9074:004;
9075:004;
9076:004;
9077:004;
9078:004;
9079:004;
9080:004;
9081:004;
9082:004;
9083:004;
9084:004;
9085:004;
9086:004;
9087:001;
9088:004;
9089:004;
9090:004;
9091:004;
9092:004;
9093:004;
9094:004;
9095:004;
9096:004;
9097:004;
9098:004;
9099:004;
9100:004;
9101:004;
9102:004;
9103:004;
9104:004;
9105:004;
9106:004;
9107:004;
9108:004;
9109:004;
9110:004;
9111:004;
9112:004;
9113:004;
9114:004;
9115:004;
9116:004;
9117:004;
9118:004;
9119:004;
9120:001;
9121:001;
9122:001;
9123:003;
9124:003;
9125:003;
9126:003;
9127:003;
9128:003;
9129:003;
9130:003;
9131:003;
9132:003;
9133:003;
9134:003;
9135:003;
9136:003;
9137:003;
9138:003;
9139:003;
9140:003;
9141:003;
9142:003;
9143:003;
9144:003;
9145:003;
9146:003;
9147:003;
9148:003;
9149:003;
9150:003;
9151:003;
9152:003;
9153:003;
9154:003;
9155:003;
9156:003;
9157:003;
9158:003;
9159:003;
9160:003;
9161:003;
9162:003;
9163:003;
9164:003;
9165:003;
9166:003;
9167:003;
9168:003;
9169:003;
9170:003;
9171:003;
9172:003;
9173:003;
9174:003;
9175:003;
9176:003;
9177:003;
9178:003;
9179:001;
9180:001;
9181:001;
9182:004;
9183:004;
9184:004;
9185:004;
9186:004;
9187:004;
9188:004;
9189:004;
9190:004;
9191:004;
9192:004;
9193:004;
9194:004;
9195:004;
9196:004;
9197:004;
9198:004;
9199:004;
9200:004;
9201:004;
9202:004;
9203:004;
9204:004;
9205:004;
9206:004;
9207:004;
9208:004;
9209:004;
9210:004;
9211:004;
9212:004;
9213:004;
9214:004;
9215:001;
9216:004;
9217:004;
9218:004;
9219:004;
9220:004;
9221:004;
9222:004;
9223:004;
9224:004;
9225:004;
9226:004;
9227:004;
9228:004;
9229:004;
9230:004;
9231:004;
9232:004;
9233:004;
9234:004;
9235:004;
9236:004;
9237:004;
9238:004;
9239:004;
9240:004;
9241:004;
9242:004;
9243:004;
9244:004;
9245:004;
9246:004;
9247:004;
9248:004;
9249:001;
9250:001;
9251:001;
9252:003;
9253:003;
9254:003;
9255:003;
9256:003;
9257:003;
9258:003;
9259:003;
9260:003;
9261:003;
9262:003;
9263:003;
9264:003;
9265:003;
9266:003;
9267:003;
9268:003;
9269:003;
9270:003;
9271:003;
9272:003;
9273:003;
9274:003;
9275:003;
9276:003;
9277:003;
9278:003;
9279:003;
9280:003;
9281:003;
9282:003;
9283:003;
9284:003;
9285:003;
9286:003;
9287:003;
9288:003;
9289:003;
9290:003;
9291:003;
9292:003;
9293:003;
9294:003;
9295:003;
9296:003;
9297:003;
9298:003;
9299:003;
9300:003;
9301:003;
9302:003;
9303:003;
9304:003;
9305:003;
9306:001;
9307:001;
9308:001;
9309:004;
9310:004;
9311:004;
9312:004;
9313:004;
9314:004;
9315:004;
9316:004;
9317:004;
9318:004;
9319:004;
9320:004;
9321:004;
9322:004;
9323:004;
9324:004;
9325:004;
9326:004;
9327:004;
9328:004;
9329:004;
9330:004;
9331:004;
9332:004;
9333:004;
9334:004;
9335:004;
9336:004;
9337:004;
9338:004;
9339:004;
9340:004;
9341:004;
9342:004;
9343:001;
9344:004;
9345:004;
9346:004;
9347:004;
9348:004;
9349:004;
9350:004;
9351:004;
9352:004;
9353:004;
9354:004;
9355:004;
9356:004;
9357:004;
9358:004;
9359:004;
9360:004;
9361:004;
9362:004;
9363:004;
9364:004;
9365:004;
9366:004;
9367:004;
9368:004;
9369:004;
9370:004;
9371:004;
9372:004;
9373:004;
9374:004;
9375:004;
9376:004;
9377:004;
9378:001;
9379:001;
9380:001;
9381:003;
9382:003;
9383:003;
9384:003;
9385:003;
9386:003;
9387:003;
9388:003;
9389:003;
9390:003;
9391:003;
9392:003;
9393:003;
9394:003;
9395:003;
9396:003;
9397:003;
9398:003;
9399:003;
9400:003;
9401:003;
9402:003;
9403:003;
9404:003;
9405:003;
9406:003;
9407:003;
9408:003;
9409:003;
9410:003;
9411:003;
9412:003;
9413:003;
9414:003;
9415:003;
9416:003;
9417:003;
9418:003;
9419:003;
9420:003;
9421:003;
9422:003;
9423:003;
9424:003;
9425:003;
9426:003;
9427:003;
9428:003;
9429:003;
9430:003;
9431:003;
9432:003;
9433:001;
9434:001;
9435:001;
9436:004;
9437:004;
9438:004;
9439:004;
9440:004;
9441:004;
9442:004;
9443:004;
9444:004;
9445:004;
9446:004;
9447:004;
9448:004;
9449:004;
9450:004;
9451:004;
9452:004;
9453:004;
9454:004;
9455:004;
9456:004;
9457:004;
9458:004;
9459:004;
9460:004;
9461:004;
9462:004;
9463:004;
9464:004;
9465:004;
9466:004;
9467:004;
9468:004;
9469:004;
9470:004;
9471:001;
9472:004;
9473:004;
9474:004;
9475:004;
9476:004;
9477:004;
9478:004;
9479:004;
9480:004;
9481:004;
9482:004;
9483:004;
9484:004;
9485:004;
9486:004;
9487:004;
9488:004;
9489:004;
9490:004;
9491:004;
9492:004;
9493:004;
9494:004;
9495:004;
9496:004;
9497:004;
9498:004;
9499:004;
9500:004;
9501:004;
9502:004;
9503:004;
9504:004;
9505:004;
9506:004;
9507:001;
9508:001;
9509:001;
9510:003;
9511:003;
9512:003;
9513:003;
9514:003;
9515:003;
9516:003;
9517:003;
9518:003;
9519:003;
9520:003;
9521:003;
9522:003;
9523:003;
9524:003;
9525:003;
9526:003;
9527:003;
9528:003;
9529:003;
9530:003;
9531:003;
9532:003;
9533:003;
9534:003;
9535:003;
9536:003;
9537:003;
9538:003;
9539:003;
9540:003;
9541:003;
9542:003;
9543:003;
9544:003;
9545:003;
9546:003;
9547:003;
9548:003;
9549:003;
9550:003;
9551:003;
9552:003;
9553:003;
9554:003;
9555:003;
9556:003;
9557:003;
9558:003;
9559:003;
9560:001;
9561:001;
9562:001;
9563:004;
9564:004;
9565:004;
9566:004;
9567:004;
9568:004;
9569:004;
9570:004;
9571:004;
9572:004;
9573:004;
9574:004;
9575:004;
9576:004;
9577:004;
9578:004;
9579:004;
9580:004;
9581:004;
9582:004;
9583:004;
9584:004;
9585:004;
9586:004;
9587:004;
9588:004;
9589:004;
9590:004;
9591:004;
9592:004;
9593:004;
9594:004;
9595:004;
9596:004;
9597:004;
9598:004;
9599:001;
9600:004;
9601:004;
9602:004;
9603:004;
9604:004;
9605:004;
9606:004;
9607:004;
9608:004;
9609:004;
9610:004;
9611:004;
9612:004;
9613:004;
9614:004;
9615:004;
9616:004;
9617:004;
9618:004;
9619:004;
9620:004;
9621:004;
9622:004;
9623:004;
9624:004;
9625:004;
9626:004;
9627:004;
9628:004;
9629:004;
9630:004;
9631:004;
9632:004;
9633:004;
9634:004;
9635:004;
9636:001;
9637:001;
9638:001;
9639:003;
9640:003;
9641:003;
9642:003;
9643:003;
9644:003;
9645:003;
9646:003;
9647:003;
9648:003;
9649:003;
9650:003;
9651:003;
9652:003;
9653:003;
9654:003;
9655:003;
9656:003;
9657:003;
9658:003;
9659:003;
9660:003;
9661:003;
9662:003;
9663:003;
9664:003;
9665:003;
9666:003;
9667:003;
9668:003;
9669:003;
9670:003;
9671:003;
9672:003;
9673:003;
9674:003;
9675:003;
9676:003;
9677:003;
9678:003;
9679:003;
9680:003;
9681:003;
9682:003;
9683:003;
9684:003;
9685:003;
9686:003;
9687:001;
9688:001;
9689:001;
9690:004;
9691:004;
9692:004;
9693:004;
9694:004;
9695:004;
9696:004;
9697:004;
9698:004;
9699:004;
9700:004;
9701:004;
9702:004;
9703:004;
9704:004;
9705:004;
9706:004;
9707:004;
9708:004;
9709:004;
9710:004;
9711:004;
9712:004;
9713:004;
9714:004;
9715:004;
9716:004;
9717:004;
9718:004;
9719:004;
9720:004;
9721:004;
9722:004;
9723:004;
9724:004;
9725:004;
9726:004;
9727:001;
9728:004;
9729:004;
9730:004;
9731:004;
9732:004;
9733:004;
9734:004;
9735:004;
9736:004;
9737:004;
9738:004;
9739:004;
9740:004;
9741:004;
9742:004;
9743:004;
9744:004;
9745:004;
9746:004;
9747:004;
9748:004;
9749:004;
9750:004;
9751:004;
9752:004;
9753:004;
9754:004;
9755:004;
9756:004;
9757:004;
9758:004;
9759:004;
9760:004;
9761:004;
9762:004;
9763:004;
9764:004;
9765:001;
9766:001;
9767:001;
9768:003;
9769:003;
9770:003;
9771:003;
9772:003;
9773:003;
9774:003;
9775:003;
9776:003;
9777:003;
9778:003;
9779:003;
9780:003;
9781:003;
9782:003;
9783:003;
9784:003;
9785:003;
9786:003;
9787:003;
9788:003;
9789:003;
9790:003;
9791:003;
9792:003;
9793:003;
9794:003;
9795:003;
9796:003;
9797:003;
9798:003;
9799:003;
9800:003;
9801:003;
9802:003;
9803:003;
9804:003;
9805:003;
9806:003;
9807:003;
9808:003;
9809:003;
9810:003;
9811:003;
9812:003;
9813:003;
9814:001;
9815:001;
9816:001;
9817:004;
9818:004;
9819:004;
9820:004;
9821:004;
9822:004;
9823:004;
9824:004;
9825:004;
9826:004;
9827:004;
9828:004;
9829:004;
9830:004;
9831:004;
9832:004;
9833:004;
9834:004;
9835:004;
9836:004;
9837:004;
9838:004;
9839:004;
9840:004;
9841:004;
9842:004;
9843:004;
9844:004;
9845:004;
9846:004;
9847:004;
9848:004;
9849:004;
9850:004;
9851:004;
9852:004;
9853:004;
9854:004;
9855:001;
9856:004;
9857:004;
9858:004;
9859:004;
9860:004;
9861:004;
9862:004;
9863:004;
9864:004;
9865:004;
9866:004;
9867:004;
9868:004;
9869:004;
9870:004;
9871:004;
9872:004;
9873:004;
9874:004;
9875:004;
9876:004;
9877:004;
9878:004;
9879:004;
9880:004;
9881:004;
9882:004;
9883:004;
9884:004;
9885:004;
9886:004;
9887:004;
9888:004;
9889:004;
9890:004;
9891:004;
9892:004;
9893:004;
9894:001;
9895:001;
9896:001;
9897:003;
9898:003;
9899:003;
9900:003;
9901:003;
9902:003;
9903:003;
9904:003;
9905:003;
9906:003;
9907:003;
9908:003;
9909:003;
9910:003;
9911:003;
9912:003;
9913:003;
9914:003;
9915:003;
9916:003;
9917:003;
9918:003;
9919:003;
9920:003;
9921:003;
9922:003;
9923:003;
9924:003;
9925:003;
9926:003;
9927:003;
9928:003;
9929:003;
9930:003;
9931:003;
9932:003;
9933:003;
9934:003;
9935:003;
9936:003;
9937:003;
9938:003;
9939:003;
9940:003;
9941:001;
9942:001;
9943:001;
9944:004;
9945:004;
9946:004;
9947:004;
9948:004;
9949:004;
9950:004;
9951:004;
9952:004;
9953:004;
9954:004;
9955:004;
9956:004;
9957:004;
9958:004;
9959:004;
9960:004;
9961:004;
9962:004;
9963:004;
9964:004;
9965:004;
9966:004;
9967:004;
9968:004;
9969:004;
9970:004;
9971:004;
9972:004;
9973:004;
9974:004;
9975:004;
9976:004;
9977:004;
9978:004;
9979:004;
9980:004;
9981:004;
9982:004;
9983:001;
9984:004;
9985:004;
9986:004;
9987:004;
9988:004;
9989:004;
9990:004;
9991:004;
9992:004;
9993:004;
9994:004;
9995:004;
9996:004;
9997:004;
9998:004;
9999:004;
10000:004;
10001:004;
10002:004;
10003:004;
10004:004;
10005:004;
10006:004;
10007:004;
10008:004;
10009:004;
10010:004;
10011:004;
10012:004;
10013:004;
10014:004;
10015:004;
10016:004;
10017:004;
10018:004;
10019:004;
10020:004;
10021:004;
10022:004;
10023:001;
10024:001;
10025:001;
10026:003;
10027:003;
10028:003;
10029:003;
10030:003;
10031:003;
10032:003;
10033:003;
10034:003;
10035:003;
10036:003;
10037:003;
10038:003;
10039:003;
10040:003;
10041:003;
10042:003;
10043:003;
10044:003;
10045:003;
10046:003;
10047:003;
10048:003;
10049:003;
10050:003;
10051:003;
10052:003;
10053:003;
10054:003;
10055:003;
10056:003;
10057:003;
10058:003;
10059:003;
10060:003;
10061:003;
10062:003;
10063:003;
10064:003;
10065:003;
10066:003;
10067:003;
10068:001;
10069:001;
10070:001;
10071:004;
10072:004;
10073:004;
10074:004;
10075:004;
10076:004;
10077:004;
10078:004;
10079:004;
10080:004;
10081:004;
10082:004;
10083:004;
10084:004;
10085:004;
10086:004;
10087:004;
10088:004;
10089:004;
10090:004;
10091:004;
10092:004;
10093:004;
10094:004;
10095:004;
10096:004;
10097:004;
10098:004;
10099:004;
10100:004;
10101:004;
10102:004;
10103:004;
10104:004;
10105:004;
10106:004;
10107:004;
10108:004;
10109:004;
10110:004;
10111:001;
10112:004;
10113:004;
10114:004;
10115:004;
10116:004;
10117:004;
10118:004;
10119:004;
10120:004;
10121:004;
10122:004;
10123:004;
10124:004;
10125:004;
10126:004;
10127:004;
10128:004;
10129:004;
10130:004;
10131:004;
10132:004;
10133:004;
10134:004;
10135:004;
10136:004;
10137:004;
10138:004;
10139:004;
10140:004;
10141:004;
10142:004;
10143:004;
10144:004;
10145:004;
10146:004;
10147:004;
10148:004;
10149:004;
10150:004;
10151:004;
10152:001;
10153:001;
10154:001;
10155:003;
10156:003;
10157:003;
10158:003;
10159:003;
10160:003;
10161:003;
10162:003;
10163:003;
10164:003;
10165:003;
10166:003;
10167:003;
10168:003;
10169:003;
10170:003;
10171:003;
10172:003;
10173:003;
10174:003;
10175:003;
10176:003;
10177:003;
10178:003;
10179:003;
10180:003;
10181:003;
10182:003;
10183:003;
10184:003;
10185:003;
10186:003;
10187:003;
10188:003;
10189:003;
10190:003;
10191:003;
10192:003;
10193:003;
10194:003;
10195:001;
10196:001;
10197:001;
10198:004;
10199:004;
10200:004;
10201:004;
10202:004;
10203:004;
10204:004;
10205:004;
10206:004;
10207:004;
10208:004;
10209:004;
10210:004;
10211:004;
10212:004;
10213:004;
10214:004;
10215:004;
10216:004;
10217:004;
10218:004;
10219:004;
10220:004;
10221:004;
10222:004;
10223:004;
10224:004;
10225:004;
10226:004;
10227:004;
10228:004;
10229:004;
10230:004;
10231:004;
10232:004;
10233:004;
10234:004;
10235:004;
10236:004;
10237:004;
10238:004;
10239:001;
10240:004;
10241:004;
10242:004;
10243:004;
10244:004;
10245:004;
10246:004;
10247:004;
10248:004;
10249:004;
10250:004;
10251:004;
10252:004;
10253:004;
10254:004;
10255:004;
10256:004;
10257:004;
10258:004;
10259:004;
10260:004;
10261:004;
10262:004;
10263:004;
10264:004;
10265:004;
10266:004;
10267:004;
10268:004;
10269:004;
10270:004;
10271:004;
10272:004;
10273:004;
10274:004;
10275:004;
10276:004;
10277:004;
10278:004;
10279:004;
10280:004;
10281:001;
10282:001;
10283:001;
10284:003;
10285:003;
10286:003;
10287:003;
10288:003;
10289:003;
10290:003;
10291:003;
10292:003;
10293:003;
10294:003;
10295:003;
10296:003;
10297:003;
10298:003;
10299:003;
10300:003;
10301:003;
10302:003;
10303:003;
10304:003;
10305:003;
10306:003;
10307:003;
10308:003;
10309:003;
10310:003;
10311:003;
10312:003;
10313:003;
10314:003;
10315:003;
10316:003;
10317:003;
10318:003;
10319:003;
10320:003;
10321:003;
10322:001;
10323:001;
10324:001;
10325:004;
10326:004;
10327:004;
10328:004;
10329:004;
10330:004;
10331:004;
10332:004;
10333:004;
10334:004;
10335:004;
10336:004;
10337:004;
10338:004;
10339:004;
10340:004;
10341:004;
10342:004;
10343:004;
10344:004;
10345:004;
10346:004;
10347:004;
10348:004;
10349:004;
10350:004;
10351:004;
10352:004;
10353:004;
10354:004;
10355:004;
10356:004;
10357:004;
10358:004;
10359:004;
10360:004;
10361:004;
10362:004;
10363:004;
10364:004;
10365:004;
10366:004;
10367:001;
10368:004;
10369:004;
10370:004;
10371:004;
10372:004;
10373:004;
10374:004;
10375:004;
10376:004;
10377:004;
10378:004;
10379:004;
10380:004;
10381:004;
10382:004;
10383:004;
10384:004;
10385:004;
10386:004;
10387:004;
10388:004;
10389:004;
10390:004;
10391:004;
10392:004;
10393:004;
10394:004;
10395:004;
10396:004;
10397:004;
10398:004;
10399:004;
10400:004;
10401:004;
10402:004;
10403:004;
10404:004;
10405:004;
10406:004;
10407:004;
10408:004;
10409:004;
10410:001;
10411:001;
10412:001;
10413:003;
10414:003;
10415:003;
10416:003;
10417:003;
10418:003;
10419:003;
10420:003;
10421:003;
10422:003;
10423:003;
10424:003;
10425:003;
10426:003;
10427:003;
10428:003;
10429:003;
10430:003;
10431:003;
10432:003;
10433:003;
10434:003;
10435:003;
10436:003;
10437:003;
10438:003;
10439:003;
10440:003;
10441:003;
10442:003;
10443:003;
10444:003;
10445:003;
10446:003;
10447:003;
10448:003;
10449:001;
10450:001;
10451:001;
10452:004;
10453:004;
10454:004;
10455:004;
10456:004;
10457:004;
10458:004;
10459:004;
10460:004;
10461:004;
10462:004;
10463:004;
10464:004;
10465:004;
10466:004;
10467:004;
10468:004;
10469:004;
10470:004;
10471:004;
10472:004;
10473:004;
10474:004;
10475:004;
10476:004;
10477:004;
10478:004;
10479:004;
10480:004;
10481:004;
10482:004;
10483:004;
10484:004;
10485:004;
10486:004;
10487:004;
10488:004;
10489:004;
10490:004;
10491:004;
10492:004;
10493:004;
10494:004;
10495:001;
10496:004;
10497:004;
10498:004;
10499:004;
10500:004;
10501:004;
10502:004;
10503:004;
10504:004;
10505:004;
10506:004;
10507:004;
10508:004;
10509:004;
10510:004;
10511:004;
10512:004;
10513:004;
10514:004;
10515:004;
10516:004;
10517:004;
10518:004;
10519:004;
10520:004;
10521:004;
10522:004;
10523:004;
10524:004;
10525:004;
10526:004;
10527:004;
10528:004;
10529:004;
10530:004;
10531:004;
10532:004;
10533:004;
10534:004;
10535:004;
10536:004;
10537:004;
10538:004;
10539:001;
10540:001;
10541:001;
10542:003;
10543:003;
10544:003;
10545:003;
10546:003;
10547:003;
10548:003;
10549:003;
10550:003;
10551:003;
10552:003;
10553:003;
10554:003;
10555:003;
10556:003;
10557:003;
10558:003;
10559:003;
10560:003;
10561:003;
10562:003;
10563:003;
10564:003;
10565:003;
10566:003;
10567:003;
10568:003;
10569:003;
10570:003;
10571:003;
10572:003;
10573:003;
10574:003;
10575:003;
10576:001;
10577:001;
10578:001;
10579:004;
10580:004;
10581:004;
10582:004;
10583:004;
10584:004;
10585:004;
10586:004;
10587:004;
10588:004;
10589:004;
10590:004;
10591:004;
10592:004;
10593:004;
10594:004;
10595:004;
10596:004;
10597:004;
10598:004;
10599:004;
10600:004;
10601:004;
10602:004;
10603:004;
10604:004;
10605:004;
10606:004;
10607:004;
10608:004;
10609:004;
10610:004;
10611:004;
10612:004;
10613:004;
10614:004;
10615:004;
10616:004;
10617:004;
10618:004;
10619:004;
10620:004;
10621:004;
10622:004;
10623:001;
10624:004;
10625:004;
10626:004;
10627:004;
10628:004;
10629:004;
10630:004;
10631:004;
10632:004;
10633:004;
10634:004;
10635:004;
10636:004;
10637:004;
10638:004;
10639:004;
10640:004;
10641:004;
10642:004;
10643:004;
10644:004;
10645:004;
10646:004;
10647:004;
10648:004;
10649:004;
10650:004;
10651:004;
10652:004;
10653:004;
10654:004;
10655:004;
10656:004;
10657:004;
10658:004;
10659:004;
10660:004;
10661:004;
10662:004;
10663:004;
10664:004;
10665:004;
10666:004;
10667:004;
10668:001;
10669:001;
10670:001;
10671:003;
10672:003;
10673:003;
10674:003;
10675:003;
10676:003;
10677:003;
10678:003;
10679:003;
10680:003;
10681:003;
10682:003;
10683:003;
10684:003;
10685:003;
10686:003;
10687:003;
10688:003;
10689:003;
10690:003;
10691:003;
10692:003;
10693:003;
10694:003;
10695:003;
10696:003;
10697:003;
10698:003;
10699:003;
10700:003;
10701:003;
10702:003;
10703:001;
10704:001;
10705:001;
10706:004;
10707:004;
10708:004;
10709:004;
10710:004;
10711:004;
10712:004;
10713:004;
10714:004;
10715:004;
10716:004;
10717:004;
10718:004;
10719:004;
10720:004;
10721:004;
10722:004;
10723:004;
10724:004;
10725:004;
10726:004;
10727:004;
10728:004;
10729:004;
10730:004;
10731:004;
10732:004;
10733:004;
10734:004;
10735:004;
10736:004;
10737:004;
10738:004;
10739:004;
10740:004;
10741:004;
10742:004;
10743:004;
10744:004;
10745:004;
10746:004;
10747:004;
10748:004;
10749:004;
10750:004;
10751:001;
10752:004;
10753:004;
10754:004;
10755:004;
10756:004;
10757:004;
10758:004;
10759:004;
10760:004;
10761:004;
10762:004;
10763:004;
10764:004;
10765:004;
10766:004;
10767:004;
10768:004;
10769:004;
10770:004;
10771:004;
10772:004;
10773:004;
10774:004;
10775:004;
10776:004;
10777:004;
10778:004;
10779:004;
10780:004;
10781:004;
10782:004;
10783:004;
10784:004;
10785:004;
10786:004;
10787:004;
10788:004;
10789:004;
10790:004;
10791:004;
10792:004;
10793:004;
10794:004;
10795:004;
10796:004;
10797:001;
10798:001;
10799:001;
10800:001;
10801:001;
10802:001;
10803:001;
10804:001;
10805:001;
10806:001;
10807:001;
10808:001;
10809:001;
10810:001;
10811:001;
10812:001;
10813:001;
10814:001;
10815:001;
10816:001;
10817:001;
10818:001;
10819:001;
10820:001;
10821:001;
10822:001;
10823:001;
10824:001;
10825:001;
10826:001;
10827:001;
10828:001;
10829:001;
10830:001;
10831:001;
10832:001;
10833:004;
10834:004;
10835:004;
10836:004;
10837:004;
10838:004;
10839:004;
10840:004;
10841:004;
10842:004;
10843:004;
10844:004;
10845:004;
10846:004;
10847:004;
10848:004;
10849:004;
10850:004;
10851:004;
10852:004;
10853:004;
10854:004;
10855:004;
10856:004;
10857:004;
10858:004;
10859:004;
10860:004;
10861:004;
10862:004;
10863:004;
10864:004;
10865:004;
10866:004;
10867:004;
10868:004;
10869:004;
10870:004;
10871:004;
10872:004;
10873:004;
10874:004;
10875:004;
10876:004;
10877:004;
10878:004;
10879:001;
10880:004;
10881:004;
10882:004;
10883:004;
10884:004;
10885:004;
10886:004;
10887:004;
10888:004;
10889:004;
10890:004;
10891:004;
10892:004;
10893:004;
10894:004;
10895:004;
10896:004;
10897:004;
10898:004;
10899:004;
10900:004;
10901:004;
10902:004;
10903:004;
10904:004;
10905:004;
10906:004;
10907:004;
10908:004;
10909:004;
10910:004;
10911:004;
10912:004;
10913:004;
10914:004;
10915:004;
10916:004;
10917:004;
10918:004;
10919:004;
10920:004;
10921:004;
10922:004;
10923:004;
10924:004;
10925:004;
10926:001;
10927:001;
10928:001;
10929:001;
10930:001;
10931:001;
10932:001;
10933:001;
10934:001;
10935:001;
10936:001;
10937:001;
10938:001;
10939:001;
10940:001;
10941:001;
10942:001;
10943:001;
10944:001;
10945:001;
10946:001;
10947:001;
10948:001;
10949:001;
10950:001;
10951:001;
10952:001;
10953:001;
10954:001;
10955:001;
10956:001;
10957:001;
10958:001;
10959:001;
10960:004;
10961:004;
10962:004;
10963:004;
10964:004;
10965:004;
10966:004;
10967:004;
10968:004;
10969:004;
10970:004;
10971:004;
10972:004;
10973:004;
10974:004;
10975:004;
10976:004;
10977:004;
10978:004;
10979:004;
10980:004;
10981:004;
10982:004;
10983:004;
10984:004;
10985:004;
10986:004;
10987:004;
10988:004;
10989:004;
10990:004;
10991:004;
10992:004;
10993:004;
10994:004;
10995:004;
10996:004;
10997:004;
10998:004;
10999:004;
11000:004;
11001:004;
11002:004;
11003:004;
11004:004;
11005:004;
11006:004;
11007:001;
11008:004;
11009:004;
11010:004;
11011:004;
11012:004;
11013:004;
11014:004;
11015:004;
11016:004;
11017:004;
11018:004;
11019:004;
11020:004;
11021:004;
11022:004;
11023:004;
11024:004;
11025:004;
11026:004;
11027:004;
11028:004;
11029:004;
11030:004;
11031:004;
11032:004;
11033:004;
11034:004;
11035:004;
11036:004;
11037:004;
11038:004;
11039:004;
11040:004;
11041:004;
11042:004;
11043:004;
11044:004;
11045:004;
11046:004;
11047:004;
11048:004;
11049:004;
11050:004;
11051:004;
11052:004;
11053:004;
11054:004;
11055:004;
11056:004;
11057:004;
11058:004;
11059:004;
11060:004;
11061:004;
11062:004;
11063:004;
11064:004;
11065:004;
11066:004;
11067:004;
11068:004;
11069:004;
11070:004;
11071:004;
11072:004;
11073:004;
11074:004;
11075:004;
11076:004;
11077:004;
11078:004;
11079:004;
11080:004;
11081:004;
11082:004;
11083:004;
11084:004;
11085:004;
11086:004;
11087:004;
11088:004;
11089:004;
11090:004;
11091:004;
11092:004;
11093:004;
11094:004;
11095:004;
11096:004;
11097:004;
11098:004;
11099:004;
11100:004;
11101:004;
11102:004;
11103:004;
11104:004;
11105:004;
11106:004;
11107:004;
11108:004;
11109:004;
11110:004;
11111:004;
11112:004;
11113:004;
11114:004;
11115:004;
11116:004;
11117:004;
11118:004;
11119:004;
11120:004;
11121:004;
11122:004;
11123:004;
11124:004;
11125:004;
11126:004;
11127:004;
11128:004;
11129:004;
11130:004;
11131:004;
11132:004;
11133:004;
11134:004;
11135:001;
11136:004;
11137:004;
11138:004;
11139:004;
11140:004;
11141:004;
11142:004;
11143:004;
11144:004;
11145:004;
11146:004;
11147:004;
11148:004;
11149:004;
11150:004;
11151:004;
11152:004;
11153:004;
11154:004;
11155:004;
11156:004;
11157:004;
11158:004;
11159:004;
11160:004;
11161:004;
11162:004;
11163:004;
11164:004;
11165:004;
11166:004;
11167:004;
11168:004;
11169:004;
11170:004;
11171:004;
11172:004;
11173:004;
11174:004;
11175:004;
11176:004;
11177:004;
11178:004;
11179:004;
11180:004;
11181:004;
11182:004;
11183:004;
11184:004;
11185:004;
11186:004;
11187:004;
11188:004;
11189:004;
11190:004;
11191:004;
11192:004;
11193:004;
11194:004;
11195:004;
11196:004;
11197:004;
11198:004;
11199:004;
11200:004;
11201:004;
11202:004;
11203:004;
11204:004;
11205:004;
11206:004;
11207:004;
11208:004;
11209:004;
11210:004;
11211:004;
11212:004;
11213:004;
11214:004;
11215:004;
11216:004;
11217:004;
11218:004;
11219:004;
11220:004;
11221:004;
11222:004;
11223:004;
11224:004;
11225:004;
11226:004;
11227:004;
11228:004;
11229:004;
11230:004;
11231:004;
11232:004;
11233:004;
11234:004;
11235:004;
11236:004;
11237:004;
11238:004;
11239:004;
11240:004;
11241:004;
11242:004;
11243:004;
11244:004;
11245:004;
11246:004;
11247:004;
11248:004;
11249:004;
11250:004;
11251:004;
11252:004;
11253:004;
11254:004;
11255:004;
11256:004;
11257:004;
11258:004;
11259:004;
11260:004;
11261:004;
11262:004;
11263:001;
11264:004;
11265:004;
11266:004;
11267:004;
11268:004;
11269:004;
11270:004;
11271:004;
11272:004;
11273:004;
11274:004;
11275:004;
11276:004;
11277:004;
11278:004;
11279:004;
11280:004;
11281:004;
11282:004;
11283:004;
11284:004;
11285:004;
11286:004;
11287:004;
11288:004;
11289:004;
11290:004;
11291:004;
11292:004;
11293:004;
11294:004;
11295:004;
11296:004;
11297:004;
11298:004;
11299:004;
11300:004;
11301:004;
11302:004;
11303:004;
11304:004;
11305:004;
11306:004;
11307:004;
11308:004;
11309:004;
11310:004;
11311:004;
11312:004;
11313:004;
11314:004;
11315:004;
11316:004;
11317:004;
11318:004;
11319:004;
11320:004;
11321:004;
11322:004;
11323:004;
11324:004;
11325:004;
11326:004;
11327:004;
11328:004;
11329:004;
11330:004;
11331:004;
11332:004;
11333:004;
11334:004;
11335:004;
11336:004;
11337:004;
11338:004;
11339:004;
11340:004;
11341:004;
11342:004;
11343:004;
11344:004;
11345:004;
11346:004;
11347:004;
11348:004;
11349:004;
11350:004;
11351:004;
11352:004;
11353:004;
11354:004;
11355:004;
11356:004;
11357:004;
11358:004;
11359:004;
11360:004;
11361:004;
11362:004;
11363:004;
11364:004;
11365:004;
11366:004;
11367:004;
11368:004;
11369:004;
11370:004;
11371:004;
11372:004;
11373:004;
11374:004;
11375:004;
11376:004;
11377:004;
11378:004;
11379:004;
11380:004;
11381:004;
11382:004;
11383:004;
11384:004;
11385:004;
11386:004;
11387:004;
11388:004;
11389:004;
11390:004;
11391:001;
11392:004;
11393:004;
11394:004;
11395:004;
11396:004;
11397:004;
11398:004;
11399:004;
11400:004;
11401:004;
11402:004;
11403:004;
11404:004;
11405:004;
11406:004;
11407:004;
11408:004;
11409:004;
11410:004;
11411:004;
11412:004;
11413:004;
11414:004;
11415:004;
11416:004;
11417:004;
11418:004;
11419:004;
11420:004;
11421:004;
11422:004;
11423:004;
11424:004;
11425:004;
11426:004;
11427:004;
11428:004;
11429:004;
11430:004;
11431:004;
11432:004;
11433:004;
11434:004;
11435:004;
11436:004;
11437:004;
11438:004;
11439:004;
11440:004;
11441:004;
11442:004;
11443:004;
11444:004;
11445:004;
11446:004;
11447:004;
11448:004;
11449:004;
11450:004;
11451:004;
11452:004;
11453:004;
11454:004;
11455:004;
11456:004;
11457:004;
11458:004;
11459:004;
11460:004;
11461:004;
11462:004;
11463:004;
11464:004;
11465:004;
11466:004;
11467:004;
11468:004;
11469:004;
11470:004;
11471:004;
11472:004;
11473:004;
11474:004;
11475:004;
11476:004;
11477:004;
11478:004;
11479:004;
11480:004;
11481:004;
11482:004;
11483:004;
11484:004;
11485:004;
11486:004;
11487:004;
11488:004;
11489:004;
11490:004;
11491:004;
11492:004;
11493:004;
11494:004;
11495:004;
11496:004;
11497:004;
11498:004;
11499:004;
11500:004;
11501:004;
11502:004;
11503:004;
11504:004;
11505:004;
11506:004;
11507:004;
11508:004;
11509:004;
11510:004;
11511:004;
11512:004;
11513:004;
11514:004;
11515:004;
11516:004;
11517:004;
11518:004;
11519:001;
11520:004;
11521:004;
11522:004;
11523:004;
11524:004;
11525:004;
11526:004;
11527:004;
11528:004;
11529:004;
11530:004;
11531:004;
11532:004;
11533:004;
11534:004;
11535:004;
11536:004;
11537:004;
11538:004;
11539:004;
11540:004;
11541:004;
11542:004;
11543:004;
11544:004;
11545:004;
11546:004;
11547:004;
11548:004;
11549:004;
11550:004;
11551:004;
11552:004;
11553:004;
11554:004;
11555:004;
11556:004;
11557:004;
11558:004;
11559:004;
11560:004;
11561:004;
11562:004;
11563:004;
11564:004;
11565:004;
11566:004;
11567:004;
11568:004;
11569:004;
11570:004;
11571:004;
11572:004;
11573:004;
11574:004;
11575:004;
11576:004;
11577:004;
11578:004;
11579:004;
11580:004;
11581:004;
11582:004;
11583:004;
11584:004;
11585:004;
11586:004;
11587:004;
11588:004;
11589:004;
11590:004;
11591:004;
11592:004;
11593:004;
11594:004;
11595:004;
11596:004;
11597:004;
11598:004;
11599:004;
11600:004;
11601:004;
11602:004;
11603:004;
11604:004;
11605:004;
11606:004;
11607:004;
11608:004;
11609:004;
11610:004;
11611:004;
11612:004;
11613:004;
11614:004;
11615:004;
11616:004;
11617:004;
11618:004;
11619:004;
11620:004;
11621:004;
11622:004;
11623:004;
11624:004;
11625:004;
11626:004;
11627:004;
11628:004;
11629:004;
11630:004;
11631:004;
11632:004;
11633:004;
11634:004;
11635:004;
11636:004;
11637:004;
11638:004;
11639:004;
11640:004;
11641:004;
11642:004;
11643:004;
11644:004;
11645:004;
11646:004;
11647:001;
11648:004;
11649:004;
11650:004;
11651:004;
11652:004;
11653:004;
11654:004;
11655:004;
11656:004;
11657:004;
11658:004;
11659:004;
11660:004;
11661:004;
11662:004;
11663:004;
11664:004;
11665:004;
11666:004;
11667:004;
11668:004;
11669:004;
11670:004;
11671:004;
11672:004;
11673:004;
11674:004;
11675:004;
11676:004;
11677:004;
11678:004;
11679:004;
11680:004;
11681:004;
11682:004;
11683:004;
11684:004;
11685:004;
11686:004;
11687:004;
11688:004;
11689:004;
11690:004;
11691:004;
11692:004;
11693:004;
11694:004;
11695:004;
11696:004;
11697:004;
11698:004;
11699:004;
11700:004;
11701:004;
11702:004;
11703:004;
11704:004;
11705:004;
11706:004;
11707:004;
11708:004;
11709:004;
11710:004;
11711:004;
11712:004;
11713:004;
11714:004;
11715:004;
11716:004;
11717:004;
11718:004;
11719:004;
11720:004;
11721:004;
11722:004;
11723:004;
11724:004;
11725:004;
11726:004;
11727:004;
11728:004;
11729:004;
11730:004;
11731:004;
11732:004;
11733:004;
11734:004;
11735:004;
11736:004;
11737:004;
11738:004;
11739:004;
11740:004;
11741:004;
11742:004;
11743:004;
11744:004;
11745:004;
11746:004;
11747:004;
11748:004;
11749:004;
11750:004;
11751:004;
11752:004;
11753:004;
11754:004;
11755:004;
11756:004;
11757:004;
11758:004;
11759:004;
11760:004;
11761:004;
11762:004;
11763:004;
11764:004;
11765:004;
11766:004;
11767:004;
11768:004;
11769:004;
11770:004;
11771:004;
11772:004;
11773:004;
11774:004;
11775:001;
11776:004;
11777:004;
11778:004;
11779:004;
11780:004;
11781:004;
11782:004;
11783:004;
11784:004;
11785:004;
11786:004;
11787:004;
11788:004;
11789:004;
11790:004;
11791:004;
11792:004;
11793:004;
11794:004;
11795:004;
11796:004;
11797:004;
11798:004;
11799:004;
11800:004;
11801:004;
11802:004;
11803:004;
11804:004;
11805:004;
11806:004;
11807:004;
11808:004;
11809:004;
11810:004;
11811:004;
11812:004;
11813:004;
11814:004;
11815:004;
11816:004;
11817:004;
11818:004;
11819:004;
11820:004;
11821:004;
11822:004;
11823:004;
11824:004;
11825:004;
11826:004;
11827:004;
11828:004;
11829:004;
11830:004;
11831:004;
11832:004;
11833:004;
11834:004;
11835:004;
11836:004;
11837:004;
11838:004;
11839:004;
11840:004;
11841:004;
11842:004;
11843:004;
11844:004;
11845:004;
11846:004;
11847:004;
11848:004;
11849:004;
11850:004;
11851:004;
11852:004;
11853:004;
11854:004;
11855:004;
11856:004;
11857:004;
11858:004;
11859:004;
11860:004;
11861:004;
11862:004;
11863:004;
11864:004;
11865:004;
11866:004;
11867:004;
11868:004;
11869:004;
11870:004;
11871:004;
11872:004;
11873:004;
11874:004;
11875:004;
11876:004;
11877:004;
11878:004;
11879:004;
11880:004;
11881:004;
11882:004;
11883:004;
11884:004;
11885:004;
11886:004;
11887:004;
11888:004;
11889:004;
11890:004;
11891:004;
11892:004;
11893:004;
11894:004;
11895:004;
11896:004;
11897:004;
11898:004;
11899:004;
11900:004;
11901:004;
11902:004;
11903:001;
11904:004;
11905:004;
11906:004;
11907:004;
11908:004;
11909:004;
11910:004;
11911:004;
11912:004;
11913:004;
11914:004;
11915:004;
11916:004;
11917:004;
11918:004;
11919:004;
11920:004;
11921:004;
11922:004;
11923:004;
11924:004;
11925:004;
11926:004;
11927:004;
11928:004;
11929:004;
11930:004;
11931:004;
11932:004;
11933:004;
11934:004;
11935:004;
11936:004;
11937:004;
11938:004;
11939:004;
11940:004;
11941:004;
11942:004;
11943:004;
11944:004;
11945:004;
11946:004;
11947:004;
11948:004;
11949:004;
11950:004;
11951:004;
11952:004;
11953:004;
11954:004;
11955:004;
11956:004;
11957:004;
11958:004;
11959:004;
11960:004;
11961:004;
11962:004;
11963:004;
11964:004;
11965:004;
11966:004;
11967:004;
11968:004;
11969:004;
11970:004;
11971:004;
11972:004;
11973:004;
11974:004;
11975:004;
11976:004;
11977:004;
11978:004;
11979:004;
11980:004;
11981:004;
11982:004;
11983:004;
11984:004;
11985:004;
11986:004;
11987:004;
11988:004;
11989:004;
11990:004;
11991:004;
11992:004;
11993:004;
11994:004;
11995:004;
11996:004;
11997:004;
11998:004;
11999:004;
12000:004;
12001:004;
12002:004;
12003:004;
12004:004;
12005:004;
12006:004;
12007:004;
12008:004;
12009:004;
12010:004;
12011:004;
12012:004;
12013:004;
12014:004;
12015:004;
12016:004;
12017:004;
12018:004;
12019:004;
12020:004;
12021:004;
12022:004;
12023:004;
12024:004;
12025:004;
12026:004;
12027:004;
12028:004;
12029:004;
12030:004;
12031:001;
12032:004;
12033:004;
12034:004;
12035:004;
12036:004;
12037:004;
12038:004;
12039:004;
12040:004;
12041:004;
12042:004;
12043:004;
12044:004;
12045:004;
12046:004;
12047:004;
12048:004;
12049:004;
12050:004;
12051:004;
12052:004;
12053:004;
12054:004;
12055:004;
12056:004;
12057:004;
12058:004;
12059:004;
12060:004;
12061:004;
12062:004;
12063:004;
12064:004;
12065:004;
12066:004;
12067:004;
12068:004;
12069:004;
12070:004;
12071:004;
12072:004;
12073:004;
12074:004;
12075:004;
12076:004;
12077:004;
12078:004;
12079:004;
12080:004;
12081:004;
12082:004;
12083:004;
12084:004;
12085:004;
12086:004;
12087:004;
12088:004;
12089:004;
12090:004;
12091:004;
12092:004;
12093:004;
12094:004;
12095:004;
12096:004;
12097:004;
12098:004;
12099:004;
12100:004;
12101:004;
12102:004;
12103:004;
12104:004;
12105:004;
12106:004;
12107:004;
12108:004;
12109:004;
12110:004;
12111:004;
12112:004;
12113:004;
12114:004;
12115:004;
12116:004;
12117:004;
12118:004;
12119:004;
12120:004;
12121:004;
12122:004;
12123:004;
12124:004;
12125:004;
12126:004;
12127:004;
12128:004;
12129:004;
12130:004;
12131:004;
12132:004;
12133:004;
12134:004;
12135:004;
12136:004;
12137:004;
12138:004;
12139:004;
12140:004;
12141:004;
12142:004;
12143:004;
12144:004;
12145:004;
12146:004;
12147:004;
12148:004;
12149:004;
12150:004;
12151:004;
12152:004;
12153:004;
12154:004;
12155:004;
12156:004;
12157:004;
12158:004;
12159:001;
12160:004;
12161:004;
12162:004;
12163:004;
12164:004;
12165:004;
12166:004;
12167:004;
12168:004;
12169:004;
12170:004;
12171:004;
12172:004;
12173:004;
12174:004;
12175:004;
12176:004;
12177:004;
12178:004;
12179:004;
12180:004;
12181:004;
12182:004;
12183:004;
12184:004;
12185:004;
12186:004;
12187:004;
12188:004;
12189:004;
12190:004;
12191:004;
12192:004;
12193:004;
12194:004;
12195:004;
12196:004;
12197:004;
12198:004;
12199:004;
12200:004;
12201:004;
12202:004;
12203:004;
12204:004;
12205:004;
12206:004;
12207:004;
12208:004;
12209:004;
12210:004;
12211:004;
12212:004;
12213:004;
12214:004;
12215:004;
12216:004;
12217:004;
12218:004;
12219:004;
12220:004;
12221:004;
12222:004;
12223:004;
12224:004;
12225:004;
12226:004;
12227:004;
12228:004;
12229:004;
12230:004;
12231:004;
12232:004;
12233:004;
12234:004;
12235:004;
12236:004;
12237:004;
12238:004;
12239:004;
12240:004;
12241:004;
12242:004;
12243:004;
12244:004;
12245:004;
12246:004;
12247:004;
12248:004;
12249:004;
12250:004;
12251:004;
12252:004;
12253:004;
12254:004;
12255:004;
12256:004;
12257:004;
12258:004;
12259:004;
12260:004;
12261:004;
12262:004;
12263:004;
12264:004;
12265:004;
12266:004;
12267:004;
12268:004;
12269:004;
12270:004;
12271:004;
12272:004;
12273:004;
12274:004;
12275:004;
12276:004;
12277:004;
12278:004;
12279:004;
12280:004;
12281:004;
12282:004;
12283:004;
12284:004;
12285:004;
12286:004;
12287:001;
12288:003;
12289:004;
12290:004;
12291:004;
12292:004;
12293:004;
12294:004;
12295:004;
12296:003;
12297:004;
12298:004;
12299:004;
12300:004;
12301:004;
12302:004;
12303:004;
12304:003;
12305:004;
12306:004;
12307:004;
12308:004;
12309:004;
12310:004;
12311:004;
12312:003;
12313:004;
12314:004;
12315:004;
12316:004;
12317:004;
12318:004;
12319:004;
12320:003;
12321:004;
12322:004;
12323:004;
12324:004;
12325:004;
12326:004;
12327:004;
12328:003;
12329:004;
12330:004;
12331:004;
12332:004;
12333:004;
12334:004;
12335:004;
12336:003;
12337:004;
12338:004;
12339:004;
12340:004;
12341:004;
12342:004;
12343:004;
12344:003;
12345:004;
12346:004;
12347:004;
12348:004;
12349:004;
12350:004;
12351:004;
12352:003;
12353:004;
12354:004;
12355:004;
12356:004;
12357:004;
12358:004;
12359:004;
12360:003;
12361:004;
12362:004;
12363:004;
12364:004;
12365:004;
12366:004;
12367:004;
12368:003;
12369:004;
12370:004;
12371:004;
12372:004;
12373:004;
12374:004;
12375:004;
12376:003;
12377:004;
12378:004;
12379:004;
12380:004;
12381:004;
12382:004;
12383:004;
12384:003;
12385:004;
12386:004;
12387:004;
12388:004;
12389:004;
12390:004;
12391:004;
12392:003;
12393:004;
12394:004;
12395:004;
12396:004;
12397:004;
12398:004;
12399:004;
12400:003;
12401:004;
12402:004;
12403:004;
12404:004;
12405:004;
12406:004;
12407:004;
12408:003;
12409:004;
12410:004;
12411:004;
12412:004;
12413:004;
12414:004;
12415:001;
12416:004;
12417:004;
12418:004;
12419:004;
12420:004;
12421:004;
12422:004;
12423:004;
12424:004;
12425:004;
12426:004;
12427:004;
12428:004;
12429:004;
12430:004;
12431:004;
12432:004;
12433:004;
12434:004;
12435:004;
12436:004;
12437:004;
12438:004;
12439:004;
12440:004;
12441:004;
12442:004;
12443:004;
12444:004;
12445:004;
12446:004;
12447:004;
12448:004;
12449:004;
12450:004;
12451:004;
12452:004;
12453:004;
12454:004;
12455:004;
12456:004;
12457:004;
12458:004;
12459:004;
12460:004;
12461:004;
12462:004;
12463:004;
12464:004;
12465:004;
12466:004;
12467:004;
12468:004;
12469:004;
12470:004;
12471:004;
12472:004;
12473:004;
12474:004;
12475:004;
12476:004;
12477:004;
12478:004;
12479:004;
12480:004;
12481:004;
12482:004;
12483:004;
12484:004;
12485:004;
12486:004;
12487:004;
12488:004;
12489:004;
12490:004;
12491:004;
12492:004;
12493:004;
12494:004;
12495:004;
12496:004;
12497:004;
12498:004;
12499:004;
12500:004;
12501:004;
12502:004;
12503:004;
12504:004;
12505:004;
12506:004;
12507:004;
12508:004;
12509:004;
12510:004;
12511:004;
12512:004;
12513:004;
12514:004;
12515:004;
12516:004;
12517:004;
12518:004;
12519:004;
12520:004;
12521:004;
12522:004;
12523:004;
12524:004;
12525:004;
12526:004;
12527:004;
12528:004;
12529:004;
12530:004;
12531:004;
12532:004;
12533:004;
12534:004;
12535:004;
12536:004;
12537:004;
12538:004;
12539:004;
12540:004;
12541:004;
12542:004;
12543:001;
12544:004;
12545:004;
12546:004;
12547:004;
12548:004;
12549:004;
12550:004;
12551:004;
12552:004;
12553:004;
12554:004;
12555:004;
12556:004;
12557:004;
12558:004;
12559:004;
12560:004;
12561:004;
12562:004;
12563:004;
12564:004;
12565:004;
12566:004;
12567:004;
12568:004;
12569:004;
12570:004;
12571:004;
12572:004;
12573:004;
12574:004;
12575:004;
12576:004;
12577:004;
12578:004;
12579:004;
12580:004;
12581:004;
12582:004;
12583:004;
12584:004;
12585:004;
12586:004;
12587:004;
12588:004;
12589:004;
12590:004;
12591:004;
12592:004;
12593:004;
12594:004;
12595:004;
12596:004;
12597:004;
12598:004;
12599:004;
12600:004;
12601:004;
12602:004;
12603:004;
12604:004;
12605:004;
12606:004;
12607:004;
12608:004;
12609:004;
12610:004;
12611:004;
12612:004;
12613:004;
12614:004;
12615:004;
12616:004;
12617:004;
12618:004;
12619:004;
12620:004;
12621:004;
12622:004;
12623:004;
12624:004;
12625:004;
12626:004;
12627:004;
12628:004;
12629:004;
12630:004;
12631:004;
12632:004;
12633:004;
12634:004;
12635:004;
12636:004;
12637:004;
12638:004;
12639:004;
12640:004;
12641:004;
12642:004;
12643:004;
12644:004;
12645:004;
12646:004;
12647:004;
12648:004;
12649:004;
12650:004;
12651:004;
12652:004;
12653:004;
12654:004;
12655:004;
12656:004;
12657:004;
12658:004;
12659:004;
12660:004;
12661:004;
12662:004;
12663:004;
12664:004;
12665:004;
12666:004;
12667:004;
12668:004;
12669:004;
12670:004;
12671:001;
12672:004;
12673:004;
12674:004;
12675:004;
12676:004;
12677:004;
12678:004;
12679:004;
12680:004;
12681:004;
12682:004;
12683:004;
12684:004;
12685:004;
12686:004;
12687:004;
12688:004;
12689:004;
12690:004;
12691:004;
12692:004;
12693:004;
12694:004;
12695:004;
12696:004;
12697:004;
12698:004;
12699:004;
12700:004;
12701:004;
12702:004;
12703:004;
12704:004;
12705:004;
12706:004;
12707:004;
12708:004;
12709:004;
12710:004;
12711:004;
12712:004;
12713:004;
12714:004;
12715:004;
12716:004;
12717:004;
12718:004;
12719:004;
12720:004;
12721:004;
12722:004;
12723:004;
12724:004;
12725:004;
12726:004;
12727:004;
12728:004;
12729:004;
12730:004;
12731:004;
12732:004;
12733:004;
12734:004;
12735:004;
12736:004;
12737:004;
12738:004;
12739:004;
12740:004;
12741:004;
12742:004;
12743:004;
12744:004;
12745:004;
12746:004;
12747:004;
12748:004;
12749:004;
12750:004;
12751:004;
12752:004;
12753:004;
12754:004;
12755:004;
12756:004;
12757:004;
12758:004;
12759:004;
12760:004;
12761:004;
12762:004;
12763:004;
12764:004;
12765:004;
12766:004;
12767:004;
12768:004;
12769:004;
12770:004;
12771:004;
12772:004;
12773:004;
12774:004;
12775:004;
12776:004;
12777:004;
12778:004;
12779:004;
12780:004;
12781:004;
12782:004;
12783:004;
12784:004;
12785:004;
12786:004;
12787:004;
12788:004;
12789:004;
12790:004;
12791:004;
12792:004;
12793:004;
12794:004;
12795:004;
12796:004;
12797:004;
12798:004;
12799:001;
12800:004;
12801:004;
12802:004;
12803:004;
12804:003;
12805:004;
12806:004;
12807:004;
12808:004;
12809:004;
12810:004;
12811:004;
12812:003;
12813:004;
12814:004;
12815:004;
12816:004;
12817:004;
12818:004;
12819:004;
12820:003;
12821:004;
12822:004;
12823:004;
12824:004;
12825:004;
12826:004;
12827:004;
12828:003;
12829:004;
12830:004;
12831:004;
12832:004;
12833:004;
12834:004;
12835:004;
12836:003;
12837:004;
12838:004;
12839:004;
12840:004;
12841:004;
12842:004;
12843:004;
12844:003;
12845:004;
12846:004;
12847:004;
12848:004;
12849:004;
12850:004;
12851:004;
12852:003;
12853:004;
12854:004;
12855:004;
12856:004;
12857:004;
12858:004;
12859:004;
12860:003;
12861:004;
12862:004;
12863:004;
12864:004;
12865:004;
12866:004;
12867:004;
12868:003;
12869:004;
12870:004;
12871:004;
12872:004;
12873:004;
12874:004;
12875:004;
12876:003;
12877:004;
12878:004;
12879:004;
12880:004;
12881:004;
12882:004;
12883:004;
12884:003;
12885:004;
12886:004;
12887:004;
12888:004;
12889:004;
12890:004;
12891:004;
12892:003;
12893:004;
12894:004;
12895:004;
12896:004;
12897:004;
12898:004;
12899:004;
12900:003;
12901:004;
12902:004;
12903:004;
12904:004;
12905:004;
12906:004;
12907:004;
12908:003;
12909:004;
12910:004;
12911:004;
12912:004;
12913:004;
12914:004;
12915:004;
12916:003;
12917:004;
12918:004;
12919:004;
12920:004;
12921:004;
12922:004;
12923:004;
12924:003;
12925:004;
12926:004;
12927:001;
12928:004;
12929:004;
12930:004;
12931:004;
12932:004;
12933:004;
12934:004;
12935:004;
12936:004;
12937:004;
12938:004;
12939:004;
12940:004;
12941:004;
12942:004;
12943:004;
12944:004;
12945:004;
12946:004;
12947:004;
12948:004;
12949:004;
12950:004;
12951:004;
12952:004;
12953:004;
12954:004;
12955:004;
12956:004;
12957:004;
12958:004;
12959:004;
12960:004;
12961:004;
12962:004;
12963:004;
12964:004;
12965:004;
12966:004;
12967:004;
12968:004;
12969:004;
12970:004;
12971:004;
12972:004;
12973:004;
12974:004;
12975:004;
12976:004;
12977:004;
12978:004;
12979:004;
12980:004;
12981:004;
12982:004;
12983:004;
12984:004;
12985:004;
12986:004;
12987:004;
12988:004;
12989:004;
12990:004;
12991:004;
12992:004;
12993:004;
12994:004;
12995:004;
12996:004;
12997:004;
12998:004;
12999:004;
13000:004;
13001:004;
13002:004;
13003:004;
13004:004;
13005:004;
13006:004;
13007:004;
13008:004;
13009:004;
13010:004;
13011:004;
13012:004;
13013:004;
13014:004;
13015:004;
13016:004;
13017:004;
13018:004;
13019:004;
13020:004;
13021:004;
13022:004;
13023:004;
13024:004;
13025:004;
13026:004;
13027:004;
13028:004;
13029:004;
13030:004;
13031:004;
13032:004;
13033:004;
13034:004;
13035:004;
13036:004;
13037:004;
13038:004;
13039:004;
13040:004;
13041:004;
13042:004;
13043:004;
13044:004;
13045:004;
13046:004;
13047:004;
13048:004;
13049:004;
13050:004;
13051:004;
13052:004;
13053:004;
13054:004;
13055:001;
13056:004;
13057:004;
13058:004;
13059:004;
13060:004;
13061:004;
13062:004;
13063:004;
13064:004;
13065:004;
13066:004;
13067:004;
13068:004;
13069:004;
13070:004;
13071:004;
13072:004;
13073:004;
13074:004;
13075:004;
13076:004;
13077:004;
13078:004;
13079:004;
13080:004;
13081:004;
13082:004;
13083:004;
13084:004;
13085:004;
13086:004;
13087:004;
13088:004;
13089:004;
13090:004;
13091:004;
13092:004;
13093:004;
13094:004;
13095:004;
13096:004;
13097:004;
13098:004;
13099:004;
13100:004;
13101:004;
13102:004;
13103:004;
13104:004;
13105:004;
13106:004;
13107:004;
13108:004;
13109:004;
13110:004;
13111:004;
13112:004;
13113:004;
13114:004;
13115:004;
13116:004;
13117:004;
13118:004;
13119:004;
13120:004;
13121:004;
13122:004;
13123:004;
13124:004;
13125:004;
13126:004;
13127:004;
13128:004;
13129:004;
13130:004;
13131:004;
13132:004;
13133:004;
13134:004;
13135:004;
13136:004;
13137:004;
13138:004;
13139:004;
13140:004;
13141:004;
13142:004;
13143:004;
13144:004;
13145:004;
13146:004;
13147:004;
13148:004;
13149:004;
13150:004;
13151:004;
13152:004;
13153:004;
13154:004;
13155:004;
13156:004;
13157:004;
13158:004;
13159:004;
13160:004;
13161:004;
13162:004;
13163:004;
13164:004;
13165:004;
13166:004;
13167:004;
13168:004;
13169:004;
13170:004;
13171:004;
13172:004;
13173:004;
13174:004;
13175:004;
13176:004;
13177:004;
13178:004;
13179:004;
13180:004;
13181:004;
13182:004;
13183:001;
13184:004;
13185:004;
13186:004;
13187:004;
13188:004;
13189:004;
13190:004;
13191:004;
13192:004;
13193:004;
13194:004;
13195:004;
13196:004;
13197:004;
13198:004;
13199:004;
13200:004;
13201:004;
13202:004;
13203:004;
13204:004;
13205:004;
13206:004;
13207:004;
13208:004;
13209:004;
13210:004;
13211:004;
13212:004;
13213:004;
13214:004;
13215:004;
13216:004;
13217:004;
13218:004;
13219:004;
13220:004;
13221:004;
13222:004;
13223:004;
13224:004;
13225:004;
13226:004;
13227:004;
13228:004;
13229:004;
13230:004;
13231:004;
13232:004;
13233:004;
13234:004;
13235:004;
13236:004;
13237:004;
13238:004;
13239:004;
13240:004;
13241:004;
13242:004;
13243:004;
13244:004;
13245:004;
13246:004;
13247:004;
13248:004;
13249:004;
13250:004;
13251:004;
13252:004;
13253:004;
13254:004;
13255:004;
13256:004;
13257:004;
13258:004;
13259:004;
13260:004;
13261:004;
13262:004;
13263:004;
13264:004;
13265:004;
13266:004;
13267:004;
13268:004;
13269:004;
13270:004;
13271:004;
13272:004;
13273:004;
13274:004;
13275:004;
13276:004;
13277:004;
13278:004;
13279:004;
13280:004;
13281:004;
13282:004;
13283:004;
13284:004;
13285:004;
13286:004;
13287:004;
13288:004;
13289:004;
13290:004;
13291:004;
13292:004;
13293:004;
13294:004;
13295:004;
13296:004;
13297:004;
13298:004;
13299:004;
13300:004;
13301:004;
13302:004;
13303:004;
13304:004;
13305:004;
13306:004;
13307:004;
13308:004;
13309:004;
13310:004;
13311:001;
13312:003;
13313:004;
13314:004;
13315:004;
13316:003;
13317:004;
13318:004;
13319:004;
13320:003;
13321:004;
13322:004;
13323:004;
13324:003;
13325:004;
13326:004;
13327:004;
13328:003;
13329:004;
13330:004;
13331:004;
13332:003;
13333:004;
13334:004;
13335:004;
13336:003;
13337:004;
13338:004;
13339:004;
13340:003;
13341:004;
13342:004;
13343:004;
13344:003;
13345:004;
13346:004;
13347:004;
13348:003;
13349:004;
13350:004;
13351:004;
13352:003;
13353:004;
13354:004;
13355:004;
13356:003;
13357:004;
13358:004;
13359:004;
13360:003;
13361:004;
13362:004;
13363:004;
13364:003;
13365:004;
13366:004;
13367:004;
13368:003;
13369:004;
13370:004;
13371:004;
13372:003;
13373:004;
13374:004;
13375:004;
13376:003;
13377:004;
13378:004;
13379:004;
13380:003;
13381:004;
13382:004;
13383:004;
13384:003;
13385:004;
13386:004;
13387:004;
13388:003;
13389:004;
13390:004;
13391:004;
13392:003;
13393:004;
13394:004;
13395:004;
13396:003;
13397:004;
13398:004;
13399:004;
13400:003;
13401:004;
13402:004;
13403:004;
13404:003;
13405:004;
13406:004;
13407:004;
13408:003;
13409:004;
13410:004;
13411:004;
13412:003;
13413:004;
13414:004;
13415:004;
13416:003;
13417:004;
13418:004;
13419:004;
13420:003;
13421:004;
13422:004;
13423:004;
13424:003;
13425:004;
13426:004;
13427:004;
13428:003;
13429:004;
13430:004;
13431:004;
13432:003;
13433:004;
13434:004;
13435:004;
13436:003;
13437:004;
13438:004;
13439:001;
13440:004;
13441:004;
13442:004;
13443:004;
13444:004;
13445:004;
13446:004;
13447:004;
13448:004;
13449:004;
13450:004;
13451:004;
13452:004;
13453:004;
13454:004;
13455:004;
13456:004;
13457:004;
13458:004;
13459:004;
13460:004;
13461:004;
13462:004;
13463:004;
13464:004;
13465:004;
13466:004;
13467:004;
13468:004;
13469:004;
13470:004;
13471:004;
13472:004;
13473:004;
13474:004;
13475:004;
13476:004;
13477:004;
13478:004;
13479:004;
13480:004;
13481:004;
13482:004;
13483:004;
13484:004;
13485:004;
13486:004;
13487:004;
13488:004;
13489:004;
13490:004;
13491:004;
13492:004;
13493:004;
13494:004;
13495:004;
13496:004;
13497:004;
13498:004;
13499:004;
13500:004;
13501:004;
13502:004;
13503:004;
13504:004;
13505:004;
13506:004;
13507:004;
13508:004;
13509:004;
13510:004;
13511:004;
13512:004;
13513:004;
13514:004;
13515:004;
13516:004;
13517:004;
13518:004;
13519:004;
13520:004;
13521:004;
13522:004;
13523:004;
13524:004;
13525:004;
13526:004;
13527:004;
13528:004;
13529:004;
13530:004;
13531:004;
13532:004;
13533:004;
13534:004;
13535:004;
13536:004;
13537:004;
13538:004;
13539:004;
13540:004;
13541:004;
13542:004;
13543:004;
13544:004;
13545:004;
13546:004;
13547:004;
13548:004;
13549:004;
13550:004;
13551:004;
13552:004;
13553:004;
13554:004;
13555:004;
13556:004;
13557:004;
13558:004;
13559:004;
13560:004;
13561:004;
13562:004;
13563:004;
13564:004;
13565:004;
13566:004;
13567:001;
13568:004;
13569:004;
13570:004;
13571:004;
13572:004;
13573:004;
13574:004;
13575:004;
13576:004;
13577:004;
13578:004;
13579:004;
13580:004;
13581:004;
13582:004;
13583:004;
13584:004;
13585:004;
13586:004;
13587:004;
13588:004;
13589:004;
13590:004;
13591:004;
13592:004;
13593:004;
13594:004;
13595:004;
13596:004;
13597:004;
13598:004;
13599:004;
13600:004;
13601:004;
13602:004;
13603:004;
13604:004;
13605:004;
13606:004;
13607:004;
13608:004;
13609:004;
13610:004;
13611:004;
13612:004;
13613:004;
13614:004;
13615:004;
13616:004;
13617:004;
13618:004;
13619:004;
13620:004;
13621:004;
13622:004;
13623:004;
13624:004;
13625:004;
13626:004;
13627:004;
13628:004;
13629:004;
13630:004;
13631:004;
13632:004;
13633:004;
13634:004;
13635:004;
13636:004;
13637:004;
13638:004;
13639:004;
13640:004;
13641:004;
13642:004;
13643:004;
13644:004;
13645:004;
13646:004;
13647:004;
13648:004;
13649:004;
13650:004;
13651:004;
13652:004;
13653:004;
13654:004;
13655:004;
13656:004;
13657:004;
13658:004;
13659:004;
13660:004;
13661:004;
13662:004;
13663:004;
13664:004;
13665:004;
13666:004;
13667:004;
13668:004;
13669:004;
13670:004;
13671:004;
13672:004;
13673:004;
13674:004;
13675:004;
13676:004;
13677:004;
13678:004;
13679:004;
13680:004;
13681:004;
13682:004;
13683:004;
13684:004;
13685:004;
13686:004;
13687:004;
13688:004;
13689:004;
13690:004;
13691:004;
13692:004;
13693:004;
13694:004;
13695:001;
13696:004;
13697:004;
13698:004;
13699:004;
13700:004;
13701:004;
13702:004;
13703:004;
13704:004;
13705:004;
13706:004;
13707:004;
13708:004;
13709:004;
13710:004;
13711:004;
13712:004;
13713:004;
13714:004;
13715:004;
13716:004;
13717:004;
13718:004;
13719:004;
13720:004;
13721:004;
13722:004;
13723:004;
13724:004;
13725:004;
13726:004;
13727:004;
13728:004;
13729:004;
13730:004;
13731:004;
13732:004;
13733:004;
13734:004;
13735:004;
13736:004;
13737:004;
13738:004;
13739:004;
13740:004;
13741:004;
13742:004;
13743:004;
13744:004;
13745:004;
13746:004;
13747:004;
13748:004;
13749:004;
13750:004;
13751:004;
13752:004;
13753:004;
13754:004;
13755:004;
13756:004;
13757:004;
13758:004;
13759:004;
13760:004;
13761:004;
13762:004;
13763:004;
13764:004;
13765:004;
13766:004;
13767:004;
13768:004;
13769:004;
13770:004;
13771:004;
13772:004;
13773:004;
13774:004;
13775:004;
13776:004;
13777:004;
13778:004;
13779:004;
13780:004;
13781:004;
13782:004;
13783:004;
13784:004;
13785:004;
13786:004;
13787:004;
13788:004;
13789:004;
13790:004;
13791:004;
13792:004;
13793:004;
13794:004;
13795:004;
13796:004;
13797:004;
13798:004;
13799:004;
13800:004;
13801:004;
13802:004;
13803:004;
13804:004;
13805:004;
13806:004;
13807:004;
13808:004;
13809:004;
13810:004;
13811:004;
13812:004;
13813:004;
13814:004;
13815:004;
13816:004;
13817:004;
13818:004;
13819:004;
13820:004;
13821:004;
13822:004;
13823:001;
13824:003;
13825:004;
13826:004;
13827:004;
13828:003;
13829:004;
13830:004;
13831:004;
13832:003;
13833:004;
13834:004;
13835:004;
13836:003;
13837:004;
13838:004;
13839:004;
13840:003;
13841:004;
13842:004;
13843:004;
13844:003;
13845:004;
13846:004;
13847:004;
13848:003;
13849:004;
13850:004;
13851:004;
13852:003;
13853:004;
13854:004;
13855:004;
13856:003;
13857:004;
13858:004;
13859:004;
13860:003;
13861:004;
13862:004;
13863:004;
13864:003;
13865:004;
13866:004;
13867:004;
13868:003;
13869:004;
13870:004;
13871:004;
13872:003;
13873:004;
13874:004;
13875:004;
13876:003;
13877:004;
13878:004;
13879:004;
13880:003;
13881:004;
13882:004;
13883:004;
13884:003;
13885:004;
13886:004;
13887:004;
13888:003;
13889:004;
13890:004;
13891:004;
13892:003;
13893:004;
13894:004;
13895:004;
13896:003;
13897:004;
13898:004;
13899:004;
13900:003;
13901:004;
13902:004;
13903:004;
13904:003;
13905:004;
13906:004;
13907:004;
13908:003;
13909:004;
13910:004;
13911:004;
13912:003;
13913:004;
13914:004;
13915:004;
13916:003;
13917:004;
13918:004;
13919:004;
13920:003;
13921:004;
13922:004;
13923:004;
13924:003;
13925:004;
13926:004;
13927:004;
13928:003;
13929:004;
13930:004;
13931:004;
13932:003;
13933:004;
13934:004;
13935:004;
13936:003;
13937:004;
13938:004;
13939:004;
13940:003;
13941:004;
13942:004;
13943:004;
13944:003;
13945:004;
13946:004;
13947:004;
13948:003;
13949:004;
13950:004;
13951:001;
13952:004;
13953:004;
13954:004;
13955:004;
13956:004;
13957:004;
13958:004;
13959:004;
13960:004;
13961:004;
13962:004;
13963:004;
13964:004;
13965:004;
13966:004;
13967:004;
13968:004;
13969:004;
13970:004;
13971:004;
13972:004;
13973:004;
13974:004;
13975:004;
13976:004;
13977:004;
13978:004;
13979:004;
13980:004;
13981:004;
13982:004;
13983:004;
13984:004;
13985:004;
13986:004;
13987:004;
13988:004;
13989:004;
13990:004;
13991:004;
13992:004;
13993:004;
13994:004;
13995:004;
13996:004;
13997:004;
13998:004;
13999:004;
14000:004;
14001:004;
14002:004;
14003:004;
14004:004;
14005:004;
14006:004;
14007:004;
14008:004;
14009:004;
14010:004;
14011:004;
14012:004;
14013:004;
14014:004;
14015:004;
14016:004;
14017:004;
14018:004;
14019:004;
14020:004;
14021:004;
14022:004;
14023:004;
14024:004;
14025:004;
14026:004;
14027:004;
14028:004;
14029:004;
14030:004;
14031:004;
14032:004;
14033:004;
14034:004;
14035:004;
14036:004;
14037:004;
14038:004;
14039:004;
14040:004;
14041:004;
14042:004;
14043:004;
14044:004;
14045:004;
14046:004;
14047:004;
14048:004;
14049:004;
14050:004;
14051:004;
14052:004;
14053:004;
14054:004;
14055:004;
14056:004;
14057:004;
14058:004;
14059:004;
14060:004;
14061:004;
14062:004;
14063:004;
14064:004;
14065:004;
14066:004;
14067:004;
14068:004;
14069:004;
14070:004;
14071:004;
14072:004;
14073:004;
14074:004;
14075:004;
14076:004;
14077:004;
14078:004;
14079:001;
14080:004;
14081:004;
14082:004;
14083:004;
14084:004;
14085:004;
14086:004;
14087:004;
14088:004;
14089:004;
14090:004;
14091:004;
14092:004;
14093:004;
14094:004;
14095:004;
14096:004;
14097:004;
14098:004;
14099:004;
14100:004;
14101:004;
14102:004;
14103:004;
14104:004;
14105:004;
14106:004;
14107:004;
14108:004;
14109:004;
14110:004;
14111:004;
14112:004;
14113:004;
14114:004;
14115:004;
14116:004;
14117:004;
14118:004;
14119:004;
14120:004;
14121:004;
14122:004;
14123:004;
14124:004;
14125:004;
14126:004;
14127:004;
14128:004;
14129:004;
14130:004;
14131:004;
14132:004;
14133:004;
14134:004;
14135:004;
14136:004;
14137:004;
14138:004;
14139:004;
14140:004;
14141:004;
14142:004;
14143:004;
14144:004;
14145:004;
14146:004;
14147:004;
14148:004;
14149:004;
14150:004;
14151:004;
14152:004;
14153:004;
14154:004;
14155:004;
14156:004;
14157:004;
14158:004;
14159:004;
14160:004;
14161:004;
14162:004;
14163:004;
14164:004;
14165:004;
14166:004;
14167:004;
14168:004;
14169:004;
14170:004;
14171:004;
14172:004;
14173:004;
14174:004;
14175:004;
14176:004;
14177:004;
14178:004;
14179:004;
14180:004;
14181:004;
14182:004;
14183:004;
14184:004;
14185:004;
14186:004;
14187:004;
14188:004;
14189:004;
14190:004;
14191:004;
14192:004;
14193:004;
14194:004;
14195:004;
14196:004;
14197:004;
14198:004;
14199:004;
14200:004;
14201:004;
14202:004;
14203:004;
14204:004;
14205:004;
14206:004;
14207:001;
14208:004;
14209:004;
14210:004;
14211:004;
14212:004;
14213:004;
14214:004;
14215:004;
14216:004;
14217:004;
14218:004;
14219:004;
14220:004;
14221:004;
14222:004;
14223:004;
14224:004;
14225:004;
14226:004;
14227:004;
14228:004;
14229:004;
14230:004;
14231:004;
14232:004;
14233:004;
14234:004;
14235:004;
14236:004;
14237:004;
14238:004;
14239:004;
14240:004;
14241:004;
14242:004;
14243:004;
14244:004;
14245:004;
14246:004;
14247:004;
14248:004;
14249:004;
14250:004;
14251:004;
14252:004;
14253:004;
14254:004;
14255:004;
14256:004;
14257:004;
14258:004;
14259:004;
14260:004;
14261:004;
14262:004;
14263:004;
14264:004;
14265:004;
14266:004;
14267:004;
14268:004;
14269:004;
14270:004;
14271:004;
14272:004;
14273:004;
14274:004;
14275:004;
14276:004;
14277:004;
14278:004;
14279:004;
14280:004;
14281:004;
14282:004;
14283:004;
14284:004;
14285:004;
14286:004;
14287:004;
14288:004;
14289:004;
14290:004;
14291:004;
14292:004;
14293:004;
14294:004;
14295:004;
14296:004;
14297:004;
14298:004;
14299:004;
14300:004;
14301:004;
14302:004;
14303:004;
14304:004;
14305:004;
14306:004;
14307:004;
14308:004;
14309:004;
14310:004;
14311:004;
14312:004;
14313:004;
14314:004;
14315:004;
14316:004;
14317:004;
14318:004;
14319:004;
14320:004;
14321:004;
14322:004;
14323:004;
14324:004;
14325:004;
14326:004;
14327:004;
14328:004;
14329:004;
14330:004;
14331:004;
14332:004;
14333:004;
14334:004;
14335:001;
14336:003;
14337:004;
14338:004;
14339:004;
14340:003;
14341:004;
14342:004;
14343:004;
14344:003;
14345:004;
14346:004;
14347:004;
14348:003;
14349:004;
14350:004;
14351:004;
14352:003;
14353:004;
14354:004;
14355:004;
14356:003;
14357:004;
14358:004;
14359:004;
14360:003;
14361:004;
14362:004;
14363:004;
14364:003;
14365:004;
14366:004;
14367:004;
14368:003;
14369:004;
14370:004;
14371:004;
14372:003;
14373:004;
14374:004;
14375:004;
14376:003;
14377:004;
14378:004;
14379:004;
14380:003;
14381:004;
14382:004;
14383:004;
14384:003;
14385:004;
14386:004;
14387:004;
14388:003;
14389:004;
14390:004;
14391:004;
14392:003;
14393:004;
14394:004;
14395:004;
14396:003;
14397:004;
14398:004;
14399:004;
14400:003;
14401:004;
14402:004;
14403:004;
14404:003;
14405:004;
14406:004;
14407:004;
14408:003;
14409:004;
14410:004;
14411:004;
14412:003;
14413:004;
14414:004;
14415:004;
14416:003;
14417:004;
14418:004;
14419:004;
14420:003;
14421:004;
14422:004;
14423:004;
14424:003;
14425:004;
14426:004;
14427:004;
14428:003;
14429:004;
14430:004;
14431:004;
14432:003;
14433:004;
14434:004;
14435:004;
14436:003;
14437:004;
14438:004;
14439:004;
14440:003;
14441:004;
14442:004;
14443:004;
14444:003;
14445:004;
14446:004;
14447:004;
14448:003;
14449:004;
14450:004;
14451:004;
14452:003;
14453:004;
14454:004;
14455:004;
14456:003;
14457:004;
14458:004;
14459:004;
14460:003;
14461:004;
14462:004;
14463:001;
14464:004;
14465:004;
14466:004;
14467:004;
14468:004;
14469:004;
14470:004;
14471:004;
14472:004;
14473:004;
14474:004;
14475:004;
14476:004;
14477:004;
14478:004;
14479:004;
14480:004;
14481:004;
14482:004;
14483:004;
14484:004;
14485:004;
14486:004;
14487:004;
14488:004;
14489:004;
14490:004;
14491:004;
14492:004;
14493:004;
14494:004;
14495:004;
14496:004;
14497:004;
14498:004;
14499:004;
14500:004;
14501:004;
14502:004;
14503:004;
14504:004;
14505:004;
14506:004;
14507:004;
14508:004;
14509:004;
14510:004;
14511:004;
14512:004;
14513:004;
14514:004;
14515:004;
14516:004;
14517:004;
14518:004;
14519:004;
14520:004;
14521:004;
14522:004;
14523:004;
14524:004;
14525:004;
14526:004;
14527:004;
14528:004;
14529:004;
14530:004;
14531:004;
14532:004;
14533:004;
14534:004;
14535:004;
14536:004;
14537:004;
14538:004;
14539:004;
14540:004;
14541:004;
14542:004;
14543:004;
14544:004;
14545:004;
14546:004;
14547:004;
14548:004;
14549:004;
14550:004;
14551:004;
14552:004;
14553:004;
14554:004;
14555:004;
14556:004;
14557:004;
14558:004;
14559:004;
14560:004;
14561:004;
14562:004;
14563:004;
14564:004;
14565:004;
14566:004;
14567:004;
14568:004;
14569:004;
14570:004;
14571:004;
14572:004;
14573:004;
14574:004;
14575:004;
14576:004;
14577:004;
14578:004;
14579:004;
14580:004;
14581:004;
14582:004;
14583:004;
14584:004;
14585:004;
14586:004;
14587:004;
14588:004;
14589:004;
14590:004;
14591:001;
14592:004;
14593:004;
14594:003;
14595:004;
14596:004;
14597:004;
14598:004;
14599:004;
14600:004;
14601:004;
14602:003;
14603:004;
14604:004;
14605:004;
14606:004;
14607:004;
14608:004;
14609:004;
14610:003;
14611:004;
14612:004;
14613:004;
14614:004;
14615:004;
14616:004;
14617:004;
14618:003;
14619:004;
14620:004;
14621:004;
14622:004;
14623:004;
14624:004;
14625:004;
14626:003;
14627:004;
14628:004;
14629:004;
14630:004;
14631:004;
14632:004;
14633:004;
14634:003;
14635:004;
14636:004;
14637:004;
14638:004;
14639:004;
14640:004;
14641:004;
14642:003;
14643:004;
14644:004;
14645:004;
14646:004;
14647:004;
14648:004;
14649:004;
14650:003;
14651:004;
14652:004;
14653:004;
14654:004;
14655:004;
14656:004;
14657:004;
14658:003;
14659:004;
14660:004;
14661:004;
14662:004;
14663:004;
14664:004;
14665:004;
14666:003;
14667:004;
14668:004;
14669:004;
14670:004;
14671:004;
14672:004;
14673:004;
14674:003;
14675:004;
14676:004;
14677:004;
14678:004;
14679:004;
14680:004;
14681:004;
14682:003;
14683:004;
14684:004;
14685:004;
14686:004;
14687:004;
14688:004;
14689:004;
14690:003;
14691:004;
14692:004;
14693:004;
14694:004;
14695:004;
14696:004;
14697:004;
14698:003;
14699:004;
14700:004;
14701:004;
14702:004;
14703:004;
14704:004;
14705:004;
14706:003;
14707:004;
14708:004;
14709:004;
14710:004;
14711:004;
14712:004;
14713:004;
14714:003;
14715:004;
14716:004;
14717:004;
14718:004;
14719:001;
14720:004;
14721:004;
14722:004;
14723:004;
14724:004;
14725:004;
14726:004;
14727:004;
14728:004;
14729:004;
14730:004;
14731:004;
14732:004;
14733:004;
14734:004;
14735:004;
14736:004;
14737:004;
14738:004;
14739:004;
14740:004;
14741:004;
14742:004;
14743:004;
14744:004;
14745:004;
14746:004;
14747:004;
14748:004;
14749:004;
14750:004;
14751:004;
14752:004;
14753:004;
14754:004;
14755:004;
14756:004;
14757:004;
14758:004;
14759:004;
14760:004;
14761:004;
14762:004;
14763:004;
14764:004;
14765:004;
14766:004;
14767:004;
14768:004;
14769:004;
14770:004;
14771:004;
14772:004;
14773:004;
14774:004;
14775:004;
14776:004;
14777:004;
14778:004;
14779:004;
14780:004;
14781:004;
14782:004;
14783:004;
14784:004;
14785:004;
14786:004;
14787:004;
14788:004;
14789:004;
14790:004;
14791:004;
14792:004;
14793:004;
14794:004;
14795:004;
14796:004;
14797:004;
14798:004;
14799:004;
14800:004;
14801:004;
14802:004;
14803:004;
14804:004;
14805:004;
14806:004;
14807:004;
14808:004;
14809:004;
14810:004;
14811:004;
14812:004;
14813:004;
14814:004;
14815:004;
14816:004;
14817:004;
14818:004;
14819:004;
14820:004;
14821:004;
14822:004;
14823:004;
14824:004;
14825:004;
14826:004;
14827:004;
14828:004;
14829:004;
14830:004;
14831:004;
14832:004;
14833:004;
14834:004;
14835:004;
14836:004;
14837:004;
14838:004;
14839:004;
14840:004;
14841:004;
14842:004;
14843:004;
14844:004;
14845:004;
14846:004;
14847:001;
14848:003;
14849:004;
14850:004;
14851:004;
14852:003;
14853:004;
14854:004;
14855:004;
14856:003;
14857:004;
14858:004;
14859:004;
14860:003;
14861:004;
14862:004;
14863:004;
14864:003;
14865:004;
14866:004;
14867:004;
14868:003;
14869:004;
14870:004;
14871:004;
14872:003;
14873:004;
14874:004;
14875:004;
14876:003;
14877:004;
14878:004;
14879:004;
14880:003;
14881:004;
14882:004;
14883:004;
14884:003;
14885:004;
14886:004;
14887:004;
14888:003;
14889:004;
14890:004;
14891:004;
14892:003;
14893:004;
14894:004;
14895:004;
14896:003;
14897:004;
14898:004;
14899:004;
14900:003;
14901:004;
14902:004;
14903:004;
14904:003;
14905:004;
14906:004;
14907:004;
14908:003;
14909:004;
14910:004;
14911:004;
14912:003;
14913:004;
14914:004;
14915:004;
14916:003;
14917:004;
14918:004;
14919:004;
14920:003;
14921:004;
14922:004;
14923:004;
14924:003;
14925:004;
14926:004;
14927:004;
14928:003;
14929:004;
14930:004;
14931:004;
14932:003;
14933:004;
14934:004;
14935:004;
14936:003;
14937:004;
14938:004;
14939:004;
14940:003;
14941:004;
14942:004;
14943:004;
14944:003;
14945:004;
14946:004;
14947:004;
14948:003;
14949:004;
14950:004;
14951:004;
14952:003;
14953:004;
14954:004;
14955:004;
14956:003;
14957:004;
14958:004;
14959:004;
14960:003;
14961:004;
14962:004;
14963:004;
14964:003;
14965:004;
14966:004;
14967:004;
14968:003;
14969:004;
14970:004;
14971:004;
14972:003;
14973:004;
14974:004;
14975:001;
14976:004;
14977:004;
14978:004;
14979:004;
14980:004;
14981:004;
14982:004;
14983:004;
14984:004;
14985:004;
14986:004;
14987:004;
14988:004;
14989:004;
14990:004;
14991:004;
14992:004;
14993:004;
14994:004;
14995:004;
14996:004;
14997:004;
14998:004;
14999:004;
15000:004;
15001:004;
15002:004;
15003:004;
15004:004;
15005:004;
15006:004;
15007:004;
15008:004;
15009:004;
15010:004;
15011:004;
15012:004;
15013:004;
15014:004;
15015:004;
15016:004;
15017:004;
15018:004;
15019:004;
15020:004;
15021:004;
15022:004;
15023:004;
15024:004;
15025:004;
15026:004;
15027:004;
15028:004;
15029:004;
15030:004;
15031:004;
15032:004;
15033:004;
15034:004;
15035:004;
15036:004;
15037:004;
15038:004;
15039:004;
15040:004;
15041:004;
15042:004;
15043:004;
15044:004;
15045:004;
15046:004;
15047:004;
15048:004;
15049:004;
15050:004;
15051:004;
15052:004;
15053:004;
15054:004;
15055:004;
15056:004;
15057:004;
15058:004;
15059:004;
15060:004;
15061:004;
15062:004;
15063:004;
15064:004;
15065:004;
15066:004;
15067:004;
15068:004;
15069:004;
15070:004;
15071:004;
15072:004;
15073:004;
15074:004;
15075:004;
15076:004;
15077:004;
15078:004;
15079:004;
15080:004;
15081:004;
15082:004;
15083:004;
15084:004;
15085:004;
15086:004;
15087:004;
15088:004;
15089:004;
15090:004;
15091:004;
15092:004;
15093:004;
15094:004;
15095:004;
15096:004;
15097:004;
15098:004;
15099:004;
15100:004;
15101:004;
15102:004;
15103:001;
15104:004;
15105:004;
15106:004;
15107:004;
15108:004;
15109:004;
15110:003;
15111:004;
15112:004;
15113:004;
15114:004;
15115:004;
15116:004;
15117:004;
15118:003;
15119:004;
15120:004;
15121:004;
15122:004;
15123:004;
15124:004;
15125:004;
15126:003;
15127:004;
15128:004;
15129:004;
15130:004;
15131:004;
15132:004;
15133:004;
15134:003;
15135:004;
15136:004;
15137:004;
15138:004;
15139:004;
15140:004;
15141:004;
15142:003;
15143:004;
15144:004;
15145:004;
15146:004;
15147:004;
15148:004;
15149:004;
15150:003;
15151:004;
15152:004;
15153:004;
15154:004;
15155:004;
15156:004;
15157:004;
15158:003;
15159:004;
15160:004;
15161:004;
15162:004;
15163:004;
15164:004;
15165:004;
15166:003;
15167:004;
15168:004;
15169:004;
15170:004;
15171:004;
15172:004;
15173:004;
15174:003;
15175:004;
15176:004;
15177:004;
15178:004;
15179:004;
15180:004;
15181:004;
15182:003;
15183:004;
15184:004;
15185:004;
15186:004;
15187:004;
15188:004;
15189:004;
15190:003;
15191:004;
15192:004;
15193:004;
15194:004;
15195:004;
15196:004;
15197:004;
15198:003;
15199:004;
15200:004;
15201:004;
15202:004;
15203:004;
15204:004;
15205:004;
15206:003;
15207:004;
15208:004;
15209:004;
15210:004;
15211:004;
15212:004;
15213:004;
15214:003;
15215:004;
15216:004;
15217:004;
15218:004;
15219:004;
15220:004;
15221:004;
15222:003;
15223:004;
15224:004;
15225:004;
15226:004;
15227:004;
15228:004;
15229:004;
15230:003;
15231:001;
15232:004;
15233:004;
15234:004;
15235:004;
15236:004;
15237:004;
15238:004;
15239:004;
15240:004;
15241:004;
15242:004;
15243:004;
15244:004;
15245:004;
15246:004;
15247:004;
15248:004;
15249:004;
15250:004;
15251:004;
15252:004;
15253:004;
15254:004;
15255:004;
15256:004;
15257:004;
15258:004;
15259:004;
15260:004;
15261:004;
15262:004;
15263:004;
15264:004;
15265:004;
15266:004;
15267:004;
15268:004;
15269:004;
15270:004;
15271:004;
15272:004;
15273:004;
15274:004;
15275:004;
15276:004;
15277:004;
15278:004;
15279:004;
15280:004;
15281:004;
15282:004;
15283:004;
15284:004;
15285:004;
15286:004;
15287:004;
15288:004;
15289:004;
15290:004;
15291:004;
15292:004;
15293:004;
15294:004;
15295:004;
15296:004;
15297:004;
15298:004;
15299:004;
15300:004;
15301:004;
15302:004;
15303:004;
15304:004;
15305:004;
15306:004;
15307:004;
15308:004;
15309:004;
15310:004;
15311:004;
15312:004;
15313:004;
15314:004;
15315:004;
15316:004;
15317:004;
15318:004;
15319:004;
15320:004;
15321:004;
15322:004;
15323:004;
15324:004;
15325:004;
15326:004;
15327:004;
15328:004;
15329:004;
15330:004;
15331:004;
15332:004;
15333:004;
15334:004;
15335:004;
15336:004;
15337:004;
15338:004;
15339:004;
15340:004;
15341:004;
15342:004;
15343:004;
15344:004;
15345:004;
15346:004;
15347:004;
15348:004;
15349:004;
15350:004;
15351:004;
15352:004;
15353:004;
15354:004;
15355:004;
15356:004;
15357:004;
15358:004;
15359:001;
15360:003;
15361:004;
15362:004;
15363:004;
15364:003;
15365:004;
15366:004;
15367:004;
15368:003;
15369:004;
15370:004;
15371:004;
15372:003;
15373:004;
15374:004;
15375:004;
15376:003;
15377:004;
15378:004;
15379:004;
15380:003;
15381:004;
15382:004;
15383:004;
15384:003;
15385:004;
15386:004;
15387:004;
15388:003;
15389:004;
15390:004;
15391:004;
15392:003;
15393:004;
15394:004;
15395:004;
15396:003;
15397:004;
15398:004;
15399:004;
15400:003;
15401:004;
15402:004;
15403:004;
15404:003;
15405:004;
15406:004;
15407:004;
15408:003;
15409:004;
15410:004;
15411:004;
15412:003;
15413:004;
15414:004;
15415:004;
15416:003;
15417:004;
15418:004;
15419:004;
15420:003;
15421:004;
15422:004;
15423:004;
15424:003;
15425:004;
15426:004;
15427:004;
15428:003;
15429:004;
15430:004;
15431:004;
15432:003;
15433:004;
15434:004;
15435:004;
15436:003;
15437:004;
15438:004;
15439:004;
15440:003;
15441:004;
15442:004;
15443:004;
15444:003;
15445:004;
15446:004;
15447:004;
15448:003;
15449:004;
15450:004;
15451:004;
15452:003;
15453:004;
15454:004;
15455:004;
15456:003;
15457:004;
15458:004;
15459:004;
15460:003;
15461:004;
15462:004;
15463:004;
15464:003;
15465:004;
15466:004;
15467:004;
15468:003;
15469:004;
15470:004;
15471:004;
15472:003;
15473:004;
15474:004;
15475:004;
15476:003;
15477:004;
15478:004;
15479:004;
15480:003;
15481:004;
15482:004;
15483:004;
15484:003;
15485:004;
15486:004;
15487:001;
15488:004;
15489:004;
15490:004;
15491:004;
15492:004;
15493:004;
15494:004;
15495:004;
15496:004;
15497:004;
15498:004;
15499:004;
15500:004;
15501:004;
15502:004;
15503:004;
15504:004;
15505:004;
15506:004;
15507:004;
15508:004;
15509:004;
15510:004;
15511:004;
15512:004;
15513:004;
15514:004;
15515:004;
15516:004;
15517:004;
15518:004;
15519:004;
15520:004;
15521:004;
15522:004;
15523:004;
15524:004;
15525:004;
15526:004;
15527:004;
15528:004;
15529:004;
15530:004;
15531:004;
15532:004;
15533:004;
15534:004;
15535:004;
15536:004;
15537:004;
15538:004;
15539:004;
15540:004;
15541:004;
15542:004;
15543:004;
15544:004;
15545:004;
15546:004;
15547:004;
15548:004;
15549:004;
15550:004;
15551:004;
15552:004;
15553:004;
15554:004;
15555:004;
15556:004;
15557:004;
15558:004;
15559:004;
15560:004;
15561:004;
15562:004;
15563:004;
15564:004;
15565:004;
15566:004;
15567:004;
15568:004;
15569:004;
15570:004;
15571:004;
15572:004;
15573:004;
15574:004;
15575:004;
15576:004;
15577:004;
15578:004;
15579:004;
15580:004;
15581:004;
15582:004;
15583:004;
15584:004;
15585:004;
15586:004;
15587:004;
15588:004;
15589:004;
15590:004;
15591:004;
15592:004;
15593:004;
15594:004;
15595:004;
15596:004;
15597:004;
15598:004;
15599:004;
15600:004;
15601:004;
15602:004;
15603:004;
15604:004;
15605:004;
15606:004;
15607:004;
15608:004;
15609:004;
15610:004;
15611:004;
15612:004;
15613:004;
15614:004;
15615:001;
15616:004;
15617:004;
15618:003;
15619:004;
15620:004;
15621:004;
15622:003;
15623:004;
15624:004;
15625:004;
15626:003;
15627:004;
15628:004;
15629:004;
15630:003;
15631:004;
15632:004;
15633:004;
15634:003;
15635:004;
15636:004;
15637:004;
15638:003;
15639:004;
15640:004;
15641:004;
15642:003;
15643:004;
15644:004;
15645:004;
15646:003;
15647:004;
15648:004;
15649:004;
15650:003;
15651:004;
15652:004;
15653:004;
15654:003;
15655:004;
15656:004;
15657:004;
15658:003;
15659:004;
15660:004;
15661:004;
15662:003;
15663:004;
15664:004;
15665:004;
15666:003;
15667:004;
15668:004;
15669:004;
15670:003;
15671:004;
15672:004;
15673:004;
15674:003;
15675:004;
15676:004;
15677:004;
15678:003;
15679:004;
15680:004;
15681:004;
15682:003;
15683:004;
15684:004;
15685:004;
15686:003;
15687:004;
15688:004;
15689:004;
15690:003;
15691:004;
15692:004;
15693:004;
15694:003;
15695:004;
15696:004;
15697:004;
15698:003;
15699:004;
15700:004;
15701:004;
15702:003;
15703:004;
15704:004;
15705:004;
15706:003;
15707:004;
15708:004;
15709:004;
15710:003;
15711:004;
15712:004;
15713:004;
15714:003;
15715:004;
15716:004;
15717:004;
15718:003;
15719:004;
15720:004;
15721:004;
15722:003;
15723:004;
15724:004;
15725:004;
15726:003;
15727:004;
15728:004;
15729:004;
15730:003;
15731:004;
15732:004;
15733:004;
15734:003;
15735:004;
15736:004;
15737:004;
15738:003;
15739:004;
15740:004;
15741:004;
15742:003;
15743:001;
15744:004;
15745:004;
15746:004;
15747:004;
15748:004;
15749:004;
15750:004;
15751:004;
15752:004;
15753:004;
15754:004;
15755:004;
15756:004;
15757:004;
15758:004;
15759:004;
15760:004;
15761:004;
15762:004;
15763:004;
15764:004;
15765:004;
15766:004;
15767:004;
15768:004;
15769:004;
15770:004;
15771:004;
15772:004;
15773:004;
15774:004;
15775:004;
15776:004;
15777:004;
15778:004;
15779:004;
15780:004;
15781:004;
15782:004;
15783:004;
15784:004;
15785:004;
15786:004;
15787:004;
15788:004;
15789:004;
15790:004;
15791:004;
15792:004;
15793:004;
15794:004;
15795:004;
15796:004;
15797:004;
15798:004;
15799:004;
15800:004;
15801:004;
15802:004;
15803:004;
15804:004;
15805:004;
15806:004;
15807:004;
15808:004;
15809:004;
15810:004;
15811:004;
15812:004;
15813:004;
15814:004;
15815:004;
15816:004;
15817:004;
15818:004;
15819:004;
15820:004;
15821:004;
15822:004;
15823:004;
15824:004;
15825:004;
15826:004;
15827:004;
15828:004;
15829:004;
15830:004;
15831:004;
15832:004;
15833:004;
15834:004;
15835:004;
15836:004;
15837:004;
15838:004;
15839:004;
15840:004;
15841:004;
15842:004;
15843:004;
15844:004;
15845:004;
15846:004;
15847:004;
15848:004;
15849:004;
15850:004;
15851:004;
15852:004;
15853:004;
15854:004;
15855:004;
15856:004;
15857:004;
15858:004;
15859:004;
15860:004;
15861:004;
15862:004;
15863:004;
15864:004;
15865:004;
15866:004;
15867:004;
15868:004;
15869:004;
15870:004;
15871:001;
15872:003;
15873:004;
15874:004;
15875:004;
15876:003;
15877:004;
15878:004;
15879:004;
15880:003;
15881:004;
15882:004;
15883:004;
15884:003;
15885:004;
15886:004;
15887:004;
15888:003;
15889:004;
15890:004;
15891:004;
15892:003;
15893:004;
15894:004;
15895:004;
15896:003;
15897:004;
15898:004;
15899:004;
15900:003;
15901:004;
15902:004;
15903:004;
15904:003;
15905:004;
15906:004;
15907:004;
15908:003;
15909:004;
15910:004;
15911:004;
15912:003;
15913:004;
15914:004;
15915:004;
15916:003;
15917:004;
15918:004;
15919:004;
15920:003;
15921:004;
15922:004;
15923:004;
15924:003;
15925:004;
15926:004;
15927:004;
15928:003;
15929:004;
15930:004;
15931:004;
15932:003;
15933:004;
15934:004;
15935:004;
15936:003;
15937:004;
15938:004;
15939:004;
15940:003;
15941:004;
15942:004;
15943:004;
15944:003;
15945:004;
15946:004;
15947:004;
15948:003;
15949:004;
15950:004;
15951:004;
15952:003;
15953:004;
15954:004;
15955:004;
15956:003;
15957:004;
15958:004;
15959:004;
15960:003;
15961:004;
15962:004;
15963:004;
15964:003;
15965:004;
15966:004;
15967:004;
15968:003;
15969:004;
15970:004;
15971:004;
15972:003;
15973:004;
15974:004;
15975:004;
15976:003;
15977:004;
15978:004;
15979:004;
15980:003;
15981:004;
15982:004;
15983:004;
15984:003;
15985:004;
15986:004;
15987:004;
15988:003;
15989:004;
15990:004;
15991:004;
15992:003;
15993:004;
15994:004;
15995:004;
15996:003;
15997:004;
15998:004;
15999:001;
16000:004;
16001:004;
16002:004;
16003:004;
16004:004;
16005:004;
16006:004;
16007:004;
16008:004;
16009:004;
16010:004;
16011:004;
16012:004;
16013:004;
16014:004;
16015:004;
16016:004;
16017:004;
16018:004;
16019:004;
16020:004;
16021:004;
16022:004;
16023:004;
16024:004;
16025:004;
16026:004;
16027:004;
16028:004;
16029:004;
16030:004;
16031:004;
16032:004;
16033:004;
16034:004;
16035:004;
16036:004;
16037:004;
16038:004;
16039:004;
16040:004;
16041:004;
16042:004;
16043:004;
16044:004;
16045:004;
16046:004;
16047:004;
16048:004;
16049:004;
16050:004;
16051:004;
16052:004;
16053:004;
16054:004;
16055:004;
16056:004;
16057:004;
16058:004;
16059:004;
16060:004;
16061:004;
16062:004;
16063:004;
16064:004;
16065:004;
16066:004;
16067:004;
16068:004;
16069:004;
16070:004;
16071:004;
16072:004;
16073:004;
16074:004;
16075:004;
16076:004;
16077:004;
16078:004;
16079:004;
16080:004;
16081:004;
16082:004;
16083:004;
16084:004;
16085:004;
16086:004;
16087:004;
16088:004;
16089:004;
16090:004;
16091:004;
16092:004;
16093:004;
16094:004;
16095:004;
16096:004;
16097:004;
16098:004;
16099:004;
16100:004;
16101:004;
16102:004;
16103:004;
16104:004;
16105:004;
16106:004;
16107:004;
16108:004;
16109:004;
16110:004;
16111:004;
16112:004;
16113:004;
16114:004;
16115:004;
16116:004;
16117:004;
16118:004;
16119:004;
16120:004;
16121:004;
16122:004;
16123:004;
16124:004;
16125:004;
16126:004;
16127:001;
16128:004;
16129:004;
16130:003;
16131:004;
16132:004;
16133:004;
16134:003;
16135:004;
16136:004;
16137:004;
16138:003;
16139:004;
16140:004;
16141:004;
16142:003;
16143:004;
16144:004;
16145:004;
16146:003;
16147:004;
16148:004;
16149:004;
16150:003;
16151:004;
16152:004;
16153:004;
16154:003;
16155:004;
16156:004;
16157:004;
16158:003;
16159:004;
16160:004;
16161:004;
16162:003;
16163:004;
16164:004;
16165:004;
16166:003;
16167:004;
16168:004;
16169:004;
16170:003;
16171:004;
16172:004;
16173:004;
16174:003;
16175:004;
16176:004;
16177:004;
16178:003;
16179:004;
16180:004;
16181:004;
16182:003;
16183:004;
16184:004;
16185:004;
16186:003;
16187:004;
16188:004;
16189:004;
16190:003;
16191:004;
16192:004;
16193:004;
16194:003;
16195:004;
16196:004;
16197:004;
16198:003;
16199:004;
16200:004;
16201:004;
16202:003;
16203:004;
16204:004;
16205:004;
16206:003;
16207:004;
16208:004;
16209:004;
16210:003;
16211:004;
16212:004;
16213:004;
16214:003;
16215:004;
16216:004;
16217:004;
16218:003;
16219:004;
16220:004;
16221:004;
16222:003;
16223:004;
16224:004;
16225:004;
16226:003;
16227:004;
16228:004;
16229:004;
16230:003;
16231:004;
16232:004;
16233:004;
16234:003;
16235:004;
16236:004;
16237:004;
16238:003;
16239:004;
16240:004;
16241:004;
16242:003;
16243:004;
16244:004;
16245:004;
16246:003;
16247:004;
16248:004;
16249:004;
16250:003;
16251:004;
16252:004;
16253:004;
16254:003;
16255:001;
16256:004;
16257:004;
16258:004;
16259:004;
16260:004;
16261:004;
16262:004;
16263:004;
16264:004;
16265:004;
16266:004;
16267:004;
16268:004;
16269:004;
16270:004;
16271:004;
16272:004;
16273:004;
16274:004;
16275:004;
16276:004;
16277:004;
16278:004;
16279:004;
16280:004;
16281:004;
16282:004;
16283:004;
16284:004;
16285:004;
16286:004;
16287:004;
16288:004;
16289:004;
16290:004;
16291:004;
16292:004;
16293:004;
16294:004;
16295:004;
16296:004;
16297:004;
16298:004;
16299:004;
16300:004;
16301:004;
16302:004;
16303:004;
16304:004;
16305:004;
16306:004;
16307:004;
16308:004;
16309:004;
16310:004;
16311:004;
16312:004;
16313:004;
16314:004;
16315:004;
16316:004;
16317:004;
16318:004;
16319:004;
16320:004;
16321:004;
16322:004;
16323:004;
16324:004;
16325:004;
16326:004;
16327:004;
16328:004;
16329:004;
16330:004;
16331:004;
16332:004;
16333:004;
16334:004;
16335:004;
16336:004;
16337:004;
16338:004;
16339:004;
16340:004;
16341:004;
16342:004;
16343:004;
16344:004;
16345:004;
16346:004;
16347:004;
16348:004;
16349:004;
16350:004;
16351:004;
16352:004;
16353:004;
16354:004;
16355:004;
16356:004;
16357:004;
16358:004;
16359:004;
16360:004;
16361:004;
16362:004;
16363:004;
16364:004;
16365:004;
16366:004;
16367:004;
16368:004;
16369:004;
16370:004;
16371:004;
16372:004;
16373:004;
16374:004;
16375:004;
16376:004;
16377:004;
16378:004;
16379:004;
16380:004;
16381:004;
16382:004;
16383:001;
16384:003;
16385:004;
16386:004;
16387:004;
16388:003;
16389:004;
16390:004;
16391:004;
16392:003;
16393:004;
16394:004;
16395:004;
16396:003;
16397:004;
16398:004;
16399:004;
16400:003;
16401:004;
16402:004;
16403:004;
16404:003;
16405:004;
16406:004;
16407:004;
16408:003;
16409:004;
16410:004;
16411:004;
16412:003;
16413:004;
16414:004;
16415:004;
16416:003;
16417:004;
16418:004;
16419:004;
16420:003;
16421:004;
16422:004;
16423:004;
16424:003;
16425:004;
16426:004;
16427:004;
16428:003;
16429:004;
16430:004;
16431:004;
16432:003;
16433:004;
16434:004;
16435:004;
16436:003;
16437:004;
16438:004;
16439:004;
16440:003;
16441:004;
16442:004;
16443:004;
16444:003;
16445:004;
16446:004;
16447:004;
16448:003;
16449:004;
16450:004;
16451:004;
16452:003;
16453:004;
16454:004;
16455:004;
16456:003;
16457:004;
16458:004;
16459:004;
16460:003;
16461:004;
16462:004;
16463:004;
16464:003;
16465:004;
16466:004;
16467:004;
16468:003;
16469:004;
16470:004;
16471:004;
16472:003;
16473:004;
16474:004;
16475:004;
16476:003;
16477:004;
16478:004;
16479:004;
16480:003;
16481:004;
16482:004;
16483:004;
16484:003;
16485:004;
16486:004;
16487:004;
16488:003;
16489:004;
16490:004;
16491:004;
16492:003;
16493:004;
16494:004;
16495:004;
16496:003;
16497:004;
16498:004;
16499:004;
16500:003;
16501:004;
16502:004;
16503:004;
16504:003;
16505:004;
16506:004;
16507:004;
16508:003;
16509:004;
16510:004;
16511:001;
16512:004;
16513:004;
16514:004;
16515:004;
16516:004;
16517:004;
16518:004;
16519:004;
16520:004;
16521:004;
16522:004;
16523:004;
16524:004;
16525:004;
16526:004;
16527:004;
16528:004;
16529:004;
16530:004;
16531:004;
16532:004;
16533:004;
16534:004;
16535:004;
16536:004;
16537:004;
16538:004;
16539:004;
16540:004;
16541:004;
16542:004;
16543:004;
16544:004;
16545:004;
16546:004;
16547:004;
16548:004;
16549:004;
16550:004;
16551:004;
16552:004;
16553:004;
16554:004;
16555:004;
16556:004;
16557:004;
16558:004;
16559:004;
16560:004;
16561:004;
16562:004;
16563:004;
16564:004;
16565:004;
16566:004;
16567:004;
16568:004;
16569:004;
16570:004;
16571:004;
16572:004;
16573:004;
16574:004;
16575:004;
16576:004;
16577:004;
16578:004;
16579:004;
16580:004;
16581:004;
16582:004;
16583:004;
16584:004;
16585:004;
16586:004;
16587:004;
16588:004;
16589:004;
16590:004;
16591:004;
16592:004;
16593:004;
16594:004;
16595:004;
16596:004;
16597:004;
16598:004;
16599:004;
16600:004;
16601:004;
16602:004;
16603:004;
16604:004;
16605:004;
16606:004;
16607:004;
16608:004;
16609:004;
16610:004;
16611:004;
16612:004;
16613:004;
16614:004;
16615:004;
16616:004;
16617:004;
16618:004;
16619:004;
16620:004;
16621:004;
16622:004;
16623:004;
16624:004;
16625:004;
16626:004;
16627:004;
16628:004;
16629:004;
16630:004;
16631:004;
16632:004;
16633:004;
16634:004;
16635:004;
16636:004;
16637:004;
16638:004;
16639:001;
16640:004;
16641:004;
16642:003;
16643:004;
16644:004;
16645:004;
16646:003;
16647:004;
16648:004;
16649:004;
16650:003;
16651:004;
16652:004;
16653:004;
16654:003;
16655:004;
16656:004;
16657:004;
16658:003;
16659:004;
16660:004;
16661:004;
16662:003;
16663:004;
16664:004;
16665:004;
16666:003;
16667:004;
16668:004;
16669:004;
16670:003;
16671:004;
16672:004;
16673:004;
16674:003;
16675:004;
16676:004;
16677:004;
16678:003;
16679:004;
16680:004;
16681:004;
16682:003;
16683:004;
16684:004;
16685:004;
16686:003;
16687:004;
16688:004;
16689:004;
16690:003;
16691:004;
16692:004;
16693:004;
16694:003;
16695:004;
16696:004;
16697:004;
16698:003;
16699:004;
16700:004;
16701:004;
16702:003;
16703:004;
16704:004;
16705:004;
16706:003;
16707:004;
16708:004;
16709:004;
16710:003;
16711:004;
16712:004;
16713:004;
16714:003;
16715:004;
16716:004;
16717:004;
16718:003;
16719:004;
16720:004;
16721:004;
16722:003;
16723:004;
16724:004;
16725:004;
16726:003;
16727:004;
16728:004;
16729:004;
16730:003;
16731:004;
16732:004;
16733:004;
16734:003;
16735:004;
16736:004;
16737:004;
16738:003;
16739:004;
16740:004;
16741:004;
16742:003;
16743:004;
16744:004;
16745:004;
16746:003;
16747:004;
16748:004;
16749:004;
16750:003;
16751:004;
16752:004;
16753:004;
16754:003;
16755:004;
16756:004;
16757:004;
16758:003;
16759:004;
16760:004;
16761:004;
16762:003;
16763:004;
16764:004;
16765:004;
16766:003;
16767:001;
16768:004;
16769:004;
16770:004;
16771:004;
16772:004;
16773:004;
16774:004;
16775:004;
16776:004;
16777:004;
16778:004;
16779:004;
16780:004;
16781:004;
16782:004;
16783:004;
16784:004;
16785:004;
16786:004;
16787:004;
16788:004;
16789:004;
16790:004;
16791:004;
16792:004;
16793:004;
16794:004;
16795:004;
16796:004;
16797:004;
16798:004;
16799:004;
16800:004;
16801:004;
16802:004;
16803:004;
16804:004;
16805:004;
16806:004;
16807:004;
16808:004;
16809:004;
16810:004;
16811:004;
16812:004;
16813:004;
16814:004;
16815:004;
16816:004;
16817:004;
16818:004;
16819:004;
16820:004;
16821:004;
16822:004;
16823:004;
16824:004;
16825:004;
16826:004;
16827:004;
16828:004;
16829:004;
16830:004;
16831:004;
16832:004;
16833:004;
16834:004;
16835:004;
16836:004;
16837:004;
16838:004;
16839:004;
16840:004;
16841:004;
16842:004;
16843:004;
16844:004;
16845:004;
16846:004;
16847:004;
16848:004;
16849:004;
16850:004;
16851:004;
16852:004;
16853:004;
16854:004;
16855:004;
16856:004;
16857:004;
16858:004;
16859:004;
16860:004;
16861:004;
16862:004;
16863:004;
16864:004;
16865:004;
16866:004;
16867:004;
16868:004;
16869:004;
16870:004;
16871:004;
16872:004;
16873:004;
16874:004;
16875:004;
16876:004;
16877:004;
16878:004;
16879:004;
16880:004;
16881:004;
16882:004;
16883:004;
16884:004;
16885:004;
16886:004;
16887:004;
16888:004;
16889:004;
16890:004;
16891:004;
16892:004;
16893:004;
16894:004;
16895:001;
16896:003;
16897:004;
16898:004;
16899:004;
16900:003;
16901:004;
16902:004;
16903:004;
16904:003;
16905:004;
16906:004;
16907:004;
16908:003;
16909:004;
16910:004;
16911:004;
16912:003;
16913:004;
16914:004;
16915:004;
16916:003;
16917:004;
16918:004;
16919:004;
16920:003;
16921:004;
16922:004;
16923:004;
16924:003;
16925:004;
16926:004;
16927:004;
16928:003;
16929:004;
16930:004;
16931:004;
16932:003;
16933:004;
16934:004;
16935:004;
16936:003;
16937:004;
16938:004;
16939:004;
16940:003;
16941:004;
16942:004;
16943:004;
16944:003;
16945:004;
16946:004;
16947:004;
16948:003;
16949:004;
16950:004;
16951:004;
16952:003;
16953:004;
16954:004;
16955:004;
16956:003;
16957:004;
16958:004;
16959:004;
16960:003;
16961:004;
16962:004;
16963:004;
16964:003;
16965:004;
16966:004;
16967:004;
16968:003;
16969:004;
16970:004;
16971:004;
16972:003;
16973:004;
16974:004;
16975:004;
16976:003;
16977:004;
16978:004;
16979:004;
16980:003;
16981:004;
16982:004;
16983:004;
16984:003;
16985:004;
16986:004;
16987:004;
16988:003;
16989:004;
16990:004;
16991:004;
16992:003;
16993:004;
16994:004;
16995:004;
16996:003;
16997:004;
16998:004;
16999:004;
17000:003;
17001:004;
17002:004;
17003:004;
17004:003;
17005:004;
17006:004;
17007:004;
17008:003;
17009:004;
17010:004;
17011:004;
17012:003;
17013:004;
17014:004;
17015:004;
17016:003;
17017:004;
17018:004;
17019:004;
17020:003;
17021:004;
17022:004;
17023:001;
17024:004;
17025:004;
17026:004;
17027:004;
17028:004;
17029:004;
17030:004;
17031:004;
17032:004;
17033:004;
17034:004;
17035:004;
17036:004;
17037:004;
17038:004;
17039:004;
17040:004;
17041:004;
17042:004;
17043:004;
17044:004;
17045:004;
17046:004;
17047:004;
17048:004;
17049:004;
17050:004;
17051:004;
17052:004;
17053:004;
17054:004;
17055:004;
17056:004;
17057:004;
17058:004;
17059:004;
17060:004;
17061:004;
17062:004;
17063:004;
17064:004;
17065:004;
17066:004;
17067:004;
17068:004;
17069:004;
17070:004;
17071:004;
17072:004;
17073:004;
17074:004;
17075:004;
17076:004;
17077:004;
17078:004;
17079:004;
17080:004;
17081:004;
17082:004;
17083:004;
17084:004;
17085:004;
17086:004;
17087:004;
17088:004;
17089:004;
17090:004;
17091:004;
17092:004;
17093:004;
17094:004;
17095:004;
17096:004;
17097:004;
17098:004;
17099:004;
17100:004;
17101:004;
17102:004;
17103:004;
17104:004;
17105:004;
17106:004;
17107:004;
17108:004;
17109:004;
17110:004;
17111:004;
17112:004;
17113:004;
17114:004;
17115:004;
17116:004;
17117:004;
17118:004;
17119:004;
17120:004;
17121:004;
17122:004;
17123:004;
17124:004;
17125:004;
17126:004;
17127:004;
17128:004;
17129:004;
17130:004;
17131:004;
17132:004;
17133:004;
17134:004;
17135:004;
17136:004;
17137:004;
17138:004;
17139:004;
17140:004;
17141:004;
17142:004;
17143:004;
17144:004;
17145:004;
17146:004;
17147:004;
17148:004;
17149:004;
17150:004;
17151:001;
17152:004;
17153:004;
17154:003;
17155:004;
17156:004;
17157:004;
17158:003;
17159:004;
17160:004;
17161:004;
17162:003;
17163:004;
17164:004;
17165:004;
17166:003;
17167:004;
17168:004;
17169:004;
17170:003;
17171:004;
17172:004;
17173:004;
17174:003;
17175:004;
17176:004;
17177:004;
17178:003;
17179:004;
17180:004;
17181:004;
17182:003;
17183:004;
17184:004;
17185:004;
17186:003;
17187:004;
17188:004;
17189:004;
17190:003;
17191:004;
17192:004;
17193:004;
17194:003;
17195:004;
17196:004;
17197:004;
17198:003;
17199:004;
17200:004;
17201:004;
17202:003;
17203:004;
17204:004;
17205:004;
17206:003;
17207:004;
17208:004;
17209:004;
17210:003;
17211:004;
17212:004;
17213:004;
17214:003;
17215:004;
17216:004;
17217:004;
17218:003;
17219:004;
17220:004;
17221:004;
17222:003;
17223:004;
17224:004;
17225:004;
17226:003;
17227:004;
17228:004;
17229:004;
17230:003;
17231:004;
17232:004;
17233:004;
17234:003;
17235:004;
17236:004;
17237:004;
17238:003;
17239:004;
17240:004;
17241:004;
17242:003;
17243:004;
17244:004;
17245:004;
17246:003;
17247:004;
17248:004;
17249:004;
17250:003;
17251:004;
17252:004;
17253:004;
17254:003;
17255:004;
17256:004;
17257:004;
17258:003;
17259:004;
17260:004;
17261:004;
17262:003;
17263:004;
17264:004;
17265:004;
17266:003;
17267:004;
17268:004;
17269:004;
17270:003;
17271:004;
17272:004;
17273:004;
17274:003;
17275:004;
17276:004;
17277:004;
17278:003;
17279:001;
17280:004;
17281:004;
17282:004;
17283:004;
17284:004;
17285:004;
17286:004;
17287:004;
17288:004;
17289:004;
17290:004;
17291:004;
17292:004;
17293:004;
17294:004;
17295:004;
17296:004;
17297:004;
17298:004;
17299:004;
17300:004;
17301:004;
17302:004;
17303:004;
17304:004;
17305:004;
17306:004;
17307:004;
17308:004;
17309:004;
17310:004;
17311:004;
17312:004;
17313:004;
17314:004;
17315:004;
17316:004;
17317:004;
17318:004;
17319:004;
17320:004;
17321:004;
17322:004;
17323:004;
17324:004;
17325:004;
17326:004;
17327:004;
17328:004;
17329:004;
17330:004;
17331:004;
17332:004;
17333:004;
17334:004;
17335:004;
17336:004;
17337:004;
17338:004;
17339:004;
17340:004;
17341:004;
17342:004;
17343:004;
17344:004;
17345:004;
17346:004;
17347:004;
17348:004;
17349:004;
17350:004;
17351:004;
17352:004;
17353:004;
17354:004;
17355:004;
17356:004;
17357:004;
17358:004;
17359:004;
17360:004;
17361:004;
17362:004;
17363:004;
17364:004;
17365:004;
17366:004;
17367:004;
17368:004;
17369:004;
17370:004;
17371:004;
17372:004;
17373:004;
17374:004;
17375:004;
17376:004;
17377:004;
17378:004;
17379:004;
17380:004;
17381:004;
17382:004;
17383:004;
17384:004;
17385:004;
17386:004;
17387:004;
17388:004;
17389:004;
17390:004;
17391:004;
17392:004;
17393:004;
17394:004;
17395:004;
17396:004;
17397:004;
17398:004;
17399:004;
17400:004;
17401:004;
17402:004;
17403:004;
17404:004;
17405:004;
17406:004;
17407:001;
17408:003;
17409:004;
17410:003;
17411:004;
17412:003;
17413:004;
17414:004;
17415:004;
17416:003;
17417:004;
17418:003;
17419:004;
17420:003;
17421:004;
17422:004;
17423:004;
17424:003;
17425:004;
17426:003;
17427:004;
17428:003;
17429:004;
17430:004;
17431:004;
17432:003;
17433:004;
17434:003;
17435:004;
17436:003;
17437:004;
17438:004;
17439:004;
17440:003;
17441:004;
17442:003;
17443:004;
17444:003;
17445:004;
17446:004;
17447:004;
17448:003;
17449:004;
17450:003;
17451:004;
17452:003;
17453:004;
17454:004;
17455:004;
17456:003;
17457:004;
17458:003;
17459:004;
17460:003;
17461:004;
17462:004;
17463:004;
17464:003;
17465:004;
17466:003;
17467:004;
17468:003;
17469:004;
17470:004;
17471:004;
17472:003;
17473:004;
17474:003;
17475:004;
17476:003;
17477:004;
17478:004;
17479:004;
17480:003;
17481:004;
17482:003;
17483:004;
17484:003;
17485:004;
17486:004;
17487:004;
17488:003;
17489:004;
17490:003;
17491:004;
17492:003;
17493:004;
17494:004;
17495:004;
17496:003;
17497:004;
17498:003;
17499:004;
17500:003;
17501:004;
17502:004;
17503:004;
17504:003;
17505:004;
17506:003;
17507:004;
17508:003;
17509:004;
17510:004;
17511:004;
17512:003;
17513:004;
17514:003;
17515:004;
17516:003;
17517:004;
17518:004;
17519:004;
17520:003;
17521:004;
17522:003;
17523:004;
17524:003;
17525:004;
17526:004;
17527:004;
17528:003;
17529:004;
17530:003;
17531:004;
17532:003;
17533:004;
17534:004;
17535:001;
17536:004;
17537:004;
17538:004;
17539:004;
17540:004;
17541:004;
17542:004;
17543:004;
17544:004;
17545:004;
17546:004;
17547:004;
17548:004;
17549:004;
17550:004;
17551:004;
17552:004;
17553:004;
17554:004;
17555:004;
17556:004;
17557:004;
17558:004;
17559:004;
17560:004;
17561:004;
17562:004;
17563:004;
17564:004;
17565:004;
17566:004;
17567:004;
17568:004;
17569:004;
17570:004;
17571:004;
17572:004;
17573:004;
17574:004;
17575:004;
17576:004;
17577:004;
17578:004;
17579:004;
17580:004;
17581:004;
17582:004;
17583:004;
17584:004;
17585:004;
17586:004;
17587:004;
17588:004;
17589:004;
17590:004;
17591:004;
17592:004;
17593:004;
17594:004;
17595:004;
17596:004;
17597:004;
17598:004;
17599:004;
17600:004;
17601:004;
17602:004;
17603:004;
17604:004;
17605:004;
17606:004;
17607:004;
17608:004;
17609:004;
17610:004;
17611:004;
17612:004;
17613:004;
17614:004;
17615:004;
17616:004;
17617:004;
17618:004;
17619:004;
17620:004;
17621:004;
17622:004;
17623:004;
17624:004;
17625:004;
17626:004;
17627:004;
17628:004;
17629:004;
17630:004;
17631:004;
17632:004;
17633:004;
17634:004;
17635:004;
17636:004;
17637:004;
17638:004;
17639:004;
17640:004;
17641:004;
17642:004;
17643:004;
17644:004;
17645:004;
17646:004;
17647:004;
17648:004;
17649:004;
17650:004;
17651:004;
17652:004;
17653:004;
17654:004;
17655:004;
17656:004;
17657:004;
17658:004;
17659:004;
17660:004;
17661:004;
17662:004;
17663:001;
17664:004;
17665:004;
17666:003;
17667:004;
17668:004;
17669:004;
17670:003;
17671:004;
17672:004;
17673:004;
17674:003;
17675:004;
17676:004;
17677:004;
17678:003;
17679:004;
17680:004;
17681:004;
17682:003;
17683:004;
17684:004;
17685:004;
17686:003;
17687:004;
17688:004;
17689:004;
17690:003;
17691:004;
17692:004;
17693:004;
17694:003;
17695:004;
17696:004;
17697:004;
17698:003;
17699:004;
17700:004;
17701:004;
17702:003;
17703:004;
17704:004;
17705:004;
17706:003;
17707:004;
17708:004;
17709:004;
17710:003;
17711:004;
17712:004;
17713:004;
17714:003;
17715:004;
17716:004;
17717:004;
17718:003;
17719:004;
17720:004;
17721:004;
17722:003;
17723:004;
17724:004;
17725:004;
17726:003;
17727:004;
17728:004;
17729:004;
17730:003;
17731:004;
17732:004;
17733:004;
17734:003;
17735:004;
17736:004;
17737:004;
17738:003;
17739:004;
17740:004;
17741:004;
17742:003;
17743:004;
17744:004;
17745:004;
17746:003;
17747:004;
17748:004;
17749:004;
17750:003;
17751:004;
17752:004;
17753:004;
17754:003;
17755:004;
17756:004;
17757:004;
17758:003;
17759:004;
17760:004;
17761:004;
17762:003;
17763:004;
17764:004;
17765:004;
17766:003;
17767:004;
17768:004;
17769:004;
17770:003;
17771:004;
17772:004;
17773:004;
17774:003;
17775:004;
17776:004;
17777:004;
17778:003;
17779:004;
17780:004;
17781:004;
17782:003;
17783:004;
17784:004;
17785:004;
17786:003;
17787:004;
17788:004;
17789:004;
17790:003;
17791:001;
17792:004;
17793:004;
17794:004;
17795:004;
17796:004;
17797:004;
17798:004;
17799:004;
17800:004;
17801:004;
17802:004;
17803:004;
17804:004;
17805:004;
17806:004;
17807:004;
17808:004;
17809:004;
17810:004;
17811:004;
17812:004;
17813:004;
17814:004;
17815:004;
17816:004;
17817:004;
17818:004;
17819:004;
17820:004;
17821:004;
17822:004;
17823:004;
17824:004;
17825:004;
17826:004;
17827:004;
17828:004;
17829:004;
17830:004;
17831:004;
17832:004;
17833:004;
17834:004;
17835:004;
17836:004;
17837:004;
17838:004;
17839:004;
17840:004;
17841:004;
17842:004;
17843:004;
17844:004;
17845:004;
17846:004;
17847:004;
17848:004;
17849:004;
17850:004;
17851:004;
17852:004;
17853:004;
17854:004;
17855:004;
17856:004;
17857:004;
17858:004;
17859:004;
17860:004;
17861:004;
17862:004;
17863:004;
17864:004;
17865:004;
17866:004;
17867:004;
17868:004;
17869:004;
17870:004;
17871:004;
17872:004;
17873:004;
17874:004;
17875:004;
17876:004;
17877:004;
17878:004;
17879:004;
17880:004;
17881:004;
17882:004;
17883:004;
17884:004;
17885:004;
17886:004;
17887:004;
17888:004;
17889:004;
17890:004;
17891:004;
17892:004;
17893:004;
17894:004;
17895:004;
17896:004;
17897:004;
17898:004;
17899:004;
17900:004;
17901:004;
17902:004;
17903:004;
17904:004;
17905:004;
17906:004;
17907:004;
17908:004;
17909:004;
17910:004;
17911:004;
17912:004;
17913:004;
17914:004;
17915:004;
17916:004;
17917:004;
17918:004;
17919:001;
17920:003;
17921:004;
17922:004;
17923:004;
17924:003;
17925:004;
17926:003;
17927:004;
17928:003;
17929:004;
17930:004;
17931:004;
17932:003;
17933:004;
17934:003;
17935:004;
17936:003;
17937:004;
17938:004;
17939:004;
17940:003;
17941:004;
17942:003;
17943:004;
17944:003;
17945:004;
17946:004;
17947:004;
17948:003;
17949:004;
17950:003;
17951:004;
17952:003;
17953:004;
17954:004;
17955:004;
17956:003;
17957:004;
17958:003;
17959:004;
17960:003;
17961:004;
17962:004;
17963:004;
17964:003;
17965:004;
17966:003;
17967:004;
17968:003;
17969:004;
17970:004;
17971:004;
17972:003;
17973:004;
17974:003;
17975:004;
17976:003;
17977:004;
17978:004;
17979:004;
17980:003;
17981:004;
17982:003;
17983:004;
17984:003;
17985:004;
17986:004;
17987:004;
17988:003;
17989:004;
17990:003;
17991:004;
17992:003;
17993:004;
17994:004;
17995:004;
17996:003;
17997:004;
17998:003;
17999:004;
18000:003;
18001:004;
18002:004;
18003:004;
18004:003;
18005:004;
18006:003;
18007:004;
18008:003;
18009:004;
18010:004;
18011:004;
18012:003;
18013:004;
18014:003;
18015:004;
18016:003;
18017:004;
18018:004;
18019:004;
18020:003;
18021:004;
18022:003;
18023:004;
18024:003;
18025:004;
18026:004;
18027:004;
18028:003;
18029:004;
18030:003;
18031:004;
18032:003;
18033:004;
18034:004;
18035:004;
18036:003;
18037:004;
18038:003;
18039:004;
18040:003;
18041:004;
18042:004;
18043:004;
18044:003;
18045:004;
18046:003;
18047:001;
18048:004;
18049:004;
18050:004;
18051:004;
18052:004;
18053:004;
18054:004;
18055:004;
18056:004;
18057:004;
18058:004;
18059:004;
18060:004;
18061:004;
18062:004;
18063:004;
18064:004;
18065:004;
18066:004;
18067:004;
18068:004;
18069:004;
18070:004;
18071:004;
18072:004;
18073:004;
18074:004;
18075:004;
18076:004;
18077:004;
18078:004;
18079:004;
18080:004;
18081:004;
18082:004;
18083:004;
18084:004;
18085:004;
18086:004;
18087:004;
18088:004;
18089:004;
18090:004;
18091:004;
18092:004;
18093:004;
18094:004;
18095:004;
18096:004;
18097:004;
18098:004;
18099:004;
18100:004;
18101:004;
18102:004;
18103:004;
18104:004;
18105:004;
18106:004;
18107:004;
18108:004;
18109:004;
18110:004;
18111:004;
18112:004;
18113:004;
18114:004;
18115:004;
18116:004;
18117:004;
18118:004;
18119:004;
18120:004;
18121:004;
18122:004;
18123:004;
18124:004;
18125:004;
18126:004;
18127:004;
18128:004;
18129:004;
18130:004;
18131:004;
18132:004;
18133:004;
18134:004;
18135:004;
18136:004;
18137:004;
18138:004;
18139:004;
18140:004;
18141:004;
18142:004;
18143:004;
18144:004;
18145:004;
18146:004;
18147:004;
18148:004;
18149:004;
18150:004;
18151:004;
18152:004;
18153:004;
18154:004;
18155:004;
18156:004;
18157:004;
18158:004;
18159:004;
18160:004;
18161:004;
18162:004;
18163:004;
18164:004;
18165:004;
18166:004;
18167:004;
18168:004;
18169:004;
18170:004;
18171:004;
18172:004;
18173:004;
18174:004;
18175:001;
18176:004;
18177:004;
18178:003;
18179:004;
18180:004;
18181:004;
18182:003;
18183:004;
18184:004;
18185:004;
18186:003;
18187:004;
18188:004;
18189:004;
18190:003;
18191:004;
18192:004;
18193:004;
18194:003;
18195:004;
18196:004;
18197:004;
18198:003;
18199:004;
18200:004;
18201:004;
18202:003;
18203:004;
18204:004;
18205:004;
18206:003;
18207:004;
18208:004;
18209:004;
18210:003;
18211:004;
18212:004;
18213:004;
18214:003;
18215:004;
18216:004;
18217:004;
18218:003;
18219:004;
18220:004;
18221:004;
18222:003;
18223:004;
18224:004;
18225:004;
18226:003;
18227:004;
18228:004;
18229:004;
18230:003;
18231:004;
18232:004;
18233:004;
18234:003;
18235:004;
18236:004;
18237:004;
18238:003;
18239:004;
18240:004;
18241:004;
18242:003;
18243:004;
18244:004;
18245:004;
18246:003;
18247:004;
18248:004;
18249:004;
18250:003;
18251:004;
18252:004;
18253:004;
18254:003;
18255:004;
18256:004;
18257:004;
18258:003;
18259:004;
18260:004;
18261:004;
18262:003;
18263:004;
18264:004;
18265:004;
18266:003;
18267:004;
18268:004;
18269:004;
18270:003;
18271:004;
18272:004;
18273:004;
18274:003;
18275:004;
18276:004;
18277:004;
18278:003;
18279:004;
18280:004;
18281:004;
18282:003;
18283:004;
18284:004;
18285:004;
18286:003;
18287:004;
18288:004;
18289:004;
18290:003;
18291:004;
18292:004;
18293:004;
18294:003;
18295:004;
18296:004;
18297:004;
18298:003;
18299:004;
18300:004;
18301:004;
18302:003;
18303:001;
18304:004;
18305:004;
18306:004;
18307:004;
18308:004;
18309:004;
18310:004;
18311:004;
18312:004;
18313:004;
18314:004;
18315:004;
18316:004;
18317:004;
18318:004;
18319:004;
18320:004;
18321:004;
18322:004;
18323:004;
18324:004;
18325:004;
18326:004;
18327:004;
18328:004;
18329:004;
18330:004;
18331:004;
18332:004;
18333:004;
18334:004;
18335:004;
18336:004;
18337:004;
18338:004;
18339:004;
18340:004;
18341:004;
18342:004;
18343:004;
18344:004;
18345:004;
18346:004;
18347:004;
18348:004;
18349:004;
18350:004;
18351:004;
18352:004;
18353:004;
18354:004;
18355:004;
18356:004;
18357:004;
18358:004;
18359:004;
18360:004;
18361:004;
18362:004;
18363:004;
18364:004;
18365:004;
18366:004;
18367:004;
18368:004;
18369:004;
18370:004;
18371:004;
18372:004;
18373:004;
18374:004;
18375:004;
18376:004;
18377:004;
18378:004;
18379:004;
18380:004;
18381:004;
18382:004;
18383:004;
18384:004;
18385:004;
18386:004;
18387:004;
18388:004;
18389:004;
18390:004;
18391:004;
18392:004;
18393:004;
18394:004;
18395:004;
18396:004;
18397:004;
18398:004;
18399:004;
18400:004;
18401:004;
18402:004;
18403:004;
18404:004;
18405:004;
18406:004;
18407:004;
18408:004;
18409:004;
18410:004;
18411:004;
18412:004;
18413:004;
18414:004;
18415:004;
18416:004;
18417:004;
18418:004;
18419:004;
18420:004;
18421:004;
18422:004;
18423:004;
18424:004;
18425:004;
18426:004;
18427:004;
18428:004;
18429:004;
18430:004;
18431:001;
18432:003;
18433:004;
18434:003;
18435:004;
18436:003;
18437:004;
18438:003;
18439:004;
18440:003;
18441:004;
18442:003;
18443:004;
18444:003;
18445:004;
18446:003;
18447:004;
18448:003;
18449:004;
18450:003;
18451:004;
18452:003;
18453:004;
18454:003;
18455:004;
18456:003;
18457:004;
18458:003;
18459:004;
18460:003;
18461:004;
18462:003;
18463:004;
18464:003;
18465:004;
18466:003;
18467:004;
18468:003;
18469:004;
18470:003;
18471:004;
18472:003;
18473:004;
18474:003;
18475:004;
18476:003;
18477:004;
18478:003;
18479:004;
18480:003;
18481:004;
18482:003;
18483:004;
18484:003;
18485:004;
18486:003;
18487:004;
18488:003;
18489:004;
18490:003;
18491:004;
18492:003;
18493:004;
18494:003;
18495:004;
18496:003;
18497:004;
18498:003;
18499:004;
18500:003;
18501:004;
18502:003;
18503:004;
18504:003;
18505:004;
18506:003;
18507:004;
18508:003;
18509:004;
18510:003;
18511:004;
18512:003;
18513:004;
18514:003;
18515:004;
18516:003;
18517:004;
18518:003;
18519:004;
18520:003;
18521:004;
18522:003;
18523:004;
18524:003;
18525:004;
18526:003;
18527:004;
18528:003;
18529:004;
18530:003;
18531:004;
18532:003;
18533:004;
18534:003;
18535:004;
18536:003;
18537:004;
18538:003;
18539:004;
18540:003;
18541:004;
18542:003;
18543:004;
18544:003;
18545:004;
18546:003;
18547:004;
18548:003;
18549:004;
18550:003;
18551:004;
18552:003;
18553:004;
18554:003;
18555:004;
18556:003;
18557:004;
18558:003;
18559:001;
18560:004;
18561:004;
18562:004;
18563:004;
18564:004;
18565:004;
18566:004;
18567:004;
18568:004;
18569:004;
18570:004;
18571:004;
18572:004;
18573:004;
18574:004;
18575:004;
18576:004;
18577:004;
18578:004;
18579:004;
18580:004;
18581:004;
18582:004;
18583:004;
18584:004;
18585:004;
18586:004;
18587:004;
18588:004;
18589:004;
18590:004;
18591:004;
18592:004;
18593:004;
18594:004;
18595:004;
18596:004;
18597:004;
18598:004;
18599:004;
18600:004;
18601:004;
18602:004;
18603:004;
18604:004;
18605:004;
18606:004;
18607:004;
18608:004;
18609:004;
18610:004;
18611:004;
18612:004;
18613:004;
18614:004;
18615:004;
18616:004;
18617:004;
18618:004;
18619:004;
18620:004;
18621:004;
18622:004;
18623:004;
18624:004;
18625:004;
18626:004;
18627:004;
18628:004;
18629:004;
18630:004;
18631:004;
18632:004;
18633:004;
18634:004;
18635:004;
18636:004;
18637:004;
18638:004;
18639:004;
18640:004;
18641:004;
18642:004;
18643:004;
18644:004;
18645:004;
18646:004;
18647:004;
18648:004;
18649:004;
18650:004;
18651:004;
18652:004;
18653:004;
18654:004;
18655:004;
18656:004;
18657:004;
18658:004;
18659:004;
18660:004;
18661:004;
18662:004;
18663:004;
18664:004;
18665:004;
18666:004;
18667:004;
18668:004;
18669:004;
18670:004;
18671:004;
18672:004;
18673:004;
18674:004;
18675:004;
18676:004;
18677:004;
18678:004;
18679:004;
18680:004;
18681:004;
18682:004;
18683:004;
18684:004;
18685:004;
18686:004;
18687:001;
18688:004;
18689:004;
18690:003;
18691:004;
18692:004;
18693:004;
18694:003;
18695:004;
18696:004;
18697:004;
18698:003;
18699:004;
18700:004;
18701:004;
18702:003;
18703:004;
18704:004;
18705:004;
18706:003;
18707:004;
18708:004;
18709:004;
18710:003;
18711:004;
18712:004;
18713:004;
18714:003;
18715:004;
18716:004;
18717:004;
18718:003;
18719:004;
18720:004;
18721:004;
18722:003;
18723:004;
18724:004;
18725:004;
18726:003;
18727:004;
18728:004;
18729:004;
18730:003;
18731:004;
18732:004;
18733:004;
18734:003;
18735:004;
18736:004;
18737:004;
18738:003;
18739:004;
18740:004;
18741:004;
18742:003;
18743:004;
18744:004;
18745:004;
18746:003;
18747:004;
18748:004;
18749:004;
18750:003;
18751:004;
18752:004;
18753:004;
18754:003;
18755:004;
18756:004;
18757:004;
18758:003;
18759:004;
18760:004;
18761:004;
18762:003;
18763:004;
18764:004;
18765:004;
18766:003;
18767:004;
18768:004;
18769:004;
18770:003;
18771:004;
18772:004;
18773:004;
18774:003;
18775:004;
18776:004;
18777:004;
18778:003;
18779:004;
18780:004;
18781:004;
18782:003;
18783:004;
18784:004;
18785:004;
18786:003;
18787:004;
18788:004;
18789:004;
18790:003;
18791:004;
18792:004;
18793:004;
18794:003;
18795:004;
18796:004;
18797:004;
18798:003;
18799:004;
18800:004;
18801:004;
18802:003;
18803:004;
18804:004;
18805:004;
18806:003;
18807:004;
18808:004;
18809:004;
18810:003;
18811:004;
18812:004;
18813:004;
18814:003;
18815:001;
18816:004;
18817:004;
18818:004;
18819:004;
18820:004;
18821:004;
18822:004;
18823:004;
18824:004;
18825:004;
18826:004;
18827:004;
18828:004;
18829:004;
18830:004;
18831:004;
18832:004;
18833:004;
18834:004;
18835:004;
18836:004;
18837:004;
18838:004;
18839:004;
18840:004;
18841:004;
18842:004;
18843:004;
18844:004;
18845:004;
18846:004;
18847:004;
18848:004;
18849:004;
18850:004;
18851:004;
18852:004;
18853:004;
18854:004;
18855:004;
18856:004;
18857:004;
18858:004;
18859:004;
18860:004;
18861:004;
18862:004;
18863:004;
18864:004;
18865:004;
18866:004;
18867:004;
18868:004;
18869:004;
18870:004;
18871:004;
18872:004;
18873:004;
18874:004;
18875:004;
18876:004;
18877:004;
18878:004;
18879:004;
18880:004;
18881:004;
18882:004;
18883:004;
18884:004;
18885:004;
18886:004;
18887:004;
18888:004;
18889:004;
18890:004;
18891:004;
18892:004;
18893:004;
18894:004;
18895:004;
18896:004;
18897:004;
18898:004;
18899:004;
18900:004;
18901:004;
18902:004;
18903:004;
18904:004;
18905:004;
18906:004;
18907:004;
18908:004;
18909:004;
18910:004;
18911:004;
18912:004;
18913:004;
18914:004;
18915:004;
18916:004;
18917:004;
18918:004;
18919:004;
18920:004;
18921:004;
18922:004;
18923:004;
18924:004;
18925:004;
18926:004;
18927:004;
18928:004;
18929:004;
18930:004;
18931:004;
18932:004;
18933:004;
18934:004;
18935:004;
18936:004;
18937:004;
18938:004;
18939:004;
18940:004;
18941:004;
18942:004;
18943:001;
18944:003;
18945:004;
18946:003;
18947:004;
18948:003;
18949:004;
18950:003;
18951:004;
18952:003;
18953:004;
18954:003;
18955:004;
18956:003;
18957:004;
18958:003;
18959:004;
18960:003;
18961:004;
18962:003;
18963:004;
18964:003;
18965:004;
18966:003;
18967:004;
18968:003;
18969:004;
18970:003;
18971:004;
18972:003;
18973:004;
18974:003;
18975:004;
18976:003;
18977:004;
18978:003;
18979:004;
18980:003;
18981:004;
18982:003;
18983:004;
18984:003;
18985:004;
18986:003;
18987:004;
18988:003;
18989:004;
18990:003;
18991:004;
18992:003;
18993:004;
18994:003;
18995:004;
18996:003;
18997:004;
18998:003;
18999:004;
19000:003;
19001:004;
19002:003;
19003:004;
19004:003;
19005:004;
19006:003;
19007:004;
19008:003;
19009:004;
19010:003;
19011:004;
19012:003;
19013:004;
19014:003;
19015:004;
19016:003;
19017:004;
19018:003;
19019:004;
19020:003;
19021:004;
19022:003;
19023:004;
19024:003;
19025:004;
19026:003;
19027:004;
19028:003;
19029:004;
19030:003;
19031:004;
19032:003;
19033:004;
19034:003;
19035:004;
19036:003;
19037:004;
19038:003;
19039:004;
19040:003;
19041:004;
19042:003;
19043:004;
19044:003;
19045:004;
19046:003;
19047:004;
19048:003;
19049:004;
19050:003;
19051:004;
19052:003;
19053:004;
19054:003;
19055:004;
19056:003;
19057:004;
19058:003;
19059:004;
19060:003;
19061:004;
19062:003;
19063:004;
19064:003;
19065:004;
19066:003;
19067:004;
19068:003;
19069:004;
19070:003;
19071:001;
19072:004;
19073:004;
19074:004;
19075:004;
19076:004;
19077:004;
19078:004;
19079:004;
19080:004;
19081:004;
19082:004;
19083:004;
19084:004;
19085:004;
19086:004;
19087:004;
19088:004;
19089:004;
19090:004;
19091:004;
19092:004;
19093:004;
19094:004;
19095:004;
19096:004;
19097:004;
19098:004;
19099:004;
19100:004;
19101:004;
19102:004;
19103:004;
19104:004;
19105:004;
19106:004;
19107:004;
19108:004;
19109:004;
19110:004;
19111:004;
19112:004;
19113:004;
19114:004;
19115:004;
19116:004;
19117:004;
19118:004;
19119:004;
19120:004;
19121:004;
19122:004;
19123:004;
19124:004;
19125:004;
19126:004;
19127:004;
19128:004;
19129:004;
19130:004;
19131:004;
19132:004;
19133:004;
19134:004;
19135:004;
19136:004;
19137:004;
19138:004;
19139:004;
19140:004;
19141:004;
19142:004;
19143:004;
19144:004;
19145:004;
19146:004;
19147:004;
19148:004;
19149:004;
19150:004;
19151:004;
19152:004;
19153:004;
19154:004;
19155:004;
19156:004;
19157:004;
19158:004;
19159:004;
19160:004;
19161:004;
19162:004;
19163:004;
19164:004;
19165:004;
19166:004;
19167:004;
19168:004;
19169:004;
19170:004;
19171:004;
19172:004;
19173:004;
19174:004;
19175:004;
19176:004;
19177:004;
19178:004;
19179:004;
19180:004;
19181:004;
19182:004;
19183:004;
19184:004;
19185:004;
19186:004;
19187:004;
19188:004;
19189:004;
19190:004;
19191:004;
19192:004;
19193:004;
19194:004;
19195:004;
19196:004;
19197:004;
19198:004;
19199:001;
19200:004;
19201:004;
19202:003;
19203:004;
19204:004;
19205:004;
19206:003;
19207:004;
19208:004;
19209:004;
19210:003;
19211:004;
19212:004;
19213:004;
19214:003;
19215:004;
19216:004;
19217:004;
19218:003;
19219:004;
19220:004;
19221:004;
19222:003;
19223:004;
19224:004;
19225:004;
19226:003;
19227:004;
19228:004;
19229:004;
19230:003;
19231:004;
19232:004;
19233:004;
19234:003;
19235:004;
19236:004;
19237:004;
19238:003;
19239:004;
19240:004;
19241:004;
19242:003;
19243:004;
19244:004;
19245:004;
19246:003;
19247:004;
19248:004;
19249:004;
19250:003;
19251:004;
19252:004;
19253:004;
19254:003;
19255:004;
19256:004;
19257:004;
19258:003;
19259:004;
19260:004;
19261:004;
19262:003;
19263:004;
19264:004;
19265:004;
19266:003;
19267:004;
19268:004;
19269:004;
19270:003;
19271:004;
19272:004;
19273:004;
19274:003;
19275:004;
19276:004;
19277:004;
19278:003;
19279:004;
19280:004;
19281:004;
19282:003;
19283:004;
19284:004;
19285:004;
19286:003;
19287:004;
19288:004;
19289:004;
19290:003;
19291:004;
19292:004;
19293:004;
19294:003;
19295:004;
19296:004;
19297:004;
19298:003;
19299:004;
19300:004;
19301:004;
19302:003;
19303:004;
19304:004;
19305:004;
19306:003;
19307:004;
19308:004;
19309:004;
19310:003;
19311:004;
19312:004;
19313:004;
19314:003;
19315:004;
19316:004;
19317:004;
19318:003;
19319:004;
19320:004;
19321:004;
19322:003;
19323:004;
19324:004;
19325:004;
19326:003;
19327:001;
19328:004;
19329:004;
19330:004;
19331:004;
19332:004;
19333:004;
19334:004;
19335:004;
19336:004;
19337:004;
19338:004;
19339:004;
19340:004;
19341:004;
19342:004;
19343:004;
19344:004;
19345:004;
19346:004;
19347:004;
19348:004;
19349:004;
19350:004;
19351:004;
19352:004;
19353:004;
19354:004;
19355:004;
19356:004;
19357:004;
19358:004;
19359:004;
19360:004;
19361:004;
19362:004;
19363:004;
19364:004;
19365:004;
19366:004;
19367:004;
19368:004;
19369:004;
19370:004;
19371:004;
19372:004;
19373:004;
19374:004;
19375:004;
19376:004;
19377:004;
19378:004;
19379:004;
19380:004;
19381:004;
19382:004;
19383:004;
19384:004;
19385:004;
19386:004;
19387:004;
19388:004;
19389:004;
19390:004;
19391:004;
19392:004;
19393:004;
19394:004;
19395:004;
19396:004;
19397:004;
19398:004;
19399:004;
19400:004;
19401:004;
19402:004;
19403:004;
19404:004;
19405:004;
19406:004;
19407:004;
19408:004;
19409:004;
19410:004;
19411:004;
19412:004;
19413:004;
19414:004;
19415:004;
19416:004;
19417:004;
19418:004;
19419:004;
19420:004;
19421:004;
19422:004;
19423:004;
19424:004;
19425:004;
19426:004;
19427:004;
19428:004;
19429:004;
19430:004;
19431:004;
19432:004;
19433:004;
19434:004;
19435:004;
19436:004;
19437:004;
19438:004;
19439:004;
19440:004;
19441:004;
19442:004;
19443:004;
19444:004;
19445:004;
19446:004;
19447:004;
19448:004;
19449:004;
19450:004;
19451:004;
19452:004;
19453:004;
19454:004;
19455:001;
19456:003;
19457:004;
19458:003;
19459:004;
19460:003;
19461:004;
19462:003;
19463:004;
19464:003;
19465:004;
19466:003;
19467:004;
19468:003;
19469:004;
19470:003;
19471:004;
19472:003;
19473:004;
19474:003;
19475:004;
19476:003;
19477:004;
19478:003;
19479:004;
19480:003;
19481:004;
19482:003;
19483:004;
19484:003;
19485:004;
19486:003;
19487:004;
19488:003;
19489:004;
19490:003;
19491:004;
19492:003;
19493:004;
19494:003;
19495:004;
19496:003;
19497:004;
19498:003;
19499:004;
19500:003;
19501:004;
19502:003;
19503:004;
19504:003;
19505:004;
19506:003;
19507:004;
19508:003;
19509:004;
19510:003;
19511:004;
19512:003;
19513:004;
19514:003;
19515:004;
19516:003;
19517:004;
19518:003;
19519:004;
19520:003;
19521:004;
19522:003;
19523:004;
19524:003;
19525:004;
19526:003;
19527:004;
19528:003;
19529:004;
19530:003;
19531:004;
19532:003;
19533:004;
19534:003;
19535:004;
19536:003;
19537:004;
19538:003;
19539:004;
19540:003;
19541:004;
19542:003;
19543:004;
19544:003;
19545:004;
19546:003;
19547:004;
19548:003;
19549:004;
19550:003;
19551:004;
19552:003;
19553:004;
19554:003;
19555:004;
19556:003;
19557:004;
19558:003;
19559:004;
19560:003;
19561:004;
19562:003;
19563:004;
19564:003;
19565:004;
19566:003;
19567:004;
19568:003;
19569:004;
19570:003;
19571:004;
19572:003;
19573:004;
19574:003;
19575:004;
19576:003;
19577:004;
19578:003;
19579:004;
19580:003;
19581:004;
19582:003;
19583:001;
19584:004;
19585:004;
19586:004;
19587:004;
19588:004;
19589:004;
19590:004;
19591:004;
19592:004;
19593:004;
19594:004;
19595:004;
19596:004;
19597:004;
19598:004;
19599:004;
19600:004;
19601:004;
19602:004;
19603:004;
19604:004;
19605:004;
19606:004;
19607:004;
19608:004;
19609:004;
19610:004;
19611:004;
19612:004;
19613:004;
19614:004;
19615:004;
19616:004;
19617:004;
19618:004;
19619:004;
19620:004;
19621:004;
19622:004;
19623:004;
19624:004;
19625:004;
19626:004;
19627:004;
19628:004;
19629:004;
19630:004;
19631:004;
19632:004;
19633:004;
19634:004;
19635:004;
19636:004;
19637:004;
19638:004;
19639:004;
19640:004;
19641:004;
19642:004;
19643:004;
19644:004;
19645:004;
19646:004;
19647:004;
19648:004;
19649:004;
19650:004;
19651:004;
19652:004;
19653:004;
19654:004;
19655:004;
19656:004;
19657:004;
19658:004;
19659:004;
19660:004;
19661:004;
19662:004;
19663:004;
19664:004;
19665:004;
19666:004;
19667:004;
19668:004;
19669:004;
19670:004;
19671:004;
19672:004;
19673:004;
19674:004;
19675:004;
19676:004;
19677:004;
19678:004;
19679:004;
19680:004;
19681:004;
19682:004;
19683:004;
19684:004;
19685:004;
19686:004;
19687:004;
19688:004;
19689:004;
19690:004;
19691:004;
19692:004;
19693:004;
19694:004;
19695:004;
19696:004;
19697:004;
19698:004;
19699:004;
19700:004;
19701:004;
19702:004;
19703:004;
19704:004;
19705:004;
19706:004;
19707:004;
19708:004;
19709:004;
19710:004;
19711:001;
19712:003;
19713:004;
19714:003;
19715:004;
19716:004;
19717:004;
19718:003;
19719:004;
19720:003;
19721:004;
19722:003;
19723:004;
19724:004;
19725:004;
19726:003;
19727:004;
19728:003;
19729:004;
19730:003;
19731:004;
19732:004;
19733:004;
19734:003;
19735:004;
19736:003;
19737:004;
19738:003;
19739:004;
19740:004;
19741:004;
19742:003;
19743:004;
19744:003;
19745:004;
19746:003;
19747:004;
19748:004;
19749:004;
19750:003;
19751:004;
19752:003;
19753:004;
19754:003;
19755:004;
19756:004;
19757:004;
19758:003;
19759:004;
19760:003;
19761:004;
19762:003;
19763:004;
19764:004;
19765:004;
19766:003;
19767:004;
19768:003;
19769:004;
19770:003;
19771:004;
19772:004;
19773:004;
19774:003;
19775:004;
19776:003;
19777:004;
19778:003;
19779:004;
19780:004;
19781:004;
19782:003;
19783:004;
19784:003;
19785:004;
19786:003;
19787:004;
19788:004;
19789:004;
19790:003;
19791:004;
19792:003;
19793:004;
19794:003;
19795:004;
19796:004;
19797:004;
19798:003;
19799:004;
19800:003;
19801:004;
19802:003;
19803:004;
19804:004;
19805:004;
19806:003;
19807:004;
19808:003;
19809:004;
19810:003;
19811:004;
19812:004;
19813:004;
19814:003;
19815:004;
19816:003;
19817:004;
19818:003;
19819:004;
19820:004;
19821:004;
19822:003;
19823:004;
19824:003;
19825:004;
19826:003;
19827:004;
19828:004;
19829:004;
19830:003;
19831:004;
19832:000;
19833:000;
19834:003;
19835:004;
19836:004;
19837:004;
19838:003;
19839:001;
19840:004;
19841:004;
19842:004;
19843:004;
19844:004;
19845:000;
19846:000;
19847:004;
19848:004;
19849:004;
19850:004;
19851:004;
19852:004;
19853:004;
19854:004;
19855:004;
19856:004;
19857:004;
19858:004;
19859:004;
19860:004;
19861:004;
19862:004;
19863:004;
19864:004;
19865:004;
19866:004;
19867:004;
19868:004;
19869:004;
19870:004;
19871:004;
19872:004;
19873:004;
19874:004;
19875:004;
19876:004;
19877:004;
19878:004;
19879:004;
19880:004;
19881:004;
19882:004;
19883:004;
19884:004;
19885:004;
19886:004;
19887:004;
19888:004;
19889:004;
19890:004;
19891:004;
19892:004;
19893:004;
19894:004;
19895:004;
19896:004;
19897:004;
19898:004;
19899:004;
19900:004;
19901:004;
19902:004;
19903:004;
19904:004;
19905:004;
19906:004;
19907:004;
19908:004;
19909:004;
19910:004;
19911:004;
19912:004;
19913:004;
19914:004;
19915:004;
19916:004;
19917:004;
19918:004;
19919:004;
19920:004;
19921:004;
19922:004;
19923:004;
19924:004;
19925:004;
19926:004;
19927:004;
19928:004;
19929:004;
19930:004;
19931:004;
19932:004;
19933:004;
19934:004;
19935:004;
19936:004;
19937:004;
19938:004;
19939:004;
19940:004;
19941:004;
19942:004;
19943:004;
19944:004;
19945:004;
19946:004;
19947:004;
19948:004;
19949:004;
19950:004;
19951:004;
19952:004;
19953:004;
19954:004;
19955:004;
19956:004;
19957:004;
19958:004;
19959:000;
19960:000;
19961:000;
19962:000;
19963:004;
19964:004;
19965:004;
19966:004;
19967:001;
19968:003;
19969:004;
19970:003;
19971:004;
19972:000;
19973:000;
19974:000;
19975:000;
19976:003;
19977:004;
19978:003;
19979:004;
19980:003;
19981:004;
19982:003;
19983:004;
19984:003;
19985:004;
19986:003;
19987:004;
19988:003;
19989:004;
19990:003;
19991:004;
19992:003;
19993:004;
19994:003;
19995:004;
19996:003;
19997:004;
19998:003;
19999:004;
20000:003;
20001:004;
20002:003;
20003:004;
20004:003;
20005:004;
20006:003;
20007:004;
20008:003;
20009:004;
20010:003;
20011:004;
20012:003;
20013:004;
20014:003;
20015:004;
20016:003;
20017:004;
20018:003;
20019:004;
20020:003;
20021:004;
20022:003;
20023:004;
20024:003;
20025:004;
20026:003;
20027:004;
20028:003;
20029:004;
20030:003;
20031:004;
20032:003;
20033:004;
20034:003;
20035:004;
20036:003;
20037:004;
20038:003;
20039:004;
20040:003;
20041:004;
20042:003;
20043:004;
20044:003;
20045:004;
20046:003;
20047:004;
20048:003;
20049:004;
20050:003;
20051:004;
20052:003;
20053:004;
20054:003;
20055:004;
20056:003;
20057:004;
20058:003;
20059:004;
20060:003;
20061:004;
20062:003;
20063:004;
20064:003;
20065:004;
20066:003;
20067:004;
20068:003;
20069:004;
20070:003;
20071:004;
20072:003;
20073:004;
20074:003;
20075:004;
20076:003;
20077:004;
20078:003;
20079:004;
20080:003;
20081:004;
20082:003;
20083:004;
20084:003;
20085:004;
20086:003;
20087:000;
20088:000;
20089:000;
20090:000;
20091:004;
20092:003;
20093:004;
20094:003;
20095:001;
20096:004;
20097:004;
20098:004;
20099:004;
20100:000;
20101:000;
20102:000;
20103:000;
20104:004;
20105:004;
20106:004;
20107:004;
20108:004;
20109:004;
20110:004;
20111:004;
20112:004;
20113:004;
20114:004;
20115:004;
20116:004;
20117:004;
20118:004;
20119:004;
20120:004;
20121:004;
20122:004;
20123:004;
20124:004;
20125:004;
20126:004;
20127:004;
20128:004;
20129:004;
20130:004;
20131:004;
20132:004;
20133:004;
20134:004;
20135:004;
20136:004;
20137:004;
20138:004;
20139:004;
20140:004;
20141:004;
20142:004;
20143:004;
20144:004;
20145:004;
20146:004;
20147:004;
20148:004;
20149:004;
20150:004;
20151:004;
20152:004;
20153:004;
20154:004;
20155:004;
20156:004;
20157:004;
20158:004;
20159:004;
20160:004;
20161:004;
20162:004;
20163:004;
20164:004;
20165:004;
20166:004;
20167:004;
20168:004;
20169:004;
20170:004;
20171:004;
20172:004;
20173:004;
20174:004;
20175:004;
20176:004;
20177:004;
20178:004;
20179:004;
20180:004;
20181:004;
20182:004;
20183:004;
20184:004;
20185:004;
20186:004;
20187:004;
20188:004;
20189:004;
20190:004;
20191:004;
20192:004;
20193:004;
20194:004;
20195:004;
20196:004;
20197:004;
20198:004;
20199:004;
20200:004;
20201:004;
20202:004;
20203:004;
20204:004;
20205:004;
20206:004;
20207:004;
20208:004;
20209:004;
20210:004;
20211:004;
20212:004;
20213:004;
20214:004;
20215:004;
20216:000;
20217:000;
20218:004;
20219:004;
20220:004;
20221:004;
20222:004;
20223:001;
20224:004;
20225:004;
20226:003;
20227:004;
20228:003;
20229:000;
20230:000;
20231:004;
20232:004;
20233:004;
20234:003;
20235:004;
20236:003;
20237:004;
20238:003;
20239:004;
20240:004;
20241:004;
20242:003;
20243:004;
20244:003;
20245:004;
20246:003;
20247:004;
20248:004;
20249:004;
20250:003;
20251:004;
20252:003;
20253:004;
20254:003;
20255:004;
20256:004;
20257:004;
20258:003;
20259:004;
20260:003;
20261:004;
20262:003;
20263:004;
20264:004;
20265:004;
20266:003;
20267:004;
20268:003;
20269:004;
20270:003;
20271:004;
20272:004;
20273:004;
20274:003;
20275:004;
20276:003;
20277:004;
20278:003;
20279:004;
20280:004;
20281:004;
20282:003;
20283:004;
20284:003;
20285:004;
20286:003;
20287:004;
20288:004;
20289:004;
20290:003;
20291:004;
20292:003;
20293:004;
20294:003;
20295:004;
20296:004;
20297:004;
20298:003;
20299:004;
20300:003;
20301:004;
20302:003;
20303:004;
20304:004;
20305:004;
20306:003;
20307:004;
20308:003;
20309:004;
20310:003;
20311:004;
20312:004;
20313:004;
20314:003;
20315:004;
20316:003;
20317:004;
20318:003;
20319:004;
20320:004;
20321:004;
20322:003;
20323:004;
20324:003;
20325:004;
20326:003;
20327:004;
20328:004;
20329:004;
20330:003;
20331:004;
20332:003;
20333:004;
20334:003;
20335:004;
20336:004;
20337:004;
20338:003;
20339:004;
20340:003;
20341:004;
20342:003;
20343:004;
20344:004;
20345:004;
20346:003;
20347:004;
20348:003;
20349:004;
20350:003;
20351:001;
20352:004;
20353:004;
20354:004;
20355:004;
20356:004;
20357:004;
20358:004;
20359:004;
20360:004;
20361:004;
20362:004;
20363:004;
20364:004;
20365:004;
20366:004;
20367:004;
20368:004;
20369:004;
20370:004;
20371:004;
20372:004;
20373:004;
20374:004;
20375:004;
20376:004;
20377:004;
20378:004;
20379:004;
20380:004;
20381:004;
20382:004;
20383:004;
20384:004;
20385:004;
20386:004;
20387:004;
20388:004;
20389:004;
20390:004;
20391:004;
20392:004;
20393:004;
20394:004;
20395:004;
20396:004;
20397:004;
20398:004;
20399:004;
20400:004;
20401:004;
20402:004;
20403:004;
20404:004;
20405:004;
20406:004;
20407:004;
20408:004;
20409:004;
20410:004;
20411:004;
20412:004;
20413:004;
20414:004;
20415:004;
20416:004;
20417:004;
20418:004;
20419:004;
20420:004;
20421:004;
20422:004;
20423:004;
20424:004;
20425:004;
20426:004;
20427:004;
20428:004;
20429:004;
20430:004;
20431:004;
20432:004;
20433:004;
20434:004;
20435:004;
20436:004;
20437:004;
20438:004;
20439:004;
20440:004;
20441:004;
20442:004;
20443:004;
20444:004;
20445:004;
20446:004;
20447:004;
20448:004;
20449:004;
20450:004;
20451:004;
20452:004;
20453:004;
20454:004;
20455:004;
20456:004;
20457:004;
20458:004;
20459:004;
20460:004;
20461:004;
20462:004;
20463:004;
20464:004;
20465:004;
20466:004;
20467:004;
20468:004;
20469:004;
20470:004;
20471:004;
20472:004;
20473:004;
20474:004;
20475:004;
20476:004;
20477:004;
20478:004;
20479:001;
20480:003;
20481:004;
20482:003;
20483:004;
20484:003;
20485:004;
20486:003;
20487:004;
20488:003;
20489:004;
20490:003;
20491:004;
20492:003;
20493:004;
20494:003;
20495:004;
20496:003;
20497:004;
20498:003;
20499:004;
20500:003;
20501:004;
20502:003;
20503:004;
20504:003;
20505:004;
20506:003;
20507:004;
20508:003;
20509:004;
20510:003;
20511:004;
20512:003;
20513:004;
20514:003;
20515:004;
20516:003;
20517:004;
20518:003;
20519:004;
20520:003;
20521:004;
20522:003;
20523:004;
20524:003;
20525:004;
20526:003;
20527:004;
20528:003;
20529:004;
20530:003;
20531:004;
20532:003;
20533:004;
20534:003;
20535:004;
20536:003;
20537:004;
20538:003;
20539:004;
20540:003;
20541:004;
20542:003;
20543:004;
20544:003;
20545:004;
20546:003;
20547:004;
20548:003;
20549:004;
20550:003;
20551:004;
20552:003;
20553:004;
20554:003;
20555:004;
20556:003;
20557:004;
20558:003;
20559:004;
20560:003;
20561:004;
20562:003;
20563:004;
20564:003;
20565:004;
20566:003;
20567:004;
20568:003;
20569:004;
20570:003;
20571:004;
20572:003;
20573:004;
20574:003;
20575:004;
20576:003;
20577:004;
20578:003;
20579:004;
20580:003;
20581:004;
20582:003;
20583:004;
20584:003;
20585:004;
20586:003;
20587:004;
20588:003;
20589:004;
20590:003;
20591:004;
20592:003;
20593:004;
20594:003;
20595:004;
20596:003;
20597:004;
20598:003;
20599:004;
20600:003;
20601:004;
20602:003;
20603:004;
20604:003;
20605:004;
20606:003;
20607:001;
20608:004;
20609:004;
20610:004;
20611:004;
20612:004;
20613:004;
20614:004;
20615:004;
20616:004;
20617:004;
20618:004;
20619:004;
20620:004;
20621:004;
20622:004;
20623:004;
20624:004;
20625:004;
20626:004;
20627:004;
20628:004;
20629:004;
20630:004;
20631:004;
20632:004;
20633:004;
20634:004;
20635:004;
20636:004;
20637:004;
20638:004;
20639:004;
20640:004;
20641:004;
20642:004;
20643:004;
20644:004;
20645:004;
20646:004;
20647:004;
20648:004;
20649:004;
20650:004;
20651:004;
20652:004;
20653:004;
20654:004;
20655:004;
20656:004;
20657:004;
20658:004;
20659:004;
20660:004;
20661:004;
20662:004;
20663:004;
20664:004;
20665:004;
20666:004;
20667:004;
20668:004;
20669:004;
20670:004;
20671:004;
20672:004;
20673:004;
20674:004;
20675:004;
20676:004;
20677:004;
20678:004;
20679:004;
20680:004;
20681:004;
20682:004;
20683:004;
20684:004;
20685:004;
20686:004;
20687:004;
20688:004;
20689:004;
20690:004;
20691:004;
20692:004;
20693:004;
20694:004;
20695:004;
20696:004;
20697:004;
20698:004;
20699:004;
20700:004;
20701:004;
20702:004;
20703:004;
20704:004;
20705:004;
20706:004;
20707:004;
20708:004;
20709:004;
20710:004;
20711:004;
20712:004;
20713:004;
20714:004;
20715:004;
20716:004;
20717:004;
20718:004;
20719:004;
20720:004;
20721:004;
20722:004;
20723:004;
20724:004;
20725:004;
20726:004;
20727:004;
20728:004;
20729:004;
20730:004;
20731:004;
20732:004;
20733:004;
20734:004;
20735:001;
20736:001;
20737:001;
20738:001;
20739:001;
20740:001;
20741:001;
20742:001;
20743:001;
20744:001;
20745:001;
20746:001;
20747:001;
20748:001;
20749:001;
20750:001;
20751:001;
20752:001;
20753:001;
20754:001;
20755:001;
20756:001;
20757:001;
20758:001;
20759:001;
20760:001;
20761:001;
20762:001;
20763:001;
20764:001;
20765:001;
20766:001;
20767:001;
20768:001;
20769:001;
20770:001;
20771:001;
20772:001;
20773:001;
20774:001;
20775:001;
20776:001;
20777:001;
20778:001;
20779:001;
20780:001;
20781:001;
20782:001;
20783:001;
20784:001;
20785:001;
20786:001;
20787:001;
20788:001;
20789:001;
20790:001;
20791:001;
20792:001;
20793:001;
20794:001;
20795:001;
20796:001;
20797:001;
20798:001;
20799:001;
20800:001;
20801:001;
20802:001;
20803:001;
20804:001;
20805:001;
20806:001;
20807:001;
20808:001;
20809:001;
20810:001;
20811:001;
20812:001;
20813:001;
20814:001;
20815:001;
20816:001;
20817:001;
20818:001;
20819:001;
20820:001;
20821:001;
20822:001;
20823:001;
20824:001;
20825:001;
20826:001;
20827:001;
20828:001;
20829:001;
20830:001;
20831:001;
20832:001;
20833:001;
20834:001;
20835:001;
20836:001;
20837:001;
20838:001;
20839:001;
20840:001;
20841:001;
20842:001;
20843:001;
20844:001;
20845:001;
20846:001;
20847:001;
20848:001;
20849:001;
20850:001;
20851:001;
20852:001;
20853:001;
20854:001;
20855:001;
20856:001;
20857:001;
20858:001;
20859:001;
20860:001;
20861:001;
20862:001;
20863:001;
20864:004;
20865:004;
20866:004;
20867:004;
20868:004;
20869:004;
20870:004;
20871:004;
20872:004;
20873:004;
20874:004;
20875:004;
20876:004;
20877:004;
20878:004;
20879:004;
20880:004;
20881:004;
20882:004;
20883:004;
20884:004;
20885:004;
20886:004;
20887:004;
20888:004;
20889:004;
20890:004;
20891:004;
20892:004;
20893:004;
20894:004;
20895:004;
20896:004;
20897:004;
20898:004;
20899:004;
20900:004;
20901:004;
20902:004;
20903:004;
20904:004;
20905:004;
20906:004;
20907:004;
20908:004;
20909:004;
20910:004;
20911:004;
20912:004;
20913:004;
20914:004;
20915:004;
20916:004;
20917:004;
20918:004;
20919:004;
20920:004;
20921:004;
20922:004;
20923:004;
20924:004;
20925:004;
20926:004;
20927:004;
20928:004;
20929:004;
20930:004;
20931:004;
20932:004;
20933:004;
20934:004;
20935:004;
20936:004;
20937:004;
20938:004;
20939:004;
20940:004;
20941:004;
20942:004;
20943:004;
20944:004;
20945:004;
20946:004;
20947:004;
20948:004;
20949:004;
20950:004;
20951:004;
20952:004;
20953:004;
20954:004;
20955:004;
20956:004;
20957:004;
20958:004;
20959:004;
20960:004;
20961:004;
20962:004;
20963:004;
20964:004;
20965:004;
20966:004;
20967:004;
20968:004;
20969:004;
20970:004;
20971:004;
20972:004;
20973:004;
20974:004;
20975:004;
20976:004;
20977:004;
20978:004;
20979:004;
20980:004;
20981:004;
20982:004;
20983:004;
20984:004;
20985:004;
20986:004;
20987:004;
20988:004;
20989:004;
20990:004;
20991:001;
20992:003;
20993:004;
20994:003;
20995:004;
20996:003;
20997:004;
20998:003;
20999:004;
21000:003;
21001:004;
21002:003;
21003:004;
21004:003;
21005:004;
21006:003;
21007:004;
21008:003;
21009:004;
21010:003;
21011:004;
21012:003;
21013:004;
21014:003;
21015:004;
21016:003;
21017:004;
21018:003;
21019:004;
21020:003;
21021:004;
21022:003;
21023:004;
21024:003;
21025:004;
21026:003;
21027:004;
21028:003;
21029:004;
21030:003;
21031:004;
21032:003;
21033:004;
21034:003;
21035:004;
21036:003;
21037:004;
21038:003;
21039:004;
21040:003;
21041:004;
21042:003;
21043:004;
21044:003;
21045:004;
21046:003;
21047:004;
21048:003;
21049:004;
21050:003;
21051:004;
21052:003;
21053:004;
21054:003;
21055:004;
21056:003;
21057:004;
21058:003;
21059:004;
21060:003;
21061:004;
21062:003;
21063:004;
21064:003;
21065:004;
21066:003;
21067:004;
21068:003;
21069:004;
21070:003;
21071:004;
21072:003;
21073:004;
21074:003;
21075:004;
21076:003;
21077:004;
21078:003;
21079:004;
21080:003;
21081:004;
21082:003;
21083:004;
21084:003;
21085:004;
21086:003;
21087:004;
21088:003;
21089:004;
21090:003;
21091:004;
21092:003;
21093:004;
21094:003;
21095:004;
21096:003;
21097:004;
21098:003;
21099:004;
21100:003;
21101:004;
21102:003;
21103:004;
21104:003;
21105:004;
21106:003;
21107:004;
21108:003;
21109:004;
21110:003;
21111:004;
21112:003;
21113:004;
21114:003;
21115:004;
21116:003;
21117:004;
21118:003;
21119:001;
21120:004;
21121:004;
21122:004;
21123:004;
21124:004;
21125:004;
21126:004;
21127:004;
21128:004;
21129:004;
21130:004;
21131:004;
21132:004;
21133:004;
21134:004;
21135:004;
21136:004;
21137:004;
21138:004;
21139:004;
21140:004;
21141:004;
21142:004;
21143:004;
21144:004;
21145:004;
21146:004;
21147:004;
21148:004;
21149:004;
21150:004;
21151:004;
21152:004;
21153:004;
21154:004;
21155:004;
21156:004;
21157:004;
21158:004;
21159:004;
21160:004;
21161:004;
21162:004;
21163:004;
21164:004;
21165:004;
21166:004;
21167:004;
21168:004;
21169:004;
21170:004;
21171:004;
21172:004;
21173:004;
21174:004;
21175:004;
21176:004;
21177:004;
21178:004;
21179:004;
21180:004;
21181:004;
21182:004;
21183:004;
21184:004;
21185:004;
21186:004;
21187:004;
21188:004;
21189:004;
21190:004;
21191:004;
21192:004;
21193:004;
21194:004;
21195:004;
21196:004;
21197:004;
21198:004;
21199:004;
21200:004;
21201:004;
21202:004;
21203:004;
21204:004;
21205:004;
21206:004;
21207:004;
21208:004;
21209:004;
21210:004;
21211:004;
21212:004;
21213:004;
21214:004;
21215:004;
21216:004;
21217:004;
21218:004;
21219:004;
21220:004;
21221:004;
21222:004;
21223:004;
21224:004;
21225:004;
21226:004;
21227:004;
21228:004;
21229:004;
21230:004;
21231:004;
21232:004;
21233:004;
21234:004;
21235:004;
21236:004;
21237:004;
21238:004;
21239:004;
21240:004;
21241:004;
21242:004;
21243:004;
21244:004;
21245:004;
21246:004;
21247:001;
21248:003;
21249:004;
21250:003;
21251:004;
21252:003;
21253:004;
21254:003;
21255:004;
21256:003;
21257:004;
21258:003;
21259:004;
21260:003;
21261:004;
21262:003;
21263:004;
21264:003;
21265:004;
21266:003;
21267:004;
21268:003;
21269:004;
21270:003;
21271:004;
21272:003;
21273:004;
21274:003;
21275:004;
21276:003;
21277:004;
21278:003;
21279:004;
21280:003;
21281:004;
21282:003;
21283:004;
21284:003;
21285:004;
21286:003;
21287:004;
21288:003;
21289:004;
21290:003;
21291:004;
21292:003;
21293:004;
21294:003;
21295:004;
21296:003;
21297:004;
21298:003;
21299:004;
21300:003;
21301:004;
21302:003;
21303:004;
21304:003;
21305:004;
21306:003;
21307:004;
21308:003;
21309:004;
21310:003;
21311:004;
21312:003;
21313:004;
21314:003;
21315:004;
21316:003;
21317:004;
21318:003;
21319:004;
21320:003;
21321:004;
21322:003;
21323:004;
21324:003;
21325:004;
21326:003;
21327:004;
21328:003;
21329:004;
21330:003;
21331:004;
21332:003;
21333:004;
21334:003;
21335:004;
21336:003;
21337:004;
21338:003;
21339:004;
21340:003;
21341:004;
21342:003;
21343:004;
21344:003;
21345:004;
21346:003;
21347:004;
21348:003;
21349:004;
21350:003;
21351:004;
21352:003;
21353:004;
21354:003;
21355:004;
21356:003;
21357:004;
21358:003;
21359:004;
21360:003;
21361:004;
21362:003;
21363:004;
21364:003;
21365:004;
21366:003;
21367:004;
21368:003;
21369:004;
21370:003;
21371:004;
21372:003;
21373:004;
21374:003;
21375:001;
21376:004;
21377:004;
21378:004;
21379:004;
21380:004;
21381:000;
21382:000;
21383:004;
21384:004;
21385:004;
21386:004;
21387:004;
21388:004;
21389:004;
21390:004;
21391:004;
21392:004;
21393:004;
21394:004;
21395:004;
21396:004;
21397:004;
21398:004;
21399:004;
21400:004;
21401:004;
21402:004;
21403:004;
21404:004;
21405:004;
21406:004;
21407:004;
21408:004;
21409:004;
21410:004;
21411:004;
21412:004;
21413:004;
21414:004;
21415:004;
21416:004;
21417:004;
21418:004;
21419:004;
21420:004;
21421:004;
21422:004;
21423:004;
21424:004;
21425:004;
21426:004;
21427:004;
21428:004;
21429:004;
21430:004;
21431:004;
21432:004;
21433:004;
21434:004;
21435:004;
21436:004;
21437:004;
21438:004;
21439:004;
21440:004;
21441:004;
21442:004;
21443:004;
21444:004;
21445:004;
21446:004;
21447:004;
21448:004;
21449:004;
21450:004;
21451:004;
21452:004;
21453:004;
21454:004;
21455:004;
21456:004;
21457:004;
21458:004;
21459:004;
21460:004;
21461:004;
21462:004;
21463:004;
21464:004;
21465:004;
21466:004;
21467:004;
21468:004;
21469:004;
21470:004;
21471:004;
21472:004;
21473:004;
21474:004;
21475:004;
21476:004;
21477:004;
21478:004;
21479:004;
21480:004;
21481:004;
21482:004;
21483:004;
21484:004;
21485:004;
21486:004;
21487:004;
21488:004;
21489:004;
21490:004;
21491:004;
21492:004;
21493:004;
21494:004;
21495:004;
21496:000;
21497:000;
21498:004;
21499:004;
21500:004;
21501:004;
21502:004;
21503:001;
21504:003;
21505:004;
21506:003;
21507:004;
21508:000;
21509:000;
21510:000;
21511:000;
21512:003;
21513:004;
21514:003;
21515:004;
21516:003;
21517:004;
21518:003;
21519:004;
21520:003;
21521:004;
21522:003;
21523:004;
21524:003;
21525:004;
21526:003;
21527:004;
21528:003;
21529:004;
21530:003;
21531:004;
21532:003;
21533:004;
21534:003;
21535:004;
21536:003;
21537:004;
21538:003;
21539:004;
21540:003;
21541:004;
21542:003;
21543:004;
21544:003;
21545:004;
21546:003;
21547:004;
21548:003;
21549:004;
21550:003;
21551:004;
21552:003;
21553:004;
21554:003;
21555:004;
21556:003;
21557:004;
21558:003;
21559:004;
21560:003;
21561:004;
21562:003;
21563:004;
21564:003;
21565:004;
21566:003;
21567:004;
21568:003;
21569:004;
21570:003;
21571:004;
21572:003;
21573:004;
21574:003;
21575:004;
21576:003;
21577:004;
21578:003;
21579:004;
21580:003;
21581:004;
21582:003;
21583:004;
21584:003;
21585:004;
21586:003;
21587:004;
21588:003;
21589:004;
21590:003;
21591:004;
21592:003;
21593:004;
21594:003;
21595:004;
21596:003;
21597:004;
21598:003;
21599:004;
21600:003;
21601:004;
21602:003;
21603:004;
21604:003;
21605:004;
21606:003;
21607:004;
21608:003;
21609:004;
21610:003;
21611:004;
21612:003;
21613:004;
21614:003;
21615:004;
21616:003;
21617:004;
21618:003;
21619:004;
21620:003;
21621:004;
21622:003;
21623:000;
21624:000;
21625:000;
21626:000;
21627:004;
21628:003;
21629:004;
21630:003;
21631:001;
21632:004;
21633:003;
21634:004;
21635:004;
21636:000;
21637:000;
21638:000;
21639:000;
21640:004;
21641:003;
21642:004;
21643:004;
21644:004;
21645:004;
21646:004;
21647:004;
21648:004;
21649:003;
21650:004;
21651:004;
21652:004;
21653:004;
21654:004;
21655:004;
21656:004;
21657:003;
21658:004;
21659:004;
21660:004;
21661:004;
21662:004;
21663:004;
21664:004;
21665:003;
21666:004;
21667:004;
21668:004;
21669:004;
21670:004;
21671:004;
21672:004;
21673:003;
21674:004;
21675:004;
21676:004;
21677:004;
21678:004;
21679:004;
21680:004;
21681:003;
21682:004;
21683:004;
21684:004;
21685:004;
21686:004;
21687:004;
21688:004;
21689:003;
21690:004;
21691:004;
21692:004;
21693:004;
21694:004;
21695:004;
21696:004;
21697:003;
21698:004;
21699:004;
21700:004;
21701:004;
21702:004;
21703:004;
21704:004;
21705:003;
21706:004;
21707:004;
21708:004;
21709:004;
21710:004;
21711:004;
21712:004;
21713:003;
21714:004;
21715:004;
21716:004;
21717:004;
21718:004;
21719:004;
21720:004;
21721:003;
21722:004;
21723:004;
21724:004;
21725:004;
21726:004;
21727:004;
21728:004;
21729:003;
21730:004;
21731:004;
21732:004;
21733:004;
21734:004;
21735:004;
21736:004;
21737:003;
21738:004;
21739:004;
21740:004;
21741:004;
21742:004;
21743:004;
21744:004;
21745:003;
21746:004;
21747:004;
21748:004;
21749:004;
21750:004;
21751:000;
21752:000;
21753:000;
21754:000;
21755:004;
21756:004;
21757:004;
21758:004;
21759:001;
21760:003;
21761:004;
21762:003;
21763:004;
21764:003;
21765:000;
21766:000;
21767:004;
21768:003;
21769:004;
21770:003;
21771:004;
21772:003;
21773:004;
21774:003;
21775:004;
21776:003;
21777:004;
21778:003;
21779:004;
21780:003;
21781:004;
21782:003;
21783:004;
21784:003;
21785:004;
21786:003;
21787:004;
21788:003;
21789:004;
21790:003;
21791:004;
21792:003;
21793:004;
21794:003;
21795:004;
21796:003;
21797:004;
21798:003;
21799:004;
21800:003;
21801:004;
21802:003;
21803:004;
21804:003;
21805:004;
21806:003;
21807:004;
21808:003;
21809:004;
21810:003;
21811:004;
21812:003;
21813:004;
21814:003;
21815:004;
21816:003;
21817:004;
21818:003;
21819:004;
21820:003;
21821:004;
21822:003;
21823:004;
21824:003;
21825:004;
21826:003;
21827:004;
21828:003;
21829:004;
21830:003;
21831:004;
21832:003;
21833:004;
21834:003;
21835:004;
21836:003;
21837:004;
21838:003;
21839:004;
21840:003;
21841:004;
21842:003;
21843:004;
21844:003;
21845:004;
21846:003;
21847:004;
21848:003;
21849:004;
21850:003;
21851:004;
21852:003;
21853:004;
21854:003;
21855:004;
21856:003;
21857:004;
21858:003;
21859:004;
21860:003;
21861:004;
21862:003;
21863:004;
21864:003;
21865:004;
21866:003;
21867:004;
21868:003;
21869:004;
21870:003;
21871:004;
21872:003;
21873:004;
21874:003;
21875:004;
21876:003;
21877:004;
21878:003;
21879:004;
21880:000;
21881:000;
21882:003;
21883:004;
21884:003;
21885:004;
21886:003;
21887:001;
21888:004;
21889:004;
21890:004;
21891:004;
21892:004;
21893:004;
21894:004;
21895:004;
21896:004;
21897:004;
21898:004;
21899:004;
21900:004;
21901:004;
21902:004;
21903:004;
21904:004;
21905:004;
21906:004;
21907:004;
21908:004;
21909:004;
21910:004;
21911:004;
21912:004;
21913:004;
21914:004;
21915:004;
21916:004;
21917:004;
21918:004;
21919:004;
21920:004;
21921:004;
21922:004;
21923:004;
21924:004;
21925:004;
21926:004;
21927:004;
21928:004;
21929:004;
21930:004;
21931:004;
21932:004;
21933:004;
21934:004;
21935:004;
21936:004;
21937:004;
21938:004;
21939:004;
21940:004;
21941:004;
21942:004;
21943:004;
21944:004;
21945:004;
21946:004;
21947:004;
21948:004;
21949:004;
21950:004;
21951:004;
21952:004;
21953:004;
21954:004;
21955:004;
21956:004;
21957:004;
21958:004;
21959:004;
21960:004;
21961:004;
21962:004;
21963:004;
21964:004;
21965:004;
21966:004;
21967:004;
21968:004;
21969:004;
21970:004;
21971:004;
21972:004;
21973:004;
21974:004;
21975:004;
21976:004;
21977:004;
21978:004;
21979:004;
21980:004;
21981:004;
21982:004;
21983:004;
21984:004;
21985:004;
21986:004;
21987:004;
21988:004;
21989:004;
21990:004;
21991:004;
21992:004;
21993:004;
21994:004;
21995:004;
21996:004;
21997:004;
21998:004;
21999:004;
22000:004;
22001:004;
22002:004;
22003:004;
22004:004;
22005:004;
22006:004;
22007:004;
22008:004;
22009:004;
22010:004;
22011:004;
22012:004;
22013:004;
22014:004;
22015:001;
22016:003;
22017:004;
22018:003;
22019:004;
22020:003;
22021:004;
22022:003;
22023:004;
22024:003;
22025:004;
22026:003;
22027:004;
22028:003;
22029:004;
22030:003;
22031:004;
22032:003;
22033:004;
22034:003;
22035:004;
22036:003;
22037:004;
22038:003;
22039:004;
22040:003;
22041:004;
22042:003;
22043:004;
22044:003;
22045:004;
22046:003;
22047:004;
22048:003;
22049:004;
22050:003;
22051:004;
22052:003;
22053:004;
22054:003;
22055:004;
22056:003;
22057:004;
22058:003;
22059:004;
22060:003;
22061:004;
22062:003;
22063:004;
22064:003;
22065:004;
22066:003;
22067:004;
22068:003;
22069:004;
22070:003;
22071:004;
22072:003;
22073:004;
22074:003;
22075:004;
22076:003;
22077:004;
22078:003;
22079:004;
22080:003;
22081:004;
22082:003;
22083:004;
22084:003;
22085:004;
22086:003;
22087:004;
22088:003;
22089:004;
22090:003;
22091:004;
22092:003;
22093:004;
22094:003;
22095:004;
22096:003;
22097:004;
22098:003;
22099:004;
22100:003;
22101:004;
22102:003;
22103:004;
22104:003;
22105:004;
22106:003;
22107:004;
22108:003;
22109:004;
22110:003;
22111:004;
22112:003;
22113:004;
22114:003;
22115:004;
22116:003;
22117:004;
22118:003;
22119:004;
22120:003;
22121:004;
22122:003;
22123:004;
22124:003;
22125:004;
22126:003;
22127:004;
22128:003;
22129:004;
22130:003;
22131:004;
22132:003;
22133:004;
22134:003;
22135:004;
22136:003;
22137:004;
22138:003;
22139:004;
22140:003;
22141:004;
22142:003;
22143:001;
22144:004;
22145:004;
22146:004;
22147:004;
22148:004;
22149:003;
22150:004;
22151:004;
22152:004;
22153:004;
22154:004;
22155:004;
22156:004;
22157:003;
22158:004;
22159:004;
22160:004;
22161:004;
22162:004;
22163:004;
22164:004;
22165:003;
22166:004;
22167:004;
22168:004;
22169:004;
22170:004;
22171:004;
22172:004;
22173:003;
22174:004;
22175:004;
22176:004;
22177:004;
22178:004;
22179:004;
22180:004;
22181:003;
22182:004;
22183:004;
22184:004;
22185:004;
22186:004;
22187:004;
22188:004;
22189:003;
22190:004;
22191:004;
22192:004;
22193:004;
22194:004;
22195:004;
22196:004;
22197:003;
22198:004;
22199:004;
22200:004;
22201:004;
22202:004;
22203:004;
22204:004;
22205:003;
22206:004;
22207:004;
22208:004;
22209:004;
22210:004;
22211:004;
22212:004;
22213:003;
22214:004;
22215:004;
22216:004;
22217:004;
22218:004;
22219:004;
22220:004;
22221:003;
22222:004;
22223:004;
22224:004;
22225:004;
22226:004;
22227:004;
22228:004;
22229:003;
22230:004;
22231:004;
22232:004;
22233:004;
22234:004;
22235:004;
22236:004;
22237:003;
22238:004;
22239:004;
22240:004;
22241:004;
22242:004;
22243:004;
22244:004;
22245:003;
22246:004;
22247:004;
22248:004;
22249:004;
22250:004;
22251:004;
22252:004;
22253:003;
22254:004;
22255:004;
22256:004;
22257:004;
22258:004;
22259:004;
22260:004;
22261:003;
22262:004;
22263:004;
22264:004;
22265:004;
22266:004;
22267:004;
22268:004;
22269:003;
22270:004;
22271:001;
22272:003;
22273:004;
22274:003;
22275:004;
22276:003;
22277:004;
22278:003;
22279:004;
22280:003;
22281:004;
22282:003;
22283:004;
22284:003;
22285:004;
22286:003;
22287:004;
22288:003;
22289:004;
22290:003;
22291:004;
22292:003;
22293:004;
22294:003;
22295:004;
22296:003;
22297:004;
22298:003;
22299:004;
22300:003;
22301:004;
22302:003;
22303:004;
22304:003;
22305:004;
22306:003;
22307:004;
22308:003;
22309:004;
22310:003;
22311:004;
22312:003;
22313:004;
22314:003;
22315:004;
22316:003;
22317:004;
22318:003;
22319:004;
22320:003;
22321:004;
22322:003;
22323:004;
22324:003;
22325:004;
22326:003;
22327:004;
22328:003;
22329:004;
22330:003;
22331:004;
22332:003;
22333:004;
22334:003;
22335:004;
22336:003;
22337:004;
22338:003;
22339:004;
22340:003;
22341:004;
22342:003;
22343:004;
22344:003;
22345:004;
22346:003;
22347:004;
22348:003;
22349:004;
22350:003;
22351:004;
22352:003;
22353:004;
22354:003;
22355:004;
22356:003;
22357:004;
22358:003;
22359:004;
22360:003;
22361:004;
22362:003;
22363:004;
22364:003;
22365:004;
22366:003;
22367:004;
22368:003;
22369:004;
22370:003;
22371:004;
22372:003;
22373:004;
22374:003;
22375:004;
22376:003;
22377:004;
22378:003;
22379:004;
22380:003;
22381:004;
22382:003;
22383:004;
22384:003;
22385:004;
22386:003;
22387:004;
22388:003;
22389:004;
22390:003;
22391:004;
22392:003;
22393:004;
22394:003;
22395:004;
22396:003;
22397:004;
22398:003;
22399:001;
22400:004;
22401:004;
22402:004;
22403:004;
22404:004;
22405:004;
22406:004;
22407:004;
22408:004;
22409:004;
22410:004;
22411:004;
22412:004;
22413:004;
22414:004;
22415:004;
22416:004;
22417:004;
22418:004;
22419:004;
22420:004;
22421:004;
22422:004;
22423:004;
22424:004;
22425:004;
22426:004;
22427:004;
22428:004;
22429:004;
22430:004;
22431:004;
22432:004;
22433:004;
22434:004;
22435:004;
22436:004;
22437:004;
22438:004;
22439:004;
22440:004;
22441:004;
22442:004;
22443:004;
22444:004;
22445:004;
22446:004;
22447:004;
22448:004;
22449:004;
22450:004;
22451:004;
22452:004;
22453:004;
22454:004;
22455:004;
22456:004;
22457:004;
22458:004;
22459:004;
22460:004;
22461:004;
22462:004;
22463:004;
22464:004;
22465:004;
22466:004;
22467:004;
22468:004;
22469:004;
22470:004;
22471:004;
22472:004;
22473:004;
22474:004;
22475:004;
22476:004;
22477:004;
22478:004;
22479:004;
22480:004;
22481:004;
22482:004;
22483:004;
22484:004;
22485:004;
22486:004;
22487:004;
22488:004;
22489:004;
22490:004;
22491:004;
22492:004;
22493:004;
22494:004;
22495:004;
22496:004;
22497:004;
22498:004;
22499:004;
22500:004;
22501:004;
22502:004;
22503:004;
22504:004;
22505:004;
22506:004;
22507:004;
22508:004;
22509:004;
22510:004;
22511:004;
22512:004;
22513:004;
22514:004;
22515:004;
22516:004;
22517:004;
22518:004;
22519:004;
22520:004;
22521:004;
22522:004;
22523:004;
22524:004;
22525:004;
22526:004;
22527:001;
22528:003;
22529:004;
22530:003;
22531:004;
22532:003;
22533:004;
22534:003;
22535:004;
22536:003;
22537:004;
22538:003;
22539:004;
22540:003;
22541:004;
22542:003;
22543:004;
22544:003;
22545:004;
22546:003;
22547:004;
22548:003;
22549:004;
22550:003;
22551:004;
22552:003;
22553:004;
22554:003;
22555:004;
22556:003;
22557:004;
22558:003;
22559:004;
22560:003;
22561:004;
22562:003;
22563:004;
22564:003;
22565:004;
22566:003;
22567:004;
22568:003;
22569:004;
22570:003;
22571:004;
22572:003;
22573:004;
22574:003;
22575:004;
22576:003;
22577:004;
22578:003;
22579:004;
22580:003;
22581:004;
22582:003;
22583:004;
22584:003;
22585:004;
22586:003;
22587:004;
22588:003;
22589:004;
22590:003;
22591:004;
22592:003;
22593:004;
22594:003;
22595:004;
22596:003;
22597:004;
22598:003;
22599:004;
22600:003;
22601:004;
22602:003;
22603:004;
22604:003;
22605:004;
22606:003;
22607:004;
22608:003;
22609:004;
22610:003;
22611:004;
22612:003;
22613:004;
22614:003;
22615:004;
22616:003;
22617:004;
22618:003;
22619:004;
22620:003;
22621:004;
22622:003;
22623:004;
22624:003;
22625:004;
22626:003;
22627:004;
22628:003;
22629:004;
22630:003;
22631:004;
22632:003;
22633:004;
22634:003;
22635:004;
22636:003;
22637:004;
22638:003;
22639:004;
22640:003;
22641:004;
22642:003;
22643:004;
22644:003;
22645:004;
22646:003;
22647:004;
22648:003;
22649:004;
22650:003;
22651:004;
22652:003;
22653:004;
22654:003;
22655:001;
22656:004;
22657:003;
22658:004;
22659:004;
22660:004;
22661:003;
22662:004;
22663:004;
22664:004;
22665:003;
22666:004;
22667:004;
22668:004;
22669:003;
22670:004;
22671:004;
22672:004;
22673:003;
22674:004;
22675:004;
22676:004;
22677:003;
22678:004;
22679:004;
22680:004;
22681:003;
22682:004;
22683:004;
22684:004;
22685:003;
22686:004;
22687:004;
22688:004;
22689:003;
22690:004;
22691:004;
22692:004;
22693:003;
22694:004;
22695:004;
22696:004;
22697:003;
22698:004;
22699:004;
22700:004;
22701:003;
22702:004;
22703:004;
22704:004;
22705:003;
22706:004;
22707:004;
22708:004;
22709:003;
22710:004;
22711:004;
22712:004;
22713:003;
22714:004;
22715:004;
22716:004;
22717:003;
22718:004;
22719:004;
22720:004;
22721:003;
22722:004;
22723:004;
22724:004;
22725:003;
22726:004;
22727:004;
22728:004;
22729:003;
22730:004;
22731:004;
22732:004;
22733:003;
22734:004;
22735:004;
22736:004;
22737:003;
22738:004;
22739:004;
22740:004;
22741:003;
22742:004;
22743:004;
22744:004;
22745:003;
22746:004;
22747:004;
22748:004;
22749:003;
22750:004;
22751:004;
22752:004;
22753:003;
22754:004;
22755:004;
22756:004;
22757:003;
22758:004;
22759:004;
22760:004;
22761:003;
22762:004;
22763:004;
22764:004;
22765:003;
22766:004;
22767:004;
22768:004;
22769:003;
22770:004;
22771:004;
22772:004;
22773:003;
22774:004;
22775:004;
22776:004;
22777:003;
22778:004;
22779:004;
22780:004;
22781:003;
22782:004;
22783:001;
22784:003;
22785:004;
22786:003;
22787:004;
22788:003;
22789:004;
22790:003;
22791:004;
22792:003;
22793:004;
22794:003;
22795:004;
22796:003;
22797:004;
22798:003;
22799:004;
22800:003;
22801:004;
22802:003;
22803:004;
22804:003;
22805:004;
22806:003;
22807:004;
22808:003;
22809:004;
22810:003;
22811:004;
22812:003;
22813:004;
22814:003;
22815:004;
22816:003;
22817:004;
22818:003;
22819:004;
22820:003;
22821:004;
22822:003;
22823:004;
22824:003;
22825:004;
22826:003;
22827:004;
22828:003;
22829:004;
22830:003;
22831:004;
22832:003;
22833:004;
22834:003;
22835:004;
22836:003;
22837:004;
22838:003;
22839:004;
22840:003;
22841:004;
22842:003;
22843:004;
22844:003;
22845:004;
22846:003;
22847:004;
22848:003;
22849:004;
22850:003;
22851:004;
22852:003;
22853:004;
22854:003;
22855:004;
22856:003;
22857:004;
22858:003;
22859:004;
22860:003;
22861:004;
22862:003;
22863:004;
22864:003;
22865:004;
22866:003;
22867:004;
22868:003;
22869:004;
22870:003;
22871:004;
22872:003;
22873:004;
22874:003;
22875:004;
22876:003;
22877:004;
22878:003;
22879:004;
22880:003;
22881:004;
22882:003;
22883:004;
22884:003;
22885:004;
22886:003;
22887:004;
22888:003;
22889:004;
22890:003;
22891:004;
22892:003;
22893:004;
22894:003;
22895:004;
22896:003;
22897:004;
22898:003;
22899:004;
22900:003;
22901:004;
22902:003;
22903:004;
22904:003;
22905:004;
22906:003;
22907:004;
22908:003;
22909:004;
22910:003;
22911:001;
22912:004;
22913:004;
22914:004;
22915:004;
22916:004;
22917:004;
22918:004;
22919:004;
22920:004;
22921:004;
22922:004;
22923:004;
22924:004;
22925:004;
22926:004;
22927:004;
22928:004;
22929:004;
22930:004;
22931:004;
22932:004;
22933:004;
22934:004;
22935:004;
22936:004;
22937:004;
22938:004;
22939:004;
22940:004;
22941:004;
22942:004;
22943:004;
22944:004;
22945:004;
22946:004;
22947:004;
22948:004;
22949:004;
22950:004;
22951:004;
22952:004;
22953:004;
22954:004;
22955:004;
22956:004;
22957:004;
22958:004;
22959:004;
22960:004;
22961:004;
22962:004;
22963:004;
22964:004;
22965:004;
22966:004;
22967:004;
22968:004;
22969:004;
22970:004;
22971:004;
22972:004;
22973:004;
22974:004;
22975:004;
22976:004;
22977:004;
22978:004;
22979:004;
22980:004;
22981:004;
22982:004;
22983:004;
22984:004;
22985:004;
22986:004;
22987:004;
22988:004;
22989:004;
22990:004;
22991:004;
22992:004;
22993:004;
22994:004;
22995:004;
22996:004;
22997:004;
22998:004;
22999:004;
23000:004;
23001:004;
23002:004;
23003:004;
23004:004;
23005:004;
23006:004;
23007:004;
23008:004;
23009:004;
23010:004;
23011:004;
23012:004;
23013:004;
23014:004;
23015:004;
23016:004;
23017:004;
23018:004;
23019:004;
23020:004;
23021:004;
23022:004;
23023:004;
23024:004;
23025:004;
23026:004;
23027:004;
23028:004;
23029:004;
23030:004;
23031:004;
23032:004;
23033:004;
23034:004;
23035:004;
23036:004;
23037:004;
23038:004;
23039:001;
23040:003;
23041:004;
23042:003;
23043:004;
23044:003;
23045:004;
23046:003;
23047:004;
23048:003;
23049:004;
23050:003;
23051:004;
23052:003;
23053:004;
23054:003;
23055:004;
23056:003;
23057:004;
23058:003;
23059:004;
23060:003;
23061:004;
23062:003;
23063:004;
23064:003;
23065:004;
23066:003;
23067:004;
23068:003;
23069:004;
23070:003;
23071:004;
23072:003;
23073:004;
23074:003;
23075:004;
23076:003;
23077:004;
23078:003;
23079:004;
23080:003;
23081:004;
23082:003;
23083:004;
23084:003;
23085:004;
23086:003;
23087:004;
23088:003;
23089:004;
23090:003;
23091:004;
23092:003;
23093:004;
23094:003;
23095:004;
23096:003;
23097:004;
23098:003;
23099:004;
23100:003;
23101:004;
23102:003;
23103:004;
23104:003;
23105:004;
23106:003;
23107:004;
23108:003;
23109:004;
23110:003;
23111:004;
23112:003;
23113:004;
23114:003;
23115:004;
23116:003;
23117:004;
23118:003;
23119:004;
23120:003;
23121:004;
23122:003;
23123:004;
23124:003;
23125:004;
23126:003;
23127:004;
23128:003;
23129:004;
23130:003;
23131:004;
23132:003;
23133:004;
23134:003;
23135:004;
23136:003;
23137:004;
23138:003;
23139:004;
23140:003;
23141:004;
23142:003;
23143:004;
23144:003;
23145:004;
23146:003;
23147:004;
23148:003;
23149:004;
23150:003;
23151:004;
23152:003;
23153:004;
23154:003;
23155:004;
23156:003;
23157:004;
23158:003;
23159:004;
23160:003;
23161:004;
23162:003;
23163:004;
23164:003;
23165:004;
23166:003;
23167:001;
23168:004;
23169:003;
23170:004;
23171:004;
23172:004;
23173:003;
23174:004;
23175:004;
23176:004;
23177:003;
23178:004;
23179:004;
23180:004;
23181:003;
23182:004;
23183:004;
23184:004;
23185:003;
23186:004;
23187:004;
23188:004;
23189:003;
23190:004;
23191:004;
23192:004;
23193:003;
23194:004;
23195:004;
23196:004;
23197:003;
23198:004;
23199:004;
23200:004;
23201:003;
23202:004;
23203:004;
23204:004;
23205:003;
23206:004;
23207:004;
23208:004;
23209:003;
23210:004;
23211:004;
23212:004;
23213:003;
23214:004;
23215:004;
23216:004;
23217:003;
23218:004;
23219:004;
23220:004;
23221:003;
23222:004;
23223:004;
23224:004;
23225:003;
23226:004;
23227:004;
23228:004;
23229:003;
23230:004;
23231:004;
23232:004;
23233:003;
23234:004;
23235:004;
23236:004;
23237:003;
23238:004;
23239:004;
23240:004;
23241:003;
23242:004;
23243:004;
23244:004;
23245:003;
23246:004;
23247:004;
23248:004;
23249:003;
23250:004;
23251:004;
23252:004;
23253:003;
23254:004;
23255:004;
23256:004;
23257:003;
23258:004;
23259:004;
23260:004;
23261:003;
23262:004;
23263:004;
23264:004;
23265:003;
23266:004;
23267:004;
23268:004;
23269:003;
23270:004;
23271:004;
23272:004;
23273:003;
23274:004;
23275:004;
23276:004;
23277:003;
23278:004;
23279:004;
23280:004;
23281:003;
23282:004;
23283:004;
23284:004;
23285:003;
23286:004;
23287:004;
23288:004;
23289:003;
23290:004;
23291:004;
23292:004;
23293:003;
23294:004;
23295:001;
23296:003;
23297:004;
23298:003;
23299:004;
23300:003;
23301:004;
23302:003;
23303:004;
23304:003;
23305:004;
23306:003;
23307:004;
23308:003;
23309:004;
23310:003;
23311:004;
23312:003;
23313:004;
23314:003;
23315:004;
23316:003;
23317:004;
23318:003;
23319:004;
23320:003;
23321:004;
23322:003;
23323:004;
23324:003;
23325:004;
23326:003;
23327:004;
23328:003;
23329:004;
23330:003;
23331:004;
23332:003;
23333:004;
23334:003;
23335:004;
23336:003;
23337:004;
23338:003;
23339:004;
23340:003;
23341:004;
23342:003;
23343:004;
23344:003;
23345:004;
23346:003;
23347:004;
23348:003;
23349:004;
23350:003;
23351:004;
23352:003;
23353:004;
23354:003;
23355:004;
23356:003;
23357:004;
23358:003;
23359:004;
23360:003;
23361:004;
23362:003;
23363:004;
23364:003;
23365:004;
23366:003;
23367:004;
23368:003;
23369:004;
23370:003;
23371:004;
23372:003;
23373:004;
23374:003;
23375:004;
23376:003;
23377:004;
23378:003;
23379:004;
23380:003;
23381:004;
23382:003;
23383:004;
23384:003;
23385:004;
23386:003;
23387:004;
23388:003;
23389:004;
23390:003;
23391:004;
23392:003;
23393:004;
23394:003;
23395:004;
23396:003;
23397:004;
23398:003;
23399:004;
23400:003;
23401:004;
23402:003;
23403:004;
23404:003;
23405:004;
23406:003;
23407:004;
23408:003;
23409:004;
23410:003;
23411:004;
23412:003;
23413:004;
23414:003;
23415:004;
23416:003;
23417:004;
23418:003;
23419:004;
23420:003;
23421:004;
23422:003;
23423:001;
23424:004;
23425:004;
23426:004;
23427:004;
23428:004;
23429:004;
23430:004;
23431:004;
23432:004;
23433:004;
23434:004;
23435:004;
23436:004;
23437:004;
23438:004;
23439:004;
23440:004;
23441:004;
23442:004;
23443:004;
23444:004;
23445:004;
23446:004;
23447:004;
23448:004;
23449:004;
23450:004;
23451:004;
23452:004;
23453:004;
23454:004;
23455:004;
23456:004;
23457:004;
23458:004;
23459:004;
23460:004;
23461:004;
23462:004;
23463:004;
23464:004;
23465:004;
23466:004;
23467:004;
23468:004;
23469:004;
23470:004;
23471:004;
23472:004;
23473:004;
23474:004;
23475:004;
23476:004;
23477:004;
23478:004;
23479:004;
23480:004;
23481:004;
23482:004;
23483:004;
23484:004;
23485:004;
23486:004;
23487:004;
23488:004;
23489:004;
23490:004;
23491:004;
23492:004;
23493:004;
23494:004;
23495:004;
23496:004;
23497:004;
23498:004;
23499:004;
23500:004;
23501:004;
23502:004;
23503:004;
23504:004;
23505:004;
23506:004;
23507:004;
23508:004;
23509:004;
23510:004;
23511:004;
23512:004;
23513:004;
23514:004;
23515:004;
23516:004;
23517:004;
23518:004;
23519:004;
23520:004;
23521:004;
23522:004;
23523:004;
23524:004;
23525:004;
23526:004;
23527:004;
23528:004;
23529:004;
23530:004;
23531:004;
23532:004;
23533:004;
23534:004;
23535:004;
23536:004;
23537:004;
23538:004;
23539:004;
23540:004;
23541:004;
23542:004;
23543:004;
23544:004;
23545:004;
23546:004;
23547:004;
23548:004;
23549:004;
23550:004;
23551:001;
23552:003;
23553:004;
23554:003;
23555:004;
23556:003;
23557:004;
23558:003;
23559:004;
23560:003;
23561:004;
23562:003;
23563:004;
23564:003;
23565:004;
23566:003;
23567:004;
23568:003;
23569:004;
23570:003;
23571:004;
23572:003;
23573:004;
23574:003;
23575:004;
23576:003;
23577:004;
23578:003;
23579:004;
23580:003;
23581:004;
23582:003;
23583:004;
23584:003;
23585:004;
23586:003;
23587:004;
23588:003;
23589:004;
23590:003;
23591:004;
23592:003;
23593:004;
23594:003;
23595:004;
23596:003;
23597:004;
23598:003;
23599:004;
23600:003;
23601:004;
23602:003;
23603:004;
23604:003;
23605:004;
23606:003;
23607:004;
23608:003;
23609:004;
23610:003;
23611:004;
23612:003;
23613:004;
23614:003;
23615:004;
23616:003;
23617:004;
23618:003;
23619:004;
23620:003;
23621:004;
23622:003;
23623:004;
23624:003;
23625:004;
23626:003;
23627:004;
23628:003;
23629:004;
23630:003;
23631:004;
23632:003;
23633:004;
23634:003;
23635:004;
23636:003;
23637:004;
23638:003;
23639:004;
23640:003;
23641:004;
23642:003;
23643:004;
23644:003;
23645:004;
23646:003;
23647:004;
23648:003;
23649:004;
23650:003;
23651:004;
23652:003;
23653:004;
23654:003;
23655:004;
23656:003;
23657:004;
23658:003;
23659:004;
23660:003;
23661:004;
23662:003;
23663:004;
23664:003;
23665:004;
23666:003;
23667:004;
23668:003;
23669:004;
23670:003;
23671:004;
23672:003;
23673:004;
23674:003;
23675:004;
23676:003;
23677:004;
23678:003;
23679:001;
23680:004;
23681:003;
23682:004;
23683:004;
23684:004;
23685:003;
23686:004;
23687:004;
23688:004;
23689:003;
23690:004;
23691:004;
23692:004;
23693:003;
23694:004;
23695:004;
23696:004;
23697:003;
23698:004;
23699:004;
23700:004;
23701:003;
23702:004;
23703:004;
23704:004;
23705:003;
23706:004;
23707:004;
23708:004;
23709:003;
23710:004;
23711:004;
23712:004;
23713:003;
23714:004;
23715:004;
23716:004;
23717:003;
23718:004;
23719:004;
23720:004;
23721:003;
23722:004;
23723:004;
23724:004;
23725:003;
23726:004;
23727:004;
23728:004;
23729:003;
23730:004;
23731:004;
23732:004;
23733:003;
23734:004;
23735:004;
23736:004;
23737:003;
23738:004;
23739:004;
23740:004;
23741:003;
23742:004;
23743:004;
23744:004;
23745:003;
23746:004;
23747:004;
23748:004;
23749:003;
23750:004;
23751:004;
23752:004;
23753:003;
23754:004;
23755:004;
23756:004;
23757:003;
23758:004;
23759:004;
23760:004;
23761:003;
23762:004;
23763:004;
23764:004;
23765:003;
23766:004;
23767:004;
23768:004;
23769:003;
23770:004;
23771:004;
23772:004;
23773:003;
23774:004;
23775:004;
23776:004;
23777:003;
23778:004;
23779:004;
23780:004;
23781:003;
23782:004;
23783:004;
23784:004;
23785:003;
23786:004;
23787:004;
23788:004;
23789:003;
23790:004;
23791:004;
23792:004;
23793:003;
23794:004;
23795:004;
23796:004;
23797:003;
23798:004;
23799:004;
23800:004;
23801:003;
23802:004;
23803:004;
23804:004;
23805:003;
23806:004;
23807:001;
23808:003;
23809:004;
23810:003;
23811:004;
23812:003;
23813:004;
23814:003;
23815:004;
23816:003;
23817:004;
23818:003;
23819:004;
23820:003;
23821:004;
23822:003;
23823:004;
23824:003;
23825:004;
23826:003;
23827:004;
23828:003;
23829:004;
23830:003;
23831:004;
23832:003;
23833:004;
23834:003;
23835:004;
23836:003;
23837:004;
23838:003;
23839:004;
23840:003;
23841:004;
23842:003;
23843:004;
23844:003;
23845:004;
23846:003;
23847:004;
23848:003;
23849:004;
23850:003;
23851:004;
23852:003;
23853:004;
23854:003;
23855:004;
23856:003;
23857:004;
23858:003;
23859:004;
23860:003;
23861:004;
23862:003;
23863:004;
23864:003;
23865:004;
23866:003;
23867:004;
23868:003;
23869:004;
23870:003;
23871:004;
23872:003;
23873:004;
23874:003;
23875:004;
23876:003;
23877:004;
23878:003;
23879:004;
23880:003;
23881:004;
23882:003;
23883:004;
23884:003;
23885:004;
23886:003;
23887:004;
23888:003;
23889:004;
23890:003;
23891:004;
23892:003;
23893:004;
23894:003;
23895:004;
23896:003;
23897:004;
23898:003;
23899:004;
23900:003;
23901:004;
23902:003;
23903:004;
23904:003;
23905:004;
23906:003;
23907:004;
23908:003;
23909:004;
23910:003;
23911:004;
23912:003;
23913:004;
23914:003;
23915:004;
23916:003;
23917:004;
23918:003;
23919:004;
23920:003;
23921:004;
23922:003;
23923:004;
23924:003;
23925:004;
23926:003;
23927:004;
23928:003;
23929:004;
23930:003;
23931:004;
23932:003;
23933:004;
23934:003;
23935:001;
23936:004;
23937:004;
23938:004;
23939:003;
23940:004;
23941:004;
23942:004;
23943:004;
23944:004;
23945:004;
23946:004;
23947:003;
23948:004;
23949:004;
23950:004;
23951:004;
23952:004;
23953:004;
23954:004;
23955:003;
23956:004;
23957:004;
23958:004;
23959:004;
23960:004;
23961:004;
23962:004;
23963:003;
23964:004;
23965:004;
23966:004;
23967:004;
23968:004;
23969:004;
23970:004;
23971:003;
23972:004;
23973:004;
23974:004;
23975:004;
23976:004;
23977:004;
23978:004;
23979:003;
23980:004;
23981:004;
23982:004;
23983:004;
23984:004;
23985:004;
23986:004;
23987:003;
23988:004;
23989:004;
23990:004;
23991:004;
23992:004;
23993:004;
23994:004;
23995:003;
23996:004;
23997:004;
23998:004;
23999:004;
24000:004;
24001:004;
24002:004;
24003:003;
24004:004;
24005:004;
24006:004;
24007:004;
24008:004;
24009:004;
24010:004;
24011:003;
24012:004;
24013:004;
24014:004;
24015:004;
24016:004;
24017:004;
24018:004;
24019:003;
24020:004;
24021:004;
24022:004;
24023:004;
24024:004;
24025:004;
24026:004;
24027:003;
24028:004;
24029:004;
24030:004;
24031:004;
24032:004;
24033:004;
24034:004;
24035:003;
24036:004;
24037:004;
24038:004;
24039:004;
24040:004;
24041:004;
24042:004;
24043:003;
24044:004;
24045:004;
24046:004;
24047:004;
24048:004;
24049:004;
24050:004;
24051:003;
24052:004;
24053:004;
24054:004;
24055:004;
24056:004;
24057:004;
24058:004;
24059:003;
24060:004;
24061:004;
24062:004;
24063:001;
24064:003;
24065:004;
24066:003;
24067:004;
24068:003;
24069:004;
24070:003;
24071:004;
24072:003;
24073:004;
24074:003;
24075:004;
24076:003;
24077:004;
24078:003;
24079:004;
24080:003;
24081:004;
24082:003;
24083:004;
24084:003;
24085:004;
24086:003;
24087:004;
24088:003;
24089:004;
24090:003;
24091:004;
24092:003;
24093:004;
24094:003;
24095:004;
24096:003;
24097:004;
24098:003;
24099:004;
24100:003;
24101:004;
24102:003;
24103:004;
24104:003;
24105:004;
24106:003;
24107:004;
24108:003;
24109:004;
24110:003;
24111:004;
24112:003;
24113:004;
24114:003;
24115:004;
24116:003;
24117:004;
24118:003;
24119:004;
24120:003;
24121:004;
24122:003;
24123:004;
24124:003;
24125:004;
24126:003;
24127:004;
24128:003;
24129:004;
24130:003;
24131:004;
24132:003;
24133:004;
24134:003;
24135:004;
24136:003;
24137:004;
24138:003;
24139:004;
24140:003;
24141:004;
24142:003;
24143:004;
24144:003;
24145:004;
24146:003;
24147:004;
24148:003;
24149:004;
24150:003;
24151:004;
24152:003;
24153:004;
24154:003;
24155:004;
24156:003;
24157:004;
24158:003;
24159:004;
24160:003;
24161:004;
24162:003;
24163:004;
24164:003;
24165:004;
24166:003;
24167:004;
24168:003;
24169:004;
24170:003;
24171:004;
24172:003;
24173:004;
24174:003;
24175:004;
24176:003;
24177:004;
24178:003;
24179:004;
24180:003;
24181:004;
24182:003;
24183:004;
24184:003;
24185:004;
24186:003;
24187:004;
24188:003;
24189:004;
24190:003;
24191:001;
24192:004;
24193:003;
24194:004;
24195:004;
24196:004;
24197:003;
24198:004;
24199:004;
24200:004;
24201:003;
24202:004;
24203:004;
24204:004;
24205:003;
24206:004;
24207:004;
24208:004;
24209:003;
24210:004;
24211:004;
24212:004;
24213:003;
24214:004;
24215:004;
24216:004;
24217:003;
24218:004;
24219:004;
24220:004;
24221:003;
24222:004;
24223:004;
24224:004;
24225:003;
24226:004;
24227:004;
24228:004;
24229:003;
24230:004;
24231:004;
24232:004;
24233:003;
24234:004;
24235:004;
24236:004;
24237:003;
24238:004;
24239:004;
24240:004;
24241:003;
24242:004;
24243:004;
24244:004;
24245:003;
24246:004;
24247:004;
24248:004;
24249:003;
24250:004;
24251:004;
24252:004;
24253:003;
24254:004;
24255:004;
24256:004;
24257:003;
24258:004;
24259:004;
24260:004;
24261:003;
24262:004;
24263:004;
24264:004;
24265:003;
24266:004;
24267:004;
24268:004;
24269:003;
24270:004;
24271:004;
24272:004;
24273:003;
24274:004;
24275:004;
24276:004;
24277:003;
24278:004;
24279:004;
24280:004;
24281:003;
24282:004;
24283:004;
24284:004;
24285:003;
24286:004;
24287:004;
24288:004;
24289:003;
24290:004;
24291:004;
24292:004;
24293:003;
24294:004;
24295:004;
24296:004;
24297:003;
24298:004;
24299:004;
24300:004;
24301:003;
24302:004;
24303:004;
24304:004;
24305:003;
24306:004;
24307:004;
24308:004;
24309:003;
24310:004;
24311:004;
24312:004;
24313:003;
24314:004;
24315:004;
24316:004;
24317:003;
24318:004;
24319:001;
24320:003;
24321:004;
24322:003;
24323:004;
24324:003;
24325:004;
24326:003;
24327:004;
24328:003;
24329:004;
24330:003;
24331:004;
24332:003;
24333:004;
24334:003;
24335:004;
24336:003;
24337:004;
24338:003;
24339:004;
24340:003;
24341:004;
24342:003;
24343:004;
24344:003;
24345:004;
24346:003;
24347:004;
24348:003;
24349:004;
24350:003;
24351:004;
24352:003;
24353:004;
24354:003;
24355:004;
24356:003;
24357:004;
24358:003;
24359:004;
24360:003;
24361:004;
24362:003;
24363:004;
24364:003;
24365:004;
24366:003;
24367:004;
24368:003;
24369:004;
24370:003;
24371:004;
24372:003;
24373:004;
24374:003;
24375:004;
24376:003;
24377:004;
24378:003;
24379:004;
24380:003;
24381:004;
24382:003;
24383:004;
24384:003;
24385:004;
24386:003;
24387:004;
24388:003;
24389:004;
24390:003;
24391:004;
24392:003;
24393:004;
24394:003;
24395:004;
24396:003;
24397:004;
24398:003;
24399:004;
24400:003;
24401:004;
24402:003;
24403:004;
24404:003;
24405:004;
24406:003;
24407:004;
24408:003;
24409:004;
24410:003;
24411:004;
24412:003;
24413:004;
24414:003;
24415:004;
24416:003;
24417:004;
24418:003;
24419:004;
24420:003;
24421:004;
24422:003;
24423:004;
24424:003;
24425:004;
24426:003;
24427:004;
24428:003;
24429:004;
24430:003;
24431:004;
24432:003;
24433:004;
24434:003;
24435:004;
24436:003;
24437:004;
24438:003;
24439:004;
24440:003;
24441:004;
24442:003;
24443:004;
24444:003;
24445:004;
24446:003;
24447:001;
24448:004;
24449:004;
24450:004;
24451:004;
24452:004;
24453:004;
24454:004;
24455:003;
24456:004;
24457:004;
24458:004;
24459:004;
24460:004;
24461:004;
24462:004;
24463:003;
24464:004;
24465:004;
24466:004;
24467:004;
24468:004;
24469:004;
24470:004;
24471:003;
24472:004;
24473:004;
24474:004;
24475:004;
24476:004;
24477:004;
24478:004;
24479:003;
24480:004;
24481:004;
24482:004;
24483:004;
24484:004;
24485:004;
24486:004;
24487:003;
24488:004;
24489:004;
24490:004;
24491:004;
24492:004;
24493:004;
24494:004;
24495:003;
24496:004;
24497:004;
24498:004;
24499:004;
24500:004;
24501:004;
24502:004;
24503:003;
24504:004;
24505:004;
24506:004;
24507:004;
24508:004;
24509:004;
24510:004;
24511:003;
24512:004;
24513:004;
24514:004;
24515:004;
24516:004;
24517:004;
24518:004;
24519:003;
24520:004;
24521:004;
24522:004;
24523:004;
24524:004;
24525:004;
24526:004;
24527:003;
24528:004;
24529:004;
24530:004;
24531:004;
24532:004;
24533:004;
24534:004;
24535:003;
24536:004;
24537:004;
24538:004;
24539:004;
24540:004;
24541:004;
24542:004;
24543:003;
24544:004;
24545:004;
24546:004;
24547:004;
24548:004;
24549:004;
24550:004;
24551:003;
24552:004;
24553:004;
24554:004;
24555:004;
24556:004;
24557:004;
24558:004;
24559:003;
24560:004;
24561:004;
24562:004;
24563:004;
24564:004;
24565:004;
24566:004;
24567:003;
24568:004;
24569:004;
24570:004;
24571:004;
24572:004;
24573:004;
24574:004;
24575:001;
24576:003;
24577:004;
24578:003;
24579:004;
24580:003;
24581:004;
24582:003;
24583:004;
24584:003;
24585:004;
24586:003;
24587:004;
24588:003;
24589:004;
24590:003;
24591:004;
24592:003;
24593:004;
24594:003;
24595:004;
24596:003;
24597:004;
24598:003;
24599:004;
24600:003;
24601:004;
24602:003;
24603:004;
24604:003;
24605:004;
24606:003;
24607:004;
24608:003;
24609:004;
24610:003;
24611:004;
24612:003;
24613:004;
24614:003;
24615:004;
24616:003;
24617:004;
24618:003;
24619:004;
24620:003;
24621:004;
24622:003;
24623:004;
24624:003;
24625:004;
24626:003;
24627:004;
24628:003;
24629:004;
24630:003;
24631:004;
24632:003;
24633:004;
24634:003;
24635:004;
24636:003;
24637:004;
24638:003;
24639:004;
24640:003;
24641:004;
24642:003;
24643:004;
24644:003;
24645:004;
24646:003;
24647:004;
24648:003;
24649:004;
24650:003;
24651:004;
24652:003;
24653:004;
24654:003;
24655:004;
24656:003;
24657:004;
24658:003;
24659:004;
24660:003;
24661:004;
24662:003;
24663:004;
24664:003;
24665:004;
24666:003;
24667:004;
24668:003;
24669:004;
24670:003;
24671:004;
24672:003;
24673:004;
24674:003;
24675:004;
24676:003;
24677:004;
24678:003;
24679:004;
24680:003;
24681:004;
24682:003;
24683:004;
24684:003;
24685:004;
24686:003;
24687:004;
24688:003;
24689:004;
24690:003;
24691:004;
24692:003;
24693:004;
24694:003;
24695:004;
24696:003;
24697:004;
24698:003;
24699:004;
24700:003;
24701:004;
24702:003;
24703:001;
24704:004;
24705:003;
24706:004;
24707:004;
24708:004;
24709:003;
24710:004;
24711:004;
24712:004;
24713:003;
24714:004;
24715:004;
24716:004;
24717:003;
24718:004;
24719:004;
24720:004;
24721:003;
24722:004;
24723:004;
24724:004;
24725:003;
24726:004;
24727:004;
24728:004;
24729:003;
24730:004;
24731:004;
24732:004;
24733:003;
24734:004;
24735:004;
24736:004;
24737:003;
24738:004;
24739:004;
24740:004;
24741:003;
24742:004;
24743:004;
24744:004;
24745:003;
24746:004;
24747:004;
24748:004;
24749:003;
24750:004;
24751:004;
24752:004;
24753:003;
24754:004;
24755:004;
24756:004;
24757:003;
24758:004;
24759:004;
24760:004;
24761:003;
24762:004;
24763:004;
24764:004;
24765:003;
24766:004;
24767:004;
24768:004;
24769:003;
24770:004;
24771:004;
24772:004;
24773:003;
24774:004;
24775:004;
24776:004;
24777:003;
24778:004;
24779:004;
24780:004;
24781:003;
24782:004;
24783:004;
24784:004;
24785:003;
24786:004;
24787:004;
24788:004;
24789:003;
24790:004;
24791:004;
24792:004;
24793:003;
24794:004;
24795:004;
24796:004;
24797:003;
24798:004;
24799:004;
24800:004;
24801:003;
24802:004;
24803:004;
24804:004;
24805:003;
24806:004;
24807:004;
24808:004;
24809:003;
24810:004;
24811:004;
24812:004;
24813:003;
24814:004;
24815:004;
24816:004;
24817:003;
24818:004;
24819:004;
24820:004;
24821:003;
24822:004;
24823:004;
24824:004;
24825:003;
24826:004;
24827:004;
24828:004;
24829:003;
24830:004;
24831:001;
24832:003;
24833:004;
24834:003;
24835:004;
24836:003;
24837:004;
24838:003;
24839:004;
24840:003;
24841:004;
24842:003;
24843:004;
24844:003;
24845:004;
24846:003;
24847:004;
24848:003;
24849:004;
24850:003;
24851:004;
24852:003;
24853:004;
24854:003;
24855:004;
24856:003;
24857:004;
24858:003;
24859:004;
24860:003;
24861:004;
24862:003;
24863:004;
24864:003;
24865:004;
24866:003;
24867:004;
24868:003;
24869:004;
24870:003;
24871:004;
24872:003;
24873:004;
24874:003;
24875:004;
24876:003;
24877:004;
24878:003;
24879:004;
24880:003;
24881:004;
24882:003;
24883:004;
24884:003;
24885:004;
24886:003;
24887:004;
24888:003;
24889:004;
24890:003;
24891:004;
24892:003;
24893:004;
24894:003;
24895:004;
24896:003;
24897:004;
24898:003;
24899:004;
24900:003;
24901:004;
24902:003;
24903:004;
24904:003;
24905:004;
24906:003;
24907:004;
24908:003;
24909:004;
24910:003;
24911:004;
24912:003;
24913:004;
24914:003;
24915:004;
24916:003;
24917:004;
24918:003;
24919:004;
24920:003;
24921:004;
24922:003;
24923:004;
24924:003;
24925:004;
24926:003;
24927:004;
24928:003;
24929:004;
24930:003;
24931:004;
24932:003;
24933:004;
24934:003;
24935:004;
24936:003;
24937:004;
24938:003;
24939:004;
24940:003;
24941:004;
24942:003;
24943:004;
24944:003;
24945:004;
24946:003;
24947:004;
24948:003;
24949:004;
24950:003;
24951:004;
24952:003;
24953:004;
24954:003;
24955:004;
24956:003;
24957:004;
24958:003;
24959:001;
24960:004;
24961:004;
24962:004;
24963:003;
24964:004;
24965:004;
24966:004;
24967:003;
24968:004;
24969:004;
24970:004;
24971:003;
24972:004;
24973:004;
24974:004;
24975:003;
24976:004;
24977:004;
24978:004;
24979:003;
24980:004;
24981:004;
24982:004;
24983:003;
24984:004;
24985:004;
24986:004;
24987:003;
24988:004;
24989:004;
24990:004;
24991:003;
24992:004;
24993:004;
24994:004;
24995:003;
24996:004;
24997:004;
24998:004;
24999:003;
25000:004;
25001:004;
25002:004;
25003:003;
25004:004;
25005:004;
25006:004;
25007:003;
25008:004;
25009:004;
25010:004;
25011:003;
25012:004;
25013:004;
25014:004;
25015:003;
25016:004;
25017:004;
25018:004;
25019:003;
25020:004;
25021:004;
25022:004;
25023:003;
25024:004;
25025:004;
25026:004;
25027:003;
25028:004;
25029:004;
25030:004;
25031:003;
25032:004;
25033:004;
25034:004;
25035:003;
25036:004;
25037:004;
25038:004;
25039:003;
25040:004;
25041:004;
25042:004;
25043:003;
25044:004;
25045:004;
25046:004;
25047:003;
25048:004;
25049:004;
25050:004;
25051:003;
25052:004;
25053:004;
25054:004;
25055:003;
25056:004;
25057:004;
25058:004;
25059:003;
25060:004;
25061:004;
25062:004;
25063:003;
25064:004;
25065:004;
25066:004;
25067:003;
25068:004;
25069:004;
25070:004;
25071:003;
25072:004;
25073:004;
25074:004;
25075:003;
25076:004;
25077:004;
25078:004;
25079:003;
25080:004;
25081:004;
25082:004;
25083:003;
25084:004;
25085:004;
25086:004;
25087:001;
25088:003;
25089:004;
25090:003;
25091:004;
25092:003;
25093:004;
25094:003;
25095:004;
25096:003;
25097:004;
25098:003;
25099:004;
25100:003;
25101:004;
25102:003;
25103:004;
25104:003;
25105:004;
25106:003;
25107:004;
25108:003;
25109:004;
25110:003;
25111:004;
25112:003;
25113:004;
25114:003;
25115:004;
25116:003;
25117:004;
25118:003;
25119:004;
25120:003;
25121:004;
25122:003;
25123:004;
25124:003;
25125:004;
25126:003;
25127:004;
25128:003;
25129:004;
25130:003;
25131:004;
25132:003;
25133:004;
25134:003;
25135:004;
25136:003;
25137:004;
25138:003;
25139:004;
25140:003;
25141:004;
25142:003;
25143:004;
25144:003;
25145:004;
25146:003;
25147:004;
25148:003;
25149:004;
25150:003;
25151:004;
25152:003;
25153:004;
25154:003;
25155:004;
25156:003;
25157:004;
25158:003;
25159:004;
25160:003;
25161:004;
25162:003;
25163:004;
25164:003;
25165:004;
25166:003;
25167:004;
25168:003;
25169:004;
25170:003;
25171:004;
25172:003;
25173:004;
25174:003;
25175:004;
25176:003;
25177:004;
25178:003;
25179:004;
25180:003;
25181:004;
25182:003;
25183:004;
25184:003;
25185:004;
25186:003;
25187:004;
25188:003;
25189:004;
25190:003;
25191:004;
25192:003;
25193:004;
25194:003;
25195:004;
25196:003;
25197:004;
25198:003;
25199:004;
25200:003;
25201:004;
25202:003;
25203:004;
25204:003;
25205:004;
25206:003;
25207:004;
25208:003;
25209:004;
25210:003;
25211:004;
25212:003;
25213:004;
25214:003;
25215:001;
25216:004;
25217:003;
25218:004;
25219:004;
25220:004;
25221:003;
25222:004;
25223:004;
25224:004;
25225:003;
25226:004;
25227:004;
25228:004;
25229:003;
25230:004;
25231:004;
25232:004;
25233:003;
25234:004;
25235:004;
25236:004;
25237:003;
25238:004;
25239:004;
25240:004;
25241:003;
25242:004;
25243:004;
25244:004;
25245:003;
25246:004;
25247:004;
25248:004;
25249:003;
25250:004;
25251:004;
25252:004;
25253:003;
25254:004;
25255:004;
25256:004;
25257:003;
25258:004;
25259:004;
25260:004;
25261:003;
25262:004;
25263:004;
25264:004;
25265:003;
25266:004;
25267:004;
25268:004;
25269:003;
25270:004;
25271:004;
25272:004;
25273:003;
25274:004;
25275:004;
25276:004;
25277:003;
25278:004;
25279:004;
25280:004;
25281:003;
25282:004;
25283:004;
25284:004;
25285:003;
25286:004;
25287:004;
25288:004;
25289:003;
25290:004;
25291:004;
25292:004;
25293:003;
25294:004;
25295:004;
25296:004;
25297:003;
25298:004;
25299:004;
25300:004;
25301:003;
25302:004;
25303:004;
25304:004;
25305:003;
25306:004;
25307:004;
25308:004;
25309:003;
25310:004;
25311:004;
25312:004;
25313:003;
25314:004;
25315:004;
25316:004;
25317:003;
25318:004;
25319:004;
25320:004;
25321:003;
25322:004;
25323:004;
25324:004;
25325:003;
25326:004;
25327:004;
25328:004;
25329:003;
25330:004;
25331:004;
25332:004;
25333:003;
25334:004;
25335:004;
25336:004;
25337:003;
25338:004;
25339:004;
25340:004;
25341:003;
25342:004;
25343:001;
25344:003;
25345:004;
25346:003;
25347:004;
25348:003;
25349:004;
25350:003;
25351:004;
25352:003;
25353:004;
25354:003;
25355:004;
25356:003;
25357:004;
25358:003;
25359:004;
25360:003;
25361:004;
25362:003;
25363:004;
25364:003;
25365:004;
25366:003;
25367:004;
25368:003;
25369:004;
25370:003;
25371:004;
25372:003;
25373:004;
25374:003;
25375:004;
25376:003;
25377:004;
25378:003;
25379:004;
25380:003;
25381:004;
25382:003;
25383:004;
25384:003;
25385:004;
25386:003;
25387:004;
25388:003;
25389:004;
25390:003;
25391:004;
25392:003;
25393:004;
25394:003;
25395:004;
25396:003;
25397:004;
25398:003;
25399:004;
25400:003;
25401:004;
25402:003;
25403:004;
25404:003;
25405:004;
25406:003;
25407:004;
25408:003;
25409:004;
25410:003;
25411:004;
25412:003;
25413:004;
25414:003;
25415:004;
25416:003;
25417:004;
25418:003;
25419:004;
25420:003;
25421:004;
25422:003;
25423:004;
25424:003;
25425:004;
25426:003;
25427:004;
25428:003;
25429:004;
25430:003;
25431:004;
25432:003;
25433:004;
25434:003;
25435:004;
25436:003;
25437:004;
25438:003;
25439:004;
25440:003;
25441:004;
25442:003;
25443:004;
25444:003;
25445:004;
25446:003;
25447:004;
25448:003;
25449:004;
25450:003;
25451:004;
25452:003;
25453:004;
25454:003;
25455:004;
25456:003;
25457:004;
25458:003;
25459:004;
25460:003;
25461:004;
25462:003;
25463:004;
25464:003;
25465:004;
25466:003;
25467:004;
25468:003;
25469:004;
25470:003;
25471:001;
25472:004;
25473:004;
25474:004;
25475:004;
25476:004;
25477:004;
25478:004;
25479:003;
25480:004;
25481:004;
25482:004;
25483:004;
25484:004;
25485:004;
25486:004;
25487:003;
25488:004;
25489:004;
25490:004;
25491:004;
25492:004;
25493:004;
25494:004;
25495:003;
25496:004;
25497:004;
25498:004;
25499:004;
25500:004;
25501:004;
25502:004;
25503:003;
25504:004;
25505:004;
25506:004;
25507:004;
25508:004;
25509:004;
25510:004;
25511:003;
25512:004;
25513:004;
25514:004;
25515:004;
25516:004;
25517:004;
25518:004;
25519:003;
25520:004;
25521:004;
25522:004;
25523:004;
25524:004;
25525:004;
25526:004;
25527:003;
25528:004;
25529:004;
25530:004;
25531:004;
25532:004;
25533:004;
25534:004;
25535:003;
25536:004;
25537:004;
25538:004;
25539:004;
25540:004;
25541:004;
25542:004;
25543:003;
25544:004;
25545:004;
25546:004;
25547:004;
25548:004;
25549:004;
25550:004;
25551:003;
25552:004;
25553:004;
25554:004;
25555:004;
25556:004;
25557:004;
25558:004;
25559:003;
25560:004;
25561:004;
25562:004;
25563:004;
25564:004;
25565:004;
25566:004;
25567:003;
25568:004;
25569:004;
25570:004;
25571:004;
25572:004;
25573:004;
25574:004;
25575:003;
25576:004;
25577:004;
25578:004;
25579:004;
25580:004;
25581:004;
25582:004;
25583:003;
25584:004;
25585:004;
25586:004;
25587:004;
25588:004;
25589:004;
25590:004;
25591:003;
25592:004;
25593:004;
25594:004;
25595:004;
25596:004;
25597:004;
25598:004;
25599:001;
25600:003;
25601:004;
25602:003;
25603:004;
25604:003;
25605:004;
25606:003;
25607:004;
25608:003;
25609:004;
25610:003;
25611:004;
25612:003;
25613:004;
25614:003;
25615:004;
25616:003;
25617:004;
25618:003;
25619:004;
25620:003;
25621:004;
25622:003;
25623:004;
25624:003;
25625:004;
25626:003;
25627:004;
25628:003;
25629:004;
25630:003;
25631:004;
25632:003;
25633:004;
25634:003;
25635:004;
25636:003;
25637:004;
25638:003;
25639:004;
25640:003;
25641:004;
25642:003;
25643:004;
25644:003;
25645:004;
25646:003;
25647:004;
25648:003;
25649:004;
25650:003;
25651:004;
25652:003;
25653:004;
25654:003;
25655:004;
25656:003;
25657:004;
25658:003;
25659:004;
25660:003;
25661:004;
25662:003;
25663:004;
25664:003;
25665:004;
25666:003;
25667:004;
25668:003;
25669:004;
25670:003;
25671:004;
25672:003;
25673:004;
25674:003;
25675:004;
25676:003;
25677:004;
25678:003;
25679:004;
25680:003;
25681:004;
25682:003;
25683:004;
25684:003;
25685:004;
25686:003;
25687:004;
25688:003;
25689:004;
25690:003;
25691:004;
25692:003;
25693:004;
25694:003;
25695:004;
25696:003;
25697:004;
25698:003;
25699:004;
25700:003;
25701:004;
25702:003;
25703:004;
25704:003;
25705:004;
25706:003;
25707:004;
25708:003;
25709:004;
25710:003;
25711:004;
25712:003;
25713:004;
25714:003;
25715:004;
25716:003;
25717:004;
25718:003;
25719:004;
25720:003;
25721:004;
25722:003;
25723:004;
25724:003;
25725:004;
25726:003;
25727:001;
25728:004;
25729:003;
25730:004;
25731:004;
25732:004;
25733:003;
25734:004;
25735:004;
25736:004;
25737:003;
25738:004;
25739:004;
25740:004;
25741:003;
25742:004;
25743:004;
25744:004;
25745:003;
25746:004;
25747:004;
25748:004;
25749:003;
25750:004;
25751:004;
25752:004;
25753:003;
25754:004;
25755:004;
25756:004;
25757:003;
25758:004;
25759:004;
25760:004;
25761:003;
25762:004;
25763:004;
25764:004;
25765:003;
25766:004;
25767:004;
25768:004;
25769:003;
25770:004;
25771:004;
25772:004;
25773:003;
25774:004;
25775:004;
25776:004;
25777:003;
25778:004;
25779:004;
25780:004;
25781:003;
25782:004;
25783:004;
25784:004;
25785:003;
25786:004;
25787:004;
25788:004;
25789:003;
25790:004;
25791:004;
25792:004;
25793:003;
25794:004;
25795:004;
25796:004;
25797:003;
25798:004;
25799:004;
25800:004;
25801:003;
25802:004;
25803:004;
25804:004;
25805:003;
25806:004;
25807:004;
25808:004;
25809:003;
25810:004;
25811:004;
25812:004;
25813:003;
25814:004;
25815:004;
25816:004;
25817:003;
25818:004;
25819:004;
25820:004;
25821:003;
25822:004;
25823:004;
25824:004;
25825:003;
25826:004;
25827:004;
25828:004;
25829:003;
25830:004;
25831:004;
25832:004;
25833:003;
25834:004;
25835:004;
25836:004;
25837:003;
25838:004;
25839:004;
25840:004;
25841:003;
25842:004;
25843:004;
25844:004;
25845:003;
25846:004;
25847:004;
25848:004;
25849:003;
25850:004;
25851:004;
25852:004;
25853:003;
25854:004;
25855:001;
25856:003;
25857:004;
25858:003;
25859:004;
25860:003;
25861:004;
25862:003;
25863:004;
25864:003;
25865:004;
25866:003;
25867:004;
25868:003;
25869:004;
25870:003;
25871:004;
25872:003;
25873:004;
25874:003;
25875:004;
25876:003;
25877:004;
25878:003;
25879:004;
25880:003;
25881:004;
25882:003;
25883:004;
25884:003;
25885:004;
25886:003;
25887:004;
25888:003;
25889:004;
25890:003;
25891:004;
25892:003;
25893:004;
25894:003;
25895:004;
25896:003;
25897:004;
25898:003;
25899:004;
25900:003;
25901:004;
25902:003;
25903:004;
25904:003;
25905:004;
25906:003;
25907:004;
25908:003;
25909:004;
25910:003;
25911:004;
25912:003;
25913:004;
25914:003;
25915:004;
25916:003;
25917:004;
25918:003;
25919:004;
25920:003;
25921:004;
25922:003;
25923:004;
25924:003;
25925:004;
25926:003;
25927:004;
25928:003;
25929:004;
25930:003;
25931:004;
25932:003;
25933:004;
25934:003;
25935:004;
25936:003;
25937:004;
25938:003;
25939:004;
25940:003;
25941:004;
25942:003;
25943:004;
25944:003;
25945:004;
25946:003;
25947:004;
25948:003;
25949:004;
25950:003;
25951:004;
25952:003;
25953:004;
25954:003;
25955:004;
25956:003;
25957:004;
25958:003;
25959:004;
25960:003;
25961:004;
25962:003;
25963:004;
25964:003;
25965:004;
25966:003;
25967:004;
25968:003;
25969:004;
25970:003;
25971:004;
25972:003;
25973:004;
25974:003;
25975:004;
25976:003;
25977:004;
25978:003;
25979:004;
25980:003;
25981:004;
25982:003;
25983:001;
25984:004;
25985:004;
25986:004;
25987:003;
25988:004;
25989:004;
25990:004;
25991:003;
25992:004;
25993:004;
25994:004;
25995:003;
25996:004;
25997:004;
25998:004;
25999:003;
26000:004;
26001:004;
26002:004;
26003:003;
26004:004;
26005:004;
26006:004;
26007:003;
26008:004;
26009:004;
26010:004;
26011:003;
26012:004;
26013:004;
26014:004;
26015:003;
26016:004;
26017:004;
26018:004;
26019:003;
26020:004;
26021:004;
26022:004;
26023:003;
26024:004;
26025:004;
26026:004;
26027:003;
26028:004;
26029:004;
26030:004;
26031:003;
26032:004;
26033:004;
26034:004;
26035:003;
26036:004;
26037:004;
26038:004;
26039:003;
26040:004;
26041:004;
26042:004;
26043:003;
26044:004;
26045:004;
26046:004;
26047:003;
26048:004;
26049:004;
26050:004;
26051:003;
26052:004;
26053:004;
26054:004;
26055:003;
26056:004;
26057:004;
26058:004;
26059:003;
26060:004;
26061:004;
26062:004;
26063:003;
26064:004;
26065:004;
26066:004;
26067:003;
26068:004;
26069:004;
26070:004;
26071:003;
26072:004;
26073:004;
26074:004;
26075:003;
26076:004;
26077:004;
26078:004;
26079:003;
26080:004;
26081:004;
26082:004;
26083:003;
26084:004;
26085:004;
26086:004;
26087:003;
26088:004;
26089:004;
26090:004;
26091:003;
26092:004;
26093:004;
26094:004;
26095:003;
26096:004;
26097:004;
26098:004;
26099:003;
26100:004;
26101:004;
26102:004;
26103:003;
26104:004;
26105:004;
26106:004;
26107:003;
26108:004;
26109:004;
26110:004;
26111:001;
26112:003;
26113:004;
26114:003;
26115:004;
26116:003;
26117:004;
26118:003;
26119:004;
26120:003;
26121:004;
26122:003;
26123:004;
26124:003;
26125:004;
26126:003;
26127:004;
26128:003;
26129:004;
26130:003;
26131:004;
26132:003;
26133:004;
26134:003;
26135:004;
26136:003;
26137:004;
26138:003;
26139:004;
26140:003;
26141:004;
26142:003;
26143:004;
26144:003;
26145:004;
26146:003;
26147:004;
26148:003;
26149:004;
26150:003;
26151:004;
26152:003;
26153:004;
26154:003;
26155:004;
26156:003;
26157:004;
26158:003;
26159:004;
26160:003;
26161:004;
26162:003;
26163:004;
26164:003;
26165:004;
26166:003;
26167:004;
26168:003;
26169:004;
26170:003;
26171:004;
26172:003;
26173:004;
26174:003;
26175:004;
26176:003;
26177:004;
26178:003;
26179:004;
26180:003;
26181:004;
26182:003;
26183:004;
26184:003;
26185:004;
26186:003;
26187:004;
26188:003;
26189:004;
26190:003;
26191:004;
26192:003;
26193:004;
26194:003;
26195:004;
26196:003;
26197:004;
26198:003;
26199:004;
26200:003;
26201:004;
26202:003;
26203:004;
26204:003;
26205:004;
26206:003;
26207:004;
26208:003;
26209:004;
26210:003;
26211:004;
26212:003;
26213:004;
26214:003;
26215:004;
26216:003;
26217:004;
26218:003;
26219:004;
26220:003;
26221:004;
26222:003;
26223:004;
26224:003;
26225:004;
26226:003;
26227:004;
26228:003;
26229:004;
26230:003;
26231:004;
26232:003;
26233:004;
26234:003;
26235:004;
26236:003;
26237:004;
26238:003;
26239:001;
26240:004;
26241:003;
26242:004;
26243:004;
26244:004;
26245:003;
26246:004;
26247:004;
26248:004;
26249:003;
26250:004;
26251:004;
26252:004;
26253:003;
26254:004;
26255:004;
26256:004;
26257:003;
26258:004;
26259:004;
26260:004;
26261:003;
26262:004;
26263:004;
26264:004;
26265:003;
26266:004;
26267:004;
26268:004;
26269:003;
26270:004;
26271:004;
26272:004;
26273:003;
26274:004;
26275:004;
26276:004;
26277:003;
26278:004;
26279:004;
26280:004;
26281:003;
26282:004;
26283:004;
26284:004;
26285:003;
26286:004;
26287:004;
26288:004;
26289:003;
26290:004;
26291:004;
26292:004;
26293:003;
26294:004;
26295:004;
26296:004;
26297:003;
26298:004;
26299:004;
26300:004;
26301:003;
26302:004;
26303:004;
26304:004;
26305:003;
26306:004;
26307:004;
26308:004;
26309:003;
26310:004;
26311:004;
26312:004;
26313:003;
26314:004;
26315:004;
26316:004;
26317:003;
26318:004;
26319:004;
26320:004;
26321:003;
26322:004;
26323:004;
26324:004;
26325:003;
26326:004;
26327:004;
26328:004;
26329:003;
26330:004;
26331:004;
26332:004;
26333:003;
26334:004;
26335:004;
26336:004;
26337:003;
26338:004;
26339:004;
26340:004;
26341:003;
26342:004;
26343:004;
26344:004;
26345:003;
26346:004;
26347:004;
26348:004;
26349:003;
26350:004;
26351:004;
26352:004;
26353:003;
26354:004;
26355:004;
26356:004;
26357:003;
26358:004;
26359:004;
26360:004;
26361:003;
26362:004;
26363:004;
26364:004;
26365:003;
26366:004;
26367:001;
26368:003;
26369:004;
26370:003;
26371:004;
26372:003;
26373:004;
26374:003;
26375:004;
26376:003;
26377:004;
26378:003;
26379:004;
26380:003;
26381:004;
26382:003;
26383:004;
26384:003;
26385:004;
26386:003;
26387:004;
26388:003;
26389:004;
26390:003;
26391:004;
26392:003;
26393:004;
26394:003;
26395:004;
26396:003;
26397:004;
26398:003;
26399:004;
26400:003;
26401:004;
26402:003;
26403:004;
26404:003;
26405:004;
26406:003;
26407:004;
26408:003;
26409:004;
26410:003;
26411:004;
26412:003;
26413:004;
26414:003;
26415:004;
26416:003;
26417:004;
26418:003;
26419:004;
26420:003;
26421:004;
26422:003;
26423:004;
26424:003;
26425:004;
26426:003;
26427:004;
26428:003;
26429:004;
26430:003;
26431:004;
26432:003;
26433:004;
26434:003;
26435:004;
26436:003;
26437:004;
26438:003;
26439:004;
26440:003;
26441:004;
26442:003;
26443:004;
26444:003;
26445:004;
26446:003;
26447:004;
26448:003;
26449:004;
26450:003;
26451:004;
26452:003;
26453:004;
26454:003;
26455:004;
26456:003;
26457:004;
26458:003;
26459:004;
26460:003;
26461:004;
26462:003;
26463:004;
26464:003;
26465:004;
26466:003;
26467:004;
26468:003;
26469:004;
26470:003;
26471:004;
26472:003;
26473:004;
26474:003;
26475:004;
26476:003;
26477:004;
26478:003;
26479:004;
26480:003;
26481:004;
26482:003;
26483:004;
26484:003;
26485:004;
26486:003;
26487:004;
26488:003;
26489:004;
26490:003;
26491:004;
26492:003;
26493:004;
26494:003;
26495:001;
26496:004;
26497:004;
26498:004;
26499:003;
26500:004;
26501:004;
26502:004;
26503:003;
26504:004;
26505:004;
26506:004;
26507:003;
26508:004;
26509:004;
26510:004;
26511:003;
26512:004;
26513:004;
26514:004;
26515:003;
26516:004;
26517:004;
26518:004;
26519:003;
26520:004;
26521:004;
26522:004;
26523:003;
26524:004;
26525:004;
26526:004;
26527:003;
26528:004;
26529:004;
26530:004;
26531:003;
26532:004;
26533:004;
26534:004;
26535:003;
26536:004;
26537:004;
26538:004;
26539:003;
26540:004;
26541:004;
26542:004;
26543:003;
26544:004;
26545:004;
26546:004;
26547:003;
26548:004;
26549:004;
26550:004;
26551:003;
26552:004;
26553:004;
26554:004;
26555:003;
26556:004;
26557:004;
26558:004;
26559:003;
26560:004;
26561:004;
26562:004;
26563:003;
26564:004;
26565:004;
26566:004;
26567:003;
26568:004;
26569:004;
26570:004;
26571:003;
26572:004;
26573:004;
26574:004;
26575:003;
26576:004;
26577:004;
26578:004;
26579:003;
26580:004;
26581:004;
26582:004;
26583:003;
26584:004;
26585:004;
26586:004;
26587:003;
26588:004;
26589:004;
26590:004;
26591:003;
26592:004;
26593:004;
26594:004;
26595:003;
26596:004;
26597:004;
26598:004;
26599:003;
26600:004;
26601:004;
26602:004;
26603:003;
26604:004;
26605:004;
26606:004;
26607:003;
26608:004;
26609:004;
26610:004;
26611:003;
26612:004;
26613:004;
26614:004;
26615:003;
26616:004;
26617:004;
26618:004;
26619:003;
26620:004;
26621:004;
26622:004;
26623:001;
26624:003;
26625:004;
26626:003;
26627:004;
26628:003;
26629:004;
26630:003;
26631:004;
26632:003;
26633:004;
26634:003;
26635:004;
26636:003;
26637:004;
26638:003;
26639:004;
26640:003;
26641:004;
26642:003;
26643:004;
26644:003;
26645:004;
26646:003;
26647:004;
26648:003;
26649:004;
26650:003;
26651:004;
26652:003;
26653:004;
26654:003;
26655:004;
26656:003;
26657:004;
26658:003;
26659:004;
26660:003;
26661:004;
26662:003;
26663:004;
26664:003;
26665:004;
26666:003;
26667:004;
26668:003;
26669:004;
26670:003;
26671:004;
26672:003;
26673:004;
26674:003;
26675:004;
26676:003;
26677:004;
26678:003;
26679:004;
26680:003;
26681:004;
26682:003;
26683:004;
26684:003;
26685:004;
26686:003;
26687:004;
26688:003;
26689:004;
26690:003;
26691:004;
26692:003;
26693:004;
26694:003;
26695:004;
26696:003;
26697:004;
26698:003;
26699:004;
26700:003;
26701:004;
26702:003;
26703:004;
26704:003;
26705:004;
26706:003;
26707:004;
26708:003;
26709:004;
26710:003;
26711:004;
26712:003;
26713:004;
26714:003;
26715:004;
26716:003;
26717:004;
26718:003;
26719:004;
26720:003;
26721:004;
26722:003;
26723:004;
26724:003;
26725:004;
26726:003;
26727:004;
26728:003;
26729:004;
26730:003;
26731:004;
26732:003;
26733:004;
26734:003;
26735:004;
26736:003;
26737:004;
26738:003;
26739:004;
26740:003;
26741:004;
26742:003;
26743:004;
26744:003;
26745:004;
26746:003;
26747:004;
26748:003;
26749:004;
26750:003;
26751:001;
26752:004;
26753:003;
26754:004;
26755:003;
26756:004;
26757:003;
26758:004;
26759:004;
26760:004;
26761:003;
26762:004;
26763:003;
26764:004;
26765:003;
26766:004;
26767:004;
26768:004;
26769:003;
26770:004;
26771:003;
26772:004;
26773:003;
26774:004;
26775:004;
26776:004;
26777:003;
26778:004;
26779:003;
26780:004;
26781:003;
26782:004;
26783:004;
26784:004;
26785:003;
26786:004;
26787:003;
26788:004;
26789:003;
26790:004;
26791:004;
26792:004;
26793:003;
26794:004;
26795:003;
26796:004;
26797:003;
26798:004;
26799:004;
26800:004;
26801:003;
26802:004;
26803:003;
26804:004;
26805:003;
26806:004;
26807:004;
26808:004;
26809:003;
26810:004;
26811:003;
26812:004;
26813:003;
26814:004;
26815:004;
26816:004;
26817:003;
26818:004;
26819:003;
26820:004;
26821:003;
26822:004;
26823:004;
26824:004;
26825:003;
26826:004;
26827:003;
26828:004;
26829:003;
26830:004;
26831:004;
26832:004;
26833:003;
26834:004;
26835:003;
26836:004;
26837:003;
26838:004;
26839:004;
26840:004;
26841:003;
26842:004;
26843:003;
26844:004;
26845:003;
26846:004;
26847:004;
26848:004;
26849:003;
26850:004;
26851:003;
26852:004;
26853:003;
26854:004;
26855:004;
26856:004;
26857:003;
26858:004;
26859:003;
26860:004;
26861:003;
26862:004;
26863:004;
26864:004;
26865:003;
26866:004;
26867:003;
26868:004;
26869:003;
26870:004;
26871:004;
26872:004;
26873:003;
26874:004;
26875:003;
26876:004;
26877:003;
26878:004;
26879:001;
26880:003;
26881:004;
26882:003;
26883:004;
26884:003;
26885:004;
26886:003;
26887:004;
26888:003;
26889:004;
26890:003;
26891:004;
26892:003;
26893:004;
26894:003;
26895:004;
26896:003;
26897:004;
26898:003;
26899:004;
26900:003;
26901:004;
26902:003;
26903:004;
26904:003;
26905:004;
26906:003;
26907:004;
26908:003;
26909:004;
26910:003;
26911:004;
26912:003;
26913:004;
26914:003;
26915:004;
26916:003;
26917:004;
26918:003;
26919:004;
26920:003;
26921:004;
26922:003;
26923:004;
26924:003;
26925:004;
26926:003;
26927:004;
26928:003;
26929:004;
26930:003;
26931:004;
26932:003;
26933:004;
26934:003;
26935:004;
26936:003;
26937:004;
26938:003;
26939:004;
26940:003;
26941:004;
26942:003;
26943:004;
26944:003;
26945:004;
26946:003;
26947:004;
26948:003;
26949:004;
26950:003;
26951:004;
26952:003;
26953:004;
26954:003;
26955:004;
26956:003;
26957:004;
26958:003;
26959:004;
26960:003;
26961:004;
26962:003;
26963:004;
26964:003;
26965:004;
26966:003;
26967:004;
26968:003;
26969:004;
26970:003;
26971:004;
26972:003;
26973:004;
26974:003;
26975:004;
26976:003;
26977:004;
26978:003;
26979:004;
26980:003;
26981:004;
26982:003;
26983:004;
26984:003;
26985:004;
26986:003;
26987:004;
26988:003;
26989:004;
26990:003;
26991:004;
26992:003;
26993:004;
26994:003;
26995:004;
26996:003;
26997:004;
26998:003;
26999:004;
27000:003;
27001:004;
27002:003;
27003:004;
27004:003;
27005:004;
27006:003;
27007:001;
27008:004;
27009:004;
27010:004;
27011:003;
27012:004;
27013:004;
27014:004;
27015:003;
27016:004;
27017:004;
27018:004;
27019:003;
27020:004;
27021:004;
27022:004;
27023:003;
27024:004;
27025:004;
27026:004;
27027:003;
27028:004;
27029:004;
27030:004;
27031:003;
27032:004;
27033:004;
27034:004;
27035:003;
27036:004;
27037:004;
27038:004;
27039:003;
27040:004;
27041:004;
27042:004;
27043:003;
27044:004;
27045:004;
27046:004;
27047:003;
27048:004;
27049:004;
27050:004;
27051:003;
27052:004;
27053:004;
27054:004;
27055:003;
27056:004;
27057:004;
27058:004;
27059:003;
27060:004;
27061:004;
27062:004;
27063:003;
27064:004;
27065:004;
27066:004;
27067:003;
27068:004;
27069:004;
27070:004;
27071:003;
27072:004;
27073:004;
27074:004;
27075:003;
27076:004;
27077:004;
27078:004;
27079:003;
27080:004;
27081:004;
27082:004;
27083:003;
27084:004;
27085:004;
27086:004;
27087:003;
27088:004;
27089:004;
27090:004;
27091:003;
27092:004;
27093:004;
27094:004;
27095:003;
27096:004;
27097:004;
27098:004;
27099:003;
27100:004;
27101:004;
27102:004;
27103:003;
27104:004;
27105:004;
27106:004;
27107:003;
27108:004;
27109:004;
27110:004;
27111:003;
27112:004;
27113:004;
27114:004;
27115:003;
27116:004;
27117:004;
27118:004;
27119:003;
27120:004;
27121:004;
27122:004;
27123:003;
27124:004;
27125:004;
27126:004;
27127:003;
27128:004;
27129:004;
27130:004;
27131:003;
27132:004;
27133:004;
27134:004;
27135:001;
27136:003;
27137:004;
27138:003;
27139:004;
27140:003;
27141:004;
27142:003;
27143:004;
27144:003;
27145:004;
27146:003;
27147:004;
27148:003;
27149:004;
27150:003;
27151:004;
27152:003;
27153:004;
27154:003;
27155:004;
27156:003;
27157:004;
27158:003;
27159:004;
27160:003;
27161:004;
27162:003;
27163:004;
27164:003;
27165:004;
27166:003;
27167:004;
27168:003;
27169:004;
27170:003;
27171:004;
27172:003;
27173:004;
27174:003;
27175:004;
27176:003;
27177:004;
27178:003;
27179:004;
27180:003;
27181:004;
27182:003;
27183:004;
27184:003;
27185:004;
27186:003;
27187:004;
27188:003;
27189:004;
27190:003;
27191:004;
27192:003;
27193:004;
27194:003;
27195:004;
27196:003;
27197:004;
27198:003;
27199:004;
27200:003;
27201:004;
27202:003;
27203:004;
27204:003;
27205:004;
27206:003;
27207:004;
27208:003;
27209:004;
27210:003;
27211:004;
27212:003;
27213:004;
27214:003;
27215:004;
27216:003;
27217:004;
27218:003;
27219:004;
27220:003;
27221:004;
27222:003;
27223:004;
27224:003;
27225:004;
27226:003;
27227:004;
27228:003;
27229:004;
27230:003;
27231:004;
27232:003;
27233:004;
27234:003;
27235:004;
27236:003;
27237:004;
27238:003;
27239:004;
27240:003;
27241:004;
27242:003;
27243:004;
27244:003;
27245:004;
27246:003;
27247:004;
27248:003;
27249:004;
27250:003;
27251:004;
27252:003;
27253:004;
27254:003;
27255:004;
27256:003;
27257:004;
27258:003;
27259:004;
27260:003;
27261:004;
27262:003;
27263:001;
27264:004;
27265:003;
27266:004;
27267:004;
27268:004;
27269:003;
27270:004;
27271:003;
27272:004;
27273:003;
27274:004;
27275:004;
27276:004;
27277:003;
27278:004;
27279:003;
27280:004;
27281:003;
27282:004;
27283:004;
27284:004;
27285:003;
27286:004;
27287:003;
27288:004;
27289:003;
27290:004;
27291:004;
27292:004;
27293:003;
27294:004;
27295:003;
27296:004;
27297:003;
27298:004;
27299:004;
27300:004;
27301:003;
27302:004;
27303:003;
27304:004;
27305:003;
27306:004;
27307:004;
27308:004;
27309:003;
27310:004;
27311:003;
27312:004;
27313:003;
27314:004;
27315:004;
27316:004;
27317:003;
27318:004;
27319:003;
27320:004;
27321:003;
27322:004;
27323:004;
27324:004;
27325:003;
27326:004;
27327:003;
27328:004;
27329:003;
27330:004;
27331:004;
27332:004;
27333:003;
27334:004;
27335:003;
27336:004;
27337:003;
27338:004;
27339:004;
27340:004;
27341:003;
27342:004;
27343:003;
27344:004;
27345:003;
27346:004;
27347:004;
27348:004;
27349:003;
27350:004;
27351:003;
27352:004;
27353:003;
27354:004;
27355:004;
27356:004;
27357:003;
27358:004;
27359:003;
27360:004;
27361:003;
27362:004;
27363:004;
27364:004;
27365:003;
27366:004;
27367:003;
27368:004;
27369:003;
27370:004;
27371:004;
27372:004;
27373:003;
27374:004;
27375:003;
27376:004;
27377:003;
27378:004;
27379:004;
27380:004;
27381:003;
27382:004;
27383:003;
27384:004;
27385:003;
27386:004;
27387:004;
27388:004;
27389:003;
27390:004;
27391:001;
27392:003;
27393:004;
27394:003;
27395:004;
27396:003;
27397:004;
27398:003;
27399:004;
27400:003;
27401:004;
27402:003;
27403:004;
27404:003;
27405:004;
27406:003;
27407:004;
27408:003;
27409:004;
27410:003;
27411:004;
27412:003;
27413:004;
27414:003;
27415:004;
27416:003;
27417:004;
27418:003;
27419:004;
27420:003;
27421:004;
27422:003;
27423:004;
27424:003;
27425:004;
27426:003;
27427:004;
27428:003;
27429:004;
27430:003;
27431:004;
27432:003;
27433:004;
27434:003;
27435:004;
27436:003;
27437:004;
27438:003;
27439:004;
27440:003;
27441:004;
27442:003;
27443:004;
27444:003;
27445:004;
27446:003;
27447:004;
27448:003;
27449:004;
27450:003;
27451:004;
27452:003;
27453:004;
27454:003;
27455:004;
27456:003;
27457:004;
27458:003;
27459:004;
27460:003;
27461:004;
27462:003;
27463:004;
27464:003;
27465:004;
27466:003;
27467:004;
27468:003;
27469:004;
27470:003;
27471:004;
27472:003;
27473:004;
27474:003;
27475:004;
27476:003;
27477:004;
27478:003;
27479:004;
27480:003;
27481:004;
27482:003;
27483:004;
27484:003;
27485:004;
27486:003;
27487:004;
27488:003;
27489:004;
27490:003;
27491:004;
27492:003;
27493:004;
27494:003;
27495:004;
27496:003;
27497:004;
27498:003;
27499:004;
27500:003;
27501:004;
27502:003;
27503:004;
27504:003;
27505:004;
27506:003;
27507:004;
27508:003;
27509:004;
27510:003;
27511:004;
27512:003;
27513:004;
27514:003;
27515:004;
27516:003;
27517:004;
27518:003;
27519:001;
27520:004;
27521:004;
27522:004;
27523:003;
27524:004;
27525:004;
27526:004;
27527:003;
27528:004;
27529:004;
27530:004;
27531:003;
27532:004;
27533:004;
27534:004;
27535:003;
27536:004;
27537:004;
27538:004;
27539:003;
27540:004;
27541:004;
27542:004;
27543:003;
27544:004;
27545:004;
27546:004;
27547:003;
27548:004;
27549:004;
27550:004;
27551:003;
27552:004;
27553:004;
27554:004;
27555:003;
27556:004;
27557:004;
27558:004;
27559:003;
27560:004;
27561:004;
27562:004;
27563:003;
27564:004;
27565:004;
27566:004;
27567:003;
27568:004;
27569:004;
27570:004;
27571:003;
27572:004;
27573:004;
27574:004;
27575:003;
27576:004;
27577:004;
27578:004;
27579:003;
27580:004;
27581:004;
27582:004;
27583:003;
27584:004;
27585:004;
27586:004;
27587:003;
27588:004;
27589:004;
27590:004;
27591:003;
27592:004;
27593:004;
27594:004;
27595:003;
27596:004;
27597:004;
27598:004;
27599:003;
27600:004;
27601:004;
27602:004;
27603:003;
27604:004;
27605:004;
27606:004;
27607:003;
27608:004;
27609:004;
27610:004;
27611:003;
27612:004;
27613:004;
27614:004;
27615:003;
27616:004;
27617:004;
27618:004;
27619:003;
27620:004;
27621:004;
27622:004;
27623:003;
27624:004;
27625:004;
27626:004;
27627:003;
27628:004;
27629:004;
27630:004;
27631:003;
27632:004;
27633:004;
27634:004;
27635:003;
27636:004;
27637:004;
27638:004;
27639:003;
27640:004;
27641:004;
27642:004;
27643:003;
27644:004;
27645:004;
27646:004;
27647:001;
27648:003;
27649:004;
27650:003;
27651:004;
27652:003;
27653:004;
27654:003;
27655:004;
27656:003;
27657:004;
27658:003;
27659:004;
27660:003;
27661:004;
27662:003;
27663:004;
27664:003;
27665:004;
27666:003;
27667:004;
27668:003;
27669:004;
27670:003;
27671:004;
27672:003;
27673:004;
27674:003;
27675:004;
27676:003;
27677:004;
27678:003;
27679:004;
27680:003;
27681:004;
27682:003;
27683:004;
27684:003;
27685:004;
27686:003;
27687:004;
27688:003;
27689:004;
27690:003;
27691:004;
27692:003;
27693:004;
27694:003;
27695:004;
27696:003;
27697:004;
27698:003;
27699:004;
27700:003;
27701:004;
27702:003;
27703:004;
27704:003;
27705:004;
27706:003;
27707:004;
27708:003;
27709:004;
27710:003;
27711:004;
27712:003;
27713:004;
27714:003;
27715:004;
27716:003;
27717:004;
27718:003;
27719:004;
27720:003;
27721:004;
27722:003;
27723:004;
27724:003;
27725:004;
27726:003;
27727:004;
27728:003;
27729:004;
27730:003;
27731:004;
27732:003;
27733:004;
27734:003;
27735:004;
27736:003;
27737:004;
27738:003;
27739:004;
27740:003;
27741:004;
27742:003;
27743:004;
27744:003;
27745:004;
27746:003;
27747:004;
27748:003;
27749:004;
27750:003;
27751:004;
27752:003;
27753:004;
27754:003;
27755:004;
27756:003;
27757:004;
27758:003;
27759:004;
27760:003;
27761:004;
27762:003;
27763:004;
27764:003;
27765:004;
27766:003;
27767:004;
27768:003;
27769:004;
27770:003;
27771:004;
27772:003;
27773:004;
27774:003;
27775:001;
27776:005;
27777:005;
27778:005;
27779:005;
27780:005;
27781:005;
27782:005;
27783:005;
27784:005;
27785:005;
27786:005;
27787:005;
27788:005;
27789:005;
27790:005;
27791:005;
27792:005;
27793:005;
27794:005;
27795:005;
27796:005;
27797:005;
27798:005;
27799:005;
27800:005;
27801:005;
27802:005;
27803:005;
27804:005;
27805:005;
27806:005;
27807:005;
27808:005;
27809:005;
27810:005;
27811:005;
27812:005;
27813:005;
27814:005;
27815:005;
27816:005;
27817:005;
27818:005;
27819:005;
27820:005;
27821:005;
27822:005;
27823:005;
27824:005;
27825:005;
27826:005;
27827:005;
27828:005;
27829:005;
27830:005;
27831:005;
27832:005;
27833:005;
27834:005;
27835:005;
27836:005;
27837:005;
27838:005;
27839:005;
27840:005;
27841:005;
27842:005;
27843:005;
27844:005;
27845:005;
27846:005;
27847:005;
27848:005;
27849:005;
27850:005;
27851:005;
27852:005;
27853:005;
27854:005;
27855:005;
27856:005;
27857:005;
27858:005;
27859:005;
27860:005;
27861:005;
27862:005;
27863:005;
27864:005;
27865:005;
27866:005;
27867:005;
27868:005;
27869:005;
27870:005;
27871:005;
27872:005;
27873:005;
27874:005;
27875:005;
27876:005;
27877:005;
27878:005;
27879:005;
27880:005;
27881:005;
27882:005;
27883:005;
27884:005;
27885:005;
27886:005;
27887:005;
27888:005;
27889:005;
27890:005;
27891:005;
27892:005;
27893:005;
27894:005;
27895:005;
27896:005;
27897:005;
27898:005;
27899:005;
27900:005;
27901:005;
27902:005;
27903:001;
27904:005;
27905:005;
27906:005;
27907:005;
27908:005;
27909:005;
27910:005;
27911:005;
27912:005;
27913:005;
27914:005;
27915:005;
27916:005;
27917:005;
27918:005;
27919:005;
27920:005;
27921:005;
27922:005;
27923:005;
27924:005;
27925:005;
27926:005;
27927:005;
27928:005;
27929:005;
27930:005;
27931:005;
27932:005;
27933:005;
27934:005;
27935:005;
27936:005;
27937:005;
27938:005;
27939:005;
27940:005;
27941:005;
27942:005;
27943:005;
27944:005;
27945:005;
27946:005;
27947:005;
27948:005;
27949:005;
27950:005;
27951:005;
27952:005;
27953:005;
27954:005;
27955:005;
27956:005;
27957:005;
27958:005;
27959:005;
27960:005;
27961:005;
27962:005;
27963:005;
27964:005;
27965:005;
27966:005;
27967:005;
27968:005;
27969:005;
27970:005;
27971:005;
27972:005;
27973:005;
27974:005;
27975:005;
27976:005;
27977:005;
27978:005;
27979:005;
27980:005;
27981:005;
27982:005;
27983:005;
27984:005;
27985:005;
27986:005;
27987:005;
27988:005;
27989:005;
27990:005;
27991:005;
27992:005;
27993:005;
27994:005;
27995:005;
27996:005;
27997:005;
27998:005;
27999:005;
28000:005;
28001:005;
28002:005;
28003:005;
28004:005;
28005:005;
28006:005;
28007:005;
28008:005;
28009:005;
28010:005;
28011:005;
28012:005;
28013:005;
28014:005;
28015:005;
28016:005;
28017:005;
28018:005;
28019:005;
28020:005;
28021:005;
28022:005;
28023:005;
28024:005;
28025:005;
28026:005;
28027:005;
28028:005;
28029:005;
28030:005;
28031:001;
28032:005;
28033:005;
28034:005;
28035:005;
28036:005;
28037:005;
28038:005;
28039:005;
28040:005;
28041:005;
28042:005;
28043:005;
28044:005;
28045:005;
28046:005;
28047:005;
28048:005;
28049:005;
28050:005;
28051:005;
28052:005;
28053:005;
28054:005;
28055:005;
28056:005;
28057:005;
28058:005;
28059:005;
28060:005;
28061:005;
28062:005;
28063:005;
28064:005;
28065:005;
28066:005;
28067:005;
28068:005;
28069:005;
28070:005;
28071:005;
28072:005;
28073:005;
28074:005;
28075:005;
28076:005;
28077:005;
28078:005;
28079:005;
28080:005;
28081:005;
28082:005;
28083:005;
28084:005;
28085:005;
28086:005;
28087:005;
28088:005;
28089:005;
28090:005;
28091:005;
28092:005;
28093:005;
28094:005;
28095:005;
28096:005;
28097:005;
28098:005;
28099:005;
28100:005;
28101:005;
28102:005;
28103:005;
28104:005;
28105:005;
28106:005;
28107:005;
28108:005;
28109:005;
28110:005;
28111:005;
28112:005;
28113:005;
28114:005;
28115:005;
28116:005;
28117:005;
28118:005;
28119:005;
28120:005;
28121:005;
28122:005;
28123:005;
28124:005;
28125:005;
28126:005;
28127:005;
28128:005;
28129:005;
28130:005;
28131:005;
28132:005;
28133:005;
28134:005;
28135:005;
28136:005;
28137:005;
28138:005;
28139:005;
28140:005;
28141:005;
28142:005;
28143:005;
28144:005;
28145:005;
28146:005;
28147:005;
28148:005;
28149:005;
28150:005;
28151:005;
28152:005;
28153:005;
28154:005;
28155:005;
28156:005;
28157:005;
28158:005;
28159:001;
28160:006;
28161:005;
28162:006;
28163:005;
28164:006;
28165:005;
28166:006;
28167:005;
28168:006;
28169:005;
28170:006;
28171:005;
28172:006;
28173:005;
28174:006;
28175:005;
28176:006;
28177:005;
28178:006;
28179:005;
28180:006;
28181:005;
28182:006;
28183:005;
28184:006;
28185:005;
28186:006;
28187:005;
28188:006;
28189:005;
28190:006;
28191:005;
28192:006;
28193:005;
28194:006;
28195:005;
28196:006;
28197:005;
28198:006;
28199:005;
28200:006;
28201:005;
28202:006;
28203:005;
28204:006;
28205:005;
28206:006;
28207:005;
28208:006;
28209:005;
28210:006;
28211:005;
28212:006;
28213:005;
28214:006;
28215:005;
28216:006;
28217:005;
28218:006;
28219:005;
28220:006;
28221:005;
28222:006;
28223:005;
28224:006;
28225:005;
28226:006;
28227:005;
28228:006;
28229:005;
28230:006;
28231:005;
28232:006;
28233:005;
28234:006;
28235:005;
28236:006;
28237:005;
28238:006;
28239:005;
28240:006;
28241:005;
28242:006;
28243:005;
28244:006;
28245:005;
28246:006;
28247:005;
28248:006;
28249:005;
28250:006;
28251:005;
28252:006;
28253:005;
28254:006;
28255:005;
28256:006;
28257:005;
28258:006;
28259:005;
28260:006;
28261:005;
28262:006;
28263:005;
28264:006;
28265:005;
28266:006;
28267:005;
28268:006;
28269:005;
28270:006;
28271:005;
28272:006;
28273:005;
28274:006;
28275:005;
28276:006;
28277:005;
28278:006;
28279:005;
28280:006;
28281:005;
28282:006;
28283:005;
28284:006;
28285:005;
28286:006;
28287:001;
28288:004;
28289:003;
28290:004;
28291:003;
28292:004;
28293:003;
28294:004;
28295:003;
28296:004;
28297:003;
28298:004;
28299:003;
28300:004;
28301:003;
28302:004;
28303:003;
28304:004;
28305:003;
28306:004;
28307:003;
28308:004;
28309:003;
28310:004;
28311:003;
28312:004;
28313:003;
28314:004;
28315:003;
28316:004;
28317:003;
28318:004;
28319:003;
28320:004;
28321:003;
28322:004;
28323:003;
28324:004;
28325:003;
28326:004;
28327:003;
28328:004;
28329:003;
28330:004;
28331:003;
28332:004;
28333:003;
28334:004;
28335:003;
28336:004;
28337:003;
28338:004;
28339:003;
28340:004;
28341:003;
28342:004;
28343:003;
28344:004;
28345:003;
28346:004;
28347:003;
28348:004;
28349:003;
28350:004;
28351:003;
28352:004;
28353:003;
28354:004;
28355:003;
28356:004;
28357:003;
28358:004;
28359:003;
28360:004;
28361:003;
28362:004;
28363:003;
28364:004;
28365:003;
28366:004;
28367:003;
28368:004;
28369:003;
28370:004;
28371:003;
28372:004;
28373:003;
28374:004;
28375:003;
28376:004;
28377:003;
28378:004;
28379:003;
28380:004;
28381:003;
28382:004;
28383:003;
28384:004;
28385:003;
28386:004;
28387:003;
28388:004;
28389:003;
28390:004;
28391:003;
28392:004;
28393:003;
28394:004;
28395:003;
28396:004;
28397:003;
28398:004;
28399:003;
28400:004;
28401:003;
28402:004;
28403:003;
28404:004;
28405:003;
28406:004;
28407:003;
28408:004;
28409:003;
28410:004;
28411:003;
28412:004;
28413:003;
28414:004;
28415:001;
28416:003;
28417:004;
28418:003;
28419:004;
28420:003;
28421:004;
28422:003;
28423:004;
28424:003;
28425:004;
28426:003;
28427:004;
28428:003;
28429:004;
28430:003;
28431:004;
28432:003;
28433:004;
28434:003;
28435:004;
28436:003;
28437:004;
28438:003;
28439:004;
28440:003;
28441:004;
28442:003;
28443:004;
28444:003;
28445:004;
28446:003;
28447:004;
28448:003;
28449:004;
28450:003;
28451:004;
28452:003;
28453:004;
28454:003;
28455:004;
28456:003;
28457:004;
28458:003;
28459:004;
28460:003;
28461:004;
28462:003;
28463:004;
28464:003;
28465:004;
28466:003;
28467:004;
28468:003;
28469:004;
28470:003;
28471:004;
28472:003;
28473:004;
28474:003;
28475:004;
28476:003;
28477:004;
28478:003;
28479:004;
28480:003;
28481:004;
28482:003;
28483:004;
28484:003;
28485:004;
28486:003;
28487:004;
28488:003;
28489:004;
28490:003;
28491:004;
28492:003;
28493:004;
28494:003;
28495:004;
28496:003;
28497:004;
28498:003;
28499:004;
28500:003;
28501:004;
28502:003;
28503:004;
28504:003;
28505:004;
28506:003;
28507:004;
28508:003;
28509:004;
28510:003;
28511:004;
28512:003;
28513:004;
28514:003;
28515:004;
28516:003;
28517:004;
28518:003;
28519:004;
28520:003;
28521:004;
28522:003;
28523:004;
28524:003;
28525:004;
28526:003;
28527:004;
28528:003;
28529:004;
28530:003;
28531:004;
28532:003;
28533:004;
28534:003;
28535:004;
28536:003;
28537:004;
28538:003;
28539:004;
28540:003;
28541:004;
28542:003;
28543:001;
28544:005;
28545:005;
28546:005;
28547:006;
28548:005;
28549:005;
28550:005;
28551:006;
28552:005;
28553:005;
28554:005;
28555:006;
28556:005;
28557:005;
28558:005;
28559:006;
28560:005;
28561:005;
28562:005;
28563:006;
28564:005;
28565:005;
28566:005;
28567:006;
28568:005;
28569:005;
28570:005;
28571:006;
28572:005;
28573:005;
28574:005;
28575:006;
28576:005;
28577:005;
28578:005;
28579:006;
28580:005;
28581:005;
28582:005;
28583:006;
28584:005;
28585:005;
28586:005;
28587:006;
28588:005;
28589:005;
28590:005;
28591:006;
28592:005;
28593:005;
28594:005;
28595:006;
28596:005;
28597:005;
28598:005;
28599:006;
28600:005;
28601:005;
28602:005;
28603:006;
28604:005;
28605:005;
28606:005;
28607:006;
28608:005;
28609:005;
28610:005;
28611:006;
28612:005;
28613:005;
28614:005;
28615:006;
28616:005;
28617:005;
28618:005;
28619:006;
28620:005;
28621:005;
28622:005;
28623:006;
28624:005;
28625:005;
28626:005;
28627:006;
28628:005;
28629:005;
28630:005;
28631:006;
28632:005;
28633:005;
28634:005;
28635:006;
28636:005;
28637:005;
28638:005;
28639:006;
28640:005;
28641:005;
28642:005;
28643:006;
28644:005;
28645:005;
28646:005;
28647:006;
28648:005;
28649:005;
28650:005;
28651:006;
28652:005;
28653:005;
28654:005;
28655:006;
28656:005;
28657:005;
28658:005;
28659:006;
28660:005;
28661:005;
28662:005;
28663:006;
28664:005;
28665:005;
28666:005;
28667:006;
28668:005;
28669:005;
28670:005;
28671:001;
28672:006;
28673:005;
28674:006;
28675:005;
28676:006;
28677:005;
28678:006;
28679:005;
28680:006;
28681:005;
28682:006;
28683:005;
28684:006;
28685:005;
28686:006;
28687:005;
28688:006;
28689:005;
28690:006;
28691:005;
28692:006;
28693:005;
28694:006;
28695:005;
28696:006;
28697:005;
28698:006;
28699:005;
28700:006;
28701:005;
28702:006;
28703:005;
28704:006;
28705:005;
28706:006;
28707:005;
28708:006;
28709:005;
28710:006;
28711:005;
28712:006;
28713:005;
28714:006;
28715:005;
28716:006;
28717:005;
28718:006;
28719:005;
28720:006;
28721:005;
28722:006;
28723:005;
28724:006;
28725:005;
28726:006;
28727:005;
28728:006;
28729:005;
28730:006;
28731:005;
28732:006;
28733:005;
28734:006;
28735:005;
28736:006;
28737:005;
28738:006;
28739:005;
28740:006;
28741:005;
28742:006;
28743:005;
28744:006;
28745:005;
28746:006;
28747:005;
28748:006;
28749:005;
28750:006;
28751:005;
28752:006;
28753:005;
28754:006;
28755:005;
28756:006;
28757:005;
28758:006;
28759:005;
28760:006;
28761:005;
28762:006;
28763:005;
28764:006;
28765:005;
28766:006;
28767:005;
28768:006;
28769:005;
28770:006;
28771:005;
28772:006;
28773:005;
28774:006;
28775:005;
28776:006;
28777:005;
28778:006;
28779:005;
28780:006;
28781:005;
28782:006;
28783:005;
28784:006;
28785:005;
28786:006;
28787:005;
28788:006;
28789:005;
28790:006;
28791:005;
28792:006;
28793:005;
28794:006;
28795:005;
28796:006;
28797:005;
28798:006;
28799:001;
28800:005;
28801:006;
28802:005;
28803:006;
28804:005;
28805:006;
28806:005;
28807:006;
28808:005;
28809:006;
28810:005;
28811:006;
28812:005;
28813:006;
28814:005;
28815:006;
28816:005;
28817:006;
28818:005;
28819:006;
28820:005;
28821:006;
28822:005;
28823:006;
28824:005;
28825:006;
28826:005;
28827:006;
28828:005;
28829:006;
28830:005;
28831:006;
28832:005;
28833:006;
28834:005;
28835:006;
28836:005;
28837:006;
28838:005;
28839:006;
28840:005;
28841:006;
28842:005;
28843:006;
28844:005;
28845:006;
28846:005;
28847:006;
28848:005;
28849:006;
28850:005;
28851:006;
28852:005;
28853:006;
28854:005;
28855:006;
28856:005;
28857:006;
28858:005;
28859:006;
28860:005;
28861:006;
28862:005;
28863:006;
28864:005;
28865:006;
28866:005;
28867:006;
28868:005;
28869:006;
28870:005;
28871:006;
28872:005;
28873:006;
28874:005;
28875:006;
28876:005;
28877:006;
28878:005;
28879:006;
28880:005;
28881:006;
28882:005;
28883:006;
28884:005;
28885:006;
28886:005;
28887:006;
28888:005;
28889:006;
28890:005;
28891:006;
28892:005;
28893:006;
28894:005;
28895:006;
28896:005;
28897:006;
28898:005;
28899:006;
28900:005;
28901:006;
28902:005;
28903:006;
28904:005;
28905:006;
28906:005;
28907:006;
28908:005;
28909:006;
28910:005;
28911:006;
28912:005;
28913:006;
28914:005;
28915:006;
28916:005;
28917:006;
28918:005;
28919:006;
28920:005;
28921:006;
28922:005;
28923:006;
28924:005;
28925:006;
28926:005;
28927:001;
28928:006;
28929:005;
28930:006;
28931:006;
28932:006;
28933:005;
28934:006;
28935:006;
28936:006;
28937:005;
28938:006;
28939:006;
28940:006;
28941:005;
28942:006;
28943:006;
28944:006;
28945:005;
28946:006;
28947:006;
28948:006;
28949:005;
28950:006;
28951:006;
28952:006;
28953:005;
28954:006;
28955:006;
28956:006;
28957:005;
28958:006;
28959:006;
28960:006;
28961:005;
28962:006;
28963:006;
28964:006;
28965:005;
28966:006;
28967:006;
28968:006;
28969:005;
28970:006;
28971:006;
28972:006;
28973:005;
28974:006;
28975:006;
28976:006;
28977:005;
28978:006;
28979:006;
28980:006;
28981:005;
28982:006;
28983:006;
28984:006;
28985:005;
28986:006;
28987:006;
28988:006;
28989:005;
28990:006;
28991:006;
28992:006;
28993:005;
28994:006;
28995:006;
28996:006;
28997:005;
28998:006;
28999:006;
29000:006;
29001:005;
29002:006;
29003:006;
29004:006;
29005:005;
29006:006;
29007:006;
29008:006;
29009:005;
29010:006;
29011:006;
29012:006;
29013:005;
29014:006;
29015:006;
29016:006;
29017:005;
29018:006;
29019:006;
29020:006;
29021:005;
29022:006;
29023:006;
29024:006;
29025:005;
29026:006;
29027:006;
29028:006;
29029:005;
29030:006;
29031:006;
29032:006;
29033:005;
29034:006;
29035:006;
29036:006;
29037:005;
29038:006;
29039:006;
29040:006;
29041:005;
29042:006;
29043:006;
29044:006;
29045:005;
29046:006;
29047:006;
29048:006;
29049:005;
29050:006;
29051:006;
29052:006;
29053:005;
29054:006;
29055:001;
29056:005;
29057:006;
29058:005;
29059:006;
29060:005;
29061:006;
29062:005;
29063:006;
29064:005;
29065:006;
29066:005;
29067:006;
29068:005;
29069:006;
29070:005;
29071:006;
29072:005;
29073:006;
29074:005;
29075:006;
29076:005;
29077:006;
29078:005;
29079:006;
29080:005;
29081:006;
29082:005;
29083:006;
29084:005;
29085:006;
29086:005;
29087:006;
29088:005;
29089:006;
29090:005;
29091:006;
29092:005;
29093:006;
29094:005;
29095:006;
29096:005;
29097:006;
29098:005;
29099:006;
29100:005;
29101:006;
29102:005;
29103:006;
29104:005;
29105:006;
29106:005;
29107:006;
29108:005;
29109:006;
29110:005;
29111:006;
29112:005;
29113:006;
29114:005;
29115:006;
29116:005;
29117:006;
29118:005;
29119:006;
29120:005;
29121:006;
29122:005;
29123:006;
29124:005;
29125:006;
29126:005;
29127:006;
29128:005;
29129:006;
29130:005;
29131:006;
29132:005;
29133:006;
29134:005;
29135:006;
29136:005;
29137:006;
29138:005;
29139:006;
29140:005;
29141:006;
29142:005;
29143:006;
29144:005;
29145:006;
29146:005;
29147:006;
29148:005;
29149:006;
29150:005;
29151:006;
29152:005;
29153:006;
29154:005;
29155:006;
29156:005;
29157:006;
29158:005;
29159:006;
29160:005;
29161:006;
29162:005;
29163:006;
29164:005;
29165:006;
29166:005;
29167:006;
29168:005;
29169:006;
29170:005;
29171:006;
29172:005;
29173:006;
29174:005;
29175:006;
29176:005;
29177:006;
29178:005;
29179:006;
29180:005;
29181:006;
29182:005;
29183:001;
29184:006;
29185:006;
29186:006;
29187:006;
29188:006;
29189:006;
29190:006;
29191:006;
29192:006;
29193:006;
29194:006;
29195:006;
29196:006;
29197:006;
29198:006;
29199:006;
29200:006;
29201:006;
29202:006;
29203:006;
29204:006;
29205:006;
29206:006;
29207:006;
29208:006;
29209:006;
29210:006;
29211:006;
29212:006;
29213:006;
29214:006;
29215:006;
29216:006;
29217:006;
29218:006;
29219:006;
29220:006;
29221:006;
29222:006;
29223:006;
29224:006;
29225:006;
29226:006;
29227:006;
29228:006;
29229:006;
29230:006;
29231:006;
29232:006;
29233:006;
29234:006;
29235:006;
29236:006;
29237:006;
29238:006;
29239:006;
29240:006;
29241:006;
29242:006;
29243:006;
29244:006;
29245:006;
29246:006;
29247:006;
29248:006;
29249:006;
29250:006;
29251:006;
29252:006;
29253:006;
29254:006;
29255:006;
29256:006;
29257:006;
29258:006;
29259:006;
29260:006;
29261:006;
29262:006;
29263:006;
29264:006;
29265:006;
29266:006;
29267:006;
29268:006;
29269:006;
29270:006;
29271:006;
29272:006;
29273:006;
29274:006;
29275:006;
29276:006;
29277:006;
29278:006;
29279:006;
29280:006;
29281:006;
29282:006;
29283:006;
29284:006;
29285:006;
29286:006;
29287:006;
29288:006;
29289:006;
29290:006;
29291:006;
29292:006;
29293:006;
29294:006;
29295:006;
29296:006;
29297:006;
29298:006;
29299:006;
29300:006;
29301:006;
29302:006;
29303:006;
29304:006;
29305:006;
29306:006;
29307:006;
29308:006;
29309:006;
29310:006;
29311:001;
29312:006;
29313:006;
29314:005;
29315:006;
29316:006;
29317:006;
29318:005;
29319:006;
29320:006;
29321:006;
29322:005;
29323:006;
29324:006;
29325:006;
29326:005;
29327:006;
29328:006;
29329:006;
29330:005;
29331:006;
29332:006;
29333:006;
29334:005;
29335:006;
29336:006;
29337:006;
29338:005;
29339:006;
29340:006;
29341:006;
29342:005;
29343:006;
29344:006;
29345:006;
29346:005;
29347:006;
29348:006;
29349:006;
29350:005;
29351:006;
29352:006;
29353:006;
29354:005;
29355:006;
29356:006;
29357:006;
29358:005;
29359:006;
29360:006;
29361:006;
29362:005;
29363:006;
29364:006;
29365:006;
29366:005;
29367:006;
29368:006;
29369:006;
29370:005;
29371:006;
29372:006;
29373:006;
29374:005;
29375:006;
29376:006;
29377:006;
29378:005;
29379:006;
29380:006;
29381:006;
29382:005;
29383:006;
29384:006;
29385:006;
29386:005;
29387:006;
29388:006;
29389:006;
29390:005;
29391:006;
29392:006;
29393:006;
29394:005;
29395:006;
29396:006;
29397:006;
29398:005;
29399:006;
29400:006;
29401:006;
29402:005;
29403:006;
29404:006;
29405:006;
29406:005;
29407:006;
29408:006;
29409:006;
29410:005;
29411:006;
29412:006;
29413:006;
29414:005;
29415:006;
29416:006;
29417:006;
29418:005;
29419:006;
29420:006;
29421:006;
29422:005;
29423:006;
29424:006;
29425:006;
29426:005;
29427:006;
29428:006;
29429:006;
29430:005;
29431:006;
29432:006;
29433:006;
29434:005;
29435:006;
29436:006;
29437:006;
29438:005;
29439:001;
29440:006;
29441:006;
29442:006;
29443:006;
29444:006;
29445:006;
29446:006;
29447:006;
29448:006;
29449:006;
29450:006;
29451:006;
29452:006;
29453:006;
29454:006;
29455:006;
29456:006;
29457:006;
29458:006;
29459:006;
29460:006;
29461:006;
29462:006;
29463:006;
29464:006;
29465:006;
29466:006;
29467:006;
29468:006;
29469:006;
29470:006;
29471:006;
29472:006;
29473:006;
29474:006;
29475:006;
29476:006;
29477:006;
29478:006;
29479:006;
29480:006;
29481:006;
29482:006;
29483:006;
29484:006;
29485:006;
29486:006;
29487:006;
29488:006;
29489:006;
29490:006;
29491:006;
29492:006;
29493:006;
29494:006;
29495:006;
29496:006;
29497:006;
29498:006;
29499:006;
29500:006;
29501:006;
29502:006;
29503:006;
29504:006;
29505:006;
29506:006;
29507:006;
29508:006;
29509:006;
29510:006;
29511:006;
29512:006;
29513:006;
29514:006;
29515:006;
29516:006;
29517:006;
29518:006;
29519:006;
29520:006;
29521:006;
29522:006;
29523:006;
29524:006;
29525:006;
29526:006;
29527:006;
29528:006;
29529:006;
29530:006;
29531:006;
29532:006;
29533:006;
29534:006;
29535:006;
29536:006;
29537:006;
29538:006;
29539:006;
29540:006;
29541:006;
29542:006;
29543:006;
29544:006;
29545:006;
29546:006;
29547:006;
29548:006;
29549:006;
29550:006;
29551:006;
29552:006;
29553:006;
29554:006;
29555:006;
29556:006;
29557:006;
29558:006;
29559:006;
29560:006;
29561:006;
29562:006;
29563:006;
29564:006;
29565:006;
29566:006;
29567:001;
29568:005;
29569:006;
29570:006;
29571:006;
29572:005;
29573:006;
29574:006;
29575:006;
29576:005;
29577:006;
29578:006;
29579:006;
29580:005;
29581:006;
29582:006;
29583:006;
29584:005;
29585:006;
29586:006;
29587:006;
29588:005;
29589:006;
29590:006;
29591:006;
29592:005;
29593:006;
29594:006;
29595:006;
29596:005;
29597:006;
29598:006;
29599:006;
29600:005;
29601:006;
29602:006;
29603:006;
29604:005;
29605:006;
29606:006;
29607:006;
29608:005;
29609:006;
29610:006;
29611:006;
29612:005;
29613:006;
29614:006;
29615:006;
29616:005;
29617:006;
29618:006;
29619:006;
29620:005;
29621:006;
29622:006;
29623:006;
29624:005;
29625:006;
29626:006;
29627:006;
29628:005;
29629:006;
29630:006;
29631:006;
29632:005;
29633:006;
29634:006;
29635:006;
29636:005;
29637:006;
29638:006;
29639:006;
29640:005;
29641:006;
29642:006;
29643:006;
29644:005;
29645:006;
29646:006;
29647:006;
29648:005;
29649:006;
29650:006;
29651:006;
29652:005;
29653:006;
29654:006;
29655:006;
29656:005;
29657:006;
29658:006;
29659:006;
29660:005;
29661:006;
29662:006;
29663:006;
29664:005;
29665:006;
29666:006;
29667:006;
29668:005;
29669:006;
29670:006;
29671:006;
29672:005;
29673:006;
29674:006;
29675:006;
29676:005;
29677:006;
29678:006;
29679:006;
29680:005;
29681:006;
29682:006;
29683:006;
29684:005;
29685:006;
29686:006;
29687:006;
29688:005;
29689:006;
29690:006;
29691:006;
29692:005;
29693:006;
29694:006;
29695:001;
29696:006;
29697:006;
29698:006;
29699:006;
29700:006;
29701:006;
29702:006;
29703:006;
29704:006;
29705:006;
29706:006;
29707:006;
29708:006;
29709:006;
29710:006;
29711:006;
29712:006;
29713:006;
29714:006;
29715:006;
29716:006;
29717:006;
29718:006;
29719:006;
29720:006;
29721:006;
29722:006;
29723:006;
29724:006;
29725:006;
29726:006;
29727:006;
29728:006;
29729:006;
29730:006;
29731:006;
29732:006;
29733:006;
29734:006;
29735:006;
29736:006;
29737:006;
29738:006;
29739:006;
29740:006;
29741:006;
29742:006;
29743:006;
29744:006;
29745:006;
29746:006;
29747:006;
29748:006;
29749:006;
29750:006;
29751:006;
29752:006;
29753:006;
29754:006;
29755:006;
29756:006;
29757:006;
29758:006;
29759:006;
29760:006;
29761:006;
29762:006;
29763:006;
29764:006;
29765:006;
29766:006;
29767:006;
29768:006;
29769:006;
29770:006;
29771:006;
29772:006;
29773:006;
29774:006;
29775:006;
29776:006;
29777:006;
29778:006;
29779:006;
29780:006;
29781:006;
29782:006;
29783:006;
29784:006;
29785:006;
29786:006;
29787:006;
29788:006;
29789:006;
29790:006;
29791:006;
29792:006;
29793:006;
29794:006;
29795:006;
29796:006;
29797:006;
29798:006;
29799:006;
29800:006;
29801:006;
29802:006;
29803:006;
29804:006;
29805:006;
29806:006;
29807:006;
29808:006;
29809:006;
29810:006;
29811:006;
29812:006;
29813:006;
29814:006;
29815:006;
29816:006;
29817:006;
29818:006;
29819:006;
29820:006;
29821:006;
29822:006;
29823:001;
29824:004;
29825:003;
29826:004;
29827:003;
29828:004;
29829:003;
29830:004;
29831:003;
29832:004;
29833:003;
29834:004;
29835:003;
29836:004;
29837:003;
29838:004;
29839:003;
29840:004;
29841:003;
29842:004;
29843:003;
29844:004;
29845:003;
29846:004;
29847:003;
29848:004;
29849:003;
29850:004;
29851:003;
29852:004;
29853:003;
29854:004;
29855:003;
29856:004;
29857:003;
29858:004;
29859:003;
29860:004;
29861:003;
29862:004;
29863:003;
29864:004;
29865:003;
29866:004;
29867:003;
29868:004;
29869:003;
29870:004;
29871:003;
29872:004;
29873:003;
29874:004;
29875:003;
29876:004;
29877:003;
29878:004;
29879:003;
29880:004;
29881:003;
29882:004;
29883:003;
29884:004;
29885:003;
29886:004;
29887:003;
29888:004;
29889:003;
29890:004;
29891:003;
29892:004;
29893:003;
29894:004;
29895:003;
29896:004;
29897:003;
29898:004;
29899:003;
29900:004;
29901:003;
29902:004;
29903:003;
29904:004;
29905:003;
29906:004;
29907:003;
29908:004;
29909:003;
29910:004;
29911:003;
29912:004;
29913:003;
29914:004;
29915:003;
29916:004;
29917:003;
29918:004;
29919:003;
29920:004;
29921:003;
29922:004;
29923:003;
29924:004;
29925:003;
29926:004;
29927:003;
29928:004;
29929:003;
29930:004;
29931:003;
29932:004;
29933:003;
29934:004;
29935:003;
29936:004;
29937:003;
29938:004;
29939:003;
29940:004;
29941:003;
29942:004;
29943:003;
29944:004;
29945:003;
29946:004;
29947:003;
29948:004;
29949:003;
29950:004;
29951:001;
29952:003;
29953:004;
29954:003;
29955:004;
29956:003;
29957:004;
29958:003;
29959:004;
29960:003;
29961:004;
29962:003;
29963:004;
29964:003;
29965:004;
29966:003;
29967:004;
29968:003;
29969:004;
29970:003;
29971:004;
29972:003;
29973:004;
29974:003;
29975:004;
29976:003;
29977:004;
29978:003;
29979:004;
29980:003;
29981:004;
29982:003;
29983:004;
29984:003;
29985:004;
29986:003;
29987:004;
29988:003;
29989:004;
29990:003;
29991:004;
29992:003;
29993:004;
29994:003;
29995:004;
29996:003;
29997:004;
29998:003;
29999:004;
30000:003;
30001:004;
30002:003;
30003:004;
30004:003;
30005:004;
30006:003;
30007:004;
30008:003;
30009:004;
30010:003;
30011:004;
30012:003;
30013:004;
30014:003;
30015:004;
30016:003;
30017:004;
30018:003;
30019:004;
30020:003;
30021:004;
30022:003;
30023:004;
30024:003;
30025:004;
30026:003;
30027:004;
30028:003;
30029:004;
30030:003;
30031:004;
30032:003;
30033:004;
30034:003;
30035:004;
30036:003;
30037:004;
30038:003;
30039:004;
30040:003;
30041:004;
30042:003;
30043:004;
30044:003;
30045:004;
30046:003;
30047:004;
30048:003;
30049:004;
30050:003;
30051:004;
30052:003;
30053:004;
30054:003;
30055:004;
30056:003;
30057:004;
30058:003;
30059:004;
30060:003;
30061:004;
30062:003;
30063:004;
30064:003;
30065:004;
30066:003;
30067:004;
30068:003;
30069:004;
30070:003;
30071:004;
30072:003;
30073:004;
30074:003;
30075:004;
30076:003;
30077:004;
30078:003;
30079:001;
30080:004;
30081:003;
30082:004;
30083:003;
30084:004;
30085:003;
30086:004;
30087:003;
30088:004;
30089:003;
30090:004;
30091:003;
30092:004;
30093:003;
30094:004;
30095:003;
30096:004;
30097:003;
30098:004;
30099:003;
30100:004;
30101:003;
30102:004;
30103:003;
30104:004;
30105:003;
30106:004;
30107:003;
30108:004;
30109:003;
30110:004;
30111:003;
30112:004;
30113:003;
30114:004;
30115:003;
30116:004;
30117:003;
30118:004;
30119:003;
30120:004;
30121:003;
30122:004;
30123:003;
30124:004;
30125:003;
30126:004;
30127:003;
30128:004;
30129:003;
30130:004;
30131:003;
30132:004;
30133:003;
30134:004;
30135:003;
30136:004;
30137:003;
30138:004;
30139:003;
30140:004;
30141:003;
30142:004;
30143:003;
30144:004;
30145:003;
30146:004;
30147:003;
30148:004;
30149:003;
30150:004;
30151:003;
30152:004;
30153:003;
30154:004;
30155:003;
30156:004;
30157:003;
30158:004;
30159:003;
30160:004;
30161:003;
30162:004;
30163:003;
30164:004;
30165:003;
30166:004;
30167:003;
30168:004;
30169:003;
30170:004;
30171:003;
30172:004;
30173:003;
30174:004;
30175:003;
30176:004;
30177:003;
30178:004;
30179:003;
30180:004;
30181:003;
30182:004;
30183:003;
30184:004;
30185:003;
30186:004;
30187:003;
30188:004;
30189:003;
30190:004;
30191:003;
30192:004;
30193:003;
30194:004;
30195:003;
30196:004;
30197:003;
30198:004;
30199:003;
30200:004;
30201:003;
30202:004;
30203:003;
30204:004;
30205:003;
30206:004;
30207:001;
30208:003;
30209:004;
30210:003;
30211:004;
30212:003;
30213:004;
30214:003;
30215:004;
30216:003;
30217:004;
30218:003;
30219:004;
30220:003;
30221:004;
30222:003;
30223:004;
30224:003;
30225:004;
30226:003;
30227:004;
30228:003;
30229:004;
30230:003;
30231:004;
30232:003;
30233:004;
30234:003;
30235:004;
30236:003;
30237:004;
30238:003;
30239:004;
30240:003;
30241:004;
30242:003;
30243:004;
30244:003;
30245:004;
30246:003;
30247:004;
30248:003;
30249:004;
30250:003;
30251:004;
30252:003;
30253:004;
30254:003;
30255:004;
30256:003;
30257:004;
30258:003;
30259:004;
30260:003;
30261:004;
30262:003;
30263:004;
30264:003;
30265:004;
30266:003;
30267:004;
30268:003;
30269:004;
30270:003;
30271:004;
30272:003;
30273:004;
30274:003;
30275:004;
30276:003;
30277:004;
30278:003;
30279:004;
30280:003;
30281:004;
30282:003;
30283:004;
30284:003;
30285:004;
30286:003;
30287:004;
30288:003;
30289:004;
30290:003;
30291:004;
30292:003;
30293:004;
30294:003;
30295:004;
30296:003;
30297:004;
30298:003;
30299:004;
30300:003;
30301:004;
30302:003;
30303:004;
30304:003;
30305:004;
30306:003;
30307:004;
30308:003;
30309:004;
30310:003;
30311:004;
30312:003;
30313:004;
30314:003;
30315:004;
30316:003;
30317:004;
30318:003;
30319:004;
30320:003;
30321:004;
30322:003;
30323:004;
30324:003;
30325:004;
30326:003;
30327:004;
30328:003;
30329:004;
30330:003;
30331:004;
30332:003;
30333:004;
30334:003;
30335:001;
30336:004;
30337:003;
30338:004;
30339:003;
30340:004;
30341:003;
30342:004;
30343:003;
30344:004;
30345:003;
30346:004;
30347:003;
30348:004;
30349:003;
30350:004;
30351:003;
30352:004;
30353:003;
30354:004;
30355:003;
30356:004;
30357:003;
30358:004;
30359:003;
30360:004;
30361:003;
30362:004;
30363:003;
30364:004;
30365:003;
30366:004;
30367:003;
30368:004;
30369:003;
30370:004;
30371:003;
30372:004;
30373:003;
30374:004;
30375:003;
30376:004;
30377:003;
30378:004;
30379:003;
30380:004;
30381:003;
30382:004;
30383:003;
30384:004;
30385:003;
30386:004;
30387:003;
30388:004;
30389:003;
30390:004;
30391:003;
30392:004;
30393:003;
30394:004;
30395:003;
30396:004;
30397:003;
30398:004;
30399:003;
30400:004;
30401:003;
30402:004;
30403:003;
30404:004;
30405:003;
30406:004;
30407:003;
30408:004;
30409:003;
30410:004;
30411:003;
30412:004;
30413:003;
30414:004;
30415:003;
30416:004;
30417:003;
30418:004;
30419:003;
30420:004;
30421:003;
30422:004;
30423:003;
30424:004;
30425:003;
30426:004;
30427:003;
30428:004;
30429:003;
30430:004;
30431:003;
30432:004;
30433:003;
30434:004;
30435:003;
30436:004;
30437:003;
30438:004;
30439:003;
30440:004;
30441:003;
30442:004;
30443:003;
30444:004;
30445:003;
30446:004;
30447:003;
30448:004;
30449:003;
30450:004;
30451:003;
30452:004;
30453:003;
30454:004;
30455:003;
30456:004;
30457:003;
30458:004;
30459:003;
30460:004;
30461:003;
30462:004;
30463:001;
30464:003;
30465:004;
30466:003;
30467:004;
30468:003;
30469:004;
30470:003;
30471:004;
30472:003;
30473:004;
30474:003;
30475:004;
30476:003;
30477:004;
30478:003;
30479:004;
30480:003;
30481:004;
30482:003;
30483:004;
30484:003;
30485:004;
30486:003;
30487:004;
30488:003;
30489:004;
30490:003;
30491:004;
30492:003;
30493:004;
30494:003;
30495:004;
30496:003;
30497:004;
30498:003;
30499:004;
30500:003;
30501:004;
30502:003;
30503:004;
30504:003;
30505:004;
30506:003;
30507:004;
30508:003;
30509:004;
30510:003;
30511:004;
30512:003;
30513:004;
30514:003;
30515:004;
30516:003;
30517:004;
30518:003;
30519:004;
30520:003;
30521:004;
30522:003;
30523:004;
30524:003;
30525:004;
30526:003;
30527:004;
30528:003;
30529:004;
30530:003;
30531:004;
30532:003;
30533:004;
30534:003;
30535:004;
30536:003;
30537:004;
30538:003;
30539:004;
30540:003;
30541:004;
30542:003;
30543:004;
30544:003;
30545:004;
30546:003;
30547:004;
30548:003;
30549:004;
30550:003;
30551:004;
30552:003;
30553:004;
30554:003;
30555:004;
30556:003;
30557:004;
30558:003;
30559:004;
30560:003;
30561:004;
30562:003;
30563:004;
30564:003;
30565:004;
30566:003;
30567:004;
30568:003;
30569:004;
30570:003;
30571:004;
30572:003;
30573:004;
30574:003;
30575:004;
30576:003;
30577:004;
30578:003;
30579:004;
30580:003;
30581:004;
30582:003;
30583:004;
30584:003;
30585:004;
30586:003;
30587:004;
30588:003;
30589:004;
30590:003;
30591:001;
30592:004;
30593:003;
30594:004;
30595:003;
30596:004;
30597:003;
30598:004;
30599:003;
30600:004;
30601:003;
30602:004;
30603:003;
30604:004;
30605:003;
30606:004;
30607:003;
30608:004;
30609:003;
30610:004;
30611:003;
30612:004;
30613:003;
30614:004;
30615:003;
30616:004;
30617:003;
30618:004;
30619:003;
30620:004;
30621:003;
30622:004;
30623:003;
30624:004;
30625:003;
30626:004;
30627:003;
30628:004;
30629:003;
30630:004;
30631:003;
30632:004;
30633:003;
30634:004;
30635:003;
30636:004;
30637:003;
30638:004;
30639:003;
30640:004;
30641:003;
30642:004;
30643:003;
30644:004;
30645:003;
30646:004;
30647:003;
30648:004;
30649:003;
30650:004;
30651:003;
30652:004;
30653:003;
30654:004;
30655:003;
30656:004;
30657:003;
30658:004;
30659:003;
30660:004;
30661:003;
30662:004;
30663:003;
30664:004;
30665:003;
30666:004;
30667:003;
30668:004;
30669:003;
30670:004;
30671:003;
30672:004;
30673:003;
30674:004;
30675:003;
30676:004;
30677:003;
30678:004;
30679:003;
30680:004;
30681:003;
30682:004;
30683:003;
30684:004;
30685:003;
30686:004;
30687:003;
30688:004;
30689:003;
30690:004;
30691:003;
30692:004;
30693:003;
30694:004;
30695:003;
30696:004;
30697:003;
30698:004;
30699:003;
30700:004;
30701:003;
30702:004;
30703:003;
30704:004;
30705:003;
30706:004;
30707:003;
30708:004;
30709:003;
30710:004;
30711:003;
30712:004;
30713:003;
30714:004;
30715:003;
30716:004;
30717:003;
30718:004;
30719:001;
30720:003;
30721:004;
30722:003;
30723:004;
30724:003;
30725:004;
30726:003;
30727:004;
30728:003;
30729:004;
30730:003;
30731:004;
30732:003;
30733:004;
30734:003;
30735:004;
30736:003;
30737:004;
30738:003;
30739:004;
30740:003;
30741:004;
30742:003;
30743:004;
30744:003;
30745:004;
30746:003;
30747:004;
30748:003;
30749:004;
30750:003;
30751:004;
30752:003;
30753:004;
30754:003;
30755:004;
30756:003;
30757:004;
30758:003;
30759:004;
30760:003;
30761:004;
30762:003;
30763:004;
30764:003;
30765:004;
30766:003;
30767:004;
30768:003;
30769:004;
30770:003;
30771:004;
30772:003;
30773:004;
30774:003;
30775:004;
30776:003;
30777:004;
30778:003;
30779:004;
30780:003;
30781:004;
30782:003;
30783:004;
30784:003;
30785:004;
30786:003;
30787:004;
30788:003;
30789:004;
30790:003;
30791:004;
30792:003;
30793:004;
30794:003;
30795:004;
30796:003;
30797:004;
30798:003;
30799:004;
30800:003;
30801:004;
30802:003;
30803:004;
30804:003;
30805:004;
30806:003;
30807:004;
30808:003;
30809:004;
30810:003;
30811:004;
30812:003;
30813:004;
30814:003;
30815:004;
30816:003;
30817:004;
30818:003;
30819:004;
30820:003;
30821:004;
30822:003;
30823:004;
30824:003;
30825:004;
30826:003;
30827:004;
30828:003;
30829:004;
30830:003;
30831:004;
30832:003;
30833:004;
30834:003;
30835:004;
30836:003;
30837:004;
30838:003;
30839:004;
30840:003;
30841:004;
30842:003;
30843:004;
30844:003;
30845:004;
30846:003;
30847:001;
30848:004;
30849:003;
30850:004;
30851:003;
30852:004;
30853:003;
30854:004;
30855:003;
30856:004;
30857:003;
30858:004;
30859:003;
30860:004;
30861:003;
30862:004;
30863:003;
30864:004;
30865:003;
30866:004;
30867:003;
30868:004;
30869:003;
30870:004;
30871:003;
30872:004;
30873:003;
30874:004;
30875:003;
30876:004;
30877:003;
30878:004;
30879:003;
30880:004;
30881:003;
30882:004;
30883:003;
30884:004;
30885:003;
30886:004;
30887:003;
30888:004;
30889:003;
30890:004;
30891:003;
30892:004;
30893:003;
30894:004;
30895:003;
30896:004;
30897:003;
30898:004;
30899:003;
30900:004;
30901:003;
30902:004;
30903:003;
30904:004;
30905:003;
30906:004;
30907:003;
30908:004;
30909:003;
30910:004;
30911:003;
30912:004;
30913:003;
30914:004;
30915:003;
30916:004;
30917:003;
30918:004;
30919:003;
30920:004;
30921:003;
30922:004;
30923:003;
30924:004;
30925:003;
30926:004;
30927:003;
30928:004;
30929:003;
30930:004;
30931:003;
30932:004;
30933:003;
30934:004;
30935:003;
30936:004;
30937:003;
30938:004;
30939:003;
30940:004;
30941:003;
30942:004;
30943:003;
30944:004;
30945:003;
30946:004;
30947:003;
30948:004;
30949:003;
30950:004;
30951:003;
30952:004;
30953:003;
30954:004;
30955:003;
30956:004;
30957:003;
30958:004;
30959:003;
30960:004;
30961:003;
30962:004;
30963:003;
30964:004;
30965:003;
30966:004;
30967:003;
30968:004;
30969:003;
30970:004;
30971:003;
30972:004;
30973:003;
30974:004;
30975:001;
30976:003;
30977:004;
30978:003;
30979:004;
30980:003;
30981:004;
30982:003;
30983:004;
30984:003;
30985:004;
30986:003;
30987:004;
30988:003;
30989:004;
30990:003;
30991:004;
30992:003;
30993:004;
30994:003;
30995:004;
30996:003;
30997:004;
30998:003;
30999:004;
31000:003;
31001:004;
31002:003;
31003:004;
31004:003;
31005:004;
31006:003;
31007:004;
31008:003;
31009:004;
31010:003;
31011:004;
31012:003;
31013:004;
31014:003;
31015:004;
31016:003;
31017:004;
31018:003;
31019:004;
31020:003;
31021:004;
31022:003;
31023:004;
31024:003;
31025:004;
31026:003;
31027:004;
31028:003;
31029:004;
31030:003;
31031:004;
31032:003;
31033:004;
31034:003;
31035:004;
31036:003;
31037:004;
31038:003;
31039:004;
31040:003;
31041:004;
31042:003;
31043:004;
31044:003;
31045:004;
31046:003;
31047:004;
31048:003;
31049:004;
31050:003;
31051:004;
31052:003;
31053:004;
31054:003;
31055:004;
31056:003;
31057:004;
31058:003;
31059:004;
31060:003;
31061:004;
31062:003;
31063:004;
31064:003;
31065:004;
31066:003;
31067:004;
31068:003;
31069:004;
31070:003;
31071:004;
31072:003;
31073:004;
31074:003;
31075:004;
31076:003;
31077:004;
31078:003;
31079:004;
31080:003;
31081:004;
31082:003;
31083:004;
31084:003;
31085:004;
31086:003;
31087:004;
31088:003;
31089:004;
31090:003;
31091:004;
31092:003;
31093:004;
31094:003;
31095:004;
31096:003;
31097:004;
31098:003;
31099:004;
31100:003;
31101:004;
31102:003;
31103:001;
31104:004;
31105:003;
31106:004;
31107:003;
31108:004;
31109:003;
31110:004;
31111:003;
31112:004;
31113:003;
31114:004;
31115:003;
31116:004;
31117:003;
31118:004;
31119:003;
31120:004;
31121:003;
31122:004;
31123:003;
31124:004;
31125:003;
31126:004;
31127:003;
31128:004;
31129:003;
31130:004;
31131:003;
31132:004;
31133:003;
31134:004;
31135:003;
31136:004;
31137:003;
31138:004;
31139:003;
31140:004;
31141:003;
31142:004;
31143:003;
31144:004;
31145:003;
31146:004;
31147:003;
31148:004;
31149:003;
31150:004;
31151:003;
31152:004;
31153:003;
31154:004;
31155:003;
31156:004;
31157:003;
31158:004;
31159:003;
31160:004;
31161:003;
31162:004;
31163:003;
31164:004;
31165:003;
31166:004;
31167:003;
31168:004;
31169:003;
31170:004;
31171:003;
31172:004;
31173:003;
31174:004;
31175:003;
31176:004;
31177:003;
31178:004;
31179:003;
31180:004;
31181:003;
31182:004;
31183:003;
31184:004;
31185:003;
31186:004;
31187:003;
31188:004;
31189:003;
31190:004;
31191:003;
31192:004;
31193:003;
31194:004;
31195:003;
31196:004;
31197:003;
31198:004;
31199:003;
31200:004;
31201:003;
31202:004;
31203:003;
31204:004;
31205:003;
31206:004;
31207:003;
31208:004;
31209:003;
31210:004;
31211:003;
31212:004;
31213:003;
31214:004;
31215:003;
31216:004;
31217:003;
31218:004;
31219:003;
31220:004;
31221:003;
31222:004;
31223:003;
31224:004;
31225:003;
31226:004;
31227:003;
31228:004;
31229:003;
31230:004;
31231:001;
31232:003;
31233:004;
31234:003;
31235:004;
31236:003;
31237:004;
31238:003;
31239:004;
31240:003;
31241:004;
31242:003;
31243:004;
31244:003;
31245:004;
31246:003;
31247:004;
31248:003;
31249:004;
31250:003;
31251:004;
31252:003;
31253:004;
31254:003;
31255:004;
31256:003;
31257:004;
31258:003;
31259:004;
31260:003;
31261:004;
31262:003;
31263:004;
31264:003;
31265:004;
31266:003;
31267:004;
31268:003;
31269:004;
31270:003;
31271:004;
31272:003;
31273:004;
31274:003;
31275:004;
31276:003;
31277:004;
31278:003;
31279:004;
31280:003;
31281:004;
31282:003;
31283:004;
31284:003;
31285:004;
31286:003;
31287:004;
31288:003;
31289:004;
31290:003;
31291:004;
31292:003;
31293:004;
31294:003;
31295:004;
31296:003;
31297:004;
31298:003;
31299:004;
31300:003;
31301:004;
31302:003;
31303:004;
31304:003;
31305:004;
31306:003;
31307:004;
31308:003;
31309:004;
31310:003;
31311:004;
31312:003;
31313:004;
31314:003;
31315:004;
31316:003;
31317:004;
31318:003;
31319:004;
31320:003;
31321:004;
31322:003;
31323:004;
31324:003;
31325:004;
31326:003;
31327:004;
31328:003;
31329:004;
31330:003;
31331:004;
31332:003;
31333:004;
31334:003;
31335:004;
31336:003;
31337:004;
31338:003;
31339:004;
31340:003;
31341:004;
31342:003;
31343:004;
31344:003;
31345:004;
31346:003;
31347:004;
31348:003;
31349:004;
31350:003;
31351:004;
31352:003;
31353:004;
31354:003;
31355:004;
31356:003;
31357:004;
31358:003;
31359:001;
31360:004;
31361:003;
31362:004;
31363:003;
31364:004;
31365:003;
31366:004;
31367:003;
31368:004;
31369:003;
31370:004;
31371:003;
31372:004;
31373:003;
31374:004;
31375:003;
31376:004;
31377:003;
31378:004;
31379:003;
31380:004;
31381:003;
31382:004;
31383:003;
31384:004;
31385:003;
31386:004;
31387:003;
31388:004;
31389:003;
31390:004;
31391:003;
31392:004;
31393:003;
31394:004;
31395:003;
31396:004;
31397:003;
31398:004;
31399:003;
31400:004;
31401:003;
31402:004;
31403:003;
31404:004;
31405:003;
31406:004;
31407:003;
31408:004;
31409:003;
31410:004;
31411:003;
31412:004;
31413:003;
31414:004;
31415:003;
31416:004;
31417:003;
31418:004;
31419:003;
31420:004;
31421:003;
31422:004;
31423:003;
31424:004;
31425:003;
31426:004;
31427:003;
31428:004;
31429:003;
31430:004;
31431:003;
31432:004;
31433:003;
31434:004;
31435:003;
31436:004;
31437:003;
31438:004;
31439:003;
31440:004;
31441:003;
31442:004;
31443:003;
31444:004;
31445:003;
31446:004;
31447:003;
31448:004;
31449:003;
31450:004;
31451:003;
31452:004;
31453:003;
31454:004;
31455:003;
31456:004;
31457:003;
31458:004;
31459:003;
31460:004;
31461:003;
31462:004;
31463:003;
31464:004;
31465:003;
31466:004;
31467:003;
31468:004;
31469:003;
31470:004;
31471:003;
31472:004;
31473:003;
31474:004;
31475:003;
31476:004;
31477:003;
31478:004;
31479:003;
31480:004;
31481:003;
31482:004;
31483:003;
31484:004;
31485:003;
31486:004;
31487:001;
31488:003;
31489:004;
31490:003;
31491:004;
31492:003;
31493:004;
31494:003;
31495:004;
31496:003;
31497:004;
31498:003;
31499:004;
31500:003;
31501:004;
31502:003;
31503:004;
31504:003;
31505:004;
31506:003;
31507:004;
31508:003;
31509:004;
31510:003;
31511:004;
31512:003;
31513:004;
31514:003;
31515:004;
31516:003;
31517:004;
31518:003;
31519:004;
31520:003;
31521:004;
31522:003;
31523:004;
31524:003;
31525:004;
31526:003;
31527:004;
31528:003;
31529:004;
31530:003;
31531:004;
31532:003;
31533:004;
31534:003;
31535:004;
31536:003;
31537:004;
31538:003;
31539:004;
31540:003;
31541:004;
31542:003;
31543:004;
31544:003;
31545:004;
31546:003;
31547:004;
31548:003;
31549:004;
31550:003;
31551:004;
31552:003;
31553:004;
31554:003;
31555:004;
31556:003;
31557:004;
31558:003;
31559:004;
31560:003;
31561:004;
31562:003;
31563:004;
31564:003;
31565:004;
31566:003;
31567:004;
31568:003;
31569:004;
31570:003;
31571:004;
31572:003;
31573:004;
31574:003;
31575:004;
31576:003;
31577:004;
31578:003;
31579:004;
31580:003;
31581:004;
31582:003;
31583:004;
31584:003;
31585:004;
31586:003;
31587:004;
31588:003;
31589:004;
31590:003;
31591:004;
31592:003;
31593:004;
31594:003;
31595:004;
31596:003;
31597:004;
31598:003;
31599:004;
31600:003;
31601:004;
31602:003;
31603:004;
31604:003;
31605:004;
31606:003;
31607:004;
31608:003;
31609:004;
31610:003;
31611:004;
31612:003;
31613:004;
31614:003;
31615:001;
31616:004;
31617:003;
31618:004;
31619:003;
31620:004;
31621:003;
31622:004;
31623:003;
31624:004;
31625:003;
31626:004;
31627:003;
31628:004;
31629:003;
31630:004;
31631:003;
31632:004;
31633:003;
31634:004;
31635:003;
31636:004;
31637:003;
31638:004;
31639:003;
31640:004;
31641:003;
31642:004;
31643:003;
31644:004;
31645:003;
31646:004;
31647:003;
31648:004;
31649:003;
31650:004;
31651:003;
31652:004;
31653:003;
31654:004;
31655:003;
31656:004;
31657:003;
31658:004;
31659:003;
31660:004;
31661:003;
31662:004;
31663:003;
31664:004;
31665:003;
31666:004;
31667:003;
31668:004;
31669:003;
31670:004;
31671:003;
31672:004;
31673:003;
31674:004;
31675:003;
31676:004;
31677:003;
31678:004;
31679:003;
31680:004;
31681:003;
31682:004;
31683:003;
31684:004;
31685:003;
31686:004;
31687:003;
31688:004;
31689:003;
31690:004;
31691:003;
31692:004;
31693:003;
31694:004;
31695:003;
31696:004;
31697:003;
31698:004;
31699:003;
31700:004;
31701:003;
31702:004;
31703:003;
31704:004;
31705:003;
31706:004;
31707:003;
31708:004;
31709:003;
31710:004;
31711:003;
31712:004;
31713:003;
31714:004;
31715:003;
31716:004;
31717:003;
31718:004;
31719:003;
31720:004;
31721:003;
31722:004;
31723:003;
31724:004;
31725:003;
31726:004;
31727:003;
31728:004;
31729:003;
31730:004;
31731:003;
31732:004;
31733:003;
31734:004;
31735:003;
31736:004;
31737:003;
31738:004;
31739:003;
31740:004;
31741:003;
31742:004;
31743:001;
31744:003;
31745:003;
31746:003;
31747:004;
31748:003;
31749:004;
31750:003;
31751:004;
31752:003;
31753:003;
31754:003;
31755:004;
31756:003;
31757:004;
31758:003;
31759:004;
31760:003;
31761:003;
31762:003;
31763:004;
31764:003;
31765:004;
31766:003;
31767:004;
31768:003;
31769:003;
31770:003;
31771:004;
31772:003;
31773:004;
31774:003;
31775:004;
31776:003;
31777:003;
31778:003;
31779:004;
31780:003;
31781:004;
31782:003;
31783:004;
31784:003;
31785:003;
31786:003;
31787:004;
31788:003;
31789:004;
31790:003;
31791:004;
31792:003;
31793:003;
31794:003;
31795:004;
31796:003;
31797:004;
31798:003;
31799:004;
31800:003;
31801:003;
31802:003;
31803:004;
31804:003;
31805:004;
31806:003;
31807:004;
31808:003;
31809:003;
31810:003;
31811:004;
31812:003;
31813:004;
31814:003;
31815:004;
31816:003;
31817:003;
31818:003;
31819:004;
31820:003;
31821:004;
31822:003;
31823:004;
31824:003;
31825:003;
31826:003;
31827:004;
31828:003;
31829:004;
31830:003;
31831:004;
31832:003;
31833:003;
31834:003;
31835:004;
31836:003;
31837:004;
31838:003;
31839:004;
31840:003;
31841:003;
31842:003;
31843:004;
31844:003;
31845:004;
31846:003;
31847:004;
31848:003;
31849:003;
31850:003;
31851:004;
31852:003;
31853:004;
31854:003;
31855:004;
31856:003;
31857:003;
31858:003;
31859:004;
31860:003;
31861:004;
31862:003;
31863:004;
31864:003;
31865:003;
31866:003;
31867:004;
31868:003;
31869:004;
31870:003;
31871:001;
31872:004;
31873:003;
31874:004;
31875:003;
31876:004;
31877:003;
31878:004;
31879:003;
31880:004;
31881:003;
31882:004;
31883:003;
31884:004;
31885:003;
31886:004;
31887:003;
31888:004;
31889:003;
31890:004;
31891:003;
31892:004;
31893:003;
31894:004;
31895:003;
31896:004;
31897:003;
31898:004;
31899:003;
31900:004;
31901:003;
31902:004;
31903:003;
31904:004;
31905:003;
31906:004;
31907:003;
31908:004;
31909:003;
31910:004;
31911:003;
31912:004;
31913:003;
31914:004;
31915:003;
31916:004;
31917:003;
31918:004;
31919:003;
31920:004;
31921:003;
31922:004;
31923:003;
31924:004;
31925:003;
31926:004;
31927:003;
31928:004;
31929:003;
31930:004;
31931:003;
31932:004;
31933:003;
31934:004;
31935:003;
31936:004;
31937:003;
31938:004;
31939:003;
31940:004;
31941:003;
31942:004;
31943:003;
31944:004;
31945:003;
31946:004;
31947:003;
31948:004;
31949:003;
31950:004;
31951:003;
31952:004;
31953:003;
31954:004;
31955:003;
31956:004;
31957:003;
31958:004;
31959:003;
31960:004;
31961:003;
31962:004;
31963:003;
31964:004;
31965:003;
31966:004;
31967:003;
31968:004;
31969:003;
31970:004;
31971:003;
31972:004;
31973:003;
31974:004;
31975:003;
31976:004;
31977:003;
31978:004;
31979:003;
31980:004;
31981:003;
31982:004;
31983:003;
31984:004;
31985:003;
31986:004;
31987:003;
31988:004;
31989:003;
31990:004;
31991:003;
31992:004;
31993:003;
31994:004;
31995:003;
31996:004;
31997:003;
31998:004;
31999:001;
32000:003;
32001:004;
32002:003;
32003:004;
32004:003;
32005:004;
32006:003;
32007:004;
32008:003;
32009:004;
32010:003;
32011:004;
32012:003;
32013:004;
32014:003;
32015:004;
32016:003;
32017:004;
32018:003;
32019:004;
32020:003;
32021:004;
32022:003;
32023:004;
32024:003;
32025:004;
32026:003;
32027:004;
32028:003;
32029:004;
32030:003;
32031:004;
32032:003;
32033:004;
32034:003;
32035:004;
32036:003;
32037:004;
32038:003;
32039:004;
32040:003;
32041:004;
32042:003;
32043:004;
32044:003;
32045:004;
32046:003;
32047:004;
32048:003;
32049:004;
32050:003;
32051:004;
32052:003;
32053:004;
32054:003;
32055:004;
32056:003;
32057:004;
32058:003;
32059:004;
32060:003;
32061:004;
32062:003;
32063:004;
32064:003;
32065:004;
32066:003;
32067:004;
32068:003;
32069:004;
32070:003;
32071:004;
32072:003;
32073:004;
32074:003;
32075:004;
32076:003;
32077:004;
32078:003;
32079:004;
32080:003;
32081:004;
32082:003;
32083:004;
32084:003;
32085:004;
32086:003;
32087:004;
32088:003;
32089:004;
32090:003;
32091:004;
32092:003;
32093:004;
32094:003;
32095:004;
32096:003;
32097:004;
32098:003;
32099:004;
32100:003;
32101:004;
32102:003;
32103:004;
32104:003;
32105:004;
32106:003;
32107:004;
32108:003;
32109:004;
32110:003;
32111:004;
32112:003;
32113:004;
32114:003;
32115:004;
32116:003;
32117:004;
32118:003;
32119:004;
32120:003;
32121:004;
32122:003;
32123:004;
32124:003;
32125:004;
32126:003;
32127:001;
32128:004;
32129:003;
32130:004;
32131:003;
32132:004;
32133:003;
32134:004;
32135:003;
32136:004;
32137:003;
32138:004;
32139:003;
32140:004;
32141:003;
32142:004;
32143:003;
32144:004;
32145:003;
32146:004;
32147:003;
32148:004;
32149:003;
32150:004;
32151:003;
32152:004;
32153:003;
32154:004;
32155:003;
32156:004;
32157:003;
32158:004;
32159:003;
32160:004;
32161:003;
32162:004;
32163:003;
32164:004;
32165:003;
32166:004;
32167:003;
32168:004;
32169:003;
32170:004;
32171:003;
32172:004;
32173:003;
32174:004;
32175:003;
32176:004;
32177:003;
32178:004;
32179:003;
32180:004;
32181:003;
32182:004;
32183:003;
32184:004;
32185:003;
32186:004;
32187:003;
32188:004;
32189:003;
32190:004;
32191:003;
32192:004;
32193:003;
32194:004;
32195:003;
32196:004;
32197:003;
32198:004;
32199:003;
32200:004;
32201:003;
32202:004;
32203:003;
32204:004;
32205:003;
32206:004;
32207:003;
32208:004;
32209:003;
32210:004;
32211:003;
32212:004;
32213:003;
32214:004;
32215:003;
32216:004;
32217:003;
32218:004;
32219:003;
32220:004;
32221:003;
32222:004;
32223:003;
32224:004;
32225:003;
32226:004;
32227:003;
32228:004;
32229:003;
32230:004;
32231:003;
32232:004;
32233:003;
32234:004;
32235:003;
32236:004;
32237:003;
32238:004;
32239:003;
32240:004;
32241:003;
32242:004;
32243:003;
32244:004;
32245:003;
32246:004;
32247:003;
32248:004;
32249:003;
32250:004;
32251:003;
32252:004;
32253:003;
32254:004;
32255:001;
32256:003;
32257:004;
32258:003;
32259:004;
32260:003;
32261:003;
32262:003;
32263:004;
32264:003;
32265:004;
32266:003;
32267:004;
32268:003;
32269:003;
32270:003;
32271:004;
32272:003;
32273:004;
32274:003;
32275:004;
32276:003;
32277:003;
32278:003;
32279:004;
32280:003;
32281:004;
32282:003;
32283:004;
32284:003;
32285:003;
32286:003;
32287:004;
32288:003;
32289:004;
32290:003;
32291:004;
32292:003;
32293:003;
32294:003;
32295:004;
32296:003;
32297:004;
32298:003;
32299:004;
32300:003;
32301:003;
32302:003;
32303:004;
32304:003;
32305:004;
32306:003;
32307:004;
32308:003;
32309:003;
32310:003;
32311:004;
32312:003;
32313:004;
32314:003;
32315:004;
32316:003;
32317:003;
32318:003;
32319:004;
32320:003;
32321:004;
32322:003;
32323:004;
32324:003;
32325:003;
32326:003;
32327:004;
32328:003;
32329:004;
32330:003;
32331:004;
32332:003;
32333:003;
32334:003;
32335:004;
32336:003;
32337:004;
32338:003;
32339:004;
32340:003;
32341:003;
32342:003;
32343:004;
32344:003;
32345:004;
32346:003;
32347:004;
32348:003;
32349:003;
32350:003;
32351:004;
32352:003;
32353:004;
32354:003;
32355:004;
32356:003;
32357:003;
32358:003;
32359:004;
32360:003;
32361:004;
32362:003;
32363:004;
32364:003;
32365:003;
32366:003;
32367:004;
32368:003;
32369:004;
32370:003;
32371:004;
32372:003;
32373:003;
32374:003;
32375:004;
32376:003;
32377:004;
32378:003;
32379:004;
32380:003;
32381:003;
32382:003;
32383:001;
32384:004;
32385:003;
32386:004;
32387:003;
32388:004;
32389:003;
32390:004;
32391:003;
32392:004;
32393:003;
32394:004;
32395:003;
32396:004;
32397:003;
32398:004;
32399:003;
32400:004;
32401:003;
32402:004;
32403:003;
32404:004;
32405:003;
32406:004;
32407:003;
32408:004;
32409:003;
32410:004;
32411:003;
32412:004;
32413:003;
32414:004;
32415:003;
32416:004;
32417:003;
32418:004;
32419:003;
32420:004;
32421:003;
32422:004;
32423:003;
32424:004;
32425:003;
32426:004;
32427:003;
32428:004;
32429:003;
32430:004;
32431:003;
32432:004;
32433:003;
32434:004;
32435:003;
32436:004;
32437:003;
32438:004;
32439:003;
32440:004;
32441:003;
32442:004;
32443:003;
32444:004;
32445:003;
32446:004;
32447:003;
32448:004;
32449:003;
32450:004;
32451:003;
32452:004;
32453:003;
32454:004;
32455:003;
32456:004;
32457:003;
32458:004;
32459:003;
32460:004;
32461:003;
32462:004;
32463:003;
32464:004;
32465:003;
32466:004;
32467:003;
32468:004;
32469:003;
32470:004;
32471:003;
32472:004;
32473:003;
32474:004;
32475:003;
32476:004;
32477:003;
32478:004;
32479:003;
32480:004;
32481:003;
32482:004;
32483:003;
32484:004;
32485:003;
32486:004;
32487:003;
32488:004;
32489:003;
32490:004;
32491:003;
32492:004;
32493:003;
32494:004;
32495:003;
32496:004;
32497:003;
32498:004;
32499:003;
32500:004;
32501:003;
32502:004;
32503:003;
32504:004;
32505:003;
32506:004;
32507:003;
32508:004;
32509:003;
32510:004;
32511:001;
32512:003;
32513:004;
32514:003;
32515:004;
32516:003;
32517:004;
32518:003;
32519:004;
32520:003;
32521:004;
32522:003;
32523:004;
32524:003;
32525:004;
32526:003;
32527:004;
32528:003;
32529:004;
32530:003;
32531:004;
32532:003;
32533:004;
32534:003;
32535:004;
32536:003;
32537:004;
32538:003;
32539:004;
32540:003;
32541:004;
32542:003;
32543:004;
32544:003;
32545:004;
32546:003;
32547:004;
32548:003;
32549:004;
32550:003;
32551:004;
32552:003;
32553:004;
32554:003;
32555:004;
32556:003;
32557:004;
32558:003;
32559:004;
32560:003;
32561:004;
32562:003;
32563:004;
32564:003;
32565:004;
32566:003;
32567:004;
32568:003;
32569:004;
32570:003;
32571:004;
32572:003;
32573:004;
32574:003;
32575:004;
32576:003;
32577:004;
32578:003;
32579:004;
32580:003;
32581:004;
32582:003;
32583:004;
32584:003;
32585:004;
32586:003;
32587:004;
32588:003;
32589:004;
32590:003;
32591:004;
32592:003;
32593:004;
32594:003;
32595:004;
32596:003;
32597:004;
32598:003;
32599:004;
32600:003;
32601:004;
32602:003;
32603:004;
32604:003;
32605:004;
32606:003;
32607:004;
32608:003;
32609:004;
32610:003;
32611:004;
32612:003;
32613:004;
32614:003;
32615:004;
32616:003;
32617:004;
32618:003;
32619:004;
32620:003;
32621:004;
32622:003;
32623:004;
32624:003;
32625:004;
32626:003;
32627:004;
32628:003;
32629:004;
32630:003;
32631:004;
32632:003;
32633:004;
32634:003;
32635:004;
32636:003;
32637:004;
32638:003;
32639:001;
32640:004;
32641:003;
32642:004;
32643:003;
32644:004;
32645:003;
32646:004;
32647:003;
32648:004;
32649:003;
32650:004;
32651:003;
32652:004;
32653:003;
32654:004;
32655:003;
32656:004;
32657:003;
32658:004;
32659:003;
32660:004;
32661:003;
32662:004;
32663:003;
32664:004;
32665:003;
32666:004;
32667:003;
32668:004;
32669:003;
32670:004;
32671:003;
32672:004;
32673:003;
32674:004;
32675:003;
32676:004;
32677:003;
32678:004;
32679:003;
32680:004;
32681:003;
32682:004;
32683:003;
32684:004;
32685:003;
32686:004;
32687:003;
32688:004;
32689:003;
32690:004;
32691:003;
32692:004;
32693:003;
32694:004;
32695:003;
32696:004;
32697:003;
32698:004;
32699:003;
32700:004;
32701:003;
32702:004;
32703:003;
32704:004;
32705:003;
32706:004;
32707:003;
32708:004;
32709:003;
32710:004;
32711:003;
32712:004;
32713:003;
32714:004;
32715:003;
32716:004;
32717:003;
32718:004;
32719:003;
32720:004;
32721:003;
32722:004;
32723:003;
32724:004;
32725:003;
32726:004;
32727:003;
32728:004;
32729:003;
32730:004;
32731:003;
32732:004;
32733:003;
32734:004;
32735:003;
32736:004;
32737:003;
32738:004;
32739:003;
32740:004;
32741:003;
32742:004;
32743:003;
32744:004;
32745:003;
32746:004;
32747:003;
32748:004;
32749:003;
32750:004;
32751:003;
32752:004;
32753:003;
32754:004;
32755:003;
32756:004;
32757:003;
32758:004;
32759:003;
32760:004;
32761:003;
32762:004;
32763:003;
32764:004;
32765:003;
32766:004;
32767:001;
32768:003;
32769:003;
32770:003;
32771:004;
32772:003;
32773:003;
32774:003;
32775:004;
32776:003;
32777:003;
32778:003;
32779:004;
32780:003;
32781:003;
32782:003;
32783:004;
32784:003;
32785:003;
32786:003;
32787:004;
32788:003;
32789:003;
32790:003;
32791:004;
32792:003;
32793:003;
32794:003;
32795:004;
32796:003;
32797:003;
32798:003;
32799:004;
32800:003;
32801:003;
32802:003;
32803:004;
32804:003;
32805:003;
32806:003;
32807:004;
32808:003;
32809:003;
32810:003;
32811:004;
32812:003;
32813:003;
32814:003;
32815:004;
32816:003;
32817:003;
32818:003;
32819:004;
32820:003;
32821:003;
32822:003;
32823:004;
32824:003;
32825:003;
32826:003;
32827:004;
32828:003;
32829:003;
32830:003;
32831:004;
32832:003;
32833:003;
32834:003;
32835:004;
32836:003;
32837:003;
32838:003;
32839:004;
32840:003;
32841:003;
32842:003;
32843:004;
32844:003;
32845:003;
32846:003;
32847:004;
32848:003;
32849:003;
32850:003;
32851:004;
32852:003;
32853:003;
32854:003;
32855:004;
32856:003;
32857:003;
32858:003;
32859:004;
32860:003;
32861:003;
32862:003;
32863:004;
32864:003;
32865:003;
32866:003;
32867:004;
32868:003;
32869:003;
32870:003;
32871:004;
32872:003;
32873:003;
32874:003;
32875:004;
32876:003;
32877:003;
32878:003;
32879:004;
32880:003;
32881:003;
32882:003;
32883:004;
32884:003;
32885:003;
32886:003;
32887:004;
32888:003;
32889:003;
32890:003;
32891:004;
32892:003;
32893:003;
32894:003;
32895:001;
32896:004;
32897:003;
32898:004;
32899:003;
32900:004;
32901:003;
32902:004;
32903:003;
32904:004;
32905:003;
32906:004;
32907:003;
32908:004;
32909:003;
32910:004;
32911:003;
32912:004;
32913:003;
32914:004;
32915:003;
32916:004;
32917:003;
32918:004;
32919:003;
32920:004;
32921:003;
32922:004;
32923:003;
32924:004;
32925:003;
32926:004;
32927:003;
32928:004;
32929:003;
32930:004;
32931:003;
32932:004;
32933:003;
32934:004;
32935:003;
32936:004;
32937:003;
32938:004;
32939:003;
32940:004;
32941:003;
32942:004;
32943:003;
32944:004;
32945:003;
32946:004;
32947:003;
32948:004;
32949:003;
32950:004;
32951:003;
32952:004;
32953:003;
32954:004;
32955:003;
32956:004;
32957:003;
32958:004;
32959:003;
32960:004;
32961:003;
32962:004;
32963:003;
32964:004;
32965:003;
32966:004;
32967:003;
32968:004;
32969:003;
32970:004;
32971:003;
32972:004;
32973:003;
32974:004;
32975:003;
32976:004;
32977:003;
32978:004;
32979:003;
32980:004;
32981:003;
32982:004;
32983:003;
32984:004;
32985:003;
32986:004;
32987:003;
32988:004;
32989:003;
32990:004;
32991:003;
32992:004;
32993:003;
32994:004;
32995:003;
32996:004;
32997:003;
32998:004;
32999:003;
33000:004;
33001:003;
33002:004;
33003:003;
33004:004;
33005:003;
33006:004;
33007:003;
33008:004;
33009:003;
33010:004;
33011:003;
33012:004;
33013:003;
33014:004;
33015:003;
33016:004;
33017:003;
33018:004;
33019:003;
33020:004;
33021:003;
33022:004;
33023:001;
33024:003;
33025:004;
33026:003;
33027:004;
33028:003;
33029:004;
33030:003;
33031:004;
33032:003;
33033:004;
33034:003;
33035:004;
33036:003;
33037:004;
33038:003;
33039:004;
33040:003;
33041:004;
33042:003;
33043:004;
33044:003;
33045:004;
33046:003;
33047:004;
33048:003;
33049:004;
33050:003;
33051:004;
33052:003;
33053:004;
33054:003;
33055:004;
33056:003;
33057:004;
33058:003;
33059:004;
33060:003;
33061:004;
33062:003;
33063:004;
33064:003;
33065:004;
33066:003;
33067:004;
33068:003;
33069:004;
33070:003;
33071:004;
33072:003;
33073:004;
33074:003;
33075:004;
33076:003;
33077:004;
33078:003;
33079:004;
33080:003;
33081:004;
33082:003;
33083:004;
33084:003;
33085:004;
33086:003;
33087:004;
33088:003;
33089:004;
33090:003;
33091:004;
33092:003;
33093:004;
33094:003;
33095:004;
33096:003;
33097:004;
33098:003;
33099:004;
33100:003;
33101:004;
33102:003;
33103:004;
33104:003;
33105:004;
33106:003;
33107:004;
33108:003;
33109:004;
33110:003;
33111:004;
33112:003;
33113:004;
33114:003;
33115:004;
33116:003;
33117:004;
33118:003;
33119:004;
33120:003;
33121:004;
33122:003;
33123:004;
33124:003;
33125:004;
33126:003;
33127:004;
33128:003;
33129:004;
33130:003;
33131:004;
33132:003;
33133:004;
33134:003;
33135:004;
33136:003;
33137:004;
33138:003;
33139:004;
33140:003;
33141:004;
33142:003;
33143:004;
33144:003;
33145:004;
33146:003;
33147:004;
33148:003;
33149:004;
33150:003;
33151:001;
33152:004;
33153:003;
33154:004;
33155:003;
33156:004;
33157:003;
33158:004;
33159:003;
33160:004;
33161:003;
33162:004;
33163:003;
33164:004;
33165:003;
33166:004;
33167:003;
33168:004;
33169:003;
33170:004;
33171:003;
33172:004;
33173:003;
33174:004;
33175:003;
33176:004;
33177:003;
33178:004;
33179:003;
33180:004;
33181:003;
33182:004;
33183:003;
33184:004;
33185:003;
33186:004;
33187:003;
33188:004;
33189:003;
33190:004;
33191:003;
33192:004;
33193:003;
33194:004;
33195:003;
33196:004;
33197:003;
33198:004;
33199:003;
33200:004;
33201:003;
33202:004;
33203:003;
33204:004;
33205:003;
33206:004;
33207:003;
33208:004;
33209:003;
33210:004;
33211:003;
33212:004;
33213:003;
33214:004;
33215:003;
33216:004;
33217:003;
33218:004;
33219:003;
33220:004;
33221:003;
33222:004;
33223:003;
33224:004;
33225:003;
33226:004;
33227:003;
33228:004;
33229:003;
33230:004;
33231:003;
33232:004;
33233:003;
33234:004;
33235:003;
33236:004;
33237:003;
33238:004;
33239:003;
33240:004;
33241:003;
33242:004;
33243:003;
33244:004;
33245:003;
33246:004;
33247:003;
33248:004;
33249:003;
33250:004;
33251:003;
33252:004;
33253:003;
33254:004;
33255:003;
33256:004;
33257:003;
33258:004;
33259:003;
33260:004;
33261:003;
33262:004;
33263:003;
33264:004;
33265:003;
33266:004;
33267:003;
33268:004;
33269:003;
33270:004;
33271:003;
33272:004;
33273:003;
33274:004;
33275:003;
33276:004;
33277:003;
33278:004;
33279:001;
33280:003;
33281:003;
33282:003;
33283:004;
33284:003;
33285:003;
33286:003;
33287:004;
33288:003;
33289:003;
33290:003;
33291:004;
33292:003;
33293:003;
33294:003;
33295:004;
33296:003;
33297:003;
33298:003;
33299:004;
33300:003;
33301:003;
33302:003;
33303:004;
33304:003;
33305:003;
33306:003;
33307:004;
33308:003;
33309:003;
33310:003;
33311:004;
33312:003;
33313:003;
33314:003;
33315:004;
33316:003;
33317:003;
33318:003;
33319:004;
33320:003;
33321:003;
33322:003;
33323:004;
33324:003;
33325:003;
33326:003;
33327:004;
33328:003;
33329:003;
33330:003;
33331:004;
33332:003;
33333:003;
33334:003;
33335:004;
33336:003;
33337:003;
33338:003;
33339:004;
33340:003;
33341:003;
33342:003;
33343:004;
33344:003;
33345:003;
33346:003;
33347:004;
33348:003;
33349:003;
33350:003;
33351:004;
33352:003;
33353:003;
33354:003;
33355:004;
33356:003;
33357:003;
33358:003;
33359:004;
33360:003;
33361:003;
33362:003;
33363:004;
33364:003;
33365:003;
33366:003;
33367:004;
33368:003;
33369:003;
33370:003;
33371:004;
33372:003;
33373:003;
33374:003;
33375:004;
33376:003;
33377:003;
33378:003;
33379:004;
33380:003;
33381:003;
33382:003;
33383:004;
33384:003;
33385:003;
33386:003;
33387:004;
33388:003;
33389:003;
33390:003;
33391:004;
33392:003;
33393:003;
33394:003;
33395:004;
33396:003;
33397:003;
33398:003;
33399:004;
33400:003;
33401:003;
33402:003;
33403:004;
33404:003;
33405:003;
33406:003;
33407:001;
33408:004;
33409:003;
33410:004;
33411:003;
33412:004;
33413:003;
33414:004;
33415:003;
33416:004;
33417:003;
33418:004;
33419:003;
33420:004;
33421:003;
33422:004;
33423:003;
33424:004;
33425:003;
33426:004;
33427:003;
33428:004;
33429:003;
33430:004;
33431:003;
33432:004;
33433:003;
33434:004;
33435:003;
33436:004;
33437:003;
33438:004;
33439:003;
33440:004;
33441:003;
33442:004;
33443:003;
33444:004;
33445:003;
33446:004;
33447:003;
33448:004;
33449:003;
33450:004;
33451:003;
33452:004;
33453:003;
33454:004;
33455:003;
33456:004;
33457:003;
33458:004;
33459:003;
33460:004;
33461:003;
33462:004;
33463:003;
33464:004;
33465:003;
33466:004;
33467:003;
33468:004;
33469:003;
33470:004;
33471:003;
33472:004;
33473:003;
33474:004;
33475:003;
33476:004;
33477:003;
33478:004;
33479:003;
33480:004;
33481:003;
33482:004;
33483:003;
33484:004;
33485:003;
33486:004;
33487:003;
33488:004;
33489:003;
33490:004;
33491:003;
33492:004;
33493:003;
33494:004;
33495:003;
33496:004;
33497:003;
33498:004;
33499:003;
33500:004;
33501:003;
33502:004;
33503:003;
33504:004;
33505:003;
33506:004;
33507:003;
33508:004;
33509:003;
33510:004;
33511:003;
33512:004;
33513:003;
33514:004;
33515:003;
33516:004;
33517:003;
33518:004;
33519:003;
33520:004;
33521:003;
33522:004;
33523:003;
33524:004;
33525:003;
33526:004;
33527:003;
33528:004;
33529:003;
33530:004;
33531:003;
33532:004;
33533:003;
33534:004;
33535:001;
33536:003;
33537:004;
33538:003;
33539:004;
33540:003;
33541:004;
33542:003;
33543:004;
33544:003;
33545:004;
33546:003;
33547:004;
33548:003;
33549:004;
33550:003;
33551:004;
33552:003;
33553:004;
33554:003;
33555:004;
33556:003;
33557:004;
33558:003;
33559:004;
33560:003;
33561:004;
33562:003;
33563:004;
33564:003;
33565:004;
33566:003;
33567:004;
33568:003;
33569:004;
33570:003;
33571:004;
33572:003;
33573:004;
33574:003;
33575:004;
33576:003;
33577:004;
33578:003;
33579:004;
33580:003;
33581:004;
33582:003;
33583:004;
33584:003;
33585:004;
33586:003;
33587:004;
33588:003;
33589:004;
33590:003;
33591:004;
33592:003;
33593:004;
33594:003;
33595:004;
33596:003;
33597:004;
33598:003;
33599:004;
33600:003;
33601:004;
33602:003;
33603:004;
33604:003;
33605:004;
33606:003;
33607:004;
33608:003;
33609:004;
33610:003;
33611:004;
33612:003;
33613:004;
33614:003;
33615:004;
33616:003;
33617:004;
33618:003;
33619:004;
33620:003;
33621:004;
33622:003;
33623:004;
33624:003;
33625:004;
33626:003;
33627:004;
33628:003;
33629:004;
33630:003;
33631:004;
33632:003;
33633:004;
33634:003;
33635:004;
33636:003;
33637:004;
33638:003;
33639:004;
33640:003;
33641:004;
33642:003;
33643:004;
33644:003;
33645:004;
33646:003;
33647:004;
33648:003;
33649:004;
33650:003;
33651:004;
33652:003;
33653:004;
33654:003;
33655:004;
33656:003;
33657:004;
33658:003;
33659:004;
33660:003;
33661:004;
33662:003;
33663:001;
33664:004;
33665:003;
33666:004;
33667:003;
33668:004;
33669:003;
33670:004;
33671:003;
33672:004;
33673:003;
33674:004;
33675:003;
33676:004;
33677:003;
33678:004;
33679:003;
33680:004;
33681:003;
33682:004;
33683:003;
33684:004;
33685:003;
33686:004;
33687:003;
33688:004;
33689:003;
33690:004;
33691:003;
33692:004;
33693:003;
33694:004;
33695:003;
33696:004;
33697:003;
33698:004;
33699:003;
33700:004;
33701:003;
33702:004;
33703:003;
33704:004;
33705:003;
33706:004;
33707:003;
33708:004;
33709:003;
33710:004;
33711:003;
33712:004;
33713:003;
33714:004;
33715:003;
33716:004;
33717:003;
33718:004;
33719:003;
33720:004;
33721:003;
33722:004;
33723:003;
33724:004;
33725:003;
33726:004;
33727:003;
33728:004;
33729:003;
33730:004;
33731:003;
33732:004;
33733:003;
33734:004;
33735:003;
33736:004;
33737:003;
33738:004;
33739:003;
33740:004;
33741:003;
33742:004;
33743:003;
33744:004;
33745:003;
33746:004;
33747:003;
33748:004;
33749:003;
33750:004;
33751:003;
33752:004;
33753:003;
33754:004;
33755:003;
33756:004;
33757:003;
33758:004;
33759:003;
33760:004;
33761:003;
33762:004;
33763:003;
33764:004;
33765:003;
33766:004;
33767:003;
33768:004;
33769:003;
33770:004;
33771:003;
33772:004;
33773:003;
33774:004;
33775:003;
33776:004;
33777:003;
33778:004;
33779:003;
33780:004;
33781:003;
33782:004;
33783:003;
33784:004;
33785:003;
33786:004;
33787:003;
33788:004;
33789:003;
33790:004;
33791:001;
33792:003;
33793:003;
33794:003;
33795:004;
33796:003;
33797:003;
33798:003;
33799:004;
33800:003;
33801:003;
33802:003;
33803:004;
33804:003;
33805:003;
33806:003;
33807:004;
33808:003;
33809:003;
33810:003;
33811:004;
33812:003;
33813:003;
33814:003;
33815:004;
33816:003;
33817:003;
33818:003;
33819:004;
33820:003;
33821:003;
33822:003;
33823:004;
33824:003;
33825:003;
33826:003;
33827:004;
33828:003;
33829:003;
33830:003;
33831:004;
33832:003;
33833:003;
33834:003;
33835:004;
33836:003;
33837:003;
33838:003;
33839:004;
33840:003;
33841:003;
33842:003;
33843:004;
33844:003;
33845:003;
33846:003;
33847:004;
33848:003;
33849:003;
33850:003;
33851:004;
33852:003;
33853:003;
33854:003;
33855:004;
33856:003;
33857:003;
33858:003;
33859:004;
33860:003;
33861:003;
33862:003;
33863:004;
33864:003;
33865:003;
33866:003;
33867:004;
33868:003;
33869:003;
33870:003;
33871:004;
33872:003;
33873:003;
33874:003;
33875:004;
33876:003;
33877:003;
33878:003;
33879:004;
33880:003;
33881:003;
33882:003;
33883:004;
33884:003;
33885:003;
33886:003;
33887:004;
33888:003;
33889:003;
33890:003;
33891:004;
33892:003;
33893:003;
33894:003;
33895:004;
33896:003;
33897:003;
33898:003;
33899:004;
33900:003;
33901:003;
33902:003;
33903:004;
33904:003;
33905:003;
33906:003;
33907:004;
33908:003;
33909:003;
33910:003;
33911:004;
33912:003;
33913:003;
33914:003;
33915:004;
33916:003;
33917:003;
33918:003;
33919:001;
33920:004;
33921:003;
33922:004;
33923:003;
33924:004;
33925:003;
33926:004;
33927:003;
33928:004;
33929:003;
33930:004;
33931:003;
33932:004;
33933:003;
33934:004;
33935:003;
33936:004;
33937:003;
33938:004;
33939:003;
33940:004;
33941:003;
33942:004;
33943:003;
33944:004;
33945:003;
33946:004;
33947:003;
33948:004;
33949:003;
33950:004;
33951:003;
33952:004;
33953:003;
33954:004;
33955:003;
33956:004;
33957:003;
33958:004;
33959:003;
33960:004;
33961:003;
33962:004;
33963:003;
33964:004;
33965:003;
33966:004;
33967:003;
33968:004;
33969:003;
33970:004;
33971:003;
33972:004;
33973:003;
33974:004;
33975:003;
33976:004;
33977:003;
33978:004;
33979:003;
33980:004;
33981:003;
33982:004;
33983:003;
33984:004;
33985:003;
33986:004;
33987:003;
33988:004;
33989:003;
33990:004;
33991:003;
33992:004;
33993:003;
33994:004;
33995:003;
33996:004;
33997:003;
33998:004;
33999:003;
34000:004;
34001:003;
34002:004;
34003:003;
34004:004;
34005:003;
34006:004;
34007:003;
34008:004;
34009:003;
34010:004;
34011:003;
34012:004;
34013:003;
34014:004;
34015:003;
34016:004;
34017:003;
34018:004;
34019:003;
34020:004;
34021:003;
34022:004;
34023:003;
34024:004;
34025:003;
34026:004;
34027:003;
34028:004;
34029:003;
34030:004;
34031:003;
34032:004;
34033:003;
34034:004;
34035:003;
34036:004;
34037:003;
34038:004;
34039:003;
34040:004;
34041:003;
34042:004;
34043:003;
34044:004;
34045:003;
34046:004;
34047:001;
34048:003;
34049:004;
34050:003;
34051:003;
34052:003;
34053:004;
34054:003;
34055:004;
34056:003;
34057:004;
34058:003;
34059:003;
34060:003;
34061:004;
34062:003;
34063:004;
34064:003;
34065:004;
34066:003;
34067:003;
34068:003;
34069:004;
34070:003;
34071:004;
34072:003;
34073:004;
34074:003;
34075:003;
34076:003;
34077:004;
34078:003;
34079:004;
34080:003;
34081:004;
34082:003;
34083:003;
34084:003;
34085:004;
34086:003;
34087:004;
34088:003;
34089:004;
34090:003;
34091:003;
34092:003;
34093:004;
34094:003;
34095:004;
34096:003;
34097:004;
34098:003;
34099:003;
34100:003;
34101:004;
34102:003;
34103:004;
34104:003;
34105:004;
34106:003;
34107:003;
34108:003;
34109:004;
34110:003;
34111:004;
34112:003;
34113:004;
34114:003;
34115:003;
34116:003;
34117:004;
34118:003;
34119:004;
34120:003;
34121:004;
34122:003;
34123:003;
34124:003;
34125:004;
34126:003;
34127:004;
34128:003;
34129:004;
34130:003;
34131:003;
34132:003;
34133:004;
34134:003;
34135:004;
34136:003;
34137:004;
34138:003;
34139:003;
34140:003;
34141:004;
34142:003;
34143:004;
34144:003;
34145:004;
34146:003;
34147:003;
34148:003;
34149:004;
34150:003;
34151:004;
34152:003;
34153:004;
34154:003;
34155:003;
34156:003;
34157:004;
34158:003;
34159:004;
34160:003;
34161:004;
34162:003;
34163:003;
34164:003;
34165:004;
34166:003;
34167:004;
34168:003;
34169:004;
34170:003;
34171:003;
34172:003;
34173:004;
34174:003;
34175:001;
34176:004;
34177:003;
34178:004;
34179:003;
34180:004;
34181:003;
34182:004;
34183:003;
34184:004;
34185:003;
34186:004;
34187:003;
34188:004;
34189:003;
34190:004;
34191:003;
34192:004;
34193:003;
34194:004;
34195:003;
34196:004;
34197:003;
34198:004;
34199:003;
34200:004;
34201:003;
34202:004;
34203:003;
34204:004;
34205:003;
34206:004;
34207:003;
34208:004;
34209:003;
34210:004;
34211:003;
34212:004;
34213:003;
34214:004;
34215:003;
34216:004;
34217:003;
34218:004;
34219:003;
34220:004;
34221:003;
34222:004;
34223:003;
34224:004;
34225:003;
34226:004;
34227:003;
34228:004;
34229:003;
34230:004;
34231:003;
34232:004;
34233:003;
34234:004;
34235:003;
34236:004;
34237:003;
34238:004;
34239:003;
34240:004;
34241:003;
34242:004;
34243:003;
34244:004;
34245:003;
34246:004;
34247:003;
34248:004;
34249:003;
34250:004;
34251:003;
34252:004;
34253:003;
34254:004;
34255:003;
34256:004;
34257:003;
34258:004;
34259:003;
34260:004;
34261:003;
34262:004;
34263:003;
34264:004;
34265:003;
34266:004;
34267:003;
34268:004;
34269:003;
34270:004;
34271:003;
34272:004;
34273:003;
34274:004;
34275:003;
34276:004;
34277:003;
34278:004;
34279:003;
34280:004;
34281:003;
34282:004;
34283:003;
34284:004;
34285:003;
34286:004;
34287:003;
34288:004;
34289:003;
34290:004;
34291:003;
34292:004;
34293:003;
34294:004;
34295:003;
34296:004;
34297:003;
34298:004;
34299:003;
34300:004;
34301:003;
34302:004;
34303:001;
34304:003;
34305:003;
34306:003;
34307:004;
34308:003;
34309:003;
34310:003;
34311:004;
34312:003;
34313:003;
34314:003;
34315:004;
34316:003;
34317:003;
34318:003;
34319:004;
34320:003;
34321:003;
34322:003;
34323:004;
34324:003;
34325:003;
34326:003;
34327:004;
34328:003;
34329:003;
34330:003;
34331:004;
34332:003;
34333:003;
34334:003;
34335:004;
34336:003;
34337:003;
34338:003;
34339:004;
34340:003;
34341:003;
34342:003;
34343:004;
34344:003;
34345:003;
34346:003;
34347:004;
34348:003;
34349:003;
34350:003;
34351:004;
34352:003;
34353:003;
34354:003;
34355:004;
34356:003;
34357:003;
34358:003;
34359:004;
34360:003;
34361:003;
34362:003;
34363:004;
34364:003;
34365:003;
34366:003;
34367:004;
34368:003;
34369:003;
34370:003;
34371:004;
34372:003;
34373:003;
34374:003;
34375:004;
34376:003;
34377:003;
34378:003;
34379:004;
34380:003;
34381:003;
34382:003;
34383:004;
34384:003;
34385:003;
34386:003;
34387:004;
34388:003;
34389:003;
34390:003;
34391:004;
34392:003;
34393:003;
34394:003;
34395:004;
34396:003;
34397:003;
34398:003;
34399:004;
34400:003;
34401:003;
34402:003;
34403:004;
34404:003;
34405:003;
34406:003;
34407:004;
34408:003;
34409:003;
34410:003;
34411:004;
34412:003;
34413:003;
34414:003;
34415:004;
34416:003;
34417:003;
34418:003;
34419:004;
34420:003;
34421:003;
34422:003;
34423:004;
34424:003;
34425:003;
34426:003;
34427:004;
34428:003;
34429:003;
34430:003;
34431:001;
34432:004;
34433:003;
34434:004;
34435:003;
34436:004;
34437:003;
34438:004;
34439:003;
34440:004;
34441:003;
34442:004;
34443:003;
34444:004;
34445:003;
34446:004;
34447:003;
34448:004;
34449:003;
34450:004;
34451:003;
34452:004;
34453:003;
34454:004;
34455:003;
34456:004;
34457:003;
34458:004;
34459:003;
34460:004;
34461:003;
34462:004;
34463:003;
34464:004;
34465:003;
34466:004;
34467:003;
34468:004;
34469:003;
34470:004;
34471:003;
34472:004;
34473:003;
34474:004;
34475:003;
34476:004;
34477:003;
34478:004;
34479:003;
34480:004;
34481:003;
34482:004;
34483:003;
34484:004;
34485:003;
34486:004;
34487:003;
34488:004;
34489:003;
34490:004;
34491:003;
34492:004;
34493:003;
34494:004;
34495:003;
34496:004;
34497:003;
34498:004;
34499:003;
34500:004;
34501:003;
34502:004;
34503:003;
34504:004;
34505:003;
34506:004;
34507:003;
34508:004;
34509:003;
34510:004;
34511:003;
34512:004;
34513:003;
34514:004;
34515:003;
34516:004;
34517:003;
34518:004;
34519:003;
34520:004;
34521:003;
34522:004;
34523:003;
34524:004;
34525:003;
34526:004;
34527:003;
34528:004;
34529:003;
34530:004;
34531:003;
34532:004;
34533:003;
34534:004;
34535:003;
34536:004;
34537:003;
34538:004;
34539:003;
34540:004;
34541:003;
34542:004;
34543:003;
34544:004;
34545:003;
34546:004;
34547:003;
34548:004;
34549:003;
34550:004;
34551:003;
34552:004;
34553:003;
34554:004;
34555:003;
34556:004;
34557:003;
34558:004;
34559:001;
34560:003;
34561:004;
34562:003;
34563:004;
34564:003;
34565:004;
34566:003;
34567:003;
34568:003;
34569:004;
34570:003;
34571:004;
34572:003;
34573:004;
34574:003;
34575:003;
34576:003;
34577:004;
34578:003;
34579:004;
34580:003;
34581:004;
34582:003;
34583:003;
34584:003;
34585:004;
34586:003;
34587:004;
34588:003;
34589:004;
34590:003;
34591:003;
34592:003;
34593:004;
34594:003;
34595:004;
34596:003;
34597:004;
34598:003;
34599:003;
34600:003;
34601:004;
34602:003;
34603:004;
34604:003;
34605:004;
34606:003;
34607:003;
34608:003;
34609:004;
34610:003;
34611:004;
34612:003;
34613:004;
34614:003;
34615:003;
34616:003;
34617:004;
34618:003;
34619:004;
34620:003;
34621:004;
34622:003;
34623:003;
34624:003;
34625:004;
34626:003;
34627:004;
34628:003;
34629:004;
34630:003;
34631:003;
34632:003;
34633:004;
34634:003;
34635:004;
34636:003;
34637:004;
34638:003;
34639:003;
34640:003;
34641:004;
34642:003;
34643:004;
34644:003;
34645:004;
34646:003;
34647:003;
34648:003;
34649:004;
34650:003;
34651:004;
34652:003;
34653:004;
34654:003;
34655:003;
34656:003;
34657:004;
34658:003;
34659:004;
34660:003;
34661:004;
34662:003;
34663:003;
34664:003;
34665:004;
34666:003;
34667:004;
34668:003;
34669:004;
34670:003;
34671:003;
34672:003;
34673:004;
34674:003;
34675:004;
34676:003;
34677:004;
34678:003;
34679:003;
34680:003;
34681:004;
34682:003;
34683:004;
34684:003;
34685:004;
34686:003;
34687:001;
34688:004;
34689:003;
34690:004;
34691:003;
34692:004;
34693:003;
34694:004;
34695:003;
34696:004;
34697:003;
34698:004;
34699:003;
34700:004;
34701:003;
34702:004;
34703:003;
34704:004;
34705:003;
34706:004;
34707:003;
34708:004;
34709:003;
34710:004;
34711:003;
34712:004;
34713:003;
34714:004;
34715:003;
34716:004;
34717:003;
34718:004;
34719:003;
34720:004;
34721:003;
34722:004;
34723:003;
34724:004;
34725:003;
34726:004;
34727:003;
34728:004;
34729:003;
34730:004;
34731:003;
34732:004;
34733:003;
34734:004;
34735:003;
34736:004;
34737:003;
34738:004;
34739:003;
34740:004;
34741:003;
34742:004;
34743:003;
34744:004;
34745:003;
34746:004;
34747:003;
34748:004;
34749:003;
34750:004;
34751:003;
34752:004;
34753:003;
34754:004;
34755:003;
34756:004;
34757:003;
34758:004;
34759:003;
34760:004;
34761:003;
34762:004;
34763:003;
34764:004;
34765:003;
34766:004;
34767:003;
34768:004;
34769:003;
34770:004;
34771:003;
34772:004;
34773:003;
34774:004;
34775:003;
34776:004;
34777:003;
34778:004;
34779:003;
34780:004;
34781:003;
34782:004;
34783:003;
34784:004;
34785:003;
34786:004;
34787:003;
34788:004;
34789:003;
34790:004;
34791:003;
34792:004;
34793:003;
34794:004;
34795:003;
34796:004;
34797:003;
34798:004;
34799:003;
34800:004;
34801:003;
34802:004;
34803:003;
34804:004;
34805:003;
34806:004;
34807:003;
34808:004;
34809:003;
34810:004;
34811:003;
34812:004;
34813:003;
34814:004;
34815:001;
34816:003;
34817:003;
34818:003;
34819:004;
34820:003;
34821:003;
34822:003;
34823:004;
34824:003;
34825:003;
34826:003;
34827:004;
34828:003;
34829:003;
34830:003;
34831:004;
34832:003;
34833:003;
34834:003;
34835:004;
34836:003;
34837:003;
34838:003;
34839:004;
34840:003;
34841:003;
34842:003;
34843:004;
34844:003;
34845:003;
34846:003;
34847:004;
34848:003;
34849:003;
34850:003;
34851:004;
34852:003;
34853:003;
34854:003;
34855:004;
34856:003;
34857:003;
34858:003;
34859:004;
34860:003;
34861:003;
34862:003;
34863:004;
34864:003;
34865:003;
34866:003;
34867:004;
34868:003;
34869:003;
34870:003;
34871:004;
34872:003;
34873:003;
34874:003;
34875:004;
34876:003;
34877:003;
34878:003;
34879:004;
34880:003;
34881:003;
34882:003;
34883:004;
34884:003;
34885:003;
34886:003;
34887:004;
34888:003;
34889:003;
34890:003;
34891:004;
34892:003;
34893:003;
34894:003;
34895:004;
34896:003;
34897:003;
34898:003;
34899:004;
34900:003;
34901:003;
34902:003;
34903:004;
34904:003;
34905:003;
34906:003;
34907:004;
34908:003;
34909:003;
34910:003;
34911:004;
34912:003;
34913:003;
34914:003;
34915:004;
34916:003;
34917:003;
34918:003;
34919:004;
34920:003;
34921:003;
34922:003;
34923:004;
34924:003;
34925:003;
34926:003;
34927:004;
34928:003;
34929:003;
34930:003;
34931:004;
34932:003;
34933:003;
34934:003;
34935:004;
34936:003;
34937:003;
34938:003;
34939:004;
34940:003;
34941:003;
34942:003;
34943:001;
34944:004;
34945:003;
34946:004;
34947:003;
34948:004;
34949:003;
34950:004;
34951:003;
34952:004;
34953:003;
34954:004;
34955:003;
34956:004;
34957:003;
34958:004;
34959:003;
34960:004;
34961:003;
34962:004;
34963:003;
34964:004;
34965:003;
34966:004;
34967:003;
34968:004;
34969:003;
34970:004;
34971:003;
34972:004;
34973:003;
34974:004;
34975:003;
34976:004;
34977:003;
34978:004;
34979:003;
34980:004;
34981:003;
34982:004;
34983:003;
34984:004;
34985:003;
34986:004;
34987:003;
34988:004;
34989:003;
34990:004;
34991:003;
34992:004;
34993:003;
34994:004;
34995:003;
34996:004;
34997:003;
34998:004;
34999:003;
35000:004;
35001:003;
35002:004;
35003:003;
35004:004;
35005:003;
35006:004;
35007:003;
35008:004;
35009:003;
35010:004;
35011:003;
35012:004;
35013:003;
35014:004;
35015:003;
35016:004;
35017:003;
35018:004;
35019:003;
35020:004;
35021:003;
35022:004;
35023:003;
35024:004;
35025:003;
35026:004;
35027:003;
35028:004;
35029:003;
35030:004;
35031:003;
35032:004;
35033:003;
35034:004;
35035:003;
35036:004;
35037:003;
35038:004;
35039:003;
35040:004;
35041:003;
35042:004;
35043:003;
35044:004;
35045:003;
35046:004;
35047:003;
35048:004;
35049:003;
35050:004;
35051:003;
35052:004;
35053:003;
35054:004;
35055:003;
35056:004;
35057:003;
35058:004;
35059:003;
35060:004;
35061:003;
35062:004;
35063:003;
35064:004;
35065:003;
35066:004;
35067:003;
35068:004;
35069:003;
35070:004;
35071:001;
35072:003;
35073:004;
35074:003;
35075:003;
35076:003;
35077:004;
35078:003;
35079:003;
35080:003;
35081:004;
35082:003;
35083:003;
35084:003;
35085:004;
35086:003;
35087:003;
35088:003;
35089:004;
35090:003;
35091:003;
35092:003;
35093:004;
35094:003;
35095:003;
35096:003;
35097:004;
35098:003;
35099:003;
35100:003;
35101:004;
35102:003;
35103:003;
35104:003;
35105:004;
35106:003;
35107:003;
35108:003;
35109:004;
35110:003;
35111:003;
35112:003;
35113:004;
35114:003;
35115:003;
35116:003;
35117:004;
35118:003;
35119:003;
35120:003;
35121:004;
35122:003;
35123:003;
35124:003;
35125:004;
35126:003;
35127:003;
35128:003;
35129:004;
35130:003;
35131:003;
35132:003;
35133:004;
35134:003;
35135:003;
35136:003;
35137:004;
35138:003;
35139:003;
35140:003;
35141:004;
35142:003;
35143:003;
35144:003;
35145:004;
35146:003;
35147:003;
35148:003;
35149:004;
35150:003;
35151:003;
35152:003;
35153:004;
35154:003;
35155:003;
35156:003;
35157:004;
35158:003;
35159:003;
35160:003;
35161:004;
35162:003;
35163:003;
35164:003;
35165:004;
35166:003;
35167:003;
35168:003;
35169:004;
35170:003;
35171:003;
35172:003;
35173:004;
35174:003;
35175:003;
35176:003;
35177:004;
35178:003;
35179:003;
35180:003;
35181:004;
35182:003;
35183:003;
35184:003;
35185:004;
35186:003;
35187:003;
35188:003;
35189:004;
35190:003;
35191:003;
35192:003;
35193:004;
35194:003;
35195:003;
35196:003;
35197:004;
35198:003;
35199:001;
35200:004;
35201:003;
35202:004;
35203:003;
35204:004;
35205:003;
35206:004;
35207:003;
35208:004;
35209:003;
35210:004;
35211:003;
35212:004;
35213:003;
35214:004;
35215:003;
35216:004;
35217:003;
35218:004;
35219:003;
35220:004;
35221:003;
35222:004;
35223:003;
35224:004;
35225:003;
35226:004;
35227:003;
35228:004;
35229:003;
35230:004;
35231:003;
35232:004;
35233:003;
35234:004;
35235:003;
35236:004;
35237:003;
35238:004;
35239:003;
35240:004;
35241:003;
35242:004;
35243:003;
35244:004;
35245:003;
35246:004;
35247:003;
35248:004;
35249:003;
35250:004;
35251:003;
35252:004;
35253:003;
35254:004;
35255:003;
35256:004;
35257:003;
35258:004;
35259:003;
35260:004;
35261:003;
35262:004;
35263:003;
35264:004;
35265:003;
35266:004;
35267:003;
35268:004;
35269:003;
35270:004;
35271:003;
35272:004;
35273:003;
35274:004;
35275:003;
35276:004;
35277:003;
35278:004;
35279:003;
35280:004;
35281:003;
35282:004;
35283:003;
35284:004;
35285:003;
35286:004;
35287:003;
35288:004;
35289:003;
35290:004;
35291:003;
35292:004;
35293:003;
35294:004;
35295:003;
35296:004;
35297:003;
35298:004;
35299:003;
35300:004;
35301:003;
35302:004;
35303:003;
35304:004;
35305:003;
35306:004;
35307:003;
35308:004;
35309:003;
35310:004;
35311:003;
35312:004;
35313:003;
35314:004;
35315:003;
35316:004;
35317:003;
35318:004;
35319:003;
35320:004;
35321:003;
35322:004;
35323:003;
35324:004;
35325:003;
35326:004;
35327:001;
35328:003;
35329:003;
35330:003;
35331:004;
35332:003;
35333:003;
35334:003;
35335:004;
35336:003;
35337:003;
35338:003;
35339:004;
35340:003;
35341:003;
35342:003;
35343:004;
35344:003;
35345:003;
35346:003;
35347:004;
35348:003;
35349:003;
35350:003;
35351:004;
35352:003;
35353:003;
35354:003;
35355:004;
35356:003;
35357:003;
35358:003;
35359:004;
35360:003;
35361:003;
35362:003;
35363:004;
35364:003;
35365:003;
35366:003;
35367:004;
35368:003;
35369:003;
35370:003;
35371:004;
35372:003;
35373:003;
35374:003;
35375:004;
35376:003;
35377:003;
35378:003;
35379:004;
35380:003;
35381:003;
35382:003;
35383:004;
35384:003;
35385:003;
35386:003;
35387:004;
35388:003;
35389:003;
35390:003;
35391:004;
35392:003;
35393:003;
35394:003;
35395:004;
35396:003;
35397:003;
35398:003;
35399:004;
35400:003;
35401:003;
35402:003;
35403:004;
35404:003;
35405:003;
35406:003;
35407:004;
35408:003;
35409:003;
35410:003;
35411:004;
35412:003;
35413:003;
35414:003;
35415:004;
35416:003;
35417:003;
35418:003;
35419:004;
35420:003;
35421:003;
35422:003;
35423:004;
35424:003;
35425:003;
35426:003;
35427:004;
35428:003;
35429:003;
35430:003;
35431:004;
35432:003;
35433:003;
35434:003;
35435:004;
35436:003;
35437:003;
35438:003;
35439:004;
35440:003;
35441:003;
35442:003;
35443:004;
35444:003;
35445:003;
35446:003;
35447:004;
35448:003;
35449:003;
35450:003;
35451:004;
35452:003;
35453:003;
35454:003;
35455:001;
35456:004;
35457:003;
35458:004;
35459:003;
35460:004;
35461:003;
35462:004;
35463:003;
35464:004;
35465:003;
35466:004;
35467:003;
35468:004;
35469:003;
35470:004;
35471:003;
35472:004;
35473:003;
35474:004;
35475:003;
35476:004;
35477:003;
35478:004;
35479:003;
35480:004;
35481:003;
35482:004;
35483:003;
35484:004;
35485:003;
35486:004;
35487:003;
35488:004;
35489:003;
35490:004;
35491:003;
35492:004;
35493:003;
35494:004;
35495:003;
35496:004;
35497:003;
35498:004;
35499:003;
35500:004;
35501:003;
35502:004;
35503:003;
35504:004;
35505:003;
35506:004;
35507:003;
35508:004;
35509:003;
35510:004;
35511:003;
35512:004;
35513:003;
35514:004;
35515:003;
35516:004;
35517:003;
35518:004;
35519:003;
35520:004;
35521:003;
35522:004;
35523:003;
35524:004;
35525:003;
35526:004;
35527:003;
35528:004;
35529:003;
35530:004;
35531:003;
35532:004;
35533:003;
35534:004;
35535:003;
35536:004;
35537:003;
35538:004;
35539:003;
35540:004;
35541:003;
35542:004;
35543:003;
35544:004;
35545:003;
35546:004;
35547:003;
35548:004;
35549:003;
35550:004;
35551:003;
35552:004;
35553:003;
35554:004;
35555:003;
35556:004;
35557:003;
35558:004;
35559:003;
35560:004;
35561:003;
35562:004;
35563:003;
35564:004;
35565:003;
35566:004;
35567:003;
35568:004;
35569:003;
35570:004;
35571:003;
35572:004;
35573:003;
35574:004;
35575:003;
35576:004;
35577:003;
35578:004;
35579:003;
35580:004;
35581:003;
35582:004;
35583:001;
35584:003;
35585:004;
35586:003;
35587:003;
35588:003;
35589:004;
35590:003;
35591:003;
35592:003;
35593:004;
35594:003;
35595:003;
35596:003;
35597:004;
35598:003;
35599:003;
35600:003;
35601:004;
35602:003;
35603:003;
35604:003;
35605:004;
35606:003;
35607:003;
35608:003;
35609:004;
35610:003;
35611:003;
35612:003;
35613:004;
35614:003;
35615:003;
35616:003;
35617:004;
35618:003;
35619:003;
35620:003;
35621:004;
35622:003;
35623:003;
35624:003;
35625:004;
35626:003;
35627:003;
35628:003;
35629:004;
35630:003;
35631:003;
35632:003;
35633:004;
35634:003;
35635:003;
35636:003;
35637:004;
35638:003;
35639:003;
35640:003;
35641:004;
35642:003;
35643:003;
35644:003;
35645:004;
35646:003;
35647:003;
35648:003;
35649:004;
35650:003;
35651:003;
35652:003;
35653:004;
35654:003;
35655:003;
35656:003;
35657:004;
35658:003;
35659:003;
35660:003;
35661:004;
35662:003;
35663:003;
35664:003;
35665:004;
35666:003;
35667:003;
35668:003;
35669:004;
35670:003;
35671:003;
35672:003;
35673:004;
35674:003;
35675:003;
35676:003;
35677:004;
35678:003;
35679:003;
35680:003;
35681:004;
35682:003;
35683:003;
35684:003;
35685:004;
35686:003;
35687:003;
35688:003;
35689:004;
35690:003;
35691:003;
35692:003;
35693:004;
35694:003;
35695:003;
35696:003;
35697:004;
35698:003;
35699:003;
35700:003;
35701:004;
35702:003;
35703:003;
35704:003;
35705:004;
35706:003;
35707:003;
35708:003;
35709:004;
35710:003;
35711:001;
35712:004;
35713:003;
35714:004;
35715:003;
35716:004;
35717:003;
35718:004;
35719:003;
35720:004;
35721:003;
35722:004;
35723:003;
35724:004;
35725:003;
35726:004;
35727:003;
35728:004;
35729:003;
35730:004;
35731:003;
35732:004;
35733:003;
35734:004;
35735:003;
35736:004;
35737:003;
35738:004;
35739:003;
35740:004;
35741:003;
35742:004;
35743:003;
35744:004;
35745:003;
35746:004;
35747:003;
35748:004;
35749:003;
35750:004;
35751:003;
35752:004;
35753:003;
35754:004;
35755:003;
35756:004;
35757:003;
35758:004;
35759:003;
35760:004;
35761:003;
35762:004;
35763:003;
35764:004;
35765:003;
35766:004;
35767:003;
35768:004;
35769:003;
35770:004;
35771:003;
35772:004;
35773:003;
35774:004;
35775:003;
35776:004;
35777:003;
35778:004;
35779:003;
35780:004;
35781:003;
35782:004;
35783:003;
35784:004;
35785:003;
35786:004;
35787:003;
35788:004;
35789:003;
35790:004;
35791:003;
35792:004;
35793:003;
35794:004;
35795:003;
35796:004;
35797:003;
35798:004;
35799:003;
35800:004;
35801:003;
35802:004;
35803:003;
35804:004;
35805:003;
35806:004;
35807:003;
35808:004;
35809:003;
35810:004;
35811:003;
35812:004;
35813:003;
35814:004;
35815:003;
35816:004;
35817:003;
35818:004;
35819:003;
35820:004;
35821:003;
35822:004;
35823:003;
35824:004;
35825:003;
35826:004;
35827:003;
35828:004;
35829:003;
35830:004;
35831:003;
35832:004;
35833:003;
35834:004;
35835:003;
35836:004;
35837:003;
35838:004;
35839:001;
35840:003;
35841:003;
35842:003;
35843:003;
35844:003;
35845:003;
35846:003;
35847:004;
35848:003;
35849:003;
35850:003;
35851:003;
35852:003;
35853:003;
35854:003;
35855:004;
35856:003;
35857:003;
35858:003;
35859:003;
35860:003;
35861:003;
35862:003;
35863:004;
35864:003;
35865:003;
35866:003;
35867:003;
35868:003;
35869:003;
35870:003;
35871:004;
35872:003;
35873:003;
35874:003;
35875:003;
35876:003;
35877:003;
35878:003;
35879:004;
35880:003;
35881:003;
35882:003;
35883:003;
35884:003;
35885:003;
35886:003;
35887:004;
35888:003;
35889:003;
35890:003;
35891:003;
35892:003;
35893:003;
35894:003;
35895:004;
35896:003;
35897:003;
35898:003;
35899:003;
35900:003;
35901:003;
35902:003;
35903:004;
35904:003;
35905:003;
35906:003;
35907:003;
35908:003;
35909:003;
35910:003;
35911:004;
35912:003;
35913:003;
35914:003;
35915:003;
35916:003;
35917:003;
35918:003;
35919:004;
35920:003;
35921:003;
35922:003;
35923:003;
35924:003;
35925:003;
35926:003;
35927:004;
35928:003;
35929:003;
35930:003;
35931:003;
35932:003;
35933:003;
35934:003;
35935:004;
35936:003;
35937:003;
35938:003;
35939:003;
35940:003;
35941:003;
35942:003;
35943:004;
35944:003;
35945:003;
35946:003;
35947:003;
35948:003;
35949:003;
35950:003;
35951:004;
35952:003;
35953:003;
35954:003;
35955:003;
35956:003;
35957:003;
35958:003;
35959:004;
35960:003;
35961:003;
35962:003;
35963:003;
35964:003;
35965:003;
35966:003;
35967:001;
35968:004;
35969:003;
35970:004;
35971:003;
35972:004;
35973:003;
35974:004;
35975:003;
35976:004;
35977:003;
35978:004;
35979:003;
35980:004;
35981:003;
35982:004;
35983:003;
35984:004;
35985:003;
35986:004;
35987:003;
35988:004;
35989:003;
35990:004;
35991:003;
35992:004;
35993:003;
35994:004;
35995:003;
35996:004;
35997:003;
35998:004;
35999:003;
36000:004;
36001:003;
36002:004;
36003:003;
36004:004;
36005:003;
36006:004;
36007:003;
36008:004;
36009:003;
36010:004;
36011:003;
36012:004;
36013:003;
36014:004;
36015:003;
36016:004;
36017:003;
36018:004;
36019:003;
36020:004;
36021:003;
36022:004;
36023:003;
36024:004;
36025:003;
36026:004;
36027:003;
36028:004;
36029:003;
36030:004;
36031:003;
36032:004;
36033:003;
36034:004;
36035:003;
36036:004;
36037:003;
36038:004;
36039:003;
36040:004;
36041:003;
36042:004;
36043:003;
36044:004;
36045:003;
36046:004;
36047:003;
36048:004;
36049:003;
36050:004;
36051:003;
36052:004;
36053:003;
36054:004;
36055:003;
36056:004;
36057:003;
36058:004;
36059:003;
36060:004;
36061:003;
36062:004;
36063:003;
36064:004;
36065:003;
36066:004;
36067:003;
36068:004;
36069:003;
36070:004;
36071:003;
36072:004;
36073:003;
36074:004;
36075:003;
36076:004;
36077:003;
36078:004;
36079:003;
36080:004;
36081:003;
36082:004;
36083:003;
36084:004;
36085:003;
36086:004;
36087:003;
36088:004;
36089:003;
36090:004;
36091:003;
36092:004;
36093:003;
36094:004;
36095:001;
36096:003;
36097:004;
36098:003;
36099:003;
36100:003;
36101:004;
36102:003;
36103:003;
36104:003;
36105:004;
36106:003;
36107:003;
36108:003;
36109:004;
36110:003;
36111:003;
36112:003;
36113:004;
36114:003;
36115:003;
36116:003;
36117:004;
36118:003;
36119:003;
36120:003;
36121:004;
36122:003;
36123:003;
36124:003;
36125:004;
36126:003;
36127:003;
36128:003;
36129:004;
36130:003;
36131:003;
36132:003;
36133:004;
36134:003;
36135:003;
36136:003;
36137:004;
36138:003;
36139:003;
36140:003;
36141:004;
36142:003;
36143:003;
36144:003;
36145:004;
36146:003;
36147:003;
36148:003;
36149:004;
36150:003;
36151:003;
36152:003;
36153:004;
36154:003;
36155:003;
36156:003;
36157:004;
36158:003;
36159:003;
36160:003;
36161:004;
36162:003;
36163:003;
36164:003;
36165:004;
36166:003;
36167:003;
36168:003;
36169:004;
36170:003;
36171:003;
36172:003;
36173:004;
36174:003;
36175:003;
36176:003;
36177:004;
36178:003;
36179:003;
36180:003;
36181:004;
36182:003;
36183:003;
36184:003;
36185:004;
36186:003;
36187:003;
36188:003;
36189:004;
36190:003;
36191:003;
36192:003;
36193:004;
36194:003;
36195:003;
36196:003;
36197:004;
36198:003;
36199:003;
36200:003;
36201:004;
36202:003;
36203:003;
36204:003;
36205:004;
36206:003;
36207:003;
36208:003;
36209:004;
36210:003;
36211:003;
36212:003;
36213:004;
36214:003;
36215:003;
36216:003;
36217:004;
36218:003;
36219:003;
36220:003;
36221:004;
36222:003;
36223:001;
36224:004;
36225:003;
36226:004;
36227:003;
36228:004;
36229:003;
36230:004;
36231:003;
36232:004;
36233:003;
36234:004;
36235:003;
36236:004;
36237:003;
36238:004;
36239:003;
36240:004;
36241:003;
36242:004;
36243:003;
36244:004;
36245:003;
36246:004;
36247:003;
36248:004;
36249:003;
36250:004;
36251:003;
36252:004;
36253:003;
36254:004;
36255:003;
36256:004;
36257:003;
36258:004;
36259:003;
36260:004;
36261:003;
36262:004;
36263:003;
36264:004;
36265:003;
36266:004;
36267:003;
36268:004;
36269:003;
36270:004;
36271:003;
36272:004;
36273:003;
36274:004;
36275:003;
36276:004;
36277:003;
36278:004;
36279:003;
36280:004;
36281:003;
36282:004;
36283:003;
36284:004;
36285:003;
36286:004;
36287:003;
36288:004;
36289:003;
36290:004;
36291:003;
36292:004;
36293:003;
36294:004;
36295:003;
36296:004;
36297:003;
36298:004;
36299:003;
36300:004;
36301:003;
36302:004;
36303:003;
36304:004;
36305:003;
36306:004;
36307:003;
36308:004;
36309:003;
36310:004;
36311:003;
36312:004;
36313:003;
36314:004;
36315:003;
36316:004;
36317:003;
36318:004;
36319:003;
36320:004;
36321:003;
36322:004;
36323:003;
36324:004;
36325:003;
36326:004;
36327:003;
36328:004;
36329:003;
36330:004;
36331:003;
36332:004;
36333:003;
36334:004;
36335:003;
36336:004;
36337:003;
36338:004;
36339:003;
36340:004;
36341:003;
36342:004;
36343:003;
36344:004;
36345:003;
36346:004;
36347:003;
36348:004;
36349:003;
36350:004;
36351:001;
36352:003;
36353:003;
36354:003;
36355:004;
36356:003;
36357:003;
36358:003;
36359:004;
36360:003;
36361:003;
36362:003;
36363:004;
36364:003;
36365:003;
36366:003;
36367:004;
36368:003;
36369:003;
36370:003;
36371:004;
36372:003;
36373:003;
36374:003;
36375:004;
36376:003;
36377:003;
36378:003;
36379:004;
36380:003;
36381:003;
36382:003;
36383:004;
36384:003;
36385:003;
36386:003;
36387:004;
36388:003;
36389:003;
36390:003;
36391:004;
36392:003;
36393:003;
36394:003;
36395:004;
36396:003;
36397:003;
36398:003;
36399:004;
36400:003;
36401:003;
36402:003;
36403:004;
36404:003;
36405:003;
36406:003;
36407:004;
36408:003;
36409:003;
36410:003;
36411:004;
36412:003;
36413:003;
36414:003;
36415:004;
36416:003;
36417:003;
36418:003;
36419:004;
36420:003;
36421:003;
36422:003;
36423:004;
36424:003;
36425:003;
36426:003;
36427:004;
36428:003;
36429:003;
36430:003;
36431:004;
36432:003;
36433:003;
36434:003;
36435:004;
36436:003;
36437:003;
36438:003;
36439:004;
36440:003;
36441:003;
36442:003;
36443:004;
36444:003;
36445:003;
36446:003;
36447:004;
36448:003;
36449:003;
36450:003;
36451:004;
36452:003;
36453:003;
36454:003;
36455:004;
36456:003;
36457:003;
36458:003;
36459:004;
36460:003;
36461:003;
36462:003;
36463:004;
36464:003;
36465:003;
36466:003;
36467:004;
36468:003;
36469:003;
36470:003;
36471:004;
36472:003;
36473:003;
36474:003;
36475:004;
36476:003;
36477:003;
36478:003;
36479:001;
36480:004;
36481:003;
36482:004;
36483:003;
36484:004;
36485:003;
36486:004;
36487:003;
36488:004;
36489:003;
36490:004;
36491:003;
36492:004;
36493:003;
36494:004;
36495:003;
36496:004;
36497:003;
36498:004;
36499:003;
36500:004;
36501:003;
36502:004;
36503:003;
36504:004;
36505:003;
36506:004;
36507:003;
36508:004;
36509:003;
36510:004;
36511:003;
36512:004;
36513:003;
36514:004;
36515:003;
36516:004;
36517:003;
36518:004;
36519:003;
36520:004;
36521:003;
36522:004;
36523:003;
36524:004;
36525:003;
36526:004;
36527:003;
36528:004;
36529:003;
36530:004;
36531:003;
36532:004;
36533:003;
36534:004;
36535:003;
36536:004;
36537:003;
36538:004;
36539:003;
36540:004;
36541:003;
36542:004;
36543:003;
36544:004;
36545:003;
36546:004;
36547:003;
36548:004;
36549:003;
36550:004;
36551:003;
36552:004;
36553:003;
36554:004;
36555:003;
36556:004;
36557:003;
36558:004;
36559:003;
36560:004;
36561:003;
36562:004;
36563:003;
36564:004;
36565:003;
36566:004;
36567:003;
36568:004;
36569:003;
36570:004;
36571:003;
36572:004;
36573:003;
36574:004;
36575:003;
36576:004;
36577:003;
36578:004;
36579:003;
36580:004;
36581:003;
36582:004;
36583:003;
36584:004;
36585:003;
36586:004;
36587:003;
36588:004;
36589:003;
36590:004;
36591:003;
36592:004;
36593:003;
36594:004;
36595:003;
36596:004;
36597:003;
36598:004;
36599:003;
36600:004;
36601:003;
36602:004;
36603:003;
36604:004;
36605:003;
36606:004;
36607:001;
36608:003;
36609:004;
36610:003;
36611:003;
36612:003;
36613:004;
36614:003;
36615:003;
36616:003;
36617:004;
36618:003;
36619:003;
36620:003;
36621:004;
36622:003;
36623:003;
36624:003;
36625:004;
36626:003;
36627:003;
36628:003;
36629:004;
36630:003;
36631:003;
36632:003;
36633:004;
36634:003;
36635:003;
36636:003;
36637:004;
36638:003;
36639:003;
36640:003;
36641:004;
36642:003;
36643:003;
36644:003;
36645:004;
36646:003;
36647:003;
36648:003;
36649:004;
36650:003;
36651:003;
36652:003;
36653:004;
36654:003;
36655:003;
36656:003;
36657:004;
36658:003;
36659:003;
36660:003;
36661:004;
36662:003;
36663:003;
36664:003;
36665:004;
36666:003;
36667:003;
36668:003;
36669:004;
36670:003;
36671:003;
36672:003;
36673:004;
36674:003;
36675:003;
36676:003;
36677:004;
36678:003;
36679:003;
36680:003;
36681:004;
36682:003;
36683:003;
36684:003;
36685:004;
36686:003;
36687:003;
36688:003;
36689:004;
36690:003;
36691:003;
36692:003;
36693:004;
36694:003;
36695:003;
36696:003;
36697:004;
36698:003;
36699:003;
36700:003;
36701:004;
36702:003;
36703:003;
36704:003;
36705:004;
36706:003;
36707:003;
36708:003;
36709:004;
36710:003;
36711:003;
36712:003;
36713:004;
36714:003;
36715:003;
36716:003;
36717:004;
36718:003;
36719:003;
36720:003;
36721:004;
36722:003;
36723:003;
36724:003;
36725:004;
36726:003;
36727:003;
36728:003;
36729:004;
36730:003;
36731:003;
36732:003;
36733:004;
36734:003;
36735:001;
36736:004;
36737:003;
36738:004;
36739:003;
36740:004;
36741:003;
36742:004;
36743:003;
36744:004;
36745:003;
36746:004;
36747:003;
36748:004;
36749:003;
36750:004;
36751:003;
36752:004;
36753:003;
36754:004;
36755:003;
36756:004;
36757:003;
36758:004;
36759:003;
36760:004;
36761:003;
36762:004;
36763:003;
36764:004;
36765:003;
36766:004;
36767:003;
36768:004;
36769:003;
36770:004;
36771:003;
36772:004;
36773:003;
36774:004;
36775:003;
36776:004;
36777:003;
36778:004;
36779:003;
36780:004;
36781:003;
36782:004;
36783:003;
36784:004;
36785:003;
36786:004;
36787:003;
36788:004;
36789:003;
36790:004;
36791:003;
36792:004;
36793:003;
36794:004;
36795:003;
36796:004;
36797:003;
36798:004;
36799:003;
36800:004;
36801:003;
36802:004;
36803:003;
36804:004;
36805:003;
36806:004;
36807:003;
36808:004;
36809:003;
36810:004;
36811:003;
36812:004;
36813:003;
36814:004;
36815:003;
36816:004;
36817:003;
36818:004;
36819:003;
36820:004;
36821:003;
36822:004;
36823:003;
36824:004;
36825:003;
36826:004;
36827:003;
36828:004;
36829:003;
36830:004;
36831:003;
36832:004;
36833:003;
36834:004;
36835:003;
36836:004;
36837:003;
36838:004;
36839:003;
36840:004;
36841:003;
36842:004;
36843:003;
36844:004;
36845:003;
36846:004;
36847:003;
36848:004;
36849:003;
36850:004;
36851:003;
36852:004;
36853:003;
36854:004;
36855:003;
36856:004;
36857:003;
36858:004;
36859:003;
36860:004;
36861:003;
36862:004;
36863:001;
36864:003;
36865:003;
36866:003;
36867:003;
36868:003;
36869:003;
36870:003;
36871:004;
36872:003;
36873:003;
36874:003;
36875:003;
36876:003;
36877:003;
36878:003;
36879:004;
36880:003;
36881:003;
36882:003;
36883:003;
36884:003;
36885:003;
36886:003;
36887:004;
36888:003;
36889:003;
36890:003;
36891:003;
36892:003;
36893:003;
36894:003;
36895:004;
36896:003;
36897:003;
36898:003;
36899:003;
36900:003;
36901:003;
36902:003;
36903:004;
36904:003;
36905:003;
36906:003;
36907:003;
36908:003;
36909:003;
36910:003;
36911:004;
36912:003;
36913:003;
36914:003;
36915:003;
36916:003;
36917:003;
36918:003;
36919:004;
36920:003;
36921:003;
36922:003;
36923:003;
36924:003;
36925:003;
36926:003;
36927:004;
36928:003;
36929:003;
36930:003;
36931:003;
36932:003;
36933:003;
36934:003;
36935:004;
36936:003;
36937:003;
36938:003;
36939:003;
36940:003;
36941:003;
36942:003;
36943:004;
36944:003;
36945:003;
36946:003;
36947:003;
36948:003;
36949:003;
36950:003;
36951:004;
36952:003;
36953:003;
36954:003;
36955:003;
36956:003;
36957:003;
36958:003;
36959:004;
36960:003;
36961:003;
36962:003;
36963:003;
36964:003;
36965:003;
36966:003;
36967:004;
36968:003;
36969:003;
36970:003;
36971:003;
36972:003;
36973:003;
36974:003;
36975:004;
36976:003;
36977:003;
36978:003;
36979:003;
36980:003;
36981:003;
36982:003;
36983:004;
36984:003;
36985:003;
36986:003;
36987:003;
36988:003;
36989:003;
36990:003;
36991:001;
36992:004;
36993:003;
36994:004;
36995:003;
36996:004;
36997:003;
36998:004;
36999:003;
37000:004;
37001:003;
37002:004;
37003:003;
37004:004;
37005:003;
37006:004;
37007:003;
37008:004;
37009:003;
37010:004;
37011:003;
37012:004;
37013:003;
37014:004;
37015:003;
37016:004;
37017:003;
37018:004;
37019:003;
37020:004;
37021:003;
37022:004;
37023:003;
37024:004;
37025:003;
37026:004;
37027:003;
37028:004;
37029:003;
37030:004;
37031:003;
37032:004;
37033:003;
37034:004;
37035:003;
37036:004;
37037:003;
37038:004;
37039:003;
37040:004;
37041:003;
37042:004;
37043:003;
37044:004;
37045:003;
37046:004;
37047:003;
37048:004;
37049:003;
37050:004;
37051:003;
37052:004;
37053:003;
37054:004;
37055:003;
37056:004;
37057:003;
37058:004;
37059:003;
37060:004;
37061:003;
37062:004;
37063:003;
37064:004;
37065:003;
37066:004;
37067:003;
37068:004;
37069:003;
37070:004;
37071:003;
37072:004;
37073:003;
37074:004;
37075:003;
37076:004;
37077:003;
37078:004;
37079:003;
37080:004;
37081:003;
37082:004;
37083:003;
37084:004;
37085:003;
37086:004;
37087:003;
37088:004;
37089:003;
37090:004;
37091:003;
37092:004;
37093:003;
37094:004;
37095:003;
37096:004;
37097:003;
37098:004;
37099:003;
37100:004;
37101:003;
37102:004;
37103:003;
37104:004;
37105:003;
37106:004;
37107:003;
37108:004;
37109:003;
37110:004;
37111:003;
37112:004;
37113:003;
37114:004;
37115:003;
37116:004;
37117:003;
37118:004;
37119:001;
37120:003;
37121:004;
37122:003;
37123:003;
37124:003;
37125:004;
37126:003;
37127:003;
37128:003;
37129:004;
37130:003;
37131:003;
37132:003;
37133:004;
37134:003;
37135:003;
37136:003;
37137:004;
37138:003;
37139:003;
37140:003;
37141:004;
37142:003;
37143:003;
37144:003;
37145:004;
37146:003;
37147:003;
37148:003;
37149:004;
37150:003;
37151:003;
37152:003;
37153:004;
37154:003;
37155:003;
37156:003;
37157:004;
37158:003;
37159:003;
37160:003;
37161:004;
37162:003;
37163:003;
37164:003;
37165:004;
37166:003;
37167:003;
37168:003;
37169:004;
37170:003;
37171:003;
37172:003;
37173:004;
37174:003;
37175:003;
37176:003;
37177:004;
37178:003;
37179:003;
37180:003;
37181:004;
37182:003;
37183:003;
37184:003;
37185:004;
37186:003;
37187:003;
37188:003;
37189:004;
37190:003;
37191:003;
37192:003;
37193:004;
37194:003;
37195:003;
37196:003;
37197:004;
37198:003;
37199:003;
37200:003;
37201:004;
37202:003;
37203:003;
37204:003;
37205:004;
37206:003;
37207:003;
37208:003;
37209:004;
37210:003;
37211:003;
37212:003;
37213:004;
37214:003;
37215:003;
37216:003;
37217:004;
37218:003;
37219:003;
37220:003;
37221:004;
37222:003;
37223:003;
37224:003;
37225:004;
37226:003;
37227:003;
37228:003;
37229:004;
37230:003;
37231:003;
37232:003;
37233:004;
37234:003;
37235:003;
37236:003;
37237:004;
37238:003;
37239:003;
37240:003;
37241:004;
37242:003;
37243:003;
37244:003;
37245:004;
37246:003;
37247:001;
37248:004;
37249:003;
37250:004;
37251:003;
37252:004;
37253:003;
37254:004;
37255:003;
37256:004;
37257:003;
37258:004;
37259:003;
37260:004;
37261:003;
37262:004;
37263:003;
37264:004;
37265:003;
37266:004;
37267:003;
37268:004;
37269:003;
37270:004;
37271:003;
37272:004;
37273:003;
37274:004;
37275:003;
37276:004;
37277:003;
37278:004;
37279:003;
37280:004;
37281:003;
37282:004;
37283:003;
37284:004;
37285:003;
37286:004;
37287:003;
37288:004;
37289:003;
37290:004;
37291:003;
37292:004;
37293:003;
37294:004;
37295:003;
37296:004;
37297:003;
37298:004;
37299:003;
37300:004;
37301:003;
37302:004;
37303:003;
37304:004;
37305:003;
37306:004;
37307:003;
37308:004;
37309:003;
37310:004;
37311:003;
37312:004;
37313:003;
37314:004;
37315:003;
37316:004;
37317:003;
37318:004;
37319:003;
37320:004;
37321:003;
37322:004;
37323:003;
37324:004;
37325:003;
37326:004;
37327:003;
37328:004;
37329:003;
37330:004;
37331:003;
37332:004;
37333:003;
37334:004;
37335:003;
37336:004;
37337:003;
37338:004;
37339:003;
37340:004;
37341:003;
37342:004;
37343:003;
37344:004;
37345:003;
37346:004;
37347:003;
37348:004;
37349:003;
37350:004;
37351:003;
37352:004;
37353:003;
37354:004;
37355:003;
37356:004;
37357:003;
37358:004;
37359:003;
37360:004;
37361:003;
37362:004;
37363:003;
37364:004;
37365:003;
37366:004;
37367:003;
37368:004;
37369:003;
37370:004;
37371:003;
37372:004;
37373:003;
37374:004;
37375:001;
37376:003;
37377:003;
37378:003;
37379:004;
37380:003;
37381:000;
37382:000;
37383:003;
37384:003;
37385:003;
37386:003;
37387:004;
37388:003;
37389:003;
37390:003;
37391:003;
37392:003;
37393:003;
37394:003;
37395:004;
37396:003;
37397:003;
37398:003;
37399:003;
37400:003;
37401:003;
37402:003;
37403:004;
37404:003;
37405:003;
37406:003;
37407:003;
37408:003;
37409:003;
37410:003;
37411:004;
37412:003;
37413:003;
37414:003;
37415:003;
37416:003;
37417:003;
37418:003;
37419:004;
37420:003;
37421:003;
37422:003;
37423:003;
37424:003;
37425:003;
37426:003;
37427:004;
37428:003;
37429:003;
37430:003;
37431:003;
37432:003;
37433:003;
37434:003;
37435:004;
37436:003;
37437:003;
37438:003;
37439:003;
37440:003;
37441:003;
37442:003;
37443:004;
37444:003;
37445:003;
37446:003;
37447:003;
37448:003;
37449:003;
37450:003;
37451:004;
37452:003;
37453:003;
37454:003;
37455:003;
37456:003;
37457:003;
37458:003;
37459:004;
37460:003;
37461:003;
37462:003;
37463:003;
37464:003;
37465:003;
37466:003;
37467:004;
37468:003;
37469:003;
37470:003;
37471:003;
37472:003;
37473:003;
37474:003;
37475:004;
37476:003;
37477:003;
37478:003;
37479:003;
37480:003;
37481:003;
37482:003;
37483:004;
37484:003;
37485:003;
37486:003;
37487:003;
37488:003;
37489:003;
37490:003;
37491:004;
37492:003;
37493:003;
37494:003;
37495:003;
37496:000;
37497:000;
37498:003;
37499:004;
37500:003;
37501:003;
37502:003;
37503:001;
37504:004;
37505:003;
37506:004;
37507:003;
37508:000;
37509:000;
37510:000;
37511:000;
37512:004;
37513:003;
37514:004;
37515:003;
37516:004;
37517:003;
37518:004;
37519:003;
37520:004;
37521:003;
37522:004;
37523:003;
37524:004;
37525:003;
37526:004;
37527:003;
37528:004;
37529:003;
37530:004;
37531:003;
37532:004;
37533:003;
37534:004;
37535:003;
37536:004;
37537:003;
37538:004;
37539:003;
37540:004;
37541:003;
37542:004;
37543:003;
37544:004;
37545:003;
37546:004;
37547:003;
37548:004;
37549:003;
37550:004;
37551:003;
37552:004;
37553:003;
37554:004;
37555:003;
37556:004;
37557:003;
37558:004;
37559:003;
37560:004;
37561:003;
37562:004;
37563:003;
37564:004;
37565:003;
37566:004;
37567:003;
37568:004;
37569:003;
37570:004;
37571:003;
37572:004;
37573:003;
37574:004;
37575:003;
37576:004;
37577:003;
37578:004;
37579:003;
37580:004;
37581:003;
37582:004;
37583:003;
37584:004;
37585:003;
37586:004;
37587:003;
37588:004;
37589:003;
37590:004;
37591:003;
37592:004;
37593:003;
37594:004;
37595:003;
37596:004;
37597:003;
37598:004;
37599:003;
37600:004;
37601:003;
37602:004;
37603:003;
37604:004;
37605:003;
37606:004;
37607:003;
37608:004;
37609:003;
37610:004;
37611:003;
37612:004;
37613:003;
37614:004;
37615:003;
37616:004;
37617:003;
37618:004;
37619:003;
37620:004;
37621:003;
37622:004;
37623:000;
37624:000;
37625:000;
37626:000;
37627:003;
37628:004;
37629:003;
37630:004;
37631:001;
37632:003;
37633:004;
37634:003;
37635:003;
37636:000;
37637:000;
37638:000;
37639:000;
37640:003;
37641:004;
37642:003;
37643:003;
37644:003;
37645:004;
37646:003;
37647:003;
37648:003;
37649:004;
37650:003;
37651:003;
37652:003;
37653:004;
37654:003;
37655:003;
37656:003;
37657:004;
37658:003;
37659:003;
37660:003;
37661:004;
37662:003;
37663:003;
37664:003;
37665:004;
37666:003;
37667:003;
37668:003;
37669:004;
37670:003;
37671:003;
37672:003;
37673:004;
37674:003;
37675:003;
37676:003;
37677:004;
37678:003;
37679:003;
37680:003;
37681:004;
37682:003;
37683:003;
37684:003;
37685:004;
37686:003;
37687:003;
37688:003;
37689:004;
37690:003;
37691:003;
37692:003;
37693:004;
37694:003;
37695:003;
37696:003;
37697:004;
37698:003;
37699:003;
37700:003;
37701:004;
37702:003;
37703:003;
37704:003;
37705:004;
37706:003;
37707:003;
37708:003;
37709:004;
37710:003;
37711:003;
37712:003;
37713:004;
37714:003;
37715:003;
37716:003;
37717:004;
37718:003;
37719:003;
37720:003;
37721:004;
37722:003;
37723:003;
37724:003;
37725:004;
37726:003;
37727:003;
37728:003;
37729:004;
37730:003;
37731:003;
37732:003;
37733:004;
37734:003;
37735:003;
37736:003;
37737:004;
37738:003;
37739:003;
37740:003;
37741:004;
37742:003;
37743:003;
37744:003;
37745:004;
37746:003;
37747:003;
37748:003;
37749:004;
37750:003;
37751:000;
37752:000;
37753:000;
37754:000;
37755:003;
37756:003;
37757:004;
37758:003;
37759:001;
37760:004;
37761:003;
37762:004;
37763:003;
37764:004;
37765:000;
37766:000;
37767:003;
37768:004;
37769:003;
37770:004;
37771:003;
37772:004;
37773:003;
37774:004;
37775:003;
37776:004;
37777:003;
37778:004;
37779:003;
37780:004;
37781:003;
37782:004;
37783:003;
37784:004;
37785:003;
37786:004;
37787:003;
37788:004;
37789:003;
37790:004;
37791:003;
37792:004;
37793:003;
37794:004;
37795:003;
37796:004;
37797:003;
37798:004;
37799:003;
37800:004;
37801:003;
37802:004;
37803:003;
37804:004;
37805:003;
37806:004;
37807:003;
37808:004;
37809:003;
37810:004;
37811:003;
37812:004;
37813:003;
37814:004;
37815:003;
37816:004;
37817:003;
37818:004;
37819:003;
37820:004;
37821:003;
37822:004;
37823:003;
37824:004;
37825:003;
37826:004;
37827:003;
37828:004;
37829:003;
37830:004;
37831:003;
37832:004;
37833:003;
37834:004;
37835:003;
37836:004;
37837:003;
37838:004;
37839:003;
37840:004;
37841:003;
37842:004;
37843:003;
37844:004;
37845:003;
37846:004;
37847:003;
37848:004;
37849:003;
37850:004;
37851:003;
37852:004;
37853:003;
37854:004;
37855:003;
37856:004;
37857:003;
37858:004;
37859:003;
37860:004;
37861:003;
37862:004;
37863:003;
37864:004;
37865:003;
37866:004;
37867:003;
37868:004;
37869:003;
37870:004;
37871:003;
37872:004;
37873:003;
37874:004;
37875:003;
37876:004;
37877:003;
37878:004;
37879:003;
37880:000;
37881:000;
37882:004;
37883:003;
37884:004;
37885:003;
37886:004;
37887:001;
37888:003;
37889:003;
37890:003;
37891:003;
37892:003;
37893:003;
37894:003;
37895:003;
37896:003;
37897:003;
37898:003;
37899:003;
37900:003;
37901:003;
37902:003;
37903:003;
37904:003;
37905:003;
37906:003;
37907:003;
37908:003;
37909:003;
37910:003;
37911:003;
37912:003;
37913:003;
37914:003;
37915:003;
37916:003;
37917:003;
37918:003;
37919:003;
37920:003;
37921:003;
37922:003;
37923:003;
37924:003;
37925:003;
37926:003;
37927:003;
37928:003;
37929:003;
37930:003;
37931:003;
37932:003;
37933:003;
37934:003;
37935:003;
37936:003;
37937:003;
37938:003;
37939:003;
37940:003;
37941:003;
37942:003;
37943:003;
37944:003;
37945:003;
37946:003;
37947:003;
37948:003;
37949:003;
37950:003;
37951:003;
37952:003;
37953:003;
37954:003;
37955:003;
37956:003;
37957:003;
37958:003;
37959:003;
37960:003;
37961:003;
37962:003;
37963:003;
37964:003;
37965:003;
37966:003;
37967:003;
37968:003;
37969:003;
37970:003;
37971:003;
37972:003;
37973:003;
37974:003;
37975:003;
37976:003;
37977:003;
37978:003;
37979:003;
37980:003;
37981:003;
37982:003;
37983:003;
37984:003;
37985:003;
37986:003;
37987:003;
37988:003;
37989:003;
37990:003;
37991:003;
37992:003;
37993:003;
37994:003;
37995:003;
37996:003;
37997:003;
37998:003;
37999:003;
38000:003;
38001:003;
38002:003;
38003:003;
38004:003;
38005:003;
38006:003;
38007:003;
38008:003;
38009:003;
38010:003;
38011:003;
38012:003;
38013:003;
38014:003;
38015:001;
38016:004;
38017:003;
38018:004;
38019:003;
38020:004;
38021:003;
38022:004;
38023:003;
38024:004;
38025:003;
38026:004;
38027:003;
38028:004;
38029:003;
38030:004;
38031:003;
38032:004;
38033:003;
38034:004;
38035:003;
38036:004;
38037:003;
38038:004;
38039:003;
38040:004;
38041:003;
38042:004;
38043:003;
38044:004;
38045:003;
38046:004;
38047:003;
38048:004;
38049:003;
38050:004;
38051:003;
38052:004;
38053:003;
38054:004;
38055:003;
38056:004;
38057:003;
38058:004;
38059:003;
38060:004;
38061:003;
38062:004;
38063:003;
38064:004;
38065:003;
38066:004;
38067:003;
38068:004;
38069:003;
38070:004;
38071:003;
38072:004;
38073:003;
38074:004;
38075:003;
38076:004;
38077:003;
38078:004;
38079:003;
38080:004;
38081:003;
38082:004;
38083:003;
38084:004;
38085:003;
38086:004;
38087:003;
38088:004;
38089:003;
38090:004;
38091:003;
38092:004;
38093:003;
38094:004;
38095:003;
38096:004;
38097:003;
38098:004;
38099:003;
38100:004;
38101:003;
38102:004;
38103:003;
38104:004;
38105:003;
38106:004;
38107:003;
38108:004;
38109:003;
38110:004;
38111:003;
38112:004;
38113:003;
38114:004;
38115:003;
38116:004;
38117:003;
38118:004;
38119:003;
38120:004;
38121:003;
38122:004;
38123:003;
38124:004;
38125:003;
38126:004;
38127:003;
38128:004;
38129:003;
38130:004;
38131:003;
38132:004;
38133:003;
38134:004;
38135:003;
38136:004;
38137:003;
38138:004;
38139:003;
38140:004;
38141:003;
38142:004;
38143:001;
38144:003;
38145:004;
38146:003;
38147:003;
38148:003;
38149:004;
38150:003;
38151:003;
38152:003;
38153:004;
38154:003;
38155:003;
38156:003;
38157:004;
38158:003;
38159:003;
38160:003;
38161:004;
38162:003;
38163:003;
38164:003;
38165:004;
38166:003;
38167:003;
38168:003;
38169:004;
38170:003;
38171:003;
38172:003;
38173:004;
38174:003;
38175:003;
38176:003;
38177:004;
38178:003;
38179:003;
38180:003;
38181:004;
38182:003;
38183:003;
38184:003;
38185:004;
38186:003;
38187:003;
38188:003;
38189:004;
38190:003;
38191:003;
38192:003;
38193:004;
38194:003;
38195:003;
38196:003;
38197:004;
38198:003;
38199:003;
38200:003;
38201:004;
38202:003;
38203:003;
38204:003;
38205:004;
38206:003;
38207:003;
38208:003;
38209:004;
38210:003;
38211:003;
38212:003;
38213:004;
38214:003;
38215:003;
38216:003;
38217:004;
38218:003;
38219:003;
38220:003;
38221:004;
38222:003;
38223:003;
38224:003;
38225:004;
38226:003;
38227:003;
38228:003;
38229:004;
38230:003;
38231:003;
38232:003;
38233:004;
38234:003;
38235:003;
38236:003;
38237:004;
38238:003;
38239:003;
38240:003;
38241:004;
38242:003;
38243:003;
38244:003;
38245:004;
38246:003;
38247:003;
38248:003;
38249:004;
38250:003;
38251:003;
38252:003;
38253:004;
38254:003;
38255:003;
38256:003;
38257:004;
38258:003;
38259:003;
38260:003;
38261:004;
38262:003;
38263:003;
38264:003;
38265:004;
38266:003;
38267:003;
38268:003;
38269:004;
38270:003;
38271:001;
38272:004;
38273:003;
38274:004;
38275:003;
38276:004;
38277:003;
38278:004;
38279:003;
38280:004;
38281:003;
38282:004;
38283:003;
38284:004;
38285:003;
38286:004;
38287:003;
38288:004;
38289:003;
38290:004;
38291:003;
38292:004;
38293:003;
38294:004;
38295:003;
38296:004;
38297:003;
38298:004;
38299:003;
38300:004;
38301:003;
38302:004;
38303:003;
38304:004;
38305:003;
38306:004;
38307:003;
38308:004;
38309:003;
38310:004;
38311:003;
38312:004;
38313:003;
38314:004;
38315:003;
38316:004;
38317:003;
38318:004;
38319:003;
38320:004;
38321:003;
38322:004;
38323:003;
38324:004;
38325:003;
38326:004;
38327:003;
38328:004;
38329:003;
38330:004;
38331:003;
38332:004;
38333:003;
38334:004;
38335:003;
38336:004;
38337:003;
38338:004;
38339:003;
38340:004;
38341:003;
38342:004;
38343:003;
38344:004;
38345:003;
38346:004;
38347:003;
38348:004;
38349:003;
38350:004;
38351:003;
38352:004;
38353:003;
38354:004;
38355:003;
38356:004;
38357:003;
38358:004;
38359:003;
38360:004;
38361:003;
38362:004;
38363:003;
38364:004;
38365:003;
38366:004;
38367:003;
38368:004;
38369:003;
38370:004;
38371:003;
38372:004;
38373:003;
38374:004;
38375:003;
38376:004;
38377:003;
38378:004;
38379:003;
38380:004;
38381:003;
38382:004;
38383:003;
38384:004;
38385:003;
38386:004;
38387:003;
38388:004;
38389:003;
38390:004;
38391:003;
38392:004;
38393:003;
38394:004;
38395:003;
38396:004;
38397:003;
38398:004;
38399:001;
38400:001;
38401:001;
38402:001;
38403:001;
38404:001;
38405:001;
38406:001;
38407:001;
38408:001;
38409:001;
38410:001;
38411:001;
38412:001;
38413:001;
38414:001;
38415:001;
38416:001;
38417:001;
38418:001;
38419:001;
38420:001;
38421:001;
38422:001;
38423:001;
38424:001;
38425:001;
38426:001;
38427:001;
38428:001;
38429:001;
38430:001;
38431:001;
38432:001;
38433:001;
38434:001;
38435:001;
38436:001;
38437:001;
38438:001;
38439:001;
38440:001;
38441:001;
38442:001;
38443:001;
38444:001;
38445:001;
38446:001;
38447:001;
38448:001;
38449:001;
38450:001;
38451:001;
38452:001;
38453:001;
38454:001;
38455:001;
38456:001;
38457:001;
38458:001;
38459:001;
38460:001;
38461:001;
38462:001;
38463:001;
38464:001;
38465:001;
38466:001;
38467:001;
38468:001;
38469:001;
38470:001;
38471:001;
38472:001;
38473:001;
38474:001;
38475:001;
38476:001;
38477:001;
38478:001;
38479:001;
38480:001;
38481:001;
38482:001;
38483:001;
38484:001;
38485:001;
38486:001;
38487:001;
38488:001;
38489:001;
38490:001;
38491:001;
38492:001;
38493:001;
38494:001;
38495:001;
38496:001;
38497:001;
38498:001;
38499:001;
38500:001;
38501:001;
38502:001;
38503:001;
38504:001;
38505:001;
38506:001;
38507:001;
38508:001;
38509:001;
38510:001;
38511:001;
38512:001;
38513:001;
38514:001;
38515:001;
38516:001;
38517:001;
38518:001;
38519:001;
38520:001;
38521:001;
38522:001;
38523:001;
38524:001;
38525:001;
38526:001;
38527:001;
38528:004;
38529:003;
38530:004;
38531:003;
38532:004;
38533:003;
38534:004;
38535:003;
38536:004;
38537:003;
38538:004;
38539:003;
38540:004;
38541:003;
38542:004;
38543:003;
38544:004;
38545:003;
38546:004;
38547:003;
38548:004;
38549:003;
38550:004;
38551:003;
38552:004;
38553:003;
38554:004;
38555:003;
38556:004;
38557:003;
38558:004;
38559:003;
38560:004;
38561:003;
38562:004;
38563:003;
38564:004;
38565:003;
38566:004;
38567:003;
38568:004;
38569:003;
38570:004;
38571:003;
38572:004;
38573:003;
38574:004;
38575:003;
38576:004;
38577:003;
38578:004;
38579:003;
38580:004;
38581:003;
38582:004;
38583:003;
38584:004;
38585:003;
38586:004;
38587:003;
38588:004;
38589:003;
38590:004;
38591:003;
38592:004;
38593:003;
38594:004;
38595:003;
38596:004;
38597:003;
38598:004;
38599:003;
38600:004;
38601:003;
38602:004;
38603:003;
38604:004;
38605:003;
38606:004;
38607:003;
38608:004;
38609:003;
38610:004;
38611:003;
38612:004;
38613:003;
38614:004;
38615:003;
38616:004;
38617:003;
38618:004;
38619:003;
38620:004;
38621:003;
38622:004;
38623:003;
38624:004;
38625:003;
38626:004;
38627:003;
38628:004;
38629:003;
38630:004;
38631:003;
38632:004;
38633:003;
38634:004;
38635:003;
38636:004;
38637:003;
38638:004;
38639:003;
38640:004;
38641:003;
38642:004;
38643:003;
38644:004;
38645:003;
38646:004;
38647:003;
38648:004;
38649:003;
38650:004;
38651:003;
38652:004;
38653:003;
38654:004;
38655:001;
38656:003;
38657:004;
38658:003;
38659:003;
38660:003;
38661:004;
38662:003;
38663:003;
38664:003;
38665:004;
38666:003;
38667:003;
38668:003;
38669:004;
38670:003;
38671:003;
38672:003;
38673:004;
38674:003;
38675:003;
38676:003;
38677:004;
38678:003;
38679:003;
38680:003;
38681:004;
38682:003;
38683:003;
38684:003;
38685:004;
38686:003;
38687:003;
38688:003;
38689:004;
38690:003;
38691:003;
38692:003;
38693:004;
38694:003;
38695:003;
38696:003;
38697:004;
38698:003;
38699:003;
38700:003;
38701:004;
38702:003;
38703:003;
38704:003;
38705:004;
38706:003;
38707:003;
38708:003;
38709:004;
38710:003;
38711:003;
38712:003;
38713:004;
38714:003;
38715:003;
38716:003;
38717:004;
38718:003;
38719:003;
38720:003;
38721:004;
38722:003;
38723:003;
38724:003;
38725:004;
38726:003;
38727:003;
38728:003;
38729:004;
38730:003;
38731:003;
38732:003;
38733:004;
38734:003;
38735:003;
38736:003;
38737:004;
38738:003;
38739:003;
38740:003;
38741:004;
38742:003;
38743:003;
38744:003;
38745:004;
38746:003;
38747:003;
38748:003;
38749:004;
38750:003;
38751:003;
38752:003;
38753:004;
38754:003;
38755:003;
38756:003;
38757:004;
38758:003;
38759:003;
38760:003;
38761:004;
38762:003;
38763:003;
38764:003;
38765:004;
38766:003;
38767:003;
38768:003;
38769:004;
38770:003;
38771:003;
38772:003;
38773:004;
38774:003;
38775:003;
38776:003;
38777:004;
38778:003;
38779:003;
38780:003;
38781:004;
38782:003;
38783:001;
38784:004;
38785:003;
38786:004;
38787:003;
38788:004;
38789:003;
38790:004;
38791:003;
38792:004;
38793:003;
38794:004;
38795:003;
38796:004;
38797:003;
38798:004;
38799:003;
38800:004;
38801:003;
38802:004;
38803:003;
38804:004;
38805:003;
38806:004;
38807:003;
38808:004;
38809:003;
38810:004;
38811:003;
38812:004;
38813:003;
38814:004;
38815:003;
38816:004;
38817:003;
38818:004;
38819:003;
38820:004;
38821:003;
38822:004;
38823:003;
38824:004;
38825:003;
38826:004;
38827:003;
38828:004;
38829:003;
38830:004;
38831:003;
38832:004;
38833:003;
38834:004;
38835:003;
38836:004;
38837:003;
38838:004;
38839:003;
38840:004;
38841:003;
38842:004;
38843:003;
38844:004;
38845:003;
38846:004;
38847:003;
38848:004;
38849:003;
38850:004;
38851:003;
38852:004;
38853:003;
38854:004;
38855:003;
38856:004;
38857:003;
38858:004;
38859:003;
38860:004;
38861:003;
38862:004;
38863:003;
38864:004;
38865:003;
38866:004;
38867:003;
38868:004;
38869:003;
38870:004;
38871:003;
38872:004;
38873:003;
38874:004;
38875:003;
38876:004;
38877:003;
38878:004;
38879:003;
38880:004;
38881:003;
38882:004;
38883:003;
38884:004;
38885:003;
38886:004;
38887:003;
38888:004;
38889:003;
38890:004;
38891:003;
38892:004;
38893:003;
38894:004;
38895:003;
38896:004;
38897:003;
38898:004;
38899:003;
38900:004;
38901:003;
38902:004;
38903:003;
38904:004;
38905:003;
38906:004;
38907:003;
38908:004;
38909:003;
38910:004;
38911:001;
38912:003;
38913:003;
38914:003;
38915:003;
38916:003;
38917:003;
38918:003;
38919:003;
38920:003;
38921:003;
38922:003;
38923:003;
38924:003;
38925:003;
38926:003;
38927:003;
38928:003;
38929:003;
38930:003;
38931:003;
38932:003;
38933:003;
38934:003;
38935:003;
38936:003;
38937:003;
38938:003;
38939:003;
38940:003;
38941:003;
38942:003;
38943:003;
38944:003;
38945:003;
38946:003;
38947:003;
38948:003;
38949:003;
38950:003;
38951:003;
38952:003;
38953:003;
38954:003;
38955:003;
38956:003;
38957:003;
38958:003;
38959:003;
38960:003;
38961:003;
38962:003;
38963:003;
38964:003;
38965:003;
38966:003;
38967:003;
38968:003;
38969:003;
38970:003;
38971:003;
38972:003;
38973:003;
38974:003;
38975:003;
38976:003;
38977:003;
38978:003;
38979:003;
38980:003;
38981:003;
38982:003;
38983:003;
38984:003;
38985:003;
38986:003;
38987:003;
38988:003;
38989:003;
38990:003;
38991:003;
38992:003;
38993:003;
38994:003;
38995:003;
38996:003;
38997:003;
38998:003;
38999:003;
39000:003;
39001:003;
39002:003;
39003:003;
39004:003;
39005:003;
39006:003;
39007:003;
39008:003;
39009:003;
39010:003;
39011:003;
39012:003;
39013:003;
39014:003;
39015:003;
39016:003;
39017:003;
39018:003;
39019:003;
39020:003;
39021:003;
39022:003;
39023:003;
39024:003;
39025:003;
39026:003;
39027:003;
39028:003;
39029:003;
39030:003;
39031:003;
39032:003;
39033:003;
39034:003;
39035:003;
39036:003;
39037:003;
39038:003;
39039:001;
39040:004;
39041:003;
39042:004;
39043:003;
39044:004;
39045:000;
39046:000;
39047:003;
39048:004;
39049:003;
39050:004;
39051:003;
39052:004;
39053:003;
39054:004;
39055:003;
39056:004;
39057:003;
39058:004;
39059:003;
39060:004;
39061:003;
39062:004;
39063:003;
39064:004;
39065:003;
39066:004;
39067:003;
39068:004;
39069:003;
39070:004;
39071:003;
39072:004;
39073:003;
39074:004;
39075:003;
39076:004;
39077:003;
39078:004;
39079:003;
39080:004;
39081:003;
39082:004;
39083:003;
39084:004;
39085:003;
39086:004;
39087:003;
39088:004;
39089:003;
39090:004;
39091:003;
39092:004;
39093:003;
39094:004;
39095:003;
39096:004;
39097:003;
39098:004;
39099:003;
39100:004;
39101:003;
39102:004;
39103:003;
39104:004;
39105:003;
39106:004;
39107:003;
39108:004;
39109:003;
39110:004;
39111:003;
39112:004;
39113:003;
39114:004;
39115:003;
39116:004;
39117:003;
39118:004;
39119:003;
39120:004;
39121:003;
39122:004;
39123:003;
39124:004;
39125:003;
39126:004;
39127:003;
39128:004;
39129:003;
39130:004;
39131:003;
39132:004;
39133:003;
39134:004;
39135:003;
39136:004;
39137:003;
39138:004;
39139:003;
39140:004;
39141:003;
39142:004;
39143:003;
39144:004;
39145:003;
39146:004;
39147:003;
39148:004;
39149:003;
39150:004;
39151:003;
39152:004;
39153:003;
39154:004;
39155:003;
39156:004;
39157:003;
39158:004;
39159:003;
39160:000;
39161:000;
39162:004;
39163:003;
39164:004;
39165:003;
39166:004;
39167:001;
39168:003;
39169:003;
39170:003;
39171:003;
39172:000;
39173:000;
39174:000;
39175:000;
39176:003;
39177:003;
39178:003;
39179:003;
39180:003;
39181:004;
39182:003;
39183:003;
39184:003;
39185:003;
39186:003;
39187:003;
39188:003;
39189:004;
39190:003;
39191:003;
39192:003;
39193:003;
39194:003;
39195:003;
39196:003;
39197:004;
39198:003;
39199:003;
39200:003;
39201:003;
39202:003;
39203:003;
39204:003;
39205:004;
39206:003;
39207:003;
39208:003;
39209:003;
39210:003;
39211:003;
39212:003;
39213:004;
39214:003;
39215:003;
39216:003;
39217:003;
39218:003;
39219:003;
39220:003;
39221:004;
39222:003;
39223:003;
39224:003;
39225:003;
39226:003;
39227:003;
39228:003;
39229:004;
39230:003;
39231:003;
39232:003;
39233:003;
39234:003;
39235:003;
39236:003;
39237:004;
39238:003;
39239:003;
39240:003;
39241:003;
39242:003;
39243:003;
39244:003;
39245:004;
39246:003;
39247:003;
39248:003;
39249:003;
39250:003;
39251:003;
39252:003;
39253:004;
39254:003;
39255:003;
39256:003;
39257:003;
39258:003;
39259:003;
39260:003;
39261:004;
39262:003;
39263:003;
39264:003;
39265:003;
39266:003;
39267:003;
39268:003;
39269:004;
39270:003;
39271:003;
39272:003;
39273:003;
39274:003;
39275:003;
39276:003;
39277:004;
39278:003;
39279:003;
39280:003;
39281:003;
39282:003;
39283:003;
39284:003;
39285:004;
39286:003;
39287:000;
39288:000;
39289:000;
39290:000;
39291:003;
39292:003;
39293:004;
39294:003;
39295:001;
39296:004;
39297:003;
39298:004;
39299:003;
39300:000;
39301:000;
39302:000;
39303:000;
39304:004;
39305:003;
39306:004;
39307:003;
39308:004;
39309:003;
39310:004;
39311:003;
39312:004;
39313:003;
39314:004;
39315:003;
39316:004;
39317:003;
39318:004;
39319:003;
39320:004;
39321:003;
39322:004;
39323:003;
39324:004;
39325:003;
39326:004;
39327:003;
39328:004;
39329:003;
39330:004;
39331:003;
39332:004;
39333:003;
39334:004;
39335:003;
39336:004;
39337:003;
39338:004;
39339:003;
39340:004;
39341:003;
39342:004;
39343:003;
39344:004;
39345:003;
39346:004;
39347:003;
39348:004;
39349:003;
39350:004;
39351:003;
39352:004;
39353:003;
39354:004;
39355:003;
39356:004;
39357:003;
39358:004;
39359:003;
39360:004;
39361:003;
39362:004;
39363:003;
39364:004;
39365:003;
39366:004;
39367:003;
39368:004;
39369:003;
39370:004;
39371:003;
39372:004;
39373:003;
39374:004;
39375:003;
39376:004;
39377:003;
39378:004;
39379:003;
39380:004;
39381:003;
39382:004;
39383:003;
39384:004;
39385:003;
39386:004;
39387:003;
39388:004;
39389:003;
39390:004;
39391:003;
39392:004;
39393:003;
39394:004;
39395:003;
39396:004;
39397:003;
39398:004;
39399:003;
39400:004;
39401:003;
39402:004;
39403:003;
39404:004;
39405:003;
39406:004;
39407:003;
39408:004;
39409:003;
39410:004;
39411:003;
39412:004;
39413:003;
39414:004;
39415:000;
39416:000;
39417:000;
39418:000;
39419:003;
39420:004;
39421:003;
39422:004;
39423:001;
39424:003;
39425:003;
39426:003;
39427:003;
39428:003;
39429:000;
39430:000;
39431:003;
39432:003;
39433:003;
39434:003;
39435:003;
39436:003;
39437:003;
39438:003;
39439:003;
39440:003;
39441:003;
39442:003;
39443:003;
39444:003;
39445:003;
39446:003;
39447:003;
39448:003;
39449:003;
39450:003;
39451:003;
39452:003;
39453:003;
39454:003;
39455:003;
39456:003;
39457:003;
39458:003;
39459:003;
39460:003;
39461:003;
39462:003;
39463:003;
39464:003;
39465:003;
39466:003;
39467:003;
39468:003;
39469:003;
39470:003;
39471:003;
39472:003;
39473:003;
39474:003;
39475:003;
39476:003;
39477:003;
39478:003;
39479:003;
39480:003;
39481:003;
39482:003;
39483:003;
39484:003;
39485:003;
39486:003;
39487:003;
39488:003;
39489:003;
39490:003;
39491:003;
39492:003;
39493:003;
39494:003;
39495:003;
39496:003;
39497:003;
39498:003;
39499:003;
39500:003;
39501:003;
39502:003;
39503:003;
39504:003;
39505:003;
39506:003;
39507:003;
39508:003;
39509:003;
39510:003;
39511:003;
39512:003;
39513:003;
39514:003;
39515:003;
39516:003;
39517:003;
39518:003;
39519:003;
39520:003;
39521:003;
39522:003;
39523:003;
39524:003;
39525:003;
39526:003;
39527:003;
39528:003;
39529:003;
39530:003;
39531:003;
39532:003;
39533:003;
39534:003;
39535:003;
39536:003;
39537:003;
39538:003;
39539:003;
39540:003;
39541:003;
39542:003;
39543:003;
39544:000;
39545:000;
39546:003;
39547:003;
39548:003;
39549:003;
39550:003;
39551:001;
39552:004;
39553:003;
39554:004;
39555:003;
39556:004;
39557:003;
39558:004;
39559:003;
39560:004;
39561:003;
39562:004;
39563:003;
39564:004;
39565:003;
39566:004;
39567:003;
39568:004;
39569:003;
39570:004;
39571:003;
39572:004;
39573:003;
39574:004;
39575:003;
39576:004;
39577:003;
39578:004;
39579:003;
39580:004;
39581:003;
39582:004;
39583:003;
39584:004;
39585:003;
39586:004;
39587:003;
39588:004;
39589:003;
39590:004;
39591:003;
39592:004;
39593:003;
39594:004;
39595:003;
39596:004;
39597:003;
39598:004;
39599:003;
39600:004;
39601:003;
39602:004;
39603:003;
39604:004;
39605:003;
39606:004;
39607:003;
39608:004;
39609:003;
39610:004;
39611:003;
39612:004;
39613:003;
39614:004;
39615:003;
39616:004;
39617:003;
39618:004;
39619:003;
39620:004;
39621:003;
39622:004;
39623:003;
39624:004;
39625:003;
39626:004;
39627:003;
39628:004;
39629:003;
39630:004;
39631:003;
39632:004;
39633:003;
39634:004;
39635:003;
39636:004;
39637:003;
39638:004;
39639:003;
39640:004;
39641:003;
39642:004;
39643:003;
39644:004;
39645:003;
39646:004;
39647:003;
39648:004;
39649:003;
39650:004;
39651:003;
39652:004;
39653:003;
39654:004;
39655:003;
39656:004;
39657:003;
39658:004;
39659:003;
39660:004;
39661:003;
39662:004;
39663:003;
39664:004;
39665:003;
39666:004;
39667:003;
39668:004;
39669:003;
39670:004;
39671:003;
39672:004;
39673:003;
39674:004;
39675:003;
39676:004;
39677:003;
39678:004;
39679:001;
39680:003;
39681:004;
39682:003;
39683:003;
39684:003;
39685:003;
39686:003;
39687:003;
39688:003;
39689:004;
39690:003;
39691:003;
39692:003;
39693:003;
39694:003;
39695:003;
39696:003;
39697:004;
39698:003;
39699:003;
39700:003;
39701:003;
39702:003;
39703:003;
39704:003;
39705:004;
39706:003;
39707:003;
39708:003;
39709:003;
39710:003;
39711:003;
39712:003;
39713:004;
39714:003;
39715:003;
39716:003;
39717:003;
39718:003;
39719:003;
39720:003;
39721:004;
39722:003;
39723:003;
39724:003;
39725:003;
39726:003;
39727:003;
39728:003;
39729:004;
39730:003;
39731:003;
39732:003;
39733:003;
39734:003;
39735:003;
39736:003;
39737:004;
39738:003;
39739:003;
39740:003;
39741:003;
39742:003;
39743:003;
39744:003;
39745:004;
39746:003;
39747:003;
39748:003;
39749:003;
39750:003;
39751:003;
39752:003;
39753:004;
39754:003;
39755:003;
39756:003;
39757:003;
39758:003;
39759:003;
39760:003;
39761:004;
39762:003;
39763:003;
39764:003;
39765:003;
39766:003;
39767:003;
39768:003;
39769:004;
39770:003;
39771:003;
39772:003;
39773:003;
39774:003;
39775:003;
39776:003;
39777:004;
39778:003;
39779:003;
39780:003;
39781:003;
39782:003;
39783:003;
39784:003;
39785:004;
39786:003;
39787:003;
39788:003;
39789:003;
39790:003;
39791:003;
39792:003;
39793:004;
39794:003;
39795:003;
39796:003;
39797:003;
39798:003;
39799:003;
39800:003;
39801:004;
39802:003;
39803:003;
39804:003;
39805:003;
39806:003;
39807:001;
39808:004;
39809:003;
39810:004;
39811:003;
39812:004;
39813:003;
39814:004;
39815:003;
39816:004;
39817:003;
39818:004;
39819:003;
39820:004;
39821:003;
39822:004;
39823:003;
39824:004;
39825:003;
39826:004;
39827:003;
39828:004;
39829:003;
39830:004;
39831:003;
39832:004;
39833:003;
39834:004;
39835:003;
39836:004;
39837:003;
39838:004;
39839:003;
39840:004;
39841:003;
39842:004;
39843:003;
39844:004;
39845:003;
39846:004;
39847:003;
39848:004;
39849:003;
39850:004;
39851:003;
39852:004;
39853:003;
39854:004;
39855:003;
39856:004;
39857:003;
39858:004;
39859:003;
39860:004;
39861:003;
39862:004;
39863:003;
39864:004;
39865:003;
39866:004;
39867:003;
39868:004;
39869:003;
39870:004;
39871:003;
39872:004;
39873:003;
39874:004;
39875:003;
39876:004;
39877:003;
39878:004;
39879:003;
39880:004;
39881:003;
39882:004;
39883:003;
39884:004;
39885:003;
39886:004;
39887:003;
39888:004;
39889:003;
39890:004;
39891:003;
39892:004;
39893:003;
39894:004;
39895:003;
39896:004;
39897:003;
39898:004;
39899:003;
39900:004;
39901:003;
39902:004;
39903:003;
39904:004;
39905:003;
39906:004;
39907:003;
39908:004;
39909:003;
39910:004;
39911:003;
39912:004;
39913:003;
39914:004;
39915:003;
39916:004;
39917:003;
39918:004;
39919:003;
39920:004;
39921:003;
39922:004;
39923:003;
39924:004;
39925:003;
39926:004;
39927:003;
39928:004;
39929:003;
39930:004;
39931:003;
39932:004;
39933:003;
39934:004;
39935:001;
39936:003;
39937:003;
39938:003;
39939:003;
39940:003;
39941:003;
39942:003;
39943:003;
39944:003;
39945:003;
39946:003;
39947:003;
39948:003;
39949:003;
39950:003;
39951:003;
39952:003;
39953:003;
39954:003;
39955:003;
39956:003;
39957:003;
39958:003;
39959:003;
39960:003;
39961:003;
39962:003;
39963:003;
39964:003;
39965:003;
39966:003;
39967:003;
39968:003;
39969:003;
39970:003;
39971:003;
39972:003;
39973:003;
39974:003;
39975:003;
39976:003;
39977:003;
39978:003;
39979:003;
39980:003;
39981:003;
39982:003;
39983:003;
39984:003;
39985:003;
39986:003;
39987:003;
39988:003;
39989:003;
39990:003;
39991:003;
39992:003;
39993:003;
39994:003;
39995:003;
39996:003;
39997:003;
39998:003;
39999:003;
40000:003;
40001:003;
40002:003;
40003:003;
40004:003;
40005:003;
40006:003;
40007:003;
40008:003;
40009:003;
40010:003;
40011:003;
40012:003;
40013:003;
40014:003;
40015:003;
40016:003;
40017:003;
40018:003;
40019:003;
40020:003;
40021:003;
40022:003;
40023:003;
40024:003;
40025:003;
40026:003;
40027:003;
40028:003;
40029:003;
40030:003;
40031:003;
40032:003;
40033:003;
40034:003;
40035:003;
40036:003;
40037:003;
40038:003;
40039:003;
40040:003;
40041:003;
40042:003;
40043:003;
40044:003;
40045:003;
40046:003;
40047:003;
40048:003;
40049:003;
40050:003;
40051:003;
40052:003;
40053:003;
40054:003;
40055:003;
40056:003;
40057:003;
40058:003;
40059:003;
40060:003;
40061:003;
40062:003;
40063:001;
40064:004;
40065:003;
40066:004;
40067:003;
40068:004;
40069:003;
40070:004;
40071:003;
40072:004;
40073:003;
40074:004;
40075:003;
40076:004;
40077:003;
40078:004;
40079:003;
40080:004;
40081:003;
40082:004;
40083:003;
40084:004;
40085:003;
40086:004;
40087:003;
40088:004;
40089:003;
40090:004;
40091:003;
40092:004;
40093:003;
40094:004;
40095:003;
40096:004;
40097:003;
40098:004;
40099:003;
40100:004;
40101:003;
40102:004;
40103:003;
40104:004;
40105:003;
40106:004;
40107:003;
40108:004;
40109:003;
40110:004;
40111:003;
40112:004;
40113:003;
40114:004;
40115:003;
40116:004;
40117:003;
40118:004;
40119:003;
40120:004;
40121:003;
40122:004;
40123:003;
40124:004;
40125:003;
40126:004;
40127:003;
40128:004;
40129:003;
40130:004;
40131:003;
40132:004;
40133:003;
40134:004;
40135:003;
40136:004;
40137:003;
40138:004;
40139:003;
40140:004;
40141:003;
40142:004;
40143:003;
40144:004;
40145:003;
40146:004;
40147:003;
40148:004;
40149:003;
40150:004;
40151:003;
40152:004;
40153:003;
40154:004;
40155:003;
40156:004;
40157:003;
40158:004;
40159:003;
40160:004;
40161:003;
40162:004;
40163:003;
40164:004;
40165:003;
40166:004;
40167:003;
40168:004;
40169:003;
40170:004;
40171:003;
40172:004;
40173:003;
40174:004;
40175:003;
40176:004;
40177:003;
40178:004;
40179:003;
40180:004;
40181:003;
40182:004;
40183:003;
40184:004;
40185:003;
40186:004;
40187:003;
40188:004;
40189:003;
40190:004;
40191:001;
40192:003;
40193:003;
40194:003;
40195:003;
40196:003;
40197:003;
40198:003;
40199:003;
40200:003;
40201:003;
40202:003;
40203:003;
40204:003;
40205:003;
40206:003;
40207:003;
40208:003;
40209:003;
40210:003;
40211:003;
40212:003;
40213:003;
40214:003;
40215:003;
40216:003;
40217:003;
40218:003;
40219:003;
40220:003;
40221:003;
40222:003;
40223:003;
40224:003;
40225:003;
40226:003;
40227:003;
40228:003;
40229:003;
40230:003;
40231:003;
40232:003;
40233:003;
40234:003;
40235:003;
40236:003;
40237:003;
40238:003;
40239:003;
40240:003;
40241:003;
40242:003;
40243:003;
40244:003;
40245:003;
40246:003;
40247:003;
40248:003;
40249:003;
40250:003;
40251:003;
40252:003;
40253:003;
40254:003;
40255:003;
40256:003;
40257:003;
40258:003;
40259:003;
40260:003;
40261:003;
40262:003;
40263:003;
40264:003;
40265:003;
40266:003;
40267:003;
40268:003;
40269:003;
40270:003;
40271:003;
40272:003;
40273:003;
40274:003;
40275:003;
40276:003;
40277:003;
40278:003;
40279:003;
40280:003;
40281:003;
40282:003;
40283:003;
40284:003;
40285:003;
40286:003;
40287:003;
40288:003;
40289:003;
40290:003;
40291:003;
40292:003;
40293:003;
40294:003;
40295:003;
40296:003;
40297:003;
40298:003;
40299:003;
40300:003;
40301:003;
40302:003;
40303:003;
40304:003;
40305:003;
40306:003;
40307:003;
40308:003;
40309:003;
40310:003;
40311:003;
40312:003;
40313:003;
40314:003;
40315:003;
40316:003;
40317:003;
40318:003;
40319:001;
40320:004;
40321:003;
40322:004;
40323:003;
40324:004;
40325:003;
40326:004;
40327:003;
40328:004;
40329:003;
40330:004;
40331:003;
40332:004;
40333:003;
40334:004;
40335:003;
40336:004;
40337:003;
40338:004;
40339:003;
40340:004;
40341:003;
40342:004;
40343:003;
40344:004;
40345:003;
40346:004;
40347:003;
40348:004;
40349:003;
40350:004;
40351:003;
40352:004;
40353:003;
40354:004;
40355:003;
40356:004;
40357:003;
40358:004;
40359:003;
40360:004;
40361:003;
40362:004;
40363:003;
40364:004;
40365:003;
40366:004;
40367:003;
40368:004;
40369:003;
40370:004;
40371:003;
40372:004;
40373:003;
40374:004;
40375:003;
40376:004;
40377:003;
40378:004;
40379:003;
40380:004;
40381:003;
40382:004;
40383:003;
40384:004;
40385:003;
40386:004;
40387:003;
40388:004;
40389:003;
40390:004;
40391:003;
40392:004;
40393:003;
40394:004;
40395:003;
40396:004;
40397:003;
40398:004;
40399:003;
40400:004;
40401:003;
40402:004;
40403:003;
40404:004;
40405:003;
40406:004;
40407:003;
40408:004;
40409:003;
40410:004;
40411:003;
40412:004;
40413:003;
40414:004;
40415:003;
40416:004;
40417:003;
40418:004;
40419:003;
40420:004;
40421:003;
40422:004;
40423:003;
40424:004;
40425:003;
40426:004;
40427:003;
40428:004;
40429:003;
40430:004;
40431:003;
40432:004;
40433:003;
40434:004;
40435:003;
40436:004;
40437:003;
40438:004;
40439:003;
40440:004;
40441:003;
40442:004;
40443:003;
40444:004;
40445:003;
40446:004;
40447:001;
40448:003;
40449:003;
40450:003;
40451:003;
40452:003;
40453:003;
40454:003;
40455:003;
40456:003;
40457:003;
40458:003;
40459:003;
40460:003;
40461:003;
40462:003;
40463:003;
40464:003;
40465:003;
40466:003;
40467:003;
40468:003;
40469:003;
40470:003;
40471:003;
40472:003;
40473:003;
40474:003;
40475:003;
40476:003;
40477:003;
40478:003;
40479:003;
40480:003;
40481:003;
40482:003;
40483:003;
40484:003;
40485:003;
40486:003;
40487:003;
40488:003;
40489:003;
40490:003;
40491:003;
40492:003;
40493:003;
40494:003;
40495:003;
40496:003;
40497:003;
40498:003;
40499:003;
40500:003;
40501:003;
40502:003;
40503:003;
40504:003;
40505:003;
40506:003;
40507:003;
40508:003;
40509:003;
40510:003;
40511:003;
40512:003;
40513:003;
40514:003;
40515:003;
40516:003;
40517:003;
40518:003;
40519:003;
40520:003;
40521:003;
40522:003;
40523:003;
40524:003;
40525:003;
40526:003;
40527:003;
40528:003;
40529:003;
40530:003;
40531:003;
40532:003;
40533:003;
40534:003;
40535:003;
40536:003;
40537:003;
40538:003;
40539:003;
40540:003;
40541:003;
40542:003;
40543:003;
40544:003;
40545:003;
40546:003;
40547:003;
40548:003;
40549:003;
40550:003;
40551:003;
40552:003;
40553:003;
40554:003;
40555:003;
40556:003;
40557:003;
40558:003;
40559:003;
40560:003;
40561:003;
40562:003;
40563:003;
40564:003;
40565:003;
40566:003;
40567:003;
40568:003;
40569:003;
40570:003;
40571:003;
40572:003;
40573:003;
40574:003;
40575:001;
40576:004;
40577:003;
40578:004;
40579:003;
40580:004;
40581:003;
40582:004;
40583:003;
40584:004;
40585:003;
40586:004;
40587:003;
40588:004;
40589:003;
40590:004;
40591:003;
40592:004;
40593:003;
40594:004;
40595:003;
40596:004;
40597:003;
40598:004;
40599:003;
40600:004;
40601:003;
40602:004;
40603:003;
40604:004;
40605:003;
40606:004;
40607:003;
40608:004;
40609:003;
40610:004;
40611:003;
40612:004;
40613:003;
40614:004;
40615:003;
40616:004;
40617:003;
40618:004;
40619:003;
40620:004;
40621:003;
40622:004;
40623:003;
40624:004;
40625:003;
40626:004;
40627:003;
40628:004;
40629:003;
40630:004;
40631:003;
40632:004;
40633:003;
40634:004;
40635:003;
40636:004;
40637:003;
40638:004;
40639:003;
40640:004;
40641:003;
40642:004;
40643:003;
40644:004;
40645:003;
40646:004;
40647:003;
40648:004;
40649:003;
40650:004;
40651:003;
40652:004;
40653:003;
40654:004;
40655:003;
40656:004;
40657:003;
40658:004;
40659:003;
40660:004;
40661:003;
40662:004;
40663:003;
40664:004;
40665:003;
40666:004;
40667:003;
40668:004;
40669:003;
40670:004;
40671:003;
40672:004;
40673:003;
40674:004;
40675:003;
40676:004;
40677:003;
40678:004;
40679:003;
40680:004;
40681:003;
40682:004;
40683:003;
40684:004;
40685:003;
40686:004;
40687:003;
40688:004;
40689:003;
40690:004;
40691:003;
40692:004;
40693:003;
40694:004;
40695:003;
40696:004;
40697:003;
40698:004;
40699:003;
40700:004;
40701:003;
40702:004;
40703:001;
40704:003;
40705:003;
40706:003;
40707:003;
40708:003;
40709:003;
40710:003;
40711:003;
40712:003;
40713:003;
40714:003;
40715:003;
40716:003;
40717:003;
40718:003;
40719:003;
40720:003;
40721:003;
40722:003;
40723:003;
40724:003;
40725:003;
40726:003;
40727:003;
40728:003;
40729:003;
40730:003;
40731:003;
40732:003;
40733:003;
40734:003;
40735:003;
40736:003;
40737:003;
40738:003;
40739:003;
40740:003;
40741:003;
40742:003;
40743:003;
40744:003;
40745:003;
40746:003;
40747:003;
40748:003;
40749:003;
40750:003;
40751:003;
40752:003;
40753:003;
40754:003;
40755:003;
40756:003;
40757:003;
40758:003;
40759:003;
40760:003;
40761:003;
40762:003;
40763:003;
40764:003;
40765:003;
40766:003;
40767:003;
40768:003;
40769:003;
40770:003;
40771:003;
40772:003;
40773:003;
40774:003;
40775:003;
40776:003;
40777:003;
40778:003;
40779:003;
40780:003;
40781:003;
40782:003;
40783:003;
40784:003;
40785:003;
40786:003;
40787:003;
40788:003;
40789:003;
40790:003;
40791:003;
40792:003;
40793:003;
40794:003;
40795:003;
40796:003;
40797:003;
40798:003;
40799:003;
40800:003;
40801:003;
40802:003;
40803:003;
40804:003;
40805:003;
40806:003;
40807:003;
40808:003;
40809:003;
40810:003;
40811:003;
40812:003;
40813:003;
40814:003;
40815:003;
40816:003;
40817:003;
40818:003;
40819:003;
40820:003;
40821:003;
40822:003;
40823:003;
40824:003;
40825:003;
40826:003;
40827:003;
40828:003;
40829:003;
40830:003;
40831:001;
40832:004;
40833:003;
40834:004;
40835:003;
40836:004;
40837:003;
40838:004;
40839:003;
40840:004;
40841:003;
40842:004;
40843:003;
40844:004;
40845:003;
40846:004;
40847:003;
40848:004;
40849:003;
40850:004;
40851:003;
40852:004;
40853:003;
40854:004;
40855:003;
40856:004;
40857:003;
40858:004;
40859:003;
40860:004;
40861:003;
40862:004;
40863:003;
40864:004;
40865:003;
40866:004;
40867:003;
40868:004;
40869:003;
40870:004;
40871:003;
40872:004;
40873:003;
40874:004;
40875:003;
40876:004;
40877:003;
40878:004;
40879:003;
40880:004;
40881:003;
40882:004;
40883:003;
40884:004;
40885:003;
40886:004;
40887:003;
40888:004;
40889:003;
40890:004;
40891:003;
40892:004;
40893:003;
40894:004;
40895:003;
40896:004;
40897:003;
40898:004;
40899:003;
40900:004;
40901:003;
40902:004;
40903:003;
40904:004;
40905:003;
40906:004;
40907:003;
40908:004;
40909:003;
40910:004;
40911:003;
40912:004;
40913:003;
40914:004;
40915:003;
40916:004;
40917:003;
40918:004;
40919:003;
40920:004;
40921:003;
40922:004;
40923:003;
40924:004;
40925:003;
40926:004;
40927:003;
40928:004;
40929:003;
40930:004;
40931:003;
40932:004;
40933:003;
40934:004;
40935:003;
40936:004;
40937:003;
40938:004;
40939:003;
40940:004;
40941:003;
40942:004;
40943:003;
40944:004;
40945:003;
40946:004;
40947:003;
40948:004;
40949:003;
40950:004;
40951:003;
40952:004;
40953:003;
40954:004;
40955:003;
40956:004;
40957:003;
40958:004;
40959:001;
40960:003;
40961:003;
40962:003;
40963:003;
40964:003;
40965:003;
40966:003;
40967:003;
40968:003;
40969:003;
40970:003;
40971:003;
40972:003;
40973:003;
40974:003;
40975:003;
40976:003;
40977:003;
40978:003;
40979:003;
40980:003;
40981:003;
40982:003;
40983:003;
40984:003;
40985:003;
40986:003;
40987:003;
40988:003;
40989:003;
40990:003;
40991:003;
40992:003;
40993:003;
40994:003;
40995:003;
40996:003;
40997:003;
40998:003;
40999:003;
41000:003;
41001:003;
41002:003;
41003:003;
41004:003;
41005:003;
41006:003;
41007:003;
41008:003;
41009:003;
41010:003;
41011:003;
41012:003;
41013:003;
41014:003;
41015:003;
41016:003;
41017:003;
41018:003;
41019:003;
41020:003;
41021:003;
41022:003;
41023:003;
41024:003;
41025:003;
41026:003;
41027:003;
41028:003;
41029:003;
41030:003;
41031:003;
41032:003;
41033:003;
41034:003;
41035:003;
41036:003;
41037:003;
41038:003;
41039:003;
41040:003;
41041:003;
41042:003;
41043:003;
41044:003;
41045:003;
41046:003;
41047:003;
41048:003;
41049:003;
41050:003;
41051:003;
41052:003;
41053:003;
41054:003;
41055:003;
41056:003;
41057:003;
41058:003;
41059:003;
41060:003;
41061:003;
41062:003;
41063:003;
41064:003;
41065:003;
41066:003;
41067:003;
41068:003;
41069:003;
41070:003;
41071:003;
41072:003;
41073:003;
41074:003;
41075:003;
41076:003;
41077:003;
41078:003;
41079:003;
41080:003;
41081:003;
41082:003;
41083:003;
41084:003;
41085:003;
41086:003;
41087:001;
41088:003;
41089:003;
41090:004;
41091:003;
41092:004;
41093:003;
41094:004;
41095:003;
41096:003;
41097:003;
41098:004;
41099:003;
41100:004;
41101:003;
41102:004;
41103:003;
41104:003;
41105:003;
41106:004;
41107:003;
41108:004;
41109:003;
41110:004;
41111:003;
41112:003;
41113:003;
41114:004;
41115:003;
41116:004;
41117:003;
41118:004;
41119:003;
41120:003;
41121:003;
41122:004;
41123:003;
41124:004;
41125:003;
41126:004;
41127:003;
41128:003;
41129:003;
41130:004;
41131:003;
41132:004;
41133:003;
41134:004;
41135:003;
41136:003;
41137:003;
41138:004;
41139:003;
41140:004;
41141:003;
41142:004;
41143:003;
41144:003;
41145:003;
41146:004;
41147:003;
41148:004;
41149:003;
41150:004;
41151:003;
41152:003;
41153:003;
41154:004;
41155:003;
41156:004;
41157:003;
41158:004;
41159:003;
41160:003;
41161:003;
41162:004;
41163:003;
41164:004;
41165:003;
41166:004;
41167:003;
41168:003;
41169:003;
41170:004;
41171:003;
41172:004;
41173:003;
41174:004;
41175:003;
41176:003;
41177:003;
41178:004;
41179:003;
41180:004;
41181:003;
41182:004;
41183:003;
41184:003;
41185:003;
41186:004;
41187:003;
41188:004;
41189:003;
41190:004;
41191:003;
41192:003;
41193:003;
41194:004;
41195:003;
41196:004;
41197:003;
41198:004;
41199:003;
41200:003;
41201:003;
41202:004;
41203:003;
41204:004;
41205:003;
41206:004;
41207:003;
41208:003;
41209:003;
41210:004;
41211:003;
41212:004;
41213:003;
41214:004;
41215:001;
41216:003;
41217:003;
41218:003;
41219:003;
41220:003;
41221:003;
41222:003;
41223:003;
41224:003;
41225:003;
41226:003;
41227:003;
41228:003;
41229:003;
41230:003;
41231:003;
41232:003;
41233:003;
41234:003;
41235:003;
41236:003;
41237:003;
41238:003;
41239:003;
41240:003;
41241:003;
41242:003;
41243:003;
41244:003;
41245:003;
41246:003;
41247:003;
41248:003;
41249:003;
41250:003;
41251:003;
41252:003;
41253:003;
41254:003;
41255:003;
41256:003;
41257:003;
41258:003;
41259:003;
41260:003;
41261:003;
41262:003;
41263:003;
41264:003;
41265:003;
41266:003;
41267:003;
41268:003;
41269:003;
41270:003;
41271:003;
41272:003;
41273:003;
41274:003;
41275:003;
41276:003;
41277:003;
41278:003;
41279:003;
41280:003;
41281:003;
41282:003;
41283:003;
41284:003;
41285:003;
41286:003;
41287:003;
41288:003;
41289:003;
41290:003;
41291:003;
41292:003;
41293:003;
41294:003;
41295:003;
41296:003;
41297:003;
41298:003;
41299:003;
41300:003;
41301:003;
41302:003;
41303:003;
41304:003;
41305:003;
41306:003;
41307:003;
41308:003;
41309:003;
41310:003;
41311:003;
41312:003;
41313:003;
41314:003;
41315:003;
41316:003;
41317:003;
41318:003;
41319:003;
41320:003;
41321:003;
41322:003;
41323:003;
41324:003;
41325:003;
41326:003;
41327:003;
41328:003;
41329:003;
41330:003;
41331:003;
41332:003;
41333:003;
41334:003;
41335:003;
41336:003;
41337:003;
41338:003;
41339:003;
41340:003;
41341:003;
41342:003;
41343:001;
41344:004;
41345:003;
41346:004;
41347:003;
41348:004;
41349:003;
41350:004;
41351:003;
41352:004;
41353:003;
41354:004;
41355:003;
41356:004;
41357:003;
41358:004;
41359:003;
41360:004;
41361:003;
41362:004;
41363:003;
41364:004;
41365:003;
41366:004;
41367:003;
41368:004;
41369:003;
41370:004;
41371:003;
41372:004;
41373:003;
41374:004;
41375:003;
41376:004;
41377:003;
41378:004;
41379:003;
41380:004;
41381:003;
41382:004;
41383:003;
41384:004;
41385:003;
41386:004;
41387:003;
41388:004;
41389:003;
41390:004;
41391:003;
41392:004;
41393:003;
41394:004;
41395:003;
41396:004;
41397:003;
41398:004;
41399:003;
41400:004;
41401:003;
41402:004;
41403:003;
41404:004;
41405:003;
41406:004;
41407:003;
41408:004;
41409:003;
41410:004;
41411:003;
41412:004;
41413:003;
41414:004;
41415:003;
41416:004;
41417:003;
41418:004;
41419:003;
41420:004;
41421:003;
41422:004;
41423:003;
41424:004;
41425:003;
41426:004;
41427:003;
41428:004;
41429:003;
41430:004;
41431:003;
41432:004;
41433:003;
41434:004;
41435:003;
41436:004;
41437:003;
41438:004;
41439:003;
41440:004;
41441:003;
41442:004;
41443:003;
41444:004;
41445:003;
41446:004;
41447:003;
41448:004;
41449:003;
41450:004;
41451:003;
41452:004;
41453:003;
41454:004;
41455:003;
41456:004;
41457:003;
41458:004;
41459:003;
41460:004;
41461:003;
41462:004;
41463:003;
41464:004;
41465:003;
41466:004;
41467:003;
41468:004;
41469:003;
41470:004;
41471:001;
41472:003;
41473:003;
41474:003;
41475:003;
41476:003;
41477:003;
41478:003;
41479:003;
41480:003;
41481:003;
41482:003;
41483:003;
41484:003;
41485:003;
41486:003;
41487:003;
41488:003;
41489:003;
41490:003;
41491:003;
41492:003;
41493:003;
41494:003;
41495:003;
41496:003;
41497:003;
41498:003;
41499:003;
41500:003;
41501:003;
41502:003;
41503:003;
41504:003;
41505:003;
41506:003;
41507:003;
41508:003;
41509:003;
41510:003;
41511:003;
41512:003;
41513:003;
41514:003;
41515:003;
41516:003;
41517:003;
41518:003;
41519:003;
41520:003;
41521:003;
41522:003;
41523:003;
41524:003;
41525:003;
41526:003;
41527:003;
41528:003;
41529:003;
41530:003;
41531:003;
41532:003;
41533:003;
41534:003;
41535:003;
41536:003;
41537:003;
41538:003;
41539:003;
41540:003;
41541:003;
41542:003;
41543:003;
41544:003;
41545:003;
41546:003;
41547:003;
41548:003;
41549:003;
41550:003;
41551:003;
41552:003;
41553:003;
41554:003;
41555:003;
41556:003;
41557:003;
41558:003;
41559:003;
41560:003;
41561:003;
41562:003;
41563:003;
41564:003;
41565:003;
41566:003;
41567:003;
41568:003;
41569:003;
41570:003;
41571:003;
41572:003;
41573:003;
41574:003;
41575:003;
41576:003;
41577:003;
41578:003;
41579:003;
41580:003;
41581:003;
41582:003;
41583:003;
41584:003;
41585:003;
41586:003;
41587:003;
41588:003;
41589:003;
41590:003;
41591:003;
41592:003;
41593:003;
41594:003;
41595:003;
41596:003;
41597:003;
41598:003;
41599:001;
41600:004;
41601:003;
41602:004;
41603:003;
41604:003;
41605:003;
41606:004;
41607:003;
41608:004;
41609:003;
41610:004;
41611:003;
41612:003;
41613:003;
41614:004;
41615:003;
41616:004;
41617:003;
41618:004;
41619:003;
41620:003;
41621:003;
41622:004;
41623:003;
41624:004;
41625:003;
41626:004;
41627:003;
41628:003;
41629:003;
41630:004;
41631:003;
41632:004;
41633:003;
41634:004;
41635:003;
41636:003;
41637:003;
41638:004;
41639:003;
41640:004;
41641:003;
41642:004;
41643:003;
41644:003;
41645:003;
41646:004;
41647:003;
41648:004;
41649:003;
41650:004;
41651:003;
41652:003;
41653:003;
41654:004;
41655:003;
41656:004;
41657:003;
41658:004;
41659:003;
41660:003;
41661:003;
41662:004;
41663:003;
41664:004;
41665:003;
41666:004;
41667:003;
41668:003;
41669:003;
41670:004;
41671:003;
41672:004;
41673:003;
41674:004;
41675:003;
41676:003;
41677:003;
41678:004;
41679:003;
41680:004;
41681:003;
41682:004;
41683:003;
41684:003;
41685:003;
41686:004;
41687:003;
41688:004;
41689:003;
41690:004;
41691:003;
41692:003;
41693:003;
41694:004;
41695:003;
41696:004;
41697:003;
41698:004;
41699:003;
41700:003;
41701:003;
41702:004;
41703:003;
41704:004;
41705:003;
41706:004;
41707:003;
41708:003;
41709:003;
41710:004;
41711:003;
41712:004;
41713:003;
41714:004;
41715:003;
41716:003;
41717:003;
41718:004;
41719:003;
41720:004;
41721:003;
41722:004;
41723:003;
41724:003;
41725:003;
41726:004;
41727:001;
41728:003;
41729:003;
41730:003;
41731:003;
41732:003;
41733:003;
41734:003;
41735:003;
41736:003;
41737:003;
41738:003;
41739:003;
41740:003;
41741:003;
41742:003;
41743:003;
41744:003;
41745:003;
41746:003;
41747:003;
41748:003;
41749:003;
41750:003;
41751:003;
41752:003;
41753:003;
41754:003;
41755:003;
41756:003;
41757:003;
41758:003;
41759:003;
41760:003;
41761:003;
41762:003;
41763:003;
41764:003;
41765:003;
41766:003;
41767:003;
41768:003;
41769:003;
41770:003;
41771:003;
41772:003;
41773:003;
41774:003;
41775:003;
41776:003;
41777:003;
41778:003;
41779:003;
41780:003;
41781:003;
41782:003;
41783:003;
41784:003;
41785:003;
41786:003;
41787:003;
41788:003;
41789:003;
41790:003;
41791:003;
41792:003;
41793:003;
41794:003;
41795:003;
41796:003;
41797:003;
41798:003;
41799:003;
41800:003;
41801:003;
41802:003;
41803:003;
41804:003;
41805:003;
41806:003;
41807:003;
41808:003;
41809:003;
41810:003;
41811:003;
41812:003;
41813:003;
41814:003;
41815:003;
41816:003;
41817:003;
41818:003;
41819:003;
41820:003;
41821:003;
41822:003;
41823:003;
41824:003;
41825:003;
41826:003;
41827:003;
41828:003;
41829:003;
41830:003;
41831:003;
41832:003;
41833:003;
41834:003;
41835:003;
41836:003;
41837:003;
41838:003;
41839:003;
41840:003;
41841:003;
41842:003;
41843:003;
41844:003;
41845:003;
41846:003;
41847:003;
41848:003;
41849:003;
41850:003;
41851:003;
41852:003;
41853:003;
41854:003;
41855:001;
41856:004;
41857:003;
41858:004;
41859:003;
41860:004;
41861:003;
41862:004;
41863:003;
41864:004;
41865:003;
41866:004;
41867:003;
41868:004;
41869:003;
41870:004;
41871:003;
41872:004;
41873:003;
41874:004;
41875:003;
41876:004;
41877:003;
41878:004;
41879:003;
41880:004;
41881:003;
41882:004;
41883:003;
41884:004;
41885:003;
41886:004;
41887:003;
41888:004;
41889:003;
41890:004;
41891:003;
41892:004;
41893:003;
41894:004;
41895:003;
41896:004;
41897:003;
41898:004;
41899:003;
41900:004;
41901:003;
41902:004;
41903:003;
41904:004;
41905:003;
41906:004;
41907:003;
41908:004;
41909:003;
41910:004;
41911:003;
41912:004;
41913:003;
41914:004;
41915:003;
41916:004;
41917:003;
41918:004;
41919:003;
41920:004;
41921:003;
41922:004;
41923:003;
41924:004;
41925:003;
41926:004;
41927:003;
41928:004;
41929:003;
41930:004;
41931:003;
41932:004;
41933:003;
41934:004;
41935:003;
41936:004;
41937:003;
41938:004;
41939:003;
41940:004;
41941:003;
41942:004;
41943:003;
41944:004;
41945:003;
41946:004;
41947:003;
41948:004;
41949:003;
41950:004;
41951:003;
41952:004;
41953:003;
41954:004;
41955:003;
41956:004;
41957:003;
41958:004;
41959:003;
41960:004;
41961:003;
41962:004;
41963:003;
41964:004;
41965:003;
41966:004;
41967:003;
41968:004;
41969:003;
41970:004;
41971:003;
41972:004;
41973:003;
41974:004;
41975:003;
41976:004;
41977:003;
41978:004;
41979:003;
41980:004;
41981:003;
41982:004;
41983:001;
41984:003;
41985:003;
41986:003;
41987:003;
41988:003;
41989:003;
41990:003;
41991:003;
41992:003;
41993:003;
41994:003;
41995:003;
41996:003;
41997:003;
41998:003;
41999:003;
42000:003;
42001:003;
42002:003;
42003:003;
42004:003;
42005:003;
42006:003;
42007:003;
42008:003;
42009:003;
42010:003;
42011:003;
42012:003;
42013:003;
42014:003;
42015:003;
42016:003;
42017:003;
42018:003;
42019:003;
42020:003;
42021:003;
42022:003;
42023:003;
42024:003;
42025:003;
42026:003;
42027:003;
42028:003;
42029:003;
42030:003;
42031:003;
42032:003;
42033:003;
42034:003;
42035:003;
42036:003;
42037:003;
42038:003;
42039:003;
42040:003;
42041:003;
42042:003;
42043:003;
42044:003;
42045:003;
42046:003;
42047:003;
42048:003;
42049:003;
42050:003;
42051:003;
42052:003;
42053:003;
42054:003;
42055:003;
42056:003;
42057:003;
42058:003;
42059:003;
42060:003;
42061:003;
42062:003;
42063:003;
42064:003;
42065:003;
42066:003;
42067:003;
42068:003;
42069:003;
42070:003;
42071:003;
42072:003;
42073:003;
42074:003;
42075:003;
42076:003;
42077:003;
42078:003;
42079:003;
42080:003;
42081:003;
42082:003;
42083:003;
42084:003;
42085:003;
42086:003;
42087:003;
42088:003;
42089:003;
42090:003;
42091:003;
42092:003;
42093:003;
42094:003;
42095:003;
42096:003;
42097:003;
42098:003;
42099:003;
42100:003;
42101:003;
42102:003;
42103:003;
42104:003;
42105:003;
42106:003;
42107:003;
42108:003;
42109:003;
42110:003;
42111:001;
42112:003;
42113:003;
42114:004;
42115:003;
42116:003;
42117:003;
42118:004;
42119:003;
42120:003;
42121:003;
42122:004;
42123:003;
42124:003;
42125:003;
42126:004;
42127:003;
42128:003;
42129:003;
42130:004;
42131:003;
42132:003;
42133:003;
42134:004;
42135:003;
42136:003;
42137:003;
42138:004;
42139:003;
42140:003;
42141:003;
42142:004;
42143:003;
42144:003;
42145:003;
42146:004;
42147:003;
42148:003;
42149:003;
42150:004;
42151:003;
42152:003;
42153:003;
42154:004;
42155:003;
42156:003;
42157:003;
42158:004;
42159:003;
42160:003;
42161:003;
42162:004;
42163:003;
42164:003;
42165:003;
42166:004;
42167:003;
42168:003;
42169:003;
42170:004;
42171:003;
42172:003;
42173:003;
42174:004;
42175:003;
42176:003;
42177:003;
42178:004;
42179:003;
42180:003;
42181:003;
42182:004;
42183:003;
42184:003;
42185:003;
42186:004;
42187:003;
42188:003;
42189:003;
42190:004;
42191:003;
42192:003;
42193:003;
42194:004;
42195:003;
42196:003;
42197:003;
42198:004;
42199:003;
42200:003;
42201:003;
42202:004;
42203:003;
42204:003;
42205:003;
42206:004;
42207:003;
42208:003;
42209:003;
42210:004;
42211:003;
42212:003;
42213:003;
42214:004;
42215:003;
42216:003;
42217:003;
42218:004;
42219:003;
42220:003;
42221:003;
42222:004;
42223:003;
42224:003;
42225:003;
42226:004;
42227:003;
42228:003;
42229:003;
42230:004;
42231:003;
42232:003;
42233:003;
42234:004;
42235:003;
42236:003;
42237:003;
42238:004;
42239:001;
42240:003;
42241:003;
42242:003;
42243:003;
42244:003;
42245:003;
42246:003;
42247:003;
42248:003;
42249:003;
42250:003;
42251:003;
42252:003;
42253:003;
42254:003;
42255:003;
42256:003;
42257:003;
42258:003;
42259:003;
42260:003;
42261:003;
42262:003;
42263:003;
42264:003;
42265:003;
42266:003;
42267:003;
42268:003;
42269:003;
42270:003;
42271:003;
42272:003;
42273:003;
42274:003;
42275:003;
42276:003;
42277:003;
42278:003;
42279:003;
42280:003;
42281:003;
42282:003;
42283:003;
42284:003;
42285:003;
42286:003;
42287:003;
42288:003;
42289:003;
42290:003;
42291:003;
42292:003;
42293:003;
42294:003;
42295:003;
42296:003;
42297:003;
42298:003;
42299:003;
42300:003;
42301:003;
42302:003;
42303:003;
42304:003;
42305:003;
42306:003;
42307:003;
42308:003;
42309:003;
42310:003;
42311:003;
42312:003;
42313:003;
42314:003;
42315:003;
42316:003;
42317:003;
42318:003;
42319:003;
42320:003;
42321:003;
42322:003;
42323:003;
42324:003;
42325:003;
42326:003;
42327:003;
42328:003;
42329:003;
42330:003;
42331:003;
42332:003;
42333:003;
42334:003;
42335:003;
42336:003;
42337:003;
42338:003;
42339:003;
42340:003;
42341:003;
42342:003;
42343:003;
42344:003;
42345:003;
42346:003;
42347:003;
42348:003;
42349:003;
42350:003;
42351:003;
42352:003;
42353:003;
42354:003;
42355:003;
42356:003;
42357:003;
42358:003;
42359:003;
42360:003;
42361:003;
42362:003;
42363:003;
42364:003;
42365:003;
42366:003;
42367:001;
42368:004;
42369:003;
42370:004;
42371:003;
42372:004;
42373:003;
42374:004;
42375:003;
42376:004;
42377:003;
42378:004;
42379:003;
42380:004;
42381:003;
42382:004;
42383:003;
42384:004;
42385:003;
42386:004;
42387:003;
42388:004;
42389:003;
42390:004;
42391:003;
42392:004;
42393:003;
42394:004;
42395:003;
42396:004;
42397:003;
42398:004;
42399:003;
42400:004;
42401:003;
42402:004;
42403:003;
42404:004;
42405:003;
42406:004;
42407:003;
42408:004;
42409:003;
42410:004;
42411:003;
42412:004;
42413:003;
42414:004;
42415:003;
42416:004;
42417:003;
42418:004;
42419:003;
42420:004;
42421:003;
42422:004;
42423:003;
42424:004;
42425:003;
42426:004;
42427:003;
42428:004;
42429:003;
42430:004;
42431:003;
42432:004;
42433:003;
42434:004;
42435:003;
42436:004;
42437:003;
42438:004;
42439:003;
42440:004;
42441:003;
42442:004;
42443:003;
42444:004;
42445:003;
42446:004;
42447:003;
42448:004;
42449:003;
42450:004;
42451:003;
42452:004;
42453:003;
42454:004;
42455:003;
42456:004;
42457:003;
42458:004;
42459:003;
42460:004;
42461:003;
42462:004;
42463:003;
42464:004;
42465:003;
42466:004;
42467:003;
42468:004;
42469:003;
42470:004;
42471:003;
42472:004;
42473:003;
42474:004;
42475:003;
42476:004;
42477:003;
42478:004;
42479:003;
42480:004;
42481:003;
42482:004;
42483:003;
42484:004;
42485:003;
42486:004;
42487:003;
42488:004;
42489:003;
42490:004;
42491:003;
42492:004;
42493:003;
42494:004;
42495:001;
42496:003;
42497:003;
42498:003;
42499:003;
42500:003;
42501:003;
42502:003;
42503:003;
42504:003;
42505:003;
42506:003;
42507:003;
42508:003;
42509:003;
42510:003;
42511:003;
42512:003;
42513:003;
42514:003;
42515:003;
42516:003;
42517:003;
42518:003;
42519:003;
42520:003;
42521:003;
42522:003;
42523:003;
42524:003;
42525:003;
42526:003;
42527:003;
42528:003;
42529:003;
42530:003;
42531:003;
42532:003;
42533:003;
42534:003;
42535:003;
42536:003;
42537:003;
42538:003;
42539:003;
42540:003;
42541:003;
42542:003;
42543:003;
42544:003;
42545:003;
42546:003;
42547:003;
42548:003;
42549:003;
42550:003;
42551:003;
42552:003;
42553:003;
42554:003;
42555:003;
42556:003;
42557:003;
42558:003;
42559:003;
42560:003;
42561:003;
42562:003;
42563:003;
42564:003;
42565:003;
42566:003;
42567:003;
42568:003;
42569:003;
42570:003;
42571:003;
42572:003;
42573:003;
42574:003;
42575:003;
42576:003;
42577:003;
42578:003;
42579:003;
42580:003;
42581:003;
42582:003;
42583:003;
42584:003;
42585:003;
42586:003;
42587:003;
42588:003;
42589:003;
42590:003;
42591:003;
42592:003;
42593:003;
42594:003;
42595:003;
42596:003;
42597:003;
42598:003;
42599:003;
42600:003;
42601:003;
42602:003;
42603:003;
42604:003;
42605:003;
42606:003;
42607:003;
42608:003;
42609:003;
42610:003;
42611:003;
42612:003;
42613:003;
42614:003;
42615:003;
42616:003;
42617:003;
42618:003;
42619:003;
42620:003;
42621:003;
42622:003;
42623:001;
42624:003;
42625:003;
42626:004;
42627:003;
42628:003;
42629:003;
42630:004;
42631:003;
42632:003;
42633:003;
42634:004;
42635:003;
42636:003;
42637:003;
42638:004;
42639:003;
42640:003;
42641:003;
42642:004;
42643:003;
42644:003;
42645:003;
42646:004;
42647:003;
42648:003;
42649:003;
42650:004;
42651:003;
42652:003;
42653:003;
42654:004;
42655:003;
42656:003;
42657:003;
42658:004;
42659:003;
42660:003;
42661:003;
42662:004;
42663:003;
42664:003;
42665:003;
42666:004;
42667:003;
42668:003;
42669:003;
42670:004;
42671:003;
42672:003;
42673:003;
42674:004;
42675:003;
42676:003;
42677:003;
42678:004;
42679:003;
42680:003;
42681:003;
42682:004;
42683:003;
42684:003;
42685:003;
42686:004;
42687:003;
42688:003;
42689:003;
42690:004;
42691:003;
42692:003;
42693:003;
42694:004;
42695:003;
42696:003;
42697:003;
42698:004;
42699:003;
42700:003;
42701:003;
42702:004;
42703:003;
42704:003;
42705:003;
42706:004;
42707:003;
42708:003;
42709:003;
42710:004;
42711:003;
42712:003;
42713:003;
42714:004;
42715:003;
42716:003;
42717:003;
42718:004;
42719:003;
42720:003;
42721:003;
42722:004;
42723:003;
42724:003;
42725:003;
42726:004;
42727:003;
42728:003;
42729:003;
42730:004;
42731:003;
42732:003;
42733:003;
42734:004;
42735:003;
42736:003;
42737:003;
42738:004;
42739:003;
42740:003;
42741:003;
42742:004;
42743:003;
42744:003;
42745:003;
42746:004;
42747:003;
42748:003;
42749:003;
42750:004;
42751:001;
42752:003;
42753:003;
42754:003;
42755:003;
42756:003;
42757:003;
42758:003;
42759:003;
42760:003;
42761:003;
42762:003;
42763:003;
42764:003;
42765:003;
42766:003;
42767:003;
42768:003;
42769:003;
42770:003;
42771:003;
42772:003;
42773:003;
42774:003;
42775:003;
42776:003;
42777:003;
42778:003;
42779:003;
42780:003;
42781:003;
42782:003;
42783:003;
42784:003;
42785:003;
42786:003;
42787:003;
42788:003;
42789:003;
42790:003;
42791:003;
42792:003;
42793:003;
42794:003;
42795:003;
42796:003;
42797:003;
42798:003;
42799:003;
42800:003;
42801:003;
42802:003;
42803:003;
42804:003;
42805:003;
42806:003;
42807:003;
42808:003;
42809:003;
42810:003;
42811:003;
42812:003;
42813:003;
42814:003;
42815:003;
42816:003;
42817:003;
42818:003;
42819:003;
42820:003;
42821:003;
42822:003;
42823:003;
42824:003;
42825:003;
42826:003;
42827:003;
42828:003;
42829:003;
42830:003;
42831:003;
42832:003;
42833:003;
42834:003;
42835:003;
42836:003;
42837:003;
42838:003;
42839:003;
42840:003;
42841:003;
42842:003;
42843:003;
42844:003;
42845:003;
42846:003;
42847:003;
42848:003;
42849:003;
42850:003;
42851:003;
42852:003;
42853:003;
42854:003;
42855:003;
42856:003;
42857:003;
42858:003;
42859:003;
42860:003;
42861:003;
42862:003;
42863:003;
42864:003;
42865:003;
42866:003;
42867:003;
42868:003;
42869:003;
42870:003;
42871:003;
42872:003;
42873:003;
42874:003;
42875:003;
42876:003;
42877:003;
42878:003;
42879:001;
42880:004;
42881:003;
42882:004;
42883:003;
42884:004;
42885:003;
42886:004;
42887:003;
42888:004;
42889:003;
42890:004;
42891:003;
42892:004;
42893:003;
42894:004;
42895:003;
42896:004;
42897:003;
42898:004;
42899:003;
42900:004;
42901:003;
42902:004;
42903:003;
42904:004;
42905:003;
42906:004;
42907:003;
42908:004;
42909:003;
42910:004;
42911:003;
42912:004;
42913:003;
42914:004;
42915:003;
42916:004;
42917:003;
42918:004;
42919:003;
42920:004;
42921:003;
42922:004;
42923:003;
42924:004;
42925:003;
42926:004;
42927:003;
42928:004;
42929:003;
42930:004;
42931:003;
42932:004;
42933:003;
42934:004;
42935:003;
42936:004;
42937:003;
42938:004;
42939:003;
42940:004;
42941:003;
42942:004;
42943:003;
42944:004;
42945:003;
42946:004;
42947:003;
42948:004;
42949:003;
42950:004;
42951:003;
42952:004;
42953:003;
42954:004;
42955:003;
42956:004;
42957:003;
42958:004;
42959:003;
42960:004;
42961:003;
42962:004;
42963:003;
42964:004;
42965:003;
42966:004;
42967:003;
42968:004;
42969:003;
42970:004;
42971:003;
42972:004;
42973:003;
42974:004;
42975:003;
42976:004;
42977:003;
42978:004;
42979:003;
42980:004;
42981:003;
42982:004;
42983:003;
42984:004;
42985:003;
42986:004;
42987:003;
42988:004;
42989:003;
42990:004;
42991:003;
42992:004;
42993:003;
42994:004;
42995:003;
42996:004;
42997:003;
42998:004;
42999:003;
43000:004;
43001:003;
43002:004;
43003:003;
43004:004;
43005:003;
43006:004;
43007:001;
43008:003;
43009:003;
43010:003;
43011:003;
43012:003;
43013:003;
43014:003;
43015:003;
43016:003;
43017:003;
43018:003;
43019:003;
43020:003;
43021:003;
43022:003;
43023:003;
43024:003;
43025:003;
43026:003;
43027:003;
43028:003;
43029:003;
43030:003;
43031:003;
43032:003;
43033:003;
43034:003;
43035:003;
43036:003;
43037:003;
43038:003;
43039:003;
43040:003;
43041:003;
43042:003;
43043:003;
43044:003;
43045:003;
43046:003;
43047:003;
43048:003;
43049:003;
43050:003;
43051:003;
43052:003;
43053:003;
43054:003;
43055:003;
43056:003;
43057:003;
43058:003;
43059:003;
43060:003;
43061:003;
43062:003;
43063:003;
43064:003;
43065:003;
43066:003;
43067:003;
43068:003;
43069:003;
43070:003;
43071:003;
43072:003;
43073:003;
43074:003;
43075:003;
43076:003;
43077:003;
43078:003;
43079:003;
43080:003;
43081:003;
43082:003;
43083:003;
43084:003;
43085:003;
43086:003;
43087:003;
43088:003;
43089:003;
43090:003;
43091:003;
43092:003;
43093:003;
43094:003;
43095:003;
43096:003;
43097:003;
43098:003;
43099:003;
43100:003;
43101:003;
43102:003;
43103:003;
43104:003;
43105:003;
43106:003;
43107:003;
43108:003;
43109:003;
43110:003;
43111:003;
43112:003;
43113:003;
43114:003;
43115:003;
43116:003;
43117:003;
43118:003;
43119:003;
43120:003;
43121:003;
43122:003;
43123:003;
43124:003;
43125:003;
43126:003;
43127:003;
43128:003;
43129:003;
43130:003;
43131:003;
43132:003;
43133:003;
43134:003;
43135:001;
43136:003;
43137:003;
43138:004;
43139:003;
43140:003;
43141:003;
43142:004;
43143:003;
43144:003;
43145:003;
43146:004;
43147:003;
43148:003;
43149:003;
43150:004;
43151:003;
43152:003;
43153:003;
43154:004;
43155:003;
43156:003;
43157:003;
43158:004;
43159:003;
43160:003;
43161:003;
43162:004;
43163:003;
43164:003;
43165:003;
43166:004;
43167:003;
43168:003;
43169:003;
43170:004;
43171:003;
43172:003;
43173:003;
43174:004;
43175:003;
43176:003;
43177:003;
43178:004;
43179:003;
43180:003;
43181:003;
43182:004;
43183:003;
43184:003;
43185:003;
43186:004;
43187:003;
43188:003;
43189:003;
43190:004;
43191:003;
43192:003;
43193:003;
43194:004;
43195:003;
43196:003;
43197:003;
43198:004;
43199:003;
43200:003;
43201:003;
43202:004;
43203:003;
43204:003;
43205:003;
43206:004;
43207:003;
43208:003;
43209:003;
43210:004;
43211:003;
43212:003;
43213:003;
43214:004;
43215:003;
43216:003;
43217:003;
43218:004;
43219:003;
43220:003;
43221:003;
43222:004;
43223:003;
43224:003;
43225:003;
43226:004;
43227:003;
43228:003;
43229:003;
43230:004;
43231:003;
43232:003;
43233:003;
43234:004;
43235:003;
43236:003;
43237:003;
43238:004;
43239:003;
43240:003;
43241:003;
43242:004;
43243:003;
43244:003;
43245:003;
43246:004;
43247:003;
43248:003;
43249:003;
43250:004;
43251:003;
43252:003;
43253:003;
43254:004;
43255:003;
43256:003;
43257:003;
43258:004;
43259:003;
43260:003;
43261:003;
43262:004;
43263:001;
43264:003;
43265:003;
43266:003;
43267:003;
43268:003;
43269:003;
43270:003;
43271:003;
43272:003;
43273:003;
43274:003;
43275:003;
43276:003;
43277:003;
43278:003;
43279:003;
43280:003;
43281:003;
43282:003;
43283:003;
43284:003;
43285:003;
43286:003;
43287:003;
43288:003;
43289:003;
43290:003;
43291:003;
43292:003;
43293:003;
43294:003;
43295:003;
43296:003;
43297:003;
43298:003;
43299:003;
43300:003;
43301:003;
43302:003;
43303:003;
43304:003;
43305:003;
43306:003;
43307:003;
43308:003;
43309:003;
43310:003;
43311:003;
43312:003;
43313:003;
43314:003;
43315:003;
43316:003;
43317:003;
43318:003;
43319:003;
43320:003;
43321:003;
43322:003;
43323:003;
43324:003;
43325:003;
43326:003;
43327:003;
43328:003;
43329:003;
43330:003;
43331:003;
43332:003;
43333:003;
43334:003;
43335:003;
43336:003;
43337:003;
43338:003;
43339:003;
43340:003;
43341:003;
43342:003;
43343:003;
43344:003;
43345:003;
43346:003;
43347:003;
43348:003;
43349:003;
43350:003;
43351:003;
43352:003;
43353:003;
43354:003;
43355:003;
43356:003;
43357:003;
43358:003;
43359:003;
43360:003;
43361:003;
43362:003;
43363:003;
43364:003;
43365:003;
43366:003;
43367:003;
43368:003;
43369:003;
43370:003;
43371:003;
43372:003;
43373:003;
43374:003;
43375:003;
43376:003;
43377:003;
43378:003;
43379:003;
43380:003;
43381:003;
43382:003;
43383:003;
43384:003;
43385:003;
43386:003;
43387:003;
43388:003;
43389:003;
43390:003;
43391:001;
43392:004;
43393:003;
43394:003;
43395:003;
43396:004;
43397:003;
43398:004;
43399:003;
43400:004;
43401:003;
43402:003;
43403:003;
43404:004;
43405:003;
43406:004;
43407:003;
43408:004;
43409:003;
43410:003;
43411:003;
43412:004;
43413:003;
43414:004;
43415:003;
43416:004;
43417:003;
43418:003;
43419:003;
43420:004;
43421:003;
43422:004;
43423:003;
43424:004;
43425:003;
43426:003;
43427:003;
43428:004;
43429:003;
43430:004;
43431:003;
43432:004;
43433:003;
43434:003;
43435:003;
43436:004;
43437:003;
43438:004;
43439:003;
43440:004;
43441:003;
43442:003;
43443:003;
43444:004;
43445:003;
43446:004;
43447:003;
43448:004;
43449:003;
43450:003;
43451:003;
43452:004;
43453:003;
43454:004;
43455:003;
43456:004;
43457:003;
43458:003;
43459:003;
43460:004;
43461:003;
43462:004;
43463:003;
43464:004;
43465:003;
43466:003;
43467:003;
43468:004;
43469:003;
43470:004;
43471:003;
43472:004;
43473:003;
43474:003;
43475:003;
43476:004;
43477:003;
43478:004;
43479:003;
43480:004;
43481:003;
43482:003;
43483:003;
43484:004;
43485:003;
43486:004;
43487:003;
43488:004;
43489:003;
43490:003;
43491:003;
43492:004;
43493:003;
43494:004;
43495:003;
43496:004;
43497:003;
43498:003;
43499:003;
43500:004;
43501:003;
43502:004;
43503:003;
43504:004;
43505:003;
43506:003;
43507:003;
43508:004;
43509:003;
43510:004;
43511:003;
43512:004;
43513:003;
43514:003;
43515:003;
43516:004;
43517:003;
43518:004;
43519:001;
43520:003;
43521:003;
43522:003;
43523:003;
43524:003;
43525:003;
43526:003;
43527:003;
43528:003;
43529:003;
43530:003;
43531:003;
43532:003;
43533:003;
43534:003;
43535:003;
43536:003;
43537:003;
43538:003;
43539:003;
43540:003;
43541:003;
43542:003;
43543:003;
43544:003;
43545:003;
43546:003;
43547:003;
43548:003;
43549:003;
43550:003;
43551:003;
43552:003;
43553:003;
43554:003;
43555:003;
43556:003;
43557:003;
43558:003;
43559:003;
43560:003;
43561:003;
43562:003;
43563:003;
43564:003;
43565:003;
43566:003;
43567:003;
43568:003;
43569:003;
43570:003;
43571:003;
43572:003;
43573:003;
43574:003;
43575:003;
43576:003;
43577:003;
43578:003;
43579:003;
43580:003;
43581:003;
43582:003;
43583:003;
43584:003;
43585:003;
43586:003;
43587:003;
43588:003;
43589:003;
43590:003;
43591:003;
43592:003;
43593:003;
43594:003;
43595:003;
43596:003;
43597:003;
43598:003;
43599:003;
43600:003;
43601:003;
43602:003;
43603:003;
43604:003;
43605:003;
43606:003;
43607:003;
43608:003;
43609:003;
43610:003;
43611:003;
43612:003;
43613:003;
43614:003;
43615:003;
43616:003;
43617:003;
43618:003;
43619:003;
43620:003;
43621:003;
43622:003;
43623:003;
43624:003;
43625:003;
43626:003;
43627:003;
43628:003;
43629:003;
43630:003;
43631:003;
43632:003;
43633:003;
43634:003;
43635:003;
43636:003;
43637:003;
43638:003;
43639:003;
43640:003;
43641:003;
43642:003;
43643:003;
43644:003;
43645:003;
43646:003;
43647:001;
43648:003;
43649:003;
43650:004;
43651:003;
43652:003;
43653:003;
43654:004;
43655:003;
43656:003;
43657:003;
43658:004;
43659:003;
43660:003;
43661:003;
43662:004;
43663:003;
43664:003;
43665:003;
43666:004;
43667:003;
43668:003;
43669:003;
43670:004;
43671:003;
43672:003;
43673:003;
43674:004;
43675:003;
43676:003;
43677:003;
43678:004;
43679:003;
43680:003;
43681:003;
43682:004;
43683:003;
43684:003;
43685:003;
43686:004;
43687:003;
43688:003;
43689:003;
43690:004;
43691:003;
43692:003;
43693:003;
43694:004;
43695:003;
43696:003;
43697:003;
43698:004;
43699:003;
43700:003;
43701:003;
43702:004;
43703:003;
43704:003;
43705:003;
43706:004;
43707:003;
43708:003;
43709:003;
43710:004;
43711:003;
43712:003;
43713:003;
43714:004;
43715:003;
43716:003;
43717:003;
43718:004;
43719:003;
43720:003;
43721:003;
43722:004;
43723:003;
43724:003;
43725:003;
43726:004;
43727:003;
43728:003;
43729:003;
43730:004;
43731:003;
43732:003;
43733:003;
43734:004;
43735:003;
43736:003;
43737:003;
43738:004;
43739:003;
43740:003;
43741:003;
43742:004;
43743:003;
43744:003;
43745:003;
43746:004;
43747:003;
43748:003;
43749:003;
43750:004;
43751:003;
43752:003;
43753:003;
43754:004;
43755:003;
43756:003;
43757:003;
43758:004;
43759:003;
43760:003;
43761:003;
43762:004;
43763:003;
43764:003;
43765:003;
43766:004;
43767:003;
43768:003;
43769:003;
43770:004;
43771:003;
43772:003;
43773:003;
43774:004;
43775:001;
43776:003;
43777:003;
43778:003;
43779:003;
43780:003;
43781:003;
43782:003;
43783:003;
43784:003;
43785:003;
43786:003;
43787:003;
43788:003;
43789:003;
43790:003;
43791:003;
43792:003;
43793:003;
43794:003;
43795:003;
43796:003;
43797:003;
43798:003;
43799:003;
43800:003;
43801:003;
43802:003;
43803:003;
43804:003;
43805:003;
43806:003;
43807:003;
43808:003;
43809:003;
43810:003;
43811:003;
43812:003;
43813:003;
43814:003;
43815:003;
43816:003;
43817:003;
43818:003;
43819:003;
43820:003;
43821:003;
43822:003;
43823:003;
43824:003;
43825:003;
43826:003;
43827:003;
43828:003;
43829:003;
43830:003;
43831:003;
43832:003;
43833:003;
43834:003;
43835:003;
43836:003;
43837:003;
43838:003;
43839:003;
43840:003;
43841:003;
43842:003;
43843:003;
43844:003;
43845:003;
43846:003;
43847:003;
43848:003;
43849:003;
43850:003;
43851:003;
43852:003;
43853:003;
43854:003;
43855:003;
43856:003;
43857:003;
43858:003;
43859:003;
43860:003;
43861:003;
43862:003;
43863:003;
43864:003;
43865:003;
43866:003;
43867:003;
43868:003;
43869:003;
43870:003;
43871:003;
43872:003;
43873:003;
43874:003;
43875:003;
43876:003;
43877:003;
43878:003;
43879:003;
43880:003;
43881:003;
43882:003;
43883:003;
43884:003;
43885:003;
43886:003;
43887:003;
43888:003;
43889:003;
43890:003;
43891:003;
43892:003;
43893:003;
43894:003;
43895:003;
43896:003;
43897:003;
43898:003;
43899:003;
43900:003;
43901:003;
43902:003;
43903:001;
43904:004;
43905:003;
43906:004;
43907:003;
43908:004;
43909:003;
43910:003;
43911:003;
43912:004;
43913:003;
43914:004;
43915:003;
43916:004;
43917:003;
43918:003;
43919:003;
43920:004;
43921:003;
43922:004;
43923:003;
43924:004;
43925:003;
43926:003;
43927:003;
43928:004;
43929:003;
43930:004;
43931:003;
43932:004;
43933:003;
43934:003;
43935:003;
43936:004;
43937:003;
43938:004;
43939:003;
43940:004;
43941:003;
43942:003;
43943:003;
43944:004;
43945:003;
43946:004;
43947:003;
43948:004;
43949:003;
43950:003;
43951:003;
43952:004;
43953:003;
43954:004;
43955:003;
43956:004;
43957:003;
43958:003;
43959:003;
43960:004;
43961:003;
43962:004;
43963:003;
43964:004;
43965:003;
43966:003;
43967:003;
43968:004;
43969:003;
43970:004;
43971:003;
43972:004;
43973:003;
43974:003;
43975:003;
43976:004;
43977:003;
43978:004;
43979:003;
43980:004;
43981:003;
43982:003;
43983:003;
43984:004;
43985:003;
43986:004;
43987:003;
43988:004;
43989:003;
43990:003;
43991:003;
43992:004;
43993:003;
43994:004;
43995:003;
43996:004;
43997:003;
43998:003;
43999:003;
44000:004;
44001:003;
44002:004;
44003:003;
44004:004;
44005:003;
44006:003;
44007:003;
44008:004;
44009:003;
44010:004;
44011:003;
44012:004;
44013:003;
44014:003;
44015:003;
44016:004;
44017:003;
44018:004;
44019:003;
44020:004;
44021:003;
44022:003;
44023:003;
44024:004;
44025:003;
44026:004;
44027:003;
44028:004;
44029:003;
44030:003;
44031:001;
44032:003;
44033:003;
44034:003;
44035:003;
44036:003;
44037:003;
44038:003;
44039:003;
44040:003;
44041:003;
44042:003;
44043:003;
44044:003;
44045:003;
44046:003;
44047:003;
44048:003;
44049:003;
44050:003;
44051:003;
44052:003;
44053:003;
44054:003;
44055:003;
44056:003;
44057:003;
44058:003;
44059:003;
44060:003;
44061:003;
44062:003;
44063:003;
44064:003;
44065:003;
44066:003;
44067:003;
44068:003;
44069:003;
44070:003;
44071:003;
44072:003;
44073:003;
44074:003;
44075:003;
44076:003;
44077:003;
44078:003;
44079:003;
44080:003;
44081:003;
44082:003;
44083:003;
44084:003;
44085:003;
44086:003;
44087:003;
44088:003;
44089:003;
44090:003;
44091:003;
44092:003;
44093:003;
44094:003;
44095:003;
44096:003;
44097:003;
44098:003;
44099:003;
44100:003;
44101:003;
44102:003;
44103:003;
44104:003;
44105:003;
44106:003;
44107:003;
44108:003;
44109:003;
44110:003;
44111:003;
44112:003;
44113:003;
44114:003;
44115:003;
44116:003;
44117:003;
44118:003;
44119:003;
44120:003;
44121:003;
44122:003;
44123:003;
44124:003;
44125:003;
44126:003;
44127:003;
44128:003;
44129:003;
44130:003;
44131:003;
44132:003;
44133:003;
44134:003;
44135:003;
44136:003;
44137:003;
44138:003;
44139:003;
44140:003;
44141:003;
44142:003;
44143:003;
44144:003;
44145:003;
44146:003;
44147:003;
44148:003;
44149:003;
44150:003;
44151:003;
44152:003;
44153:003;
44154:003;
44155:003;
44156:003;
44157:003;
44158:003;
44159:001;
44160:003;
44161:003;
44162:004;
44163:003;
44164:003;
44165:003;
44166:004;
44167:003;
44168:003;
44169:003;
44170:004;
44171:003;
44172:003;
44173:003;
44174:004;
44175:003;
44176:003;
44177:003;
44178:004;
44179:003;
44180:003;
44181:003;
44182:004;
44183:003;
44184:003;
44185:003;
44186:004;
44187:003;
44188:003;
44189:003;
44190:004;
44191:003;
44192:003;
44193:003;
44194:004;
44195:003;
44196:003;
44197:003;
44198:004;
44199:003;
44200:003;
44201:003;
44202:004;
44203:003;
44204:003;
44205:003;
44206:004;
44207:003;
44208:003;
44209:003;
44210:004;
44211:003;
44212:003;
44213:003;
44214:004;
44215:003;
44216:003;
44217:003;
44218:004;
44219:003;
44220:003;
44221:003;
44222:004;
44223:003;
44224:003;
44225:003;
44226:004;
44227:003;
44228:003;
44229:003;
44230:004;
44231:003;
44232:003;
44233:003;
44234:004;
44235:003;
44236:003;
44237:003;
44238:004;
44239:003;
44240:003;
44241:003;
44242:004;
44243:003;
44244:003;
44245:003;
44246:004;
44247:003;
44248:003;
44249:003;
44250:004;
44251:003;
44252:003;
44253:003;
44254:004;
44255:003;
44256:003;
44257:003;
44258:004;
44259:003;
44260:003;
44261:003;
44262:004;
44263:003;
44264:003;
44265:003;
44266:004;
44267:003;
44268:003;
44269:003;
44270:004;
44271:003;
44272:003;
44273:003;
44274:004;
44275:003;
44276:003;
44277:003;
44278:004;
44279:003;
44280:003;
44281:003;
44282:004;
44283:003;
44284:003;
44285:003;
44286:004;
44287:001;
44288:003;
44289:003;
44290:003;
44291:003;
44292:003;
44293:003;
44294:003;
44295:003;
44296:003;
44297:003;
44298:003;
44299:003;
44300:003;
44301:003;
44302:003;
44303:003;
44304:003;
44305:003;
44306:003;
44307:003;
44308:003;
44309:003;
44310:003;
44311:003;
44312:003;
44313:003;
44314:003;
44315:003;
44316:003;
44317:003;
44318:003;
44319:003;
44320:003;
44321:003;
44322:003;
44323:003;
44324:003;
44325:003;
44326:003;
44327:003;
44328:003;
44329:003;
44330:003;
44331:003;
44332:003;
44333:003;
44334:003;
44335:003;
44336:003;
44337:003;
44338:003;
44339:003;
44340:003;
44341:003;
44342:003;
44343:003;
44344:003;
44345:003;
44346:003;
44347:003;
44348:003;
44349:003;
44350:003;
44351:003;
44352:003;
44353:003;
44354:003;
44355:003;
44356:003;
44357:003;
44358:003;
44359:003;
44360:003;
44361:003;
44362:003;
44363:003;
44364:003;
44365:003;
44366:003;
44367:003;
44368:003;
44369:003;
44370:003;
44371:003;
44372:003;
44373:003;
44374:003;
44375:003;
44376:003;
44377:003;
44378:003;
44379:003;
44380:003;
44381:003;
44382:003;
44383:003;
44384:003;
44385:003;
44386:003;
44387:003;
44388:003;
44389:003;
44390:003;
44391:003;
44392:003;
44393:003;
44394:003;
44395:003;
44396:003;
44397:003;
44398:003;
44399:003;
44400:003;
44401:003;
44402:003;
44403:003;
44404:003;
44405:003;
44406:003;
44407:003;
44408:003;
44409:003;
44410:003;
44411:003;
44412:003;
44413:003;
44414:003;
44415:001;
44416:004;
44417:003;
44418:003;
44419:003;
44420:004;
44421:003;
44422:003;
44423:003;
44424:004;
44425:003;
44426:003;
44427:003;
44428:004;
44429:003;
44430:003;
44431:003;
44432:004;
44433:003;
44434:003;
44435:003;
44436:004;
44437:003;
44438:003;
44439:003;
44440:004;
44441:003;
44442:003;
44443:003;
44444:004;
44445:003;
44446:003;
44447:003;
44448:004;
44449:003;
44450:003;
44451:003;
44452:004;
44453:003;
44454:003;
44455:003;
44456:004;
44457:003;
44458:003;
44459:003;
44460:004;
44461:003;
44462:003;
44463:003;
44464:004;
44465:003;
44466:003;
44467:003;
44468:004;
44469:003;
44470:003;
44471:003;
44472:004;
44473:003;
44474:003;
44475:003;
44476:004;
44477:003;
44478:003;
44479:003;
44480:004;
44481:003;
44482:003;
44483:003;
44484:004;
44485:003;
44486:003;
44487:003;
44488:004;
44489:003;
44490:003;
44491:003;
44492:004;
44493:003;
44494:003;
44495:003;
44496:004;
44497:003;
44498:003;
44499:003;
44500:004;
44501:003;
44502:003;
44503:003;
44504:004;
44505:003;
44506:003;
44507:003;
44508:004;
44509:003;
44510:003;
44511:003;
44512:004;
44513:003;
44514:003;
44515:003;
44516:004;
44517:003;
44518:003;
44519:003;
44520:004;
44521:003;
44522:003;
44523:003;
44524:004;
44525:003;
44526:003;
44527:003;
44528:004;
44529:003;
44530:003;
44531:003;
44532:004;
44533:003;
44534:003;
44535:003;
44536:004;
44537:003;
44538:003;
44539:003;
44540:004;
44541:003;
44542:003;
44543:001;
44544:003;
44545:003;
44546:003;
44547:003;
44548:003;
44549:003;
44550:003;
44551:003;
44552:003;
44553:003;
44554:003;
44555:003;
44556:003;
44557:003;
44558:003;
44559:003;
44560:003;
44561:003;
44562:003;
44563:003;
44564:003;
44565:003;
44566:003;
44567:003;
44568:003;
44569:003;
44570:003;
44571:003;
44572:003;
44573:003;
44574:003;
44575:003;
44576:003;
44577:003;
44578:003;
44579:003;
44580:003;
44581:003;
44582:003;
44583:003;
44584:003;
44585:003;
44586:003;
44587:003;
44588:003;
44589:003;
44590:003;
44591:003;
44592:003;
44593:003;
44594:003;
44595:003;
44596:003;
44597:003;
44598:003;
44599:003;
44600:003;
44601:003;
44602:003;
44603:003;
44604:003;
44605:003;
44606:003;
44607:003;
44608:003;
44609:003;
44610:003;
44611:003;
44612:003;
44613:003;
44614:003;
44615:003;
44616:003;
44617:003;
44618:003;
44619:003;
44620:003;
44621:003;
44622:003;
44623:003;
44624:003;
44625:003;
44626:003;
44627:003;
44628:003;
44629:003;
44630:003;
44631:003;
44632:003;
44633:003;
44634:003;
44635:003;
44636:003;
44637:003;
44638:003;
44639:003;
44640:003;
44641:003;
44642:003;
44643:003;
44644:003;
44645:003;
44646:003;
44647:003;
44648:003;
44649:003;
44650:003;
44651:003;
44652:003;
44653:003;
44654:003;
44655:003;
44656:003;
44657:003;
44658:003;
44659:003;
44660:003;
44661:003;
44662:003;
44663:003;
44664:003;
44665:003;
44666:003;
44667:003;
44668:003;
44669:003;
44670:003;
44671:001;
44672:003;
44673:003;
44674:004;
44675:003;
44676:003;
44677:003;
44678:004;
44679:003;
44680:003;
44681:003;
44682:004;
44683:003;
44684:003;
44685:003;
44686:004;
44687:003;
44688:003;
44689:003;
44690:004;
44691:003;
44692:003;
44693:003;
44694:004;
44695:003;
44696:003;
44697:003;
44698:004;
44699:003;
44700:003;
44701:003;
44702:004;
44703:003;
44704:003;
44705:003;
44706:004;
44707:003;
44708:003;
44709:003;
44710:004;
44711:003;
44712:003;
44713:003;
44714:004;
44715:003;
44716:003;
44717:003;
44718:004;
44719:003;
44720:003;
44721:003;
44722:004;
44723:003;
44724:003;
44725:003;
44726:004;
44727:003;
44728:003;
44729:003;
44730:004;
44731:003;
44732:003;
44733:003;
44734:004;
44735:003;
44736:003;
44737:003;
44738:004;
44739:003;
44740:003;
44741:003;
44742:004;
44743:003;
44744:003;
44745:003;
44746:004;
44747:003;
44748:003;
44749:003;
44750:004;
44751:003;
44752:003;
44753:003;
44754:004;
44755:003;
44756:003;
44757:003;
44758:004;
44759:003;
44760:003;
44761:003;
44762:004;
44763:003;
44764:003;
44765:003;
44766:004;
44767:003;
44768:003;
44769:003;
44770:004;
44771:003;
44772:003;
44773:003;
44774:004;
44775:003;
44776:003;
44777:003;
44778:004;
44779:003;
44780:003;
44781:003;
44782:004;
44783:003;
44784:003;
44785:003;
44786:004;
44787:003;
44788:003;
44789:003;
44790:004;
44791:003;
44792:003;
44793:003;
44794:004;
44795:003;
44796:003;
44797:003;
44798:004;
44799:001;
44800:003;
44801:003;
44802:003;
44803:003;
44804:003;
44805:003;
44806:003;
44807:003;
44808:003;
44809:003;
44810:003;
44811:003;
44812:003;
44813:003;
44814:003;
44815:003;
44816:003;
44817:003;
44818:003;
44819:003;
44820:003;
44821:003;
44822:003;
44823:003;
44824:003;
44825:003;
44826:003;
44827:003;
44828:003;
44829:003;
44830:003;
44831:003;
44832:003;
44833:003;
44834:003;
44835:003;
44836:003;
44837:003;
44838:003;
44839:003;
44840:003;
44841:003;
44842:003;
44843:003;
44844:003;
44845:003;
44846:003;
44847:003;
44848:003;
44849:003;
44850:003;
44851:003;
44852:003;
44853:003;
44854:003;
44855:003;
44856:003;
44857:003;
44858:003;
44859:003;
44860:003;
44861:003;
44862:003;
44863:003;
44864:003;
44865:003;
44866:003;
44867:003;
44868:003;
44869:003;
44870:003;
44871:003;
44872:003;
44873:003;
44874:003;
44875:003;
44876:003;
44877:003;
44878:003;
44879:003;
44880:003;
44881:003;
44882:003;
44883:003;
44884:003;
44885:003;
44886:003;
44887:003;
44888:003;
44889:003;
44890:003;
44891:003;
44892:003;
44893:003;
44894:003;
44895:003;
44896:003;
44897:003;
44898:003;
44899:003;
44900:003;
44901:003;
44902:003;
44903:003;
44904:003;
44905:003;
44906:003;
44907:003;
44908:003;
44909:003;
44910:003;
44911:003;
44912:003;
44913:003;
44914:003;
44915:003;
44916:003;
44917:003;
44918:003;
44919:003;
44920:003;
44921:003;
44922:003;
44923:003;
44924:003;
44925:003;
44926:003;
44927:001;
44928:004;
44929:003;
44930:003;
44931:003;
44932:004;
44933:003;
44934:003;
44935:003;
44936:004;
44937:003;
44938:003;
44939:003;
44940:004;
44941:003;
44942:003;
44943:003;
44944:004;
44945:003;
44946:003;
44947:003;
44948:004;
44949:003;
44950:003;
44951:003;
44952:004;
44953:003;
44954:003;
44955:003;
44956:004;
44957:003;
44958:003;
44959:003;
44960:004;
44961:003;
44962:003;
44963:003;
44964:004;
44965:003;
44966:003;
44967:003;
44968:004;
44969:003;
44970:003;
44971:003;
44972:004;
44973:003;
44974:003;
44975:003;
44976:004;
44977:003;
44978:003;
44979:003;
44980:004;
44981:003;
44982:003;
44983:003;
44984:004;
44985:003;
44986:003;
44987:003;
44988:004;
44989:003;
44990:003;
44991:003;
44992:004;
44993:003;
44994:003;
44995:003;
44996:004;
44997:003;
44998:003;
44999:003;
45000:004;
45001:003;
45002:003;
45003:003;
45004:004;
45005:003;
45006:003;
45007:003;
45008:004;
45009:003;
45010:003;
45011:003;
45012:004;
45013:003;
45014:003;
45015:003;
45016:004;
45017:003;
45018:003;
45019:003;
45020:004;
45021:003;
45022:003;
45023:003;
45024:004;
45025:003;
45026:003;
45027:003;
45028:004;
45029:003;
45030:003;
45031:003;
45032:004;
45033:003;
45034:003;
45035:003;
45036:004;
45037:003;
45038:003;
45039:003;
45040:004;
45041:003;
45042:003;
45043:003;
45044:004;
45045:003;
45046:003;
45047:003;
45048:004;
45049:003;
45050:003;
45051:003;
45052:004;
45053:003;
45054:003;
45055:001;
45056:003;
45057:003;
45058:003;
45059:003;
45060:003;
45061:003;
45062:003;
45063:003;
45064:003;
45065:003;
45066:003;
45067:003;
45068:003;
45069:003;
45070:003;
45071:003;
45072:003;
45073:003;
45074:003;
45075:003;
45076:003;
45077:003;
45078:003;
45079:003;
45080:003;
45081:003;
45082:003;
45083:003;
45084:003;
45085:003;
45086:003;
45087:003;
45088:003;
45089:003;
45090:003;
45091:003;
45092:003;
45093:003;
45094:003;
45095:003;
45096:003;
45097:003;
45098:003;
45099:003;
45100:003;
45101:003;
45102:003;
45103:003;
45104:003;
45105:003;
45106:003;
45107:003;
45108:003;
45109:003;
45110:003;
45111:003;
45112:003;
45113:003;
45114:003;
45115:003;
45116:003;
45117:003;
45118:003;
45119:003;
45120:003;
45121:003;
45122:003;
45123:003;
45124:003;
45125:003;
45126:003;
45127:003;
45128:003;
45129:003;
45130:003;
45131:003;
45132:003;
45133:003;
45134:003;
45135:003;
45136:003;
45137:003;
45138:003;
45139:003;
45140:003;
45141:003;
45142:003;
45143:003;
45144:003;
45145:003;
45146:003;
45147:003;
45148:003;
45149:003;
45150:003;
45151:003;
45152:003;
45153:003;
45154:003;
45155:003;
45156:003;
45157:003;
45158:003;
45159:003;
45160:003;
45161:003;
45162:003;
45163:003;
45164:003;
45165:003;
45166:003;
45167:003;
45168:003;
45169:003;
45170:003;
45171:003;
45172:003;
45173:003;
45174:003;
45175:003;
45176:003;
45177:003;
45178:003;
45179:003;
45180:003;
45181:003;
45182:003;
45183:001;
45184:003;
45185:003;
45186:004;
45187:003;
45188:003;
45189:003;
45190:004;
45191:003;
45192:003;
45193:003;
45194:004;
45195:003;
45196:003;
45197:003;
45198:004;
45199:003;
45200:003;
45201:003;
45202:004;
45203:003;
45204:003;
45205:003;
45206:004;
45207:003;
45208:003;
45209:003;
45210:004;
45211:003;
45212:003;
45213:003;
45214:004;
45215:003;
45216:003;
45217:003;
45218:004;
45219:003;
45220:003;
45221:003;
45222:004;
45223:003;
45224:003;
45225:003;
45226:004;
45227:003;
45228:003;
45229:003;
45230:004;
45231:003;
45232:003;
45233:003;
45234:004;
45235:003;
45236:003;
45237:003;
45238:004;
45239:003;
45240:003;
45241:003;
45242:004;
45243:003;
45244:003;
45245:003;
45246:004;
45247:003;
45248:003;
45249:003;
45250:004;
45251:003;
45252:003;
45253:003;
45254:004;
45255:003;
45256:003;
45257:003;
45258:004;
45259:003;
45260:003;
45261:003;
45262:004;
45263:003;
45264:003;
45265:003;
45266:004;
45267:003;
45268:003;
45269:003;
45270:004;
45271:003;
45272:003;
45273:003;
45274:004;
45275:003;
45276:003;
45277:003;
45278:004;
45279:003;
45280:003;
45281:003;
45282:004;
45283:003;
45284:003;
45285:003;
45286:004;
45287:003;
45288:003;
45289:003;
45290:004;
45291:003;
45292:003;
45293:003;
45294:004;
45295:003;
45296:003;
45297:003;
45298:004;
45299:003;
45300:003;
45301:003;
45302:004;
45303:003;
45304:003;
45305:003;
45306:004;
45307:003;
45308:003;
45309:003;
45310:004;
45311:001;
45312:003;
45313:003;
45314:003;
45315:003;
45316:003;
45317:003;
45318:003;
45319:003;
45320:003;
45321:003;
45322:003;
45323:003;
45324:003;
45325:003;
45326:003;
45327:003;
45328:003;
45329:003;
45330:003;
45331:003;
45332:003;
45333:003;
45334:003;
45335:003;
45336:003;
45337:003;
45338:003;
45339:003;
45340:003;
45341:003;
45342:003;
45343:003;
45344:003;
45345:003;
45346:003;
45347:003;
45348:003;
45349:003;
45350:003;
45351:003;
45352:003;
45353:003;
45354:003;
45355:003;
45356:003;
45357:003;
45358:003;
45359:003;
45360:003;
45361:003;
45362:003;
45363:003;
45364:003;
45365:003;
45366:003;
45367:003;
45368:003;
45369:003;
45370:003;
45371:003;
45372:003;
45373:003;
45374:003;
45375:003;
45376:003;
45377:003;
45378:003;
45379:003;
45380:003;
45381:003;
45382:003;
45383:003;
45384:003;
45385:003;
45386:003;
45387:003;
45388:003;
45389:003;
45390:003;
45391:003;
45392:003;
45393:003;
45394:003;
45395:003;
45396:003;
45397:003;
45398:003;
45399:003;
45400:003;
45401:003;
45402:003;
45403:003;
45404:003;
45405:003;
45406:003;
45407:003;
45408:003;
45409:003;
45410:003;
45411:003;
45412:003;
45413:003;
45414:003;
45415:003;
45416:003;
45417:003;
45418:003;
45419:003;
45420:003;
45421:003;
45422:003;
45423:003;
45424:003;
45425:003;
45426:003;
45427:003;
45428:003;
45429:003;
45430:003;
45431:003;
45432:003;
45433:003;
45434:003;
45435:003;
45436:003;
45437:003;
45438:003;
45439:001;
45440:004;
45441:003;
45442:003;
45443:003;
45444:004;
45445:003;
45446:003;
45447:003;
45448:004;
45449:003;
45450:003;
45451:003;
45452:004;
45453:003;
45454:003;
45455:003;
45456:004;
45457:003;
45458:003;
45459:003;
45460:004;
45461:003;
45462:003;
45463:003;
45464:004;
45465:003;
45466:003;
45467:003;
45468:004;
45469:003;
45470:003;
45471:003;
45472:004;
45473:003;
45474:003;
45475:003;
45476:004;
45477:003;
45478:003;
45479:003;
45480:004;
45481:003;
45482:003;
45483:003;
45484:004;
45485:003;
45486:003;
45487:003;
45488:004;
45489:003;
45490:003;
45491:003;
45492:004;
45493:003;
45494:003;
45495:003;
45496:004;
45497:003;
45498:003;
45499:003;
45500:004;
45501:003;
45502:003;
45503:003;
45504:004;
45505:003;
45506:003;
45507:003;
45508:004;
45509:003;
45510:003;
45511:003;
45512:004;
45513:003;
45514:003;
45515:003;
45516:004;
45517:003;
45518:003;
45519:003;
45520:004;
45521:003;
45522:003;
45523:003;
45524:004;
45525:003;
45526:003;
45527:003;
45528:004;
45529:003;
45530:003;
45531:003;
45532:004;
45533:003;
45534:003;
45535:003;
45536:004;
45537:003;
45538:003;
45539:003;
45540:004;
45541:003;
45542:003;
45543:003;
45544:004;
45545:003;
45546:003;
45547:003;
45548:004;
45549:003;
45550:003;
45551:003;
45552:004;
45553:003;
45554:003;
45555:003;
45556:004;
45557:003;
45558:003;
45559:003;
45560:004;
45561:003;
45562:003;
45563:003;
45564:004;
45565:003;
45566:003;
45567:001;
45568:003;
45569:003;
45570:003;
45571:003;
45572:003;
45573:003;
45574:003;
45575:003;
45576:003;
45577:003;
45578:003;
45579:003;
45580:003;
45581:003;
45582:003;
45583:003;
45584:003;
45585:003;
45586:003;
45587:003;
45588:003;
45589:003;
45590:003;
45591:003;
45592:003;
45593:003;
45594:003;
45595:003;
45596:003;
45597:003;
45598:003;
45599:003;
45600:003;
45601:003;
45602:003;
45603:003;
45604:003;
45605:003;
45606:003;
45607:003;
45608:003;
45609:003;
45610:003;
45611:003;
45612:003;
45613:003;
45614:003;
45615:003;
45616:003;
45617:003;
45618:003;
45619:003;
45620:003;
45621:003;
45622:003;
45623:003;
45624:003;
45625:003;
45626:003;
45627:003;
45628:003;
45629:003;
45630:003;
45631:003;
45632:003;
45633:003;
45634:003;
45635:003;
45636:003;
45637:003;
45638:003;
45639:003;
45640:003;
45641:003;
45642:003;
45643:003;
45644:003;
45645:003;
45646:003;
45647:003;
45648:003;
45649:003;
45650:003;
45651:003;
45652:003;
45653:003;
45654:003;
45655:003;
45656:003;
45657:003;
45658:003;
45659:003;
45660:003;
45661:003;
45662:003;
45663:003;
45664:003;
45665:003;
45666:003;
45667:003;
45668:003;
45669:003;
45670:003;
45671:003;
45672:003;
45673:003;
45674:003;
45675:003;
45676:003;
45677:003;
45678:003;
45679:003;
45680:003;
45681:003;
45682:003;
45683:003;
45684:003;
45685:003;
45686:003;
45687:003;
45688:003;
45689:003;
45690:003;
45691:003;
45692:003;
45693:003;
45694:003;
45695:001;
45696:003;
45697:003;
45698:004;
45699:003;
45700:003;
45701:003;
45702:004;
45703:003;
45704:003;
45705:003;
45706:004;
45707:003;
45708:003;
45709:003;
45710:004;
45711:003;
45712:003;
45713:003;
45714:004;
45715:003;
45716:003;
45717:003;
45718:004;
45719:003;
45720:003;
45721:003;
45722:004;
45723:003;
45724:003;
45725:003;
45726:004;
45727:003;
45728:003;
45729:003;
45730:004;
45731:003;
45732:003;
45733:003;
45734:004;
45735:003;
45736:003;
45737:003;
45738:004;
45739:003;
45740:003;
45741:003;
45742:004;
45743:003;
45744:003;
45745:003;
45746:004;
45747:003;
45748:003;
45749:003;
45750:004;
45751:003;
45752:003;
45753:003;
45754:004;
45755:003;
45756:003;
45757:003;
45758:004;
45759:003;
45760:003;
45761:003;
45762:004;
45763:003;
45764:003;
45765:003;
45766:004;
45767:003;
45768:003;
45769:003;
45770:004;
45771:003;
45772:003;
45773:003;
45774:004;
45775:003;
45776:003;
45777:003;
45778:004;
45779:003;
45780:003;
45781:003;
45782:004;
45783:003;
45784:003;
45785:003;
45786:004;
45787:003;
45788:003;
45789:003;
45790:004;
45791:003;
45792:003;
45793:003;
45794:004;
45795:003;
45796:003;
45797:003;
45798:004;
45799:003;
45800:003;
45801:003;
45802:004;
45803:003;
45804:003;
45805:003;
45806:004;
45807:003;
45808:003;
45809:003;
45810:004;
45811:003;
45812:003;
45813:003;
45814:004;
45815:003;
45816:003;
45817:003;
45818:004;
45819:003;
45820:003;
45821:003;
45822:004;
45823:001;
45824:003;
45825:003;
45826:003;
45827:003;
45828:003;
45829:003;
45830:003;
45831:003;
45832:003;
45833:003;
45834:003;
45835:003;
45836:003;
45837:003;
45838:003;
45839:003;
45840:003;
45841:003;
45842:003;
45843:003;
45844:003;
45845:003;
45846:003;
45847:003;
45848:003;
45849:003;
45850:003;
45851:003;
45852:003;
45853:003;
45854:003;
45855:003;
45856:003;
45857:003;
45858:003;
45859:003;
45860:003;
45861:003;
45862:003;
45863:003;
45864:003;
45865:003;
45866:003;
45867:003;
45868:003;
45869:003;
45870:003;
45871:003;
45872:003;
45873:003;
45874:003;
45875:003;
45876:003;
45877:003;
45878:003;
45879:003;
45880:003;
45881:003;
45882:003;
45883:003;
45884:003;
45885:003;
45886:003;
45887:003;
45888:003;
45889:003;
45890:003;
45891:003;
45892:003;
45893:003;
45894:003;
45895:003;
45896:003;
45897:003;
45898:003;
45899:003;
45900:003;
45901:003;
45902:003;
45903:003;
45904:003;
45905:003;
45906:003;
45907:003;
45908:003;
45909:003;
45910:003;
45911:003;
45912:003;
45913:003;
45914:003;
45915:003;
45916:003;
45917:003;
45918:003;
45919:003;
45920:003;
45921:003;
45922:003;
45923:003;
45924:003;
45925:003;
45926:003;
45927:003;
45928:003;
45929:003;
45930:003;
45931:003;
45932:003;
45933:003;
45934:003;
45935:003;
45936:003;
45937:003;
45938:003;
45939:003;
45940:003;
45941:003;
45942:003;
45943:003;
45944:003;
45945:003;
45946:003;
45947:003;
45948:003;
45949:003;
45950:003;
45951:001;
45952:004;
45953:003;
45954:003;
45955:003;
45956:004;
45957:003;
45958:003;
45959:003;
45960:004;
45961:003;
45962:003;
45963:003;
45964:004;
45965:003;
45966:003;
45967:003;
45968:004;
45969:003;
45970:003;
45971:003;
45972:004;
45973:003;
45974:003;
45975:003;
45976:004;
45977:003;
45978:003;
45979:003;
45980:004;
45981:003;
45982:003;
45983:003;
45984:004;
45985:003;
45986:003;
45987:003;
45988:004;
45989:003;
45990:003;
45991:003;
45992:004;
45993:003;
45994:003;
45995:003;
45996:004;
45997:003;
45998:003;
45999:003;
46000:004;
46001:003;
46002:003;
46003:003;
46004:004;
46005:003;
46006:003;
46007:003;
46008:004;
46009:003;
46010:003;
46011:003;
46012:004;
46013:003;
46014:003;
46015:003;
46016:004;
46017:003;
46018:003;
46019:003;
46020:004;
46021:003;
46022:003;
46023:003;
46024:004;
46025:003;
46026:003;
46027:003;
46028:004;
46029:003;
46030:003;
46031:003;
46032:004;
46033:003;
46034:003;
46035:003;
46036:004;
46037:003;
46038:003;
46039:003;
46040:004;
46041:003;
46042:003;
46043:003;
46044:004;
46045:003;
46046:003;
46047:003;
46048:004;
46049:003;
46050:003;
46051:003;
46052:004;
46053:003;
46054:003;
46055:003;
46056:004;
46057:003;
46058:003;
46059:003;
46060:004;
46061:003;
46062:003;
46063:003;
46064:004;
46065:003;
46066:003;
46067:003;
46068:004;
46069:003;
46070:003;
46071:003;
46072:004;
46073:003;
46074:003;
46075:003;
46076:004;
46077:003;
46078:003;
46079:001;
46080:003;
46081:003;
46082:003;
46083:003;
46084:003;
46085:003;
46086:003;
46087:003;
46088:003;
46089:003;
46090:003;
46091:003;
46092:003;
46093:003;
46094:003;
46095:003;
46096:003;
46097:003;
46098:003;
46099:003;
46100:003;
46101:003;
46102:003;
46103:003;
46104:003;
46105:003;
46106:003;
46107:003;
46108:003;
46109:003;
46110:003;
46111:003;
46112:003;
46113:003;
46114:003;
46115:003;
46116:003;
46117:003;
46118:003;
46119:003;
46120:003;
46121:003;
46122:003;
46123:003;
46124:003;
46125:003;
46126:003;
46127:003;
46128:003;
46129:003;
46130:003;
46131:003;
46132:003;
46133:003;
46134:003;
46135:003;
46136:003;
46137:003;
46138:003;
46139:003;
46140:003;
46141:003;
46142:003;
46143:003;
46144:003;
46145:003;
46146:003;
46147:003;
46148:003;
46149:003;
46150:003;
46151:003;
46152:003;
46153:003;
46154:003;
46155:003;
46156:003;
46157:003;
46158:003;
46159:003;
46160:003;
46161:003;
46162:003;
46163:003;
46164:003;
46165:003;
46166:003;
46167:003;
46168:003;
46169:003;
46170:003;
46171:003;
46172:003;
46173:003;
46174:003;
46175:003;
46176:003;
46177:003;
46178:003;
46179:003;
46180:003;
46181:003;
46182:003;
46183:003;
46184:003;
46185:003;
46186:003;
46187:003;
46188:003;
46189:003;
46190:003;
46191:003;
46192:003;
46193:003;
46194:003;
46195:003;
46196:003;
46197:003;
46198:003;
46199:003;
46200:003;
46201:003;
46202:003;
46203:003;
46204:003;
46205:003;
46206:003;
46207:001;
46208:003;
46209:003;
46210:003;
46211:003;
46212:003;
46213:003;
46214:004;
46215:003;
46216:003;
46217:003;
46218:003;
46219:003;
46220:003;
46221:003;
46222:004;
46223:003;
46224:003;
46225:003;
46226:003;
46227:003;
46228:003;
46229:003;
46230:004;
46231:003;
46232:003;
46233:003;
46234:003;
46235:003;
46236:003;
46237:003;
46238:004;
46239:003;
46240:003;
46241:003;
46242:003;
46243:003;
46244:003;
46245:003;
46246:004;
46247:003;
46248:003;
46249:003;
46250:003;
46251:003;
46252:003;
46253:003;
46254:004;
46255:003;
46256:003;
46257:003;
46258:003;
46259:003;
46260:003;
46261:003;
46262:004;
46263:003;
46264:003;
46265:003;
46266:003;
46267:003;
46268:003;
46269:003;
46270:004;
46271:003;
46272:003;
46273:003;
46274:003;
46275:003;
46276:003;
46277:003;
46278:004;
46279:003;
46280:003;
46281:003;
46282:003;
46283:003;
46284:003;
46285:003;
46286:004;
46287:003;
46288:003;
46289:003;
46290:003;
46291:003;
46292:003;
46293:003;
46294:004;
46295:003;
46296:003;
46297:003;
46298:003;
46299:003;
46300:003;
46301:003;
46302:004;
46303:003;
46304:003;
46305:003;
46306:003;
46307:003;
46308:003;
46309:003;
46310:004;
46311:003;
46312:003;
46313:003;
46314:003;
46315:003;
46316:003;
46317:003;
46318:004;
46319:003;
46320:003;
46321:003;
46322:003;
46323:003;
46324:003;
46325:003;
46326:004;
46327:003;
46328:003;
46329:003;
46330:003;
46331:003;
46332:003;
46333:003;
46334:004;
46335:001;
46336:003;
46337:003;
46338:003;
46339:003;
46340:003;
46341:003;
46342:003;
46343:003;
46344:003;
46345:003;
46346:003;
46347:003;
46348:003;
46349:003;
46350:003;
46351:003;
46352:003;
46353:003;
46354:003;
46355:003;
46356:003;
46357:003;
46358:003;
46359:003;
46360:003;
46361:003;
46362:003;
46363:003;
46364:003;
46365:003;
46366:003;
46367:003;
46368:003;
46369:003;
46370:003;
46371:003;
46372:003;
46373:003;
46374:003;
46375:003;
46376:003;
46377:003;
46378:003;
46379:003;
46380:003;
46381:003;
46382:003;
46383:003;
46384:003;
46385:003;
46386:003;
46387:003;
46388:003;
46389:003;
46390:003;
46391:003;
46392:003;
46393:003;
46394:003;
46395:003;
46396:003;
46397:003;
46398:003;
46399:003;
46400:003;
46401:003;
46402:003;
46403:003;
46404:003;
46405:003;
46406:003;
46407:003;
46408:003;
46409:003;
46410:003;
46411:003;
46412:003;
46413:003;
46414:003;
46415:003;
46416:003;
46417:003;
46418:003;
46419:003;
46420:003;
46421:003;
46422:003;
46423:003;
46424:003;
46425:003;
46426:003;
46427:003;
46428:003;
46429:003;
46430:003;
46431:003;
46432:003;
46433:003;
46434:003;
46435:003;
46436:003;
46437:003;
46438:003;
46439:003;
46440:003;
46441:003;
46442:003;
46443:003;
46444:003;
46445:003;
46446:003;
46447:003;
46448:003;
46449:003;
46450:003;
46451:003;
46452:003;
46453:003;
46454:003;
46455:003;
46456:003;
46457:003;
46458:003;
46459:003;
46460:003;
46461:003;
46462:003;
46463:001;
46464:004;
46465:003;
46466:003;
46467:003;
46468:004;
46469:003;
46470:003;
46471:003;
46472:004;
46473:003;
46474:003;
46475:003;
46476:004;
46477:003;
46478:003;
46479:003;
46480:004;
46481:003;
46482:003;
46483:003;
46484:004;
46485:003;
46486:003;
46487:003;
46488:004;
46489:003;
46490:003;
46491:003;
46492:004;
46493:003;
46494:003;
46495:003;
46496:004;
46497:003;
46498:003;
46499:003;
46500:004;
46501:003;
46502:003;
46503:003;
46504:004;
46505:003;
46506:003;
46507:003;
46508:004;
46509:003;
46510:003;
46511:003;
46512:004;
46513:003;
46514:003;
46515:003;
46516:004;
46517:003;
46518:003;
46519:003;
46520:004;
46521:003;
46522:003;
46523:003;
46524:004;
46525:003;
46526:003;
46527:003;
46528:004;
46529:003;
46530:003;
46531:003;
46532:004;
46533:003;
46534:003;
46535:003;
46536:004;
46537:003;
46538:003;
46539:003;
46540:004;
46541:003;
46542:003;
46543:003;
46544:004;
46545:003;
46546:003;
46547:003;
46548:004;
46549:003;
46550:003;
46551:003;
46552:004;
46553:003;
46554:003;
46555:003;
46556:004;
46557:003;
46558:003;
46559:003;
46560:004;
46561:003;
46562:003;
46563:003;
46564:004;
46565:003;
46566:003;
46567:003;
46568:004;
46569:003;
46570:003;
46571:003;
46572:004;
46573:003;
46574:003;
46575:003;
46576:004;
46577:003;
46578:003;
46579:003;
46580:004;
46581:003;
46582:003;
46583:003;
46584:004;
46585:003;
46586:003;
46587:003;
46588:004;
46589:003;
46590:003;
46591:001;
46592:003;
46593:003;
46594:003;
46595:003;
46596:003;
46597:003;
46598:003;
46599:003;
46600:003;
46601:003;
46602:003;
46603:003;
46604:003;
46605:003;
46606:003;
46607:003;
46608:003;
46609:003;
46610:003;
46611:003;
46612:003;
46613:003;
46614:003;
46615:003;
46616:003;
46617:003;
46618:003;
46619:003;
46620:003;
46621:003;
46622:003;
46623:003;
46624:003;
46625:003;
46626:003;
46627:003;
46628:003;
46629:003;
46630:003;
46631:003;
46632:003;
46633:003;
46634:003;
46635:003;
46636:003;
46637:003;
46638:003;
46639:003;
46640:003;
46641:003;
46642:003;
46643:003;
46644:003;
46645:003;
46646:003;
46647:003;
46648:003;
46649:003;
46650:003;
46651:003;
46652:003;
46653:003;
46654:003;
46655:003;
46656:003;
46657:003;
46658:003;
46659:003;
46660:003;
46661:003;
46662:003;
46663:003;
46664:003;
46665:003;
46666:003;
46667:003;
46668:003;
46669:003;
46670:003;
46671:003;
46672:003;
46673:003;
46674:003;
46675:003;
46676:003;
46677:003;
46678:003;
46679:003;
46680:003;
46681:003;
46682:003;
46683:003;
46684:003;
46685:003;
46686:003;
46687:003;
46688:003;
46689:003;
46690:003;
46691:003;
46692:003;
46693:003;
46694:003;
46695:003;
46696:003;
46697:003;
46698:003;
46699:003;
46700:003;
46701:003;
46702:003;
46703:003;
46704:003;
46705:003;
46706:003;
46707:003;
46708:003;
46709:003;
46710:003;
46711:003;
46712:003;
46713:003;
46714:003;
46715:003;
46716:003;
46717:003;
46718:003;
46719:001;
46720:003;
46721:003;
46722:004;
46723:003;
46724:003;
46725:003;
46726:003;
46727:003;
46728:003;
46729:003;
46730:004;
46731:003;
46732:003;
46733:003;
46734:003;
46735:003;
46736:003;
46737:003;
46738:004;
46739:003;
46740:003;
46741:003;
46742:003;
46743:003;
46744:003;
46745:003;
46746:004;
46747:003;
46748:003;
46749:003;
46750:003;
46751:003;
46752:003;
46753:003;
46754:004;
46755:003;
46756:003;
46757:003;
46758:003;
46759:003;
46760:003;
46761:003;
46762:004;
46763:003;
46764:003;
46765:003;
46766:003;
46767:003;
46768:003;
46769:003;
46770:004;
46771:003;
46772:003;
46773:003;
46774:003;
46775:003;
46776:003;
46777:003;
46778:004;
46779:003;
46780:003;
46781:003;
46782:003;
46783:003;
46784:003;
46785:003;
46786:004;
46787:003;
46788:003;
46789:003;
46790:003;
46791:003;
46792:003;
46793:003;
46794:004;
46795:003;
46796:003;
46797:003;
46798:003;
46799:003;
46800:003;
46801:003;
46802:004;
46803:003;
46804:003;
46805:003;
46806:003;
46807:003;
46808:003;
46809:003;
46810:004;
46811:003;
46812:003;
46813:003;
46814:003;
46815:003;
46816:003;
46817:003;
46818:004;
46819:003;
46820:003;
46821:003;
46822:003;
46823:003;
46824:003;
46825:003;
46826:004;
46827:003;
46828:003;
46829:003;
46830:003;
46831:003;
46832:003;
46833:003;
46834:004;
46835:003;
46836:003;
46837:003;
46838:003;
46839:003;
46840:003;
46841:003;
46842:004;
46843:003;
46844:003;
46845:003;
46846:003;
46847:001;
46848:003;
46849:003;
46850:003;
46851:003;
46852:003;
46853:003;
46854:003;
46855:003;
46856:003;
46857:003;
46858:003;
46859:003;
46860:003;
46861:003;
46862:003;
46863:003;
46864:003;
46865:003;
46866:003;
46867:003;
46868:003;
46869:003;
46870:003;
46871:003;
46872:003;
46873:003;
46874:003;
46875:003;
46876:003;
46877:003;
46878:003;
46879:003;
46880:003;
46881:003;
46882:003;
46883:003;
46884:003;
46885:003;
46886:003;
46887:003;
46888:003;
46889:003;
46890:003;
46891:003;
46892:003;
46893:003;
46894:003;
46895:003;
46896:003;
46897:003;
46898:003;
46899:003;
46900:003;
46901:003;
46902:003;
46903:003;
46904:003;
46905:003;
46906:003;
46907:003;
46908:003;
46909:003;
46910:003;
46911:003;
46912:003;
46913:003;
46914:003;
46915:003;
46916:003;
46917:003;
46918:003;
46919:003;
46920:003;
46921:003;
46922:003;
46923:003;
46924:003;
46925:003;
46926:003;
46927:003;
46928:003;
46929:003;
46930:003;
46931:003;
46932:003;
46933:003;
46934:003;
46935:003;
46936:003;
46937:003;
46938:003;
46939:003;
46940:003;
46941:003;
46942:003;
46943:003;
46944:003;
46945:003;
46946:003;
46947:003;
46948:003;
46949:003;
46950:003;
46951:003;
46952:003;
46953:003;
46954:003;
46955:003;
46956:003;
46957:003;
46958:003;
46959:003;
46960:003;
46961:003;
46962:003;
46963:003;
46964:003;
46965:003;
46966:003;
46967:003;
46968:003;
46969:003;
46970:003;
46971:003;
46972:003;
46973:003;
46974:003;
46975:001;
46976:004;
46977:003;
46978:003;
46979:003;
46980:004;
46981:003;
46982:003;
46983:003;
46984:004;
46985:003;
46986:003;
46987:003;
46988:004;
46989:003;
46990:003;
46991:003;
46992:004;
46993:003;
46994:003;
46995:003;
46996:004;
46997:003;
46998:003;
46999:003;
47000:004;
47001:003;
47002:003;
47003:003;
47004:004;
47005:003;
47006:003;
47007:003;
47008:004;
47009:003;
47010:003;
47011:003;
47012:004;
47013:003;
47014:003;
47015:003;
47016:004;
47017:003;
47018:003;
47019:003;
47020:004;
47021:003;
47022:003;
47023:003;
47024:004;
47025:003;
47026:003;
47027:003;
47028:004;
47029:003;
47030:003;
47031:003;
47032:004;
47033:003;
47034:003;
47035:003;
47036:004;
47037:003;
47038:003;
47039:003;
47040:004;
47041:003;
47042:003;
47043:003;
47044:004;
47045:003;
47046:003;
47047:003;
47048:004;
47049:003;
47050:003;
47051:003;
47052:004;
47053:003;
47054:003;
47055:003;
47056:004;
47057:003;
47058:003;
47059:003;
47060:004;
47061:003;
47062:003;
47063:003;
47064:004;
47065:003;
47066:003;
47067:003;
47068:004;
47069:003;
47070:003;
47071:003;
47072:004;
47073:003;
47074:003;
47075:003;
47076:004;
47077:003;
47078:003;
47079:003;
47080:004;
47081:003;
47082:003;
47083:003;
47084:004;
47085:003;
47086:003;
47087:003;
47088:004;
47089:003;
47090:003;
47091:003;
47092:004;
47093:003;
47094:003;
47095:003;
47096:004;
47097:003;
47098:003;
47099:003;
47100:004;
47101:003;
47102:003;
47103:001;
47104:003;
47105:003;
47106:003;
47107:003;
47108:003;
47109:003;
47110:003;
47111:003;
47112:003;
47113:003;
47114:003;
47115:003;
47116:003;
47117:003;
47118:003;
47119:003;
47120:003;
47121:003;
47122:003;
47123:003;
47124:003;
47125:003;
47126:003;
47127:003;
47128:003;
47129:003;
47130:003;
47131:003;
47132:003;
47133:003;
47134:003;
47135:003;
47136:003;
47137:003;
47138:003;
47139:003;
47140:003;
47141:003;
47142:003;
47143:003;
47144:003;
47145:003;
47146:003;
47147:003;
47148:003;
47149:003;
47150:003;
47151:003;
47152:003;
47153:003;
47154:003;
47155:003;
47156:003;
47157:003;
47158:003;
47159:003;
47160:003;
47161:003;
47162:003;
47163:003;
47164:003;
47165:003;
47166:003;
47167:003;
47168:003;
47169:003;
47170:003;
47171:003;
47172:003;
47173:003;
47174:003;
47175:003;
47176:003;
47177:003;
47178:003;
47179:003;
47180:003;
47181:003;
47182:003;
47183:003;
47184:003;
47185:003;
47186:003;
47187:003;
47188:003;
47189:003;
47190:003;
47191:003;
47192:003;
47193:003;
47194:003;
47195:003;
47196:003;
47197:003;
47198:003;
47199:003;
47200:003;
47201:003;
47202:003;
47203:003;
47204:003;
47205:003;
47206:003;
47207:003;
47208:003;
47209:003;
47210:003;
47211:003;
47212:003;
47213:003;
47214:003;
47215:003;
47216:003;
47217:003;
47218:003;
47219:003;
47220:003;
47221:003;
47222:003;
47223:003;
47224:003;
47225:003;
47226:003;
47227:003;
47228:003;
47229:003;
47230:003;
47231:001;
47232:003;
47233:003;
47234:003;
47235:003;
47236:003;
47237:003;
47238:003;
47239:003;
47240:003;
47241:003;
47242:003;
47243:003;
47244:003;
47245:003;
47246:003;
47247:003;
47248:003;
47249:003;
47250:003;
47251:003;
47252:003;
47253:003;
47254:003;
47255:003;
47256:003;
47257:003;
47258:003;
47259:003;
47260:003;
47261:003;
47262:003;
47263:003;
47264:003;
47265:003;
47266:003;
47267:003;
47268:003;
47269:003;
47270:003;
47271:003;
47272:003;
47273:003;
47274:003;
47275:003;
47276:003;
47277:003;
47278:003;
47279:003;
47280:003;
47281:003;
47282:003;
47283:003;
47284:003;
47285:003;
47286:003;
47287:003;
47288:003;
47289:003;
47290:003;
47291:003;
47292:003;
47293:003;
47294:003;
47295:003;
47296:003;
47297:003;
47298:003;
47299:003;
47300:003;
47301:003;
47302:003;
47303:003;
47304:003;
47305:003;
47306:003;
47307:003;
47308:003;
47309:003;
47310:003;
47311:003;
47312:003;
47313:003;
47314:003;
47315:003;
47316:003;
47317:003;
47318:003;
47319:003;
47320:003;
47321:003;
47322:003;
47323:003;
47324:003;
47325:003;
47326:003;
47327:003;
47328:003;
47329:003;
47330:003;
47331:003;
47332:003;
47333:003;
47334:003;
47335:003;
47336:003;
47337:003;
47338:003;
47339:003;
47340:003;
47341:003;
47342:003;
47343:003;
47344:003;
47345:003;
47346:003;
47347:003;
47348:003;
47349:003;
47350:003;
47351:003;
47352:003;
47353:003;
47354:003;
47355:003;
47356:003;
47357:003;
47358:003;
47359:001;
47360:003;
47361:003;
47362:003;
47363:003;
47364:003;
47365:003;
47366:003;
47367:003;
47368:003;
47369:003;
47370:003;
47371:003;
47372:003;
47373:003;
47374:003;
47375:003;
47376:003;
47377:003;
47378:003;
47379:003;
47380:003;
47381:003;
47382:003;
47383:003;
47384:003;
47385:003;
47386:003;
47387:003;
47388:003;
47389:003;
47390:003;
47391:003;
47392:003;
47393:003;
47394:003;
47395:003;
47396:003;
47397:003;
47398:003;
47399:003;
47400:003;
47401:003;
47402:003;
47403:003;
47404:003;
47405:003;
47406:003;
47407:003;
47408:003;
47409:003;
47410:003;
47411:003;
47412:003;
47413:003;
47414:003;
47415:003;
47416:003;
47417:003;
47418:003;
47419:003;
47420:003;
47421:003;
47422:003;
47423:003;
47424:003;
47425:003;
47426:003;
47427:003;
47428:003;
47429:003;
47430:003;
47431:003;
47432:003;
47433:003;
47434:003;
47435:003;
47436:003;
47437:003;
47438:003;
47439:003;
47440:003;
47441:003;
47442:003;
47443:003;
47444:003;
47445:003;
47446:003;
47447:003;
47448:003;
47449:003;
47450:003;
47451:003;
47452:003;
47453:003;
47454:003;
47455:003;
47456:003;
47457:003;
47458:003;
47459:003;
47460:003;
47461:003;
47462:003;
47463:003;
47464:003;
47465:003;
47466:003;
47467:003;
47468:003;
47469:003;
47470:003;
47471:003;
47472:003;
47473:003;
47474:003;
47475:003;
47476:003;
47477:003;
47478:003;
47479:003;
47480:003;
47481:003;
47482:003;
47483:003;
47484:003;
47485:003;
47486:003;
47487:001;
47488:004;
47489:003;
47490:003;
47491:003;
47492:004;
47493:003;
47494:003;
47495:003;
47496:004;
47497:003;
47498:003;
47499:003;
47500:004;
47501:003;
47502:003;
47503:003;
47504:004;
47505:003;
47506:003;
47507:003;
47508:004;
47509:003;
47510:003;
47511:003;
47512:004;
47513:003;
47514:003;
47515:003;
47516:004;
47517:003;
47518:003;
47519:003;
47520:004;
47521:003;
47522:003;
47523:003;
47524:004;
47525:003;
47526:003;
47527:003;
47528:004;
47529:003;
47530:003;
47531:003;
47532:004;
47533:003;
47534:003;
47535:003;
47536:004;
47537:003;
47538:003;
47539:003;
47540:004;
47541:003;
47542:003;
47543:003;
47544:004;
47545:003;
47546:003;
47547:003;
47548:004;
47549:003;
47550:003;
47551:003;
47552:004;
47553:003;
47554:003;
47555:003;
47556:004;
47557:003;
47558:003;
47559:003;
47560:004;
47561:003;
47562:003;
47563:003;
47564:004;
47565:003;
47566:003;
47567:003;
47568:004;
47569:003;
47570:003;
47571:003;
47572:004;
47573:003;
47574:003;
47575:003;
47576:004;
47577:003;
47578:003;
47579:003;
47580:004;
47581:003;
47582:003;
47583:003;
47584:004;
47585:003;
47586:003;
47587:003;
47588:004;
47589:003;
47590:003;
47591:003;
47592:004;
47593:003;
47594:003;
47595:003;
47596:004;
47597:003;
47598:003;
47599:003;
47600:004;
47601:003;
47602:003;
47603:003;
47604:004;
47605:003;
47606:003;
47607:003;
47608:004;
47609:003;
47610:003;
47611:003;
47612:004;
47613:003;
47614:003;
47615:001;
47616:003;
47617:003;
47618:003;
47619:003;
47620:003;
47621:003;
47622:003;
47623:003;
47624:003;
47625:003;
47626:003;
47627:003;
47628:003;
47629:003;
47630:003;
47631:003;
47632:003;
47633:003;
47634:003;
47635:003;
47636:003;
47637:003;
47638:003;
47639:003;
47640:003;
47641:003;
47642:003;
47643:003;
47644:003;
47645:003;
47646:003;
47647:003;
47648:003;
47649:003;
47650:003;
47651:003;
47652:003;
47653:003;
47654:003;
47655:003;
47656:003;
47657:003;
47658:003;
47659:003;
47660:003;
47661:003;
47662:003;
47663:003;
47664:003;
47665:003;
47666:003;
47667:003;
47668:003;
47669:003;
47670:003;
47671:003;
47672:003;
47673:003;
47674:003;
47675:003;
47676:003;
47677:003;
47678:003;
47679:003;
47680:003;
47681:003;
47682:003;
47683:003;
47684:003;
47685:003;
47686:003;
47687:003;
47688:003;
47689:003;
47690:003;
47691:003;
47692:003;
47693:003;
47694:003;
47695:003;
47696:003;
47697:003;
47698:003;
47699:003;
47700:003;
47701:003;
47702:003;
47703:003;
47704:003;
47705:003;
47706:003;
47707:003;
47708:003;
47709:003;
47710:003;
47711:003;
47712:003;
47713:003;
47714:003;
47715:003;
47716:003;
47717:003;
47718:003;
47719:003;
47720:003;
47721:003;
47722:003;
47723:003;
47724:003;
47725:003;
47726:003;
47727:003;
47728:003;
47729:003;
47730:003;
47731:003;
47732:003;
47733:003;
47734:003;
47735:003;
47736:003;
47737:003;
47738:003;
47739:003;
47740:003;
47741:003;
47742:003;
47743:001;
47744:003;
47745:003;
47746:003;
47747:003;
47748:003;
47749:003;
47750:003;
47751:003;
47752:003;
47753:003;
47754:003;
47755:003;
47756:003;
47757:003;
47758:003;
47759:003;
47760:003;
47761:003;
47762:003;
47763:003;
47764:003;
47765:003;
47766:003;
47767:003;
47768:003;
47769:003;
47770:003;
47771:003;
47772:003;
47773:003;
47774:003;
47775:003;
47776:003;
47777:003;
47778:003;
47779:003;
47780:003;
47781:003;
47782:003;
47783:003;
47784:003;
47785:003;
47786:003;
47787:003;
47788:003;
47789:003;
47790:003;
47791:003;
47792:003;
47793:003;
47794:003;
47795:003;
47796:003;
47797:003;
47798:003;
47799:003;
47800:003;
47801:003;
47802:003;
47803:003;
47804:003;
47805:003;
47806:003;
47807:003;
47808:003;
47809:003;
47810:003;
47811:003;
47812:003;
47813:003;
47814:003;
47815:003;
47816:003;
47817:003;
47818:003;
47819:003;
47820:003;
47821:003;
47822:003;
47823:003;
47824:003;
47825:003;
47826:003;
47827:003;
47828:003;
47829:003;
47830:003;
47831:003;
47832:003;
47833:003;
47834:003;
47835:003;
47836:003;
47837:003;
47838:003;
47839:003;
47840:003;
47841:003;
47842:003;
47843:003;
47844:003;
47845:003;
47846:003;
47847:003;
47848:003;
47849:003;
47850:003;
47851:003;
47852:003;
47853:003;
47854:003;
47855:003;
47856:003;
47857:003;
47858:003;
47859:003;
47860:003;
47861:003;
47862:003;
47863:003;
47864:003;
47865:003;
47866:003;
47867:003;
47868:003;
47869:003;
47870:003;
47871:001;
47872:003;
47873:003;
47874:003;
47875:003;
47876:003;
47877:003;
47878:003;
47879:003;
47880:003;
47881:003;
47882:003;
47883:003;
47884:003;
47885:003;
47886:003;
47887:003;
47888:003;
47889:003;
47890:003;
47891:003;
47892:003;
47893:003;
47894:003;
47895:003;
47896:003;
47897:003;
47898:003;
47899:003;
47900:003;
47901:003;
47902:003;
47903:003;
47904:003;
47905:003;
47906:003;
47907:003;
47908:003;
47909:003;
47910:003;
47911:003;
47912:003;
47913:003;
47914:003;
47915:003;
47916:003;
47917:003;
47918:003;
47919:003;
47920:003;
47921:003;
47922:003;
47923:003;
47924:003;
47925:003;
47926:003;
47927:003;
47928:003;
47929:003;
47930:003;
47931:003;
47932:003;
47933:003;
47934:003;
47935:003;
47936:003;
47937:003;
47938:003;
47939:003;
47940:003;
47941:003;
47942:003;
47943:003;
47944:003;
47945:003;
47946:003;
47947:003;
47948:003;
47949:003;
47950:003;
47951:003;
47952:003;
47953:003;
47954:003;
47955:003;
47956:003;
47957:003;
47958:003;
47959:003;
47960:003;
47961:003;
47962:003;
47963:003;
47964:003;
47965:003;
47966:003;
47967:003;
47968:003;
47969:003;
47970:003;
47971:003;
47972:003;
47973:003;
47974:003;
47975:003;
47976:003;
47977:003;
47978:003;
47979:003;
47980:003;
47981:003;
47982:003;
47983:003;
47984:003;
47985:003;
47986:003;
47987:003;
47988:003;
47989:003;
47990:003;
47991:003;
47992:003;
47993:003;
47994:003;
47995:003;
47996:003;
47997:003;
47998:003;
47999:001;
48000:004;
48001:003;
48002:003;
48003:003;
48004:004;
48005:003;
48006:003;
48007:003;
48008:004;
48009:003;
48010:003;
48011:003;
48012:004;
48013:003;
48014:003;
48015:003;
48016:004;
48017:003;
48018:003;
48019:003;
48020:004;
48021:003;
48022:003;
48023:003;
48024:004;
48025:003;
48026:003;
48027:003;
48028:004;
48029:003;
48030:003;
48031:003;
48032:004;
48033:003;
48034:003;
48035:003;
48036:004;
48037:003;
48038:003;
48039:003;
48040:004;
48041:003;
48042:003;
48043:003;
48044:004;
48045:003;
48046:003;
48047:003;
48048:004;
48049:003;
48050:003;
48051:003;
48052:004;
48053:003;
48054:003;
48055:003;
48056:004;
48057:003;
48058:003;
48059:003;
48060:004;
48061:003;
48062:003;
48063:003;
48064:004;
48065:003;
48066:003;
48067:003;
48068:004;
48069:003;
48070:003;
48071:003;
48072:004;
48073:003;
48074:003;
48075:003;
48076:004;
48077:003;
48078:003;
48079:003;
48080:004;
48081:003;
48082:003;
48083:003;
48084:004;
48085:003;
48086:003;
48087:003;
48088:004;
48089:003;
48090:003;
48091:003;
48092:004;
48093:003;
48094:003;
48095:003;
48096:004;
48097:003;
48098:003;
48099:003;
48100:004;
48101:003;
48102:003;
48103:003;
48104:004;
48105:003;
48106:003;
48107:003;
48108:004;
48109:003;
48110:003;
48111:003;
48112:004;
48113:003;
48114:003;
48115:003;
48116:004;
48117:003;
48118:003;
48119:003;
48120:004;
48121:003;
48122:003;
48123:003;
48124:004;
48125:003;
48126:003;
48127:001;
48128:003;
48129:003;
48130:003;
48131:003;
48132:003;
48133:003;
48134:003;
48135:003;
48136:003;
48137:003;
48138:003;
48139:003;
48140:003;
48141:003;
48142:003;
48143:003;
48144:003;
48145:003;
48146:003;
48147:003;
48148:003;
48149:003;
48150:003;
48151:003;
48152:003;
48153:003;
48154:003;
48155:003;
48156:003;
48157:003;
48158:003;
48159:003;
48160:003;
48161:003;
48162:003;
48163:003;
48164:003;
48165:003;
48166:003;
48167:003;
48168:003;
48169:003;
48170:003;
48171:003;
48172:003;
48173:003;
48174:003;
48175:003;
48176:003;
48177:003;
48178:003;
48179:003;
48180:003;
48181:003;
48182:003;
48183:003;
48184:003;
48185:003;
48186:003;
48187:003;
48188:003;
48189:003;
48190:003;
48191:003;
48192:003;
48193:003;
48194:003;
48195:003;
48196:003;
48197:003;
48198:003;
48199:003;
48200:003;
48201:003;
48202:003;
48203:003;
48204:003;
48205:003;
48206:003;
48207:003;
48208:003;
48209:003;
48210:003;
48211:003;
48212:003;
48213:003;
48214:003;
48215:003;
48216:003;
48217:003;
48218:003;
48219:003;
48220:003;
48221:003;
48222:003;
48223:003;
48224:003;
48225:003;
48226:003;
48227:003;
48228:003;
48229:003;
48230:003;
48231:003;
48232:003;
48233:003;
48234:003;
48235:003;
48236:003;
48237:003;
48238:003;
48239:003;
48240:003;
48241:003;
48242:003;
48243:003;
48244:003;
48245:003;
48246:003;
48247:003;
48248:003;
48249:003;
48250:003;
48251:003;
48252:003;
48253:003;
48254:003;
48255:001;
48256:003;
48257:003;
48258:003;
48259:003;
48260:003;
48261:003;
48262:003;
48263:003;
48264:003;
48265:003;
48266:003;
48267:003;
48268:003;
48269:003;
48270:003;
48271:003;
48272:003;
48273:003;
48274:003;
48275:003;
48276:003;
48277:003;
48278:003;
48279:003;
48280:003;
48281:003;
48282:003;
48283:003;
48284:003;
48285:003;
48286:003;
48287:003;
48288:003;
48289:003;
48290:003;
48291:003;
48292:003;
48293:003;
48294:003;
48295:003;
48296:003;
48297:003;
48298:003;
48299:003;
48300:003;
48301:003;
48302:003;
48303:003;
48304:003;
48305:003;
48306:003;
48307:003;
48308:003;
48309:003;
48310:003;
48311:003;
48312:003;
48313:003;
48314:003;
48315:003;
48316:003;
48317:003;
48318:003;
48319:003;
48320:003;
48321:003;
48322:003;
48323:003;
48324:003;
48325:003;
48326:003;
48327:003;
48328:003;
48329:003;
48330:003;
48331:003;
48332:003;
48333:003;
48334:003;
48335:003;
48336:003;
48337:003;
48338:003;
48339:003;
48340:003;
48341:003;
48342:003;
48343:003;
48344:003;
48345:003;
48346:003;
48347:003;
48348:003;
48349:003;
48350:003;
48351:003;
48352:003;
48353:003;
48354:003;
48355:003;
48356:003;
48357:003;
48358:003;
48359:003;
48360:003;
48361:003;
48362:003;
48363:003;
48364:003;
48365:003;
48366:003;
48367:003;
48368:003;
48369:003;
48370:003;
48371:003;
48372:003;
48373:003;
48374:003;
48375:003;
48376:003;
48377:003;
48378:003;
48379:003;
48380:003;
48381:003;
48382:003;
48383:001;
48384:003;
48385:003;
48386:003;
48387:003;
48388:003;
48389:003;
48390:003;
48391:003;
48392:003;
48393:003;
48394:003;
48395:003;
48396:003;
48397:003;
48398:003;
48399:003;
48400:003;
48401:003;
48402:003;
48403:003;
48404:003;
48405:003;
48406:003;
48407:003;
48408:003;
48409:003;
48410:003;
48411:003;
48412:003;
48413:003;
48414:003;
48415:003;
48416:003;
48417:003;
48418:003;
48419:003;
48420:003;
48421:003;
48422:003;
48423:003;
48424:003;
48425:003;
48426:003;
48427:003;
48428:003;
48429:003;
48430:003;
48431:003;
48432:003;
48433:003;
48434:003;
48435:003;
48436:003;
48437:003;
48438:003;
48439:003;
48440:003;
48441:003;
48442:003;
48443:003;
48444:003;
48445:003;
48446:003;
48447:003;
48448:003;
48449:003;
48450:003;
48451:003;
48452:003;
48453:003;
48454:003;
48455:003;
48456:003;
48457:003;
48458:003;
48459:003;
48460:003;
48461:003;
48462:003;
48463:003;
48464:003;
48465:003;
48466:003;
48467:003;
48468:003;
48469:003;
48470:003;
48471:003;
48472:003;
48473:003;
48474:003;
48475:003;
48476:003;
48477:003;
48478:003;
48479:003;
48480:003;
48481:003;
48482:003;
48483:003;
48484:003;
48485:003;
48486:003;
48487:003;
48488:003;
48489:003;
48490:003;
48491:003;
48492:003;
48493:003;
48494:003;
48495:003;
48496:003;
48497:003;
48498:003;
48499:003;
48500:003;
48501:003;
48502:003;
48503:003;
48504:003;
48505:003;
48506:003;
48507:003;
48508:003;
48509:003;
48510:003;
48511:001;
48512:003;
48513:003;
48514:003;
48515:003;
48516:004;
48517:003;
48518:003;
48519:003;
48520:003;
48521:003;
48522:003;
48523:003;
48524:004;
48525:003;
48526:003;
48527:003;
48528:003;
48529:003;
48530:003;
48531:003;
48532:004;
48533:003;
48534:003;
48535:003;
48536:003;
48537:003;
48538:003;
48539:003;
48540:004;
48541:003;
48542:003;
48543:003;
48544:003;
48545:003;
48546:003;
48547:003;
48548:004;
48549:003;
48550:003;
48551:003;
48552:003;
48553:003;
48554:003;
48555:003;
48556:004;
48557:003;
48558:003;
48559:003;
48560:003;
48561:003;
48562:003;
48563:003;
48564:004;
48565:003;
48566:003;
48567:003;
48568:003;
48569:003;
48570:003;
48571:003;
48572:004;
48573:003;
48574:003;
48575:003;
48576:003;
48577:003;
48578:003;
48579:003;
48580:004;
48581:003;
48582:003;
48583:003;
48584:003;
48585:003;
48586:003;
48587:003;
48588:004;
48589:003;
48590:003;
48591:003;
48592:003;
48593:003;
48594:003;
48595:003;
48596:004;
48597:003;
48598:003;
48599:003;
48600:003;
48601:003;
48602:003;
48603:003;
48604:004;
48605:003;
48606:003;
48607:003;
48608:003;
48609:003;
48610:003;
48611:003;
48612:004;
48613:003;
48614:003;
48615:003;
48616:003;
48617:003;
48618:003;
48619:003;
48620:004;
48621:003;
48622:003;
48623:003;
48624:003;
48625:003;
48626:003;
48627:003;
48628:004;
48629:003;
48630:003;
48631:003;
48632:003;
48633:003;
48634:003;
48635:003;
48636:004;
48637:003;
48638:003;
48639:001;
48640:003;
48641:003;
48642:003;
48643:003;
48644:003;
48645:003;
48646:003;
48647:003;
48648:003;
48649:003;
48650:003;
48651:003;
48652:003;
48653:003;
48654:003;
48655:003;
48656:003;
48657:003;
48658:003;
48659:003;
48660:003;
48661:003;
48662:003;
48663:003;
48664:003;
48665:003;
48666:003;
48667:003;
48668:003;
48669:003;
48670:003;
48671:003;
48672:003;
48673:003;
48674:003;
48675:003;
48676:003;
48677:003;
48678:003;
48679:003;
48680:003;
48681:003;
48682:003;
48683:003;
48684:003;
48685:003;
48686:003;
48687:003;
48688:003;
48689:003;
48690:003;
48691:003;
48692:003;
48693:003;
48694:003;
48695:003;
48696:003;
48697:003;
48698:003;
48699:003;
48700:003;
48701:003;
48702:003;
48703:003;
48704:003;
48705:003;
48706:003;
48707:003;
48708:003;
48709:003;
48710:003;
48711:003;
48712:003;
48713:003;
48714:003;
48715:003;
48716:003;
48717:003;
48718:003;
48719:003;
48720:003;
48721:003;
48722:003;
48723:003;
48724:003;
48725:003;
48726:003;
48727:003;
48728:003;
48729:003;
48730:003;
48731:003;
48732:003;
48733:003;
48734:003;
48735:003;
48736:003;
48737:003;
48738:003;
48739:003;
48740:003;
48741:003;
48742:003;
48743:003;
48744:003;
48745:003;
48746:003;
48747:003;
48748:003;
48749:003;
48750:003;
48751:003;
48752:003;
48753:003;
48754:003;
48755:003;
48756:003;
48757:003;
48758:003;
48759:003;
48760:003;
48761:003;
48762:003;
48763:003;
48764:003;
48765:003;
48766:003;
48767:001;
48768:003;
48769:003;
48770:003;
48771:003;
48772:003;
48773:003;
48774:003;
48775:003;
48776:003;
48777:003;
48778:003;
48779:003;
48780:003;
48781:003;
48782:003;
48783:003;
48784:003;
48785:003;
48786:003;
48787:003;
48788:003;
48789:003;
48790:003;
48791:003;
48792:003;
48793:003;
48794:003;
48795:003;
48796:003;
48797:003;
48798:003;
48799:003;
48800:003;
48801:003;
48802:003;
48803:003;
48804:003;
48805:003;
48806:003;
48807:003;
48808:003;
48809:003;
48810:003;
48811:003;
48812:003;
48813:003;
48814:003;
48815:003;
48816:003;
48817:003;
48818:003;
48819:003;
48820:003;
48821:003;
48822:003;
48823:003;
48824:003;
48825:003;
48826:003;
48827:003;
48828:003;
48829:003;
48830:003;
48831:003;
48832:003;
48833:003;
48834:003;
48835:003;
48836:003;
48837:003;
48838:003;
48839:003;
48840:003;
48841:003;
48842:003;
48843:003;
48844:003;
48845:003;
48846:003;
48847:003;
48848:003;
48849:003;
48850:003;
48851:003;
48852:003;
48853:003;
48854:003;
48855:003;
48856:003;
48857:003;
48858:003;
48859:003;
48860:003;
48861:003;
48862:003;
48863:003;
48864:003;
48865:003;
48866:003;
48867:003;
48868:003;
48869:003;
48870:003;
48871:003;
48872:003;
48873:003;
48874:003;
48875:003;
48876:003;
48877:003;
48878:003;
48879:003;
48880:003;
48881:003;
48882:003;
48883:003;
48884:003;
48885:003;
48886:003;
48887:003;
48888:003;
48889:003;
48890:003;
48891:003;
48892:003;
48893:003;
48894:003;
48895:001;
48896:003;
48897:003;
48898:003;
48899:003;
48900:003;
48901:003;
48902:003;
48903:003;
48904:003;
48905:003;
48906:003;
48907:003;
48908:003;
48909:003;
48910:003;
48911:003;
48912:003;
48913:003;
48914:003;
48915:003;
48916:003;
48917:003;
48918:003;
48919:003;
48920:003;
48921:003;
48922:003;
48923:003;
48924:003;
48925:003;
48926:003;
48927:003;
48928:003;
48929:003;
48930:003;
48931:003;
48932:003;
48933:003;
48934:003;
48935:003;
48936:003;
48937:003;
48938:003;
48939:003;
48940:003;
48941:003;
48942:003;
48943:003;
48944:003;
48945:003;
48946:003;
48947:003;
48948:003;
48949:003;
48950:003;
48951:003;
48952:003;
48953:003;
48954:003;
48955:003;
48956:003;
48957:003;
48958:003;
48959:003;
48960:003;
48961:003;
48962:003;
48963:003;
48964:003;
48965:003;
48966:003;
48967:003;
48968:003;
48969:003;
48970:003;
48971:003;
48972:003;
48973:003;
48974:003;
48975:003;
48976:003;
48977:003;
48978:003;
48979:003;
48980:003;
48981:003;
48982:003;
48983:003;
48984:003;
48985:003;
48986:003;
48987:003;
48988:003;
48989:003;
48990:003;
48991:003;
48992:003;
48993:003;
48994:003;
48995:003;
48996:003;
48997:003;
48998:003;
48999:003;
49000:003;
49001:003;
49002:003;
49003:003;
49004:003;
49005:003;
49006:003;
49007:003;
49008:003;
49009:003;
49010:003;
49011:003;
49012:003;
49013:003;
49014:003;
49015:003;
49016:003;
49017:003;
49018:003;
49019:003;
49020:003;
49021:003;
49022:003;
49023:001;
49024:004;
49025:003;
49026:003;
49027:003;
49028:003;
49029:003;
49030:003;
49031:003;
49032:004;
49033:003;
49034:003;
49035:003;
49036:003;
49037:003;
49038:003;
49039:003;
49040:004;
49041:003;
49042:003;
49043:003;
49044:003;
49045:003;
49046:003;
49047:003;
49048:004;
49049:003;
49050:003;
49051:003;
49052:003;
49053:003;
49054:003;
49055:003;
49056:004;
49057:003;
49058:003;
49059:003;
49060:003;
49061:003;
49062:003;
49063:003;
49064:004;
49065:003;
49066:003;
49067:003;
49068:003;
49069:003;
49070:003;
49071:003;
49072:004;
49073:003;
49074:003;
49075:003;
49076:003;
49077:003;
49078:003;
49079:003;
49080:004;
49081:003;
49082:003;
49083:003;
49084:003;
49085:003;
49086:003;
49087:003;
49088:004;
49089:003;
49090:003;
49091:003;
49092:003;
49093:003;
49094:003;
49095:003;
49096:004;
49097:003;
49098:003;
49099:003;
49100:003;
49101:003;
49102:003;
49103:003;
49104:004;
49105:003;
49106:003;
49107:003;
49108:003;
49109:003;
49110:003;
49111:003;
49112:004;
49113:003;
49114:003;
49115:003;
49116:003;
49117:003;
49118:003;
49119:003;
49120:004;
49121:003;
49122:003;
49123:003;
49124:003;
49125:003;
49126:003;
49127:003;
49128:004;
49129:003;
49130:003;
49131:003;
49132:003;
49133:003;
49134:003;
49135:003;
49136:004;
49137:003;
49138:003;
49139:003;
49140:003;
49141:003;
49142:003;
49143:003;
49144:004;
49145:003;
49146:003;
49147:003;
49148:003;
49149:003;
49150:003;
49151:001;
49152:003;
49153:003;
49154:003;
49155:003;
49156:003;
49157:003;
49158:003;
49159:003;
49160:003;
49161:003;
49162:003;
49163:003;
49164:003;
49165:003;
49166:003;
49167:003;
49168:003;
49169:003;
49170:003;
49171:003;
49172:003;
49173:003;
49174:003;
49175:003;
49176:003;
49177:003;
49178:003;
49179:003;
49180:003;
49181:003;
49182:003;
49183:003;
49184:003;
49185:003;
49186:003;
49187:003;
49188:003;
49189:003;
49190:003;
49191:003;
49192:003;
49193:003;
49194:003;
49195:003;
49196:003;
49197:003;
49198:003;
49199:003;
49200:003;
49201:003;
49202:003;
49203:003;
49204:003;
49205:003;
49206:003;
49207:003;
49208:003;
49209:003;
49210:003;
49211:003;
49212:003;
49213:003;
49214:003;
49215:003;
49216:003;
49217:003;
49218:003;
49219:003;
49220:003;
49221:003;
49222:003;
49223:003;
49224:003;
49225:003;
49226:003;
49227:003;
49228:003;
49229:003;
49230:003;
49231:003;
49232:003;
49233:003;
49234:003;
49235:003;
49236:003;
49237:003;
49238:003;
49239:003;
49240:003;
49241:003;
49242:003;
49243:003;
49244:003;
49245:003;
49246:003;
49247:003;
49248:003;
49249:003;
49250:003;
49251:003;
49252:003;
49253:003;
49254:003;
49255:003;
49256:003;
49257:003;
49258:003;
49259:003;
49260:003;
49261:003;
49262:003;
49263:003;
49264:003;
49265:003;
49266:003;
49267:003;
49268:003;
49269:003;
49270:003;
49271:003;
49272:003;
49273:003;
49274:003;
49275:003;
49276:003;
49277:003;
49278:003;
49279:001;
49280:003;
49281:003;
49282:003;
49283:003;
49284:003;
49285:003;
49286:003;
49287:003;
49288:003;
49289:003;
49290:003;
49291:003;
49292:003;
49293:003;
49294:003;
49295:003;
49296:003;
49297:003;
49298:003;
49299:003;
49300:003;
49301:003;
49302:003;
49303:003;
49304:003;
49305:003;
49306:003;
49307:003;
49308:003;
49309:003;
49310:003;
49311:003;
49312:003;
49313:003;
49314:003;
49315:003;
49316:003;
49317:003;
49318:003;
49319:003;
49320:003;
49321:003;
49322:003;
49323:003;
49324:003;
49325:003;
49326:003;
49327:003;
49328:003;
49329:003;
49330:003;
49331:003;
49332:003;
49333:003;
49334:003;
49335:003;
49336:003;
49337:003;
49338:003;
49339:003;
49340:003;
49341:003;
49342:003;
49343:003;
49344:003;
49345:003;
49346:003;
49347:003;
49348:003;
49349:003;
49350:003;
49351:003;
49352:003;
49353:003;
49354:003;
49355:003;
49356:003;
49357:003;
49358:003;
49359:003;
49360:003;
49361:003;
49362:003;
49363:003;
49364:003;
49365:003;
49366:003;
49367:003;
49368:003;
49369:003;
49370:003;
49371:003;
49372:003;
49373:003;
49374:003;
49375:003;
49376:003;
49377:003;
49378:003;
49379:003;
49380:003;
49381:003;
49382:003;
49383:003;
49384:003;
49385:003;
49386:003;
49387:003;
49388:003;
49389:003;
49390:003;
49391:003;
49392:003;
49393:003;
49394:003;
49395:003;
49396:003;
49397:003;
49398:003;
49399:003;
49400:003;
49401:003;
49402:003;
49403:003;
49404:003;
49405:003;
49406:003;
49407:001;
49408:003;
49409:003;
49410:003;
49411:003;
49412:003;
49413:003;
49414:003;
49415:003;
49416:003;
49417:003;
49418:003;
49419:003;
49420:003;
49421:003;
49422:003;
49423:003;
49424:003;
49425:003;
49426:003;
49427:003;
49428:003;
49429:003;
49430:003;
49431:003;
49432:003;
49433:003;
49434:003;
49435:003;
49436:003;
49437:003;
49438:003;
49439:003;
49440:003;
49441:003;
49442:003;
49443:003;
49444:003;
49445:003;
49446:003;
49447:003;
49448:003;
49449:003;
49450:003;
49451:003;
49452:003;
49453:003;
49454:003;
49455:003;
49456:003;
49457:003;
49458:003;
49459:003;
49460:003;
49461:003;
49462:003;
49463:003;
49464:003;
49465:003;
49466:003;
49467:003;
49468:003;
49469:003;
49470:003;
49471:003;
49472:003;
49473:003;
49474:003;
49475:003;
49476:003;
49477:003;
49478:003;
49479:003;
49480:003;
49481:003;
49482:003;
49483:003;
49484:003;
49485:003;
49486:003;
49487:003;
49488:003;
49489:003;
49490:003;
49491:003;
49492:003;
49493:003;
49494:003;
49495:003;
49496:003;
49497:003;
49498:003;
49499:003;
49500:003;
49501:003;
49502:003;
49503:003;
49504:003;
49505:003;
49506:003;
49507:003;
49508:003;
49509:003;
49510:003;
49511:003;
49512:003;
49513:003;
49514:003;
49515:003;
49516:003;
49517:003;
49518:003;
49519:003;
49520:003;
49521:003;
49522:003;
49523:003;
49524:003;
49525:003;
49526:003;
49527:003;
49528:003;
49529:003;
49530:003;
49531:003;
49532:003;
49533:003;
49534:003;
49535:001;
49536:003;
49537:003;
49538:003;
49539:003;
49540:003;
49541:003;
49542:003;
49543:003;
49544:003;
49545:003;
49546:003;
49547:003;
49548:003;
49549:003;
49550:003;
49551:003;
49552:003;
49553:003;
49554:003;
49555:003;
49556:003;
49557:003;
49558:003;
49559:003;
49560:003;
49561:003;
49562:003;
49563:003;
49564:003;
49565:003;
49566:003;
49567:003;
49568:003;
49569:003;
49570:003;
49571:003;
49572:003;
49573:003;
49574:003;
49575:003;
49576:003;
49577:003;
49578:003;
49579:003;
49580:003;
49581:003;
49582:003;
49583:003;
49584:003;
49585:003;
49586:003;
49587:003;
49588:003;
49589:003;
49590:003;
49591:003;
49592:003;
49593:003;
49594:003;
49595:003;
49596:003;
49597:003;
49598:003;
49599:003;
49600:003;
49601:003;
49602:003;
49603:003;
49604:003;
49605:003;
49606:003;
49607:003;
49608:003;
49609:003;
49610:003;
49611:003;
49612:003;
49613:003;
49614:003;
49615:003;
49616:003;
49617:003;
49618:003;
49619:003;
49620:003;
49621:003;
49622:003;
49623:003;
49624:003;
49625:003;
49626:003;
49627:003;
49628:003;
49629:003;
49630:003;
49631:003;
49632:003;
49633:003;
49634:003;
49635:003;
49636:003;
49637:003;
49638:003;
49639:003;
49640:003;
49641:003;
49642:003;
49643:003;
49644:003;
49645:003;
49646:003;
49647:003;
49648:003;
49649:003;
49650:003;
49651:003;
49652:003;
49653:003;
49654:003;
49655:003;
49656:003;
49657:003;
49658:003;
49659:003;
49660:003;
49661:003;
49662:003;
49663:001;
49664:003;
49665:003;
49666:003;
49667:003;
49668:003;
49669:003;
49670:003;
49671:003;
49672:003;
49673:003;
49674:003;
49675:003;
49676:003;
49677:003;
49678:003;
49679:003;
49680:003;
49681:003;
49682:003;
49683:003;
49684:003;
49685:003;
49686:003;
49687:003;
49688:003;
49689:003;
49690:003;
49691:003;
49692:003;
49693:003;
49694:003;
49695:003;
49696:003;
49697:003;
49698:003;
49699:003;
49700:003;
49701:003;
49702:003;
49703:003;
49704:003;
49705:003;
49706:003;
49707:003;
49708:003;
49709:003;
49710:003;
49711:003;
49712:003;
49713:003;
49714:003;
49715:003;
49716:003;
49717:003;
49718:003;
49719:003;
49720:003;
49721:003;
49722:003;
49723:003;
49724:003;
49725:003;
49726:003;
49727:003;
49728:003;
49729:003;
49730:003;
49731:003;
49732:003;
49733:003;
49734:003;
49735:003;
49736:003;
49737:003;
49738:003;
49739:003;
49740:003;
49741:003;
49742:003;
49743:003;
49744:003;
49745:003;
49746:003;
49747:003;
49748:003;
49749:003;
49750:003;
49751:003;
49752:003;
49753:003;
49754:003;
49755:003;
49756:003;
49757:003;
49758:003;
49759:003;
49760:003;
49761:003;
49762:003;
49763:003;
49764:003;
49765:003;
49766:003;
49767:003;
49768:003;
49769:003;
49770:003;
49771:003;
49772:003;
49773:003;
49774:003;
49775:003;
49776:003;
49777:003;
49778:003;
49779:003;
49780:003;
49781:003;
49782:003;
49783:003;
49784:003;
49785:003;
49786:003;
49787:003;
49788:003;
49789:003;
49790:003;
49791:001;
49792:003;
49793:003;
49794:003;
49795:003;
49796:003;
49797:003;
49798:003;
49799:003;
49800:003;
49801:003;
49802:003;
49803:003;
49804:003;
49805:003;
49806:003;
49807:003;
49808:003;
49809:003;
49810:003;
49811:003;
49812:003;
49813:003;
49814:003;
49815:003;
49816:003;
49817:003;
49818:003;
49819:003;
49820:003;
49821:003;
49822:003;
49823:003;
49824:003;
49825:003;
49826:003;
49827:003;
49828:003;
49829:003;
49830:003;
49831:003;
49832:003;
49833:003;
49834:003;
49835:003;
49836:003;
49837:003;
49838:003;
49839:003;
49840:003;
49841:003;
49842:003;
49843:003;
49844:003;
49845:003;
49846:003;
49847:003;
49848:003;
49849:003;
49850:003;
49851:003;
49852:003;
49853:003;
49854:003;
49855:003;
49856:003;
49857:003;
49858:003;
49859:003;
49860:003;
49861:003;
49862:003;
49863:003;
49864:003;
49865:003;
49866:003;
49867:003;
49868:003;
49869:003;
49870:003;
49871:003;
49872:003;
49873:003;
49874:003;
49875:003;
49876:003;
49877:003;
49878:003;
49879:003;
49880:003;
49881:003;
49882:003;
49883:003;
49884:003;
49885:003;
49886:003;
49887:003;
49888:003;
49889:003;
49890:003;
49891:003;
49892:003;
49893:003;
49894:003;
49895:003;
49896:003;
49897:003;
49898:003;
49899:003;
49900:003;
49901:003;
49902:003;
49903:003;
49904:003;
49905:003;
49906:003;
49907:003;
49908:003;
49909:003;
49910:003;
49911:003;
49912:003;
49913:003;
49914:003;
49915:003;
49916:003;
49917:003;
49918:003;
49919:001;
49920:003;
49921:003;
49922:003;
49923:003;
49924:003;
49925:003;
49926:003;
49927:003;
49928:003;
49929:003;
49930:003;
49931:003;
49932:003;
49933:003;
49934:003;
49935:003;
49936:003;
49937:003;
49938:003;
49939:003;
49940:003;
49941:003;
49942:003;
49943:003;
49944:003;
49945:003;
49946:003;
49947:003;
49948:003;
49949:003;
49950:003;
49951:003;
49952:003;
49953:003;
49954:003;
49955:003;
49956:003;
49957:003;
49958:003;
49959:003;
49960:003;
49961:003;
49962:003;
49963:003;
49964:003;
49965:003;
49966:003;
49967:003;
49968:003;
49969:003;
49970:003;
49971:003;
49972:003;
49973:003;
49974:003;
49975:003;
49976:003;
49977:003;
49978:003;
49979:003;
49980:003;
49981:003;
49982:003;
49983:003;
49984:003;
49985:003;
49986:003;
49987:003;
49988:003;
49989:003;
49990:003;
49991:003;
49992:003;
49993:003;
49994:003;
49995:003;
49996:003;
49997:003;
49998:003;
49999:003;
50000:003;
50001:003;
50002:003;
50003:003;
50004:003;
50005:003;
50006:003;
50007:003;
50008:003;
50009:003;
50010:003;
50011:003;
50012:003;
50013:003;
50014:003;
50015:003;
50016:003;
50017:003;
50018:003;
50019:003;
50020:003;
50021:003;
50022:003;
50023:003;
50024:003;
50025:003;
50026:003;
50027:003;
50028:003;
50029:003;
50030:003;
50031:003;
50032:003;
50033:003;
50034:003;
50035:003;
50036:003;
50037:003;
50038:003;
50039:003;
50040:003;
50041:003;
50042:003;
50043:003;
50044:003;
50045:003;
50046:003;
50047:001;
50048:003;
50049:003;
50050:003;
50051:003;
50052:003;
50053:003;
50054:003;
50055:003;
50056:003;
50057:003;
50058:003;
50059:003;
50060:003;
50061:003;
50062:003;
50063:003;
50064:003;
50065:003;
50066:003;
50067:003;
50068:003;
50069:003;
50070:003;
50071:003;
50072:003;
50073:003;
50074:003;
50075:003;
50076:003;
50077:003;
50078:003;
50079:003;
50080:003;
50081:003;
50082:003;
50083:003;
50084:003;
50085:003;
50086:003;
50087:003;
50088:003;
50089:003;
50090:003;
50091:003;
50092:003;
50093:003;
50094:003;
50095:003;
50096:003;
50097:003;
50098:003;
50099:003;
50100:003;
50101:003;
50102:003;
50103:003;
50104:003;
50105:003;
50106:003;
50107:003;
50108:003;
50109:003;
50110:003;
50111:003;
50112:003;
50113:003;
50114:003;
50115:003;
50116:003;
50117:003;
50118:003;
50119:003;
50120:003;
50121:003;
50122:003;
50123:003;
50124:003;
50125:003;
50126:003;
50127:003;
50128:003;
50129:003;
50130:003;
50131:003;
50132:003;
50133:003;
50134:003;
50135:003;
50136:003;
50137:003;
50138:003;
50139:003;
50140:003;
50141:003;
50142:003;
50143:003;
50144:003;
50145:003;
50146:003;
50147:003;
50148:003;
50149:003;
50150:003;
50151:003;
50152:003;
50153:003;
50154:003;
50155:003;
50156:003;
50157:003;
50158:003;
50159:003;
50160:003;
50161:003;
50162:003;
50163:003;
50164:003;
50165:003;
50166:003;
50167:003;
50168:003;
50169:003;
50170:003;
50171:003;
50172:003;
50173:003;
50174:003;
50175:001;
50176:003;
50177:003;
50178:003;
50179:003;
50180:003;
50181:003;
50182:003;
50183:003;
50184:003;
50185:003;
50186:003;
50187:003;
50188:003;
50189:003;
50190:003;
50191:003;
50192:003;
50193:003;
50194:003;
50195:003;
50196:003;
50197:003;
50198:003;
50199:003;
50200:003;
50201:003;
50202:003;
50203:003;
50204:003;
50205:003;
50206:003;
50207:003;
50208:003;
50209:003;
50210:003;
50211:003;
50212:003;
50213:003;
50214:003;
50215:003;
50216:003;
50217:003;
50218:003;
50219:003;
50220:003;
50221:003;
50222:003;
50223:003;
50224:003;
50225:003;
50226:003;
50227:003;
50228:003;
50229:003;
50230:003;
50231:003;
50232:003;
50233:003;
50234:003;
50235:003;
50236:003;
50237:003;
50238:003;
50239:003;
50240:003;
50241:003;
50242:003;
50243:003;
50244:003;
50245:003;
50246:003;
50247:003;
50248:003;
50249:003;
50250:003;
50251:003;
50252:003;
50253:003;
50254:003;
50255:003;
50256:003;
50257:003;
50258:003;
50259:003;
50260:003;
50261:003;
50262:003;
50263:003;
50264:003;
50265:003;
50266:003;
50267:003;
50268:003;
50269:003;
50270:003;
50271:003;
50272:003;
50273:003;
50274:003;
50275:003;
50276:003;
50277:003;
50278:003;
50279:003;
50280:003;
50281:003;
50282:003;
50283:003;
50284:003;
50285:003;
50286:003;
50287:003;
50288:003;
50289:003;
50290:003;
50291:003;
50292:003;
50293:003;
50294:003;
50295:003;
50296:003;
50297:003;
50298:003;
50299:003;
50300:003;
50301:003;
50302:003;
50303:001;
50304:003;
50305:003;
50306:003;
50307:003;
50308:003;
50309:003;
50310:003;
50311:003;
50312:003;
50313:003;
50314:003;
50315:003;
50316:003;
50317:003;
50318:003;
50319:003;
50320:003;
50321:003;
50322:003;
50323:003;
50324:003;
50325:003;
50326:003;
50327:003;
50328:003;
50329:003;
50330:003;
50331:003;
50332:003;
50333:003;
50334:003;
50335:003;
50336:003;
50337:003;
50338:003;
50339:003;
50340:003;
50341:003;
50342:003;
50343:003;
50344:003;
50345:003;
50346:003;
50347:003;
50348:003;
50349:003;
50350:003;
50351:003;
50352:003;
50353:003;
50354:003;
50355:003;
50356:003;
50357:003;
50358:003;
50359:003;
50360:003;
50361:003;
50362:003;
50363:003;
50364:003;
50365:003;
50366:003;
50367:003;
50368:003;
50369:003;
50370:003;
50371:003;
50372:003;
50373:003;
50374:003;
50375:003;
50376:003;
50377:003;
50378:003;
50379:003;
50380:003;
50381:003;
50382:003;
50383:003;
50384:003;
50385:003;
50386:003;
50387:003;
50388:003;
50389:003;
50390:003;
50391:003;
50392:003;
50393:003;
50394:003;
50395:003;
50396:003;
50397:003;
50398:003;
50399:003;
50400:003;
50401:003;
50402:003;
50403:003;
50404:003;
50405:003;
50406:003;
50407:003;
50408:003;
50409:003;
50410:003;
50411:003;
50412:003;
50413:003;
50414:003;
50415:003;
50416:003;
50417:003;
50418:003;
50419:003;
50420:003;
50421:003;
50422:003;
50423:003;
50424:003;
50425:003;
50426:003;
50427:003;
50428:003;
50429:003;
50430:003;
50431:001;
50432:003;
50433:003;
50434:003;
50435:003;
50436:003;
50437:003;
50438:003;
50439:003;
50440:003;
50441:003;
50442:003;
50443:003;
50444:003;
50445:003;
50446:003;
50447:003;
50448:003;
50449:003;
50450:003;
50451:003;
50452:003;
50453:003;
50454:003;
50455:003;
50456:003;
50457:003;
50458:003;
50459:003;
50460:003;
50461:003;
50462:003;
50463:003;
50464:003;
50465:003;
50466:003;
50467:003;
50468:003;
50469:003;
50470:003;
50471:003;
50472:003;
50473:003;
50474:003;
50475:003;
50476:003;
50477:003;
50478:003;
50479:001;
50480:001;
50481:001;
50482:001;
50483:001;
50484:001;
50485:001;
50486:001;
50487:001;
50488:001;
50489:001;
50490:001;
50491:001;
50492:001;
50493:001;
50494:001;
50495:001;
50496:001;
50497:001;
50498:001;
50499:001;
50500:001;
50501:001;
50502:001;
50503:001;
50504:001;
50505:001;
50506:001;
50507:001;
50508:001;
50509:001;
50510:001;
50511:001;
50512:001;
50513:003;
50514:003;
50515:003;
50516:003;
50517:003;
50518:003;
50519:003;
50520:003;
50521:003;
50522:003;
50523:003;
50524:003;
50525:003;
50526:003;
50527:003;
50528:003;
50529:003;
50530:003;
50531:003;
50532:003;
50533:003;
50534:003;
50535:003;
50536:003;
50537:003;
50538:003;
50539:003;
50540:003;
50541:003;
50542:003;
50543:003;
50544:003;
50545:003;
50546:003;
50547:003;
50548:003;
50549:003;
50550:003;
50551:003;
50552:003;
50553:003;
50554:003;
50555:003;
50556:003;
50557:003;
50558:003;
50559:001;
50560:003;
50561:003;
50562:003;
50563:003;
50564:003;
50565:003;
50566:003;
50567:003;
50568:003;
50569:003;
50570:003;
50571:003;
50572:003;
50573:003;
50574:003;
50575:003;
50576:003;
50577:003;
50578:003;
50579:003;
50580:003;
50581:003;
50582:003;
50583:003;
50584:003;
50585:003;
50586:003;
50587:003;
50588:003;
50589:003;
50590:003;
50591:003;
50592:003;
50593:003;
50594:003;
50595:003;
50596:003;
50597:003;
50598:003;
50599:003;
50600:003;
50601:003;
50602:003;
50603:003;
50604:003;
50605:003;
50606:001;
50607:001;
50608:001;
50609:001;
50610:001;
50611:001;
50612:001;
50613:001;
50614:001;
50615:001;
50616:001;
50617:001;
50618:001;
50619:001;
50620:001;
50621:001;
50622:001;
50623:001;
50624:001;
50625:001;
50626:001;
50627:001;
50628:001;
50629:001;
50630:001;
50631:001;
50632:001;
50633:001;
50634:001;
50635:001;
50636:001;
50637:001;
50638:001;
50639:001;
50640:001;
50641:001;
50642:003;
50643:003;
50644:003;
50645:003;
50646:003;
50647:003;
50648:003;
50649:003;
50650:003;
50651:003;
50652:003;
50653:003;
50654:003;
50655:003;
50656:003;
50657:003;
50658:003;
50659:003;
50660:003;
50661:003;
50662:003;
50663:003;
50664:003;
50665:003;
50666:003;
50667:003;
50668:003;
50669:003;
50670:003;
50671:003;
50672:003;
50673:003;
50674:003;
50675:003;
50676:003;
50677:003;
50678:003;
50679:003;
50680:003;
50681:003;
50682:003;
50683:003;
50684:003;
50685:003;
50686:003;
50687:001;
50688:003;
50689:003;
50690:003;
50691:003;
50692:003;
50693:003;
50694:003;
50695:003;
50696:003;
50697:003;
50698:003;
50699:003;
50700:003;
50701:003;
50702:003;
50703:003;
50704:003;
50705:003;
50706:003;
50707:003;
50708:003;
50709:003;
50710:003;
50711:003;
50712:003;
50713:003;
50714:003;
50715:003;
50716:003;
50717:003;
50718:003;
50719:003;
50720:003;
50721:003;
50722:003;
50723:003;
50724:003;
50725:003;
50726:003;
50727:003;
50728:003;
50729:003;
50730:003;
50731:003;
50732:003;
50733:001;
50734:001;
50735:001;
50736:004;
50737:004;
50738:004;
50739:004;
50740:004;
50741:004;
50742:004;
50743:004;
50744:004;
50745:004;
50746:004;
50747:004;
50748:004;
50749:004;
50750:004;
50751:004;
50752:004;
50753:004;
50754:004;
50755:004;
50756:004;
50757:004;
50758:004;
50759:004;
50760:004;
50761:004;
50762:004;
50763:004;
50764:004;
50765:004;
50766:004;
50767:004;
50768:001;
50769:001;
50770:001;
50771:003;
50772:003;
50773:003;
50774:003;
50775:003;
50776:003;
50777:003;
50778:003;
50779:003;
50780:003;
50781:003;
50782:003;
50783:003;
50784:003;
50785:003;
50786:003;
50787:003;
50788:003;
50789:003;
50790:003;
50791:003;
50792:003;
50793:003;
50794:003;
50795:003;
50796:003;
50797:003;
50798:003;
50799:003;
50800:003;
50801:003;
50802:003;
50803:003;
50804:003;
50805:003;
50806:003;
50807:003;
50808:003;
50809:003;
50810:003;
50811:003;
50812:003;
50813:003;
50814:003;
50815:001;
50816:003;
50817:003;
50818:003;
50819:003;
50820:003;
50821:003;
50822:003;
50823:003;
50824:003;
50825:003;
50826:003;
50827:003;
50828:003;
50829:003;
50830:003;
50831:003;
50832:003;
50833:003;
50834:003;
50835:003;
50836:003;
50837:003;
50838:003;
50839:003;
50840:003;
50841:003;
50842:003;
50843:003;
50844:003;
50845:003;
50846:003;
50847:003;
50848:003;
50849:003;
50850:003;
50851:003;
50852:003;
50853:003;
50854:003;
50855:003;
50856:003;
50857:003;
50858:003;
50859:003;
50860:001;
50861:001;
50862:001;
50863:004;
50864:004;
50865:004;
50866:004;
50867:004;
50868:004;
50869:004;
50870:004;
50871:004;
50872:004;
50873:004;
50874:004;
50875:004;
50876:004;
50877:004;
50878:004;
50879:004;
50880:004;
50881:004;
50882:004;
50883:004;
50884:004;
50885:004;
50886:004;
50887:004;
50888:004;
50889:004;
50890:004;
50891:004;
50892:004;
50893:004;
50894:004;
50895:004;
50896:004;
50897:001;
50898:001;
50899:001;
50900:003;
50901:003;
50902:003;
50903:003;
50904:003;
50905:003;
50906:003;
50907:003;
50908:003;
50909:003;
50910:003;
50911:003;
50912:003;
50913:003;
50914:003;
50915:003;
50916:003;
50917:003;
50918:003;
50919:003;
50920:003;
50921:003;
50922:003;
50923:003;
50924:003;
50925:003;
50926:003;
50927:003;
50928:003;
50929:003;
50930:003;
50931:003;
50932:003;
50933:003;
50934:003;
50935:003;
50936:003;
50937:003;
50938:003;
50939:003;
50940:003;
50941:003;
50942:003;
50943:001;
50944:003;
50945:003;
50946:003;
50947:003;
50948:003;
50949:003;
50950:003;
50951:003;
50952:003;
50953:003;
50954:003;
50955:003;
50956:003;
50957:003;
50958:003;
50959:003;
50960:003;
50961:003;
50962:003;
50963:003;
50964:003;
50965:003;
50966:003;
50967:003;
50968:003;
50969:003;
50970:003;
50971:003;
50972:003;
50973:003;
50974:003;
50975:003;
50976:003;
50977:003;
50978:003;
50979:003;
50980:003;
50981:003;
50982:003;
50983:003;
50984:003;
50985:003;
50986:003;
50987:001;
50988:001;
50989:001;
50990:004;
50991:004;
50992:004;
50993:004;
50994:004;
50995:004;
50996:004;
50997:004;
50998:004;
50999:004;
51000:004;
51001:004;
51002:004;
51003:004;
51004:004;
51005:004;
51006:004;
51007:004;
51008:004;
51009:004;
51010:004;
51011:004;
51012:004;
51013:004;
51014:004;
51015:004;
51016:004;
51017:004;
51018:004;
51019:004;
51020:004;
51021:004;
51022:004;
51023:004;
51024:004;
51025:004;
51026:001;
51027:001;
51028:001;
51029:003;
51030:003;
51031:003;
51032:003;
51033:003;
51034:003;
51035:003;
51036:003;
51037:003;
51038:003;
51039:003;
51040:003;
51041:003;
51042:003;
51043:003;
51044:003;
51045:003;
51046:003;
51047:003;
51048:003;
51049:003;
51050:003;
51051:003;
51052:003;
51053:003;
51054:003;
51055:003;
51056:003;
51057:003;
51058:003;
51059:003;
51060:003;
51061:003;
51062:003;
51063:003;
51064:003;
51065:003;
51066:003;
51067:003;
51068:003;
51069:003;
51070:003;
51071:001;
51072:003;
51073:003;
51074:003;
51075:003;
51076:003;
51077:003;
51078:003;
51079:003;
51080:003;
51081:003;
51082:003;
51083:003;
51084:003;
51085:003;
51086:003;
51087:003;
51088:003;
51089:003;
51090:003;
51091:003;
51092:003;
51093:003;
51094:003;
51095:003;
51096:003;
51097:003;
51098:003;
51099:003;
51100:003;
51101:003;
51102:003;
51103:003;
51104:003;
51105:003;
51106:003;
51107:003;
51108:003;
51109:003;
51110:003;
51111:003;
51112:003;
51113:003;
51114:001;
51115:001;
51116:001;
51117:004;
51118:004;
51119:004;
51120:004;
51121:004;
51122:004;
51123:004;
51124:004;
51125:004;
51126:004;
51127:004;
51128:004;
51129:004;
51130:004;
51131:004;
51132:004;
51133:004;
51134:004;
51135:004;
51136:004;
51137:004;
51138:004;
51139:004;
51140:004;
51141:004;
51142:004;
51143:004;
51144:004;
51145:004;
51146:004;
51147:004;
51148:004;
51149:004;
51150:004;
51151:004;
51152:004;
51153:004;
51154:004;
51155:001;
51156:001;
51157:001;
51158:003;
51159:003;
51160:003;
51161:003;
51162:003;
51163:003;
51164:003;
51165:003;
51166:003;
51167:003;
51168:003;
51169:003;
51170:003;
51171:003;
51172:003;
51173:003;
51174:003;
51175:003;
51176:003;
51177:003;
51178:003;
51179:003;
51180:003;
51181:003;
51182:003;
51183:003;
51184:003;
51185:003;
51186:003;
51187:003;
51188:003;
51189:003;
51190:003;
51191:003;
51192:003;
51193:003;
51194:003;
51195:003;
51196:003;
51197:003;
51198:003;
51199:001;
51200:003;
51201:003;
51202:003;
51203:003;
51204:003;
51205:003;
51206:003;
51207:003;
51208:003;
51209:003;
51210:003;
51211:003;
51212:003;
51213:003;
51214:003;
51215:003;
51216:003;
51217:003;
51218:003;
51219:003;
51220:003;
51221:003;
51222:003;
51223:003;
51224:003;
51225:003;
51226:003;
51227:003;
51228:003;
51229:003;
51230:003;
51231:003;
51232:003;
51233:003;
51234:003;
51235:003;
51236:003;
51237:003;
51238:003;
51239:003;
51240:003;
51241:001;
51242:001;
51243:001;
51244:004;
51245:004;
51246:004;
51247:004;
51248:004;
51249:004;
51250:004;
51251:004;
51252:004;
51253:004;
51254:004;
51255:004;
51256:004;
51257:004;
51258:004;
51259:004;
51260:004;
51261:004;
51262:004;
51263:004;
51264:004;
51265:004;
51266:004;
51267:004;
51268:004;
51269:004;
51270:004;
51271:004;
51272:004;
51273:004;
51274:004;
51275:004;
51276:004;
51277:004;
51278:004;
51279:004;
51280:004;
51281:004;
51282:004;
51283:004;
51284:001;
51285:001;
51286:001;
51287:003;
51288:003;
51289:003;
51290:003;
51291:003;
51292:003;
51293:003;
51294:003;
51295:003;
51296:003;
51297:003;
51298:003;
51299:003;
51300:003;
51301:003;
51302:003;
51303:003;
51304:003;
51305:003;
51306:003;
51307:003;
51308:003;
51309:003;
51310:003;
51311:003;
51312:003;
51313:003;
51314:003;
51315:003;
51316:003;
51317:003;
51318:003;
51319:003;
51320:003;
51321:003;
51322:003;
51323:003;
51324:003;
51325:003;
51326:003;
51327:001;
51328:003;
51329:003;
51330:003;
51331:003;
51332:003;
51333:003;
51334:003;
51335:003;
51336:003;
51337:003;
51338:003;
51339:003;
51340:003;
51341:003;
51342:003;
51343:003;
51344:003;
51345:003;
51346:003;
51347:003;
51348:003;
51349:003;
51350:003;
51351:003;
51352:003;
51353:003;
51354:003;
51355:003;
51356:003;
51357:003;
51358:003;
51359:003;
51360:003;
51361:003;
51362:003;
51363:003;
51364:003;
51365:003;
51366:003;
51367:003;
51368:001;
51369:001;
51370:001;
51371:004;
51372:004;
51373:004;
51374:004;
51375:004;
51376:004;
51377:004;
51378:004;
51379:004;
51380:004;
51381:004;
51382:004;
51383:004;
51384:004;
51385:004;
51386:004;
51387:004;
51388:004;
51389:004;
51390:004;
51391:004;
51392:004;
51393:004;
51394:004;
51395:004;
51396:004;
51397:004;
51398:004;
51399:004;
51400:004;
51401:004;
51402:004;
51403:004;
51404:004;
51405:004;
51406:004;
51407:004;
51408:004;
51409:004;
51410:004;
51411:004;
51412:004;
51413:001;
51414:001;
51415:001;
51416:003;
51417:003;
51418:003;
51419:003;
51420:003;
51421:003;
51422:003;
51423:003;
51424:003;
51425:003;
51426:003;
51427:003;
51428:003;
51429:003;
51430:003;
51431:003;
51432:003;
51433:003;
51434:003;
51435:003;
51436:003;
51437:003;
51438:003;
51439:003;
51440:003;
51441:003;
51442:003;
51443:003;
51444:003;
51445:003;
51446:003;
51447:003;
51448:003;
51449:003;
51450:003;
51451:003;
51452:003;
51453:003;
51454:003;
51455:001;
51456:003;
51457:003;
51458:003;
51459:003;
51460:003;
51461:003;
51462:003;
51463:003;
51464:003;
51465:003;
51466:003;
51467:003;
51468:003;
51469:003;
51470:003;
51471:003;
51472:003;
51473:003;
51474:003;
51475:003;
51476:003;
51477:003;
51478:003;
51479:003;
51480:003;
51481:003;
51482:003;
51483:003;
51484:003;
51485:003;
51486:003;
51487:003;
51488:003;
51489:003;
51490:003;
51491:003;
51492:003;
51493:003;
51494:003;
51495:001;
51496:001;
51497:001;
51498:004;
51499:004;
51500:004;
51501:004;
51502:004;
51503:004;
51504:004;
51505:004;
51506:004;
51507:004;
51508:004;
51509:004;
51510:004;
51511:004;
51512:004;
51513:004;
51514:004;
51515:004;
51516:004;
51517:004;
51518:004;
51519:004;
51520:004;
51521:004;
51522:004;
51523:004;
51524:004;
51525:004;
51526:004;
51527:004;
51528:004;
51529:004;
51530:004;
51531:004;
51532:004;
51533:004;
51534:004;
51535:004;
51536:004;
51537:004;
51538:004;
51539:004;
51540:004;
51541:004;
51542:001;
51543:001;
51544:001;
51545:003;
51546:003;
51547:003;
51548:003;
51549:003;
51550:003;
51551:003;
51552:003;
51553:003;
51554:003;
51555:003;
51556:003;
51557:003;
51558:003;
51559:003;
51560:003;
51561:003;
51562:003;
51563:003;
51564:003;
51565:003;
51566:003;
51567:003;
51568:003;
51569:003;
51570:003;
51571:003;
51572:003;
51573:003;
51574:003;
51575:003;
51576:003;
51577:003;
51578:003;
51579:003;
51580:003;
51581:003;
51582:003;
51583:001;
51584:003;
51585:003;
51586:003;
51587:003;
51588:003;
51589:003;
51590:003;
51591:003;
51592:003;
51593:003;
51594:003;
51595:003;
51596:003;
51597:003;
51598:003;
51599:003;
51600:003;
51601:003;
51602:003;
51603:003;
51604:003;
51605:003;
51606:003;
51607:003;
51608:003;
51609:003;
51610:003;
51611:003;
51612:003;
51613:003;
51614:003;
51615:003;
51616:003;
51617:003;
51618:003;
51619:003;
51620:003;
51621:003;
51622:001;
51623:001;
51624:001;
51625:004;
51626:004;
51627:004;
51628:004;
51629:004;
51630:004;
51631:004;
51632:004;
51633:004;
51634:004;
51635:004;
51636:004;
51637:004;
51638:004;
51639:004;
51640:004;
51641:004;
51642:004;
51643:004;
51644:004;
51645:004;
51646:004;
51647:004;
51648:004;
51649:004;
51650:004;
51651:004;
51652:004;
51653:004;
51654:004;
51655:004;
51656:004;
51657:004;
51658:004;
51659:004;
51660:004;
51661:004;
51662:004;
51663:004;
51664:004;
51665:004;
51666:004;
51667:004;
51668:004;
51669:004;
51670:004;
51671:001;
51672:001;
51673:001;
51674:003;
51675:003;
51676:003;
51677:003;
51678:003;
51679:003;
51680:003;
51681:003;
51682:003;
51683:003;
51684:003;
51685:003;
51686:003;
51687:003;
51688:003;
51689:003;
51690:003;
51691:003;
51692:003;
51693:003;
51694:003;
51695:003;
51696:003;
51697:003;
51698:003;
51699:003;
51700:003;
51701:003;
51702:003;
51703:003;
51704:003;
51705:003;
51706:003;
51707:003;
51708:003;
51709:003;
51710:003;
51711:001;
51712:003;
51713:003;
51714:003;
51715:003;
51716:003;
51717:003;
51718:003;
51719:003;
51720:003;
51721:003;
51722:003;
51723:003;
51724:003;
51725:003;
51726:003;
51727:003;
51728:003;
51729:003;
51730:003;
51731:003;
51732:003;
51733:003;
51734:003;
51735:003;
51736:003;
51737:003;
51738:003;
51739:003;
51740:003;
51741:003;
51742:003;
51743:003;
51744:003;
51745:003;
51746:003;
51747:003;
51748:003;
51749:001;
51750:001;
51751:001;
51752:004;
51753:004;
51754:004;
51755:004;
51756:004;
51757:004;
51758:004;
51759:004;
51760:004;
51761:004;
51762:004;
51763:004;
51764:004;
51765:004;
51766:004;
51767:004;
51768:004;
51769:004;
51770:004;
51771:004;
51772:004;
51773:004;
51774:004;
51775:004;
51776:004;
51777:004;
51778:004;
51779:004;
51780:004;
51781:004;
51782:004;
51783:004;
51784:004;
51785:004;
51786:004;
51787:004;
51788:004;
51789:004;
51790:004;
51791:004;
51792:004;
51793:004;
51794:004;
51795:004;
51796:004;
51797:004;
51798:004;
51799:004;
51800:001;
51801:001;
51802:001;
51803:003;
51804:003;
51805:003;
51806:003;
51807:003;
51808:003;
51809:003;
51810:003;
51811:003;
51812:003;
51813:003;
51814:003;
51815:003;
51816:003;
51817:003;
51818:003;
51819:003;
51820:003;
51821:003;
51822:003;
51823:003;
51824:003;
51825:003;
51826:003;
51827:003;
51828:003;
51829:003;
51830:003;
51831:003;
51832:003;
51833:003;
51834:003;
51835:003;
51836:003;
51837:003;
51838:003;
51839:001;
51840:003;
51841:003;
51842:003;
51843:003;
51844:003;
51845:003;
51846:003;
51847:003;
51848:003;
51849:003;
51850:003;
51851:003;
51852:003;
51853:003;
51854:003;
51855:003;
51856:003;
51857:003;
51858:003;
51859:003;
51860:003;
51861:003;
51862:003;
51863:003;
51864:003;
51865:003;
51866:003;
51867:003;
51868:003;
51869:003;
51870:003;
51871:003;
51872:003;
51873:003;
51874:003;
51875:003;
51876:001;
51877:001;
51878:001;
51879:004;
51880:004;
51881:004;
51882:004;
51883:004;
51884:004;
51885:004;
51886:004;
51887:004;
51888:004;
51889:004;
51890:004;
51891:004;
51892:004;
51893:004;
51894:004;
51895:004;
51896:004;
51897:004;
51898:004;
51899:004;
51900:004;
51901:004;
51902:004;
51903:004;
51904:004;
51905:004;
51906:004;
51907:004;
51908:004;
51909:004;
51910:004;
51911:004;
51912:004;
51913:004;
51914:004;
51915:004;
51916:004;
51917:004;
51918:004;
51919:004;
51920:004;
51921:004;
51922:004;
51923:004;
51924:004;
51925:004;
51926:004;
51927:004;
51928:004;
51929:001;
51930:001;
51931:001;
51932:003;
51933:003;
51934:003;
51935:003;
51936:003;
51937:003;
51938:003;
51939:003;
51940:003;
51941:003;
51942:003;
51943:003;
51944:003;
51945:003;
51946:003;
51947:003;
51948:003;
51949:003;
51950:003;
51951:003;
51952:003;
51953:003;
51954:003;
51955:003;
51956:003;
51957:003;
51958:003;
51959:003;
51960:003;
51961:003;
51962:003;
51963:003;
51964:003;
51965:003;
51966:003;
51967:001;
51968:003;
51969:003;
51970:003;
51971:003;
51972:003;
51973:003;
51974:003;
51975:003;
51976:003;
51977:003;
51978:003;
51979:003;
51980:003;
51981:003;
51982:003;
51983:003;
51984:003;
51985:003;
51986:003;
51987:003;
51988:003;
51989:003;
51990:003;
51991:003;
51992:003;
51993:003;
51994:003;
51995:003;
51996:003;
51997:003;
51998:003;
51999:003;
52000:003;
52001:003;
52002:003;
52003:001;
52004:001;
52005:001;
52006:004;
52007:004;
52008:004;
52009:004;
52010:004;
52011:004;
52012:004;
52013:004;
52014:004;
52015:004;
52016:004;
52017:004;
52018:004;
52019:004;
52020:004;
52021:004;
52022:004;
52023:004;
52024:004;
52025:004;
52026:004;
52027:004;
52028:004;
52029:004;
52030:004;
52031:004;
52032:004;
52033:004;
52034:004;
52035:004;
52036:004;
52037:004;
52038:004;
52039:004;
52040:004;
52041:004;
52042:004;
52043:004;
52044:004;
52045:004;
52046:004;
52047:004;
52048:004;
52049:004;
52050:004;
52051:004;
52052:004;
52053:004;
52054:004;
52055:004;
52056:004;
52057:004;
52058:001;
52059:001;
52060:001;
52061:003;
52062:003;
52063:003;
52064:003;
52065:003;
52066:003;
52067:003;
52068:003;
52069:003;
52070:003;
52071:003;
52072:003;
52073:003;
52074:003;
52075:003;
52076:003;
52077:003;
52078:003;
52079:003;
52080:003;
52081:003;
52082:003;
52083:003;
52084:003;
52085:003;
52086:003;
52087:003;
52088:003;
52089:003;
52090:003;
52091:003;
52092:003;
52093:003;
52094:003;
52095:001;
52096:003;
52097:003;
52098:003;
52099:003;
52100:003;
52101:003;
52102:003;
52103:003;
52104:003;
52105:003;
52106:003;
52107:003;
52108:003;
52109:003;
52110:003;
52111:003;
52112:003;
52113:003;
52114:003;
52115:003;
52116:003;
52117:003;
52118:003;
52119:003;
52120:003;
52121:003;
52122:003;
52123:003;
52124:003;
52125:003;
52126:003;
52127:003;
52128:003;
52129:003;
52130:001;
52131:001;
52132:001;
52133:004;
52134:004;
52135:004;
52136:004;
52137:004;
52138:004;
52139:004;
52140:004;
52141:004;
52142:004;
52143:004;
52144:004;
52145:004;
52146:004;
52147:004;
52148:004;
52149:004;
52150:004;
52151:004;
52152:004;
52153:004;
52154:004;
52155:004;
52156:004;
52157:004;
52158:004;
52159:004;
52160:004;
52161:004;
52162:004;
52163:004;
52164:004;
52165:004;
52166:004;
52167:004;
52168:004;
52169:004;
52170:004;
52171:004;
52172:004;
52173:004;
52174:004;
52175:004;
52176:004;
52177:004;
52178:004;
52179:004;
52180:004;
52181:004;
52182:004;
52183:004;
52184:004;
52185:004;
52186:004;
52187:001;
52188:001;
52189:001;
52190:003;
52191:003;
52192:003;
52193:003;
52194:003;
52195:003;
52196:003;
52197:003;
52198:003;
52199:003;
52200:003;
52201:003;
52202:003;
52203:003;
52204:003;
52205:003;
52206:003;
52207:003;
52208:003;
52209:003;
52210:003;
52211:003;
52212:003;
52213:003;
52214:003;
52215:003;
52216:003;
52217:003;
52218:003;
52219:003;
52220:003;
52221:003;
52222:003;
52223:001;
52224:003;
52225:003;
52226:003;
52227:003;
52228:003;
52229:003;
52230:003;
52231:003;
52232:003;
52233:003;
52234:003;
52235:003;
52236:003;
52237:003;
52238:003;
52239:003;
52240:003;
52241:003;
52242:003;
52243:003;
52244:003;
52245:003;
52246:003;
52247:003;
52248:003;
52249:003;
52250:003;
52251:003;
52252:003;
52253:003;
52254:003;
52255:003;
52256:003;
52257:001;
52258:001;
52259:001;
52260:004;
52261:004;
52262:004;
52263:004;
52264:004;
52265:004;
52266:004;
52267:004;
52268:004;
52269:004;
52270:004;
52271:004;
52272:004;
52273:004;
52274:004;
52275:004;
52276:004;
52277:004;
52278:004;
52279:004;
52280:004;
52281:004;
52282:004;
52283:004;
52284:004;
52285:004;
52286:004;
52287:004;
52288:004;
52289:004;
52290:004;
52291:004;
52292:004;
52293:004;
52294:004;
52295:004;
52296:004;
52297:004;
52298:004;
52299:004;
52300:004;
52301:004;
52302:004;
52303:004;
52304:004;
52305:004;
52306:004;
52307:004;
52308:004;
52309:004;
52310:004;
52311:004;
52312:004;
52313:004;
52314:004;
52315:004;
52316:001;
52317:001;
52318:001;
52319:003;
52320:003;
52321:003;
52322:003;
52323:003;
52324:003;
52325:003;
52326:003;
52327:003;
52328:003;
52329:003;
52330:003;
52331:003;
52332:003;
52333:003;
52334:003;
52335:003;
52336:003;
52337:003;
52338:003;
52339:003;
52340:003;
52341:003;
52342:003;
52343:003;
52344:003;
52345:003;
52346:003;
52347:003;
52348:003;
52349:003;
52350:003;
52351:001;
52352:003;
52353:003;
52354:003;
52355:003;
52356:003;
52357:003;
52358:003;
52359:003;
52360:003;
52361:003;
52362:003;
52363:003;
52364:003;
52365:003;
52366:003;
52367:003;
52368:003;
52369:003;
52370:003;
52371:003;
52372:003;
52373:003;
52374:003;
52375:003;
52376:003;
52377:003;
52378:003;
52379:003;
52380:003;
52381:003;
52382:003;
52383:003;
52384:001;
52385:001;
52386:001;
52387:004;
52388:004;
52389:004;
52390:004;
52391:004;
52392:004;
52393:004;
52394:004;
52395:004;
52396:004;
52397:004;
52398:004;
52399:004;
52400:004;
52401:004;
52402:004;
52403:004;
52404:004;
52405:004;
52406:004;
52407:004;
52408:004;
52409:004;
52410:004;
52411:004;
52412:004;
52413:004;
52414:004;
52415:004;
52416:004;
52417:004;
52418:004;
52419:004;
52420:004;
52421:004;
52422:004;
52423:004;
52424:004;
52425:004;
52426:004;
52427:004;
52428:004;
52429:004;
52430:004;
52431:004;
52432:004;
52433:004;
52434:004;
52435:004;
52436:004;
52437:004;
52438:004;
52439:004;
52440:004;
52441:004;
52442:004;
52443:004;
52444:004;
52445:001;
52446:001;
52447:001;
52448:003;
52449:003;
52450:003;
52451:003;
52452:003;
52453:003;
52454:003;
52455:003;
52456:003;
52457:003;
52458:003;
52459:003;
52460:003;
52461:003;
52462:003;
52463:003;
52464:003;
52465:003;
52466:003;
52467:003;
52468:003;
52469:003;
52470:003;
52471:003;
52472:003;
52473:003;
52474:003;
52475:003;
52476:003;
52477:003;
52478:003;
52479:001;
52480:003;
52481:003;
52482:003;
52483:003;
52484:003;
52485:003;
52486:003;
52487:003;
52488:003;
52489:003;
52490:003;
52491:003;
52492:003;
52493:003;
52494:003;
52495:003;
52496:003;
52497:003;
52498:003;
52499:003;
52500:003;
52501:003;
52502:003;
52503:003;
52504:003;
52505:003;
52506:003;
52507:003;
52508:003;
52509:003;
52510:003;
52511:001;
52512:001;
52513:001;
52514:004;
52515:004;
52516:004;
52517:004;
52518:004;
52519:004;
52520:004;
52521:004;
52522:004;
52523:004;
52524:004;
52525:004;
52526:004;
52527:004;
52528:004;
52529:004;
52530:004;
52531:004;
52532:004;
52533:004;
52534:004;
52535:004;
52536:004;
52537:004;
52538:004;
52539:004;
52540:004;
52541:004;
52542:004;
52543:004;
52544:004;
52545:004;
52546:004;
52547:004;
52548:004;
52549:004;
52550:004;
52551:004;
52552:004;
52553:004;
52554:004;
52555:004;
52556:004;
52557:004;
52558:004;
52559:004;
52560:004;
52561:004;
52562:004;
52563:004;
52564:004;
52565:004;
52566:004;
52567:004;
52568:004;
52569:004;
52570:004;
52571:004;
52572:004;
52573:004;
52574:001;
52575:001;
52576:001;
52577:003;
52578:003;
52579:003;
52580:003;
52581:003;
52582:003;
52583:003;
52584:003;
52585:003;
52586:003;
52587:003;
52588:003;
52589:003;
52590:003;
52591:003;
52592:003;
52593:003;
52594:003;
52595:003;
52596:003;
52597:003;
52598:003;
52599:003;
52600:003;
52601:003;
52602:003;
52603:003;
52604:003;
52605:003;
52606:003;
52607:001;
52608:003;
52609:003;
52610:003;
52611:003;
52612:003;
52613:003;
52614:003;
52615:003;
52616:003;
52617:003;
52618:003;
52619:003;
52620:003;
52621:003;
52622:003;
52623:003;
52624:003;
52625:003;
52626:003;
52627:003;
52628:003;
52629:003;
52630:003;
52631:003;
52632:003;
52633:003;
52634:003;
52635:003;
52636:003;
52637:003;
52638:001;
52639:001;
52640:001;
52641:004;
52642:004;
52643:004;
52644:004;
52645:004;
52646:004;
52647:004;
52648:004;
52649:004;
52650:004;
52651:004;
52652:004;
52653:004;
52654:004;
52655:004;
52656:004;
52657:004;
52658:004;
52659:004;
52660:004;
52661:004;
52662:004;
52663:004;
52664:004;
52665:004;
52666:004;
52667:004;
52668:004;
52669:004;
52670:004;
52671:004;
52672:004;
52673:004;
52674:004;
52675:004;
52676:004;
52677:004;
52678:004;
52679:004;
52680:004;
52681:004;
52682:004;
52683:004;
52684:004;
52685:004;
52686:004;
52687:004;
52688:004;
52689:004;
52690:004;
52691:004;
52692:004;
52693:004;
52694:004;
52695:004;
52696:004;
52697:004;
52698:004;
52699:004;
52700:004;
52701:004;
52702:004;
52703:001;
52704:001;
52705:001;
52706:003;
52707:003;
52708:003;
52709:003;
52710:003;
52711:003;
52712:003;
52713:003;
52714:003;
52715:003;
52716:003;
52717:003;
52718:003;
52719:003;
52720:003;
52721:003;
52722:003;
52723:003;
52724:003;
52725:003;
52726:003;
52727:003;
52728:003;
52729:003;
52730:003;
52731:003;
52732:003;
52733:003;
52734:003;
52735:001;
52736:003;
52737:003;
52738:003;
52739:003;
52740:003;
52741:003;
52742:003;
52743:003;
52744:003;
52745:003;
52746:003;
52747:003;
52748:003;
52749:003;
52750:003;
52751:003;
52752:003;
52753:003;
52754:003;
52755:003;
52756:003;
52757:003;
52758:003;
52759:003;
52760:003;
52761:003;
52762:003;
52763:003;
52764:003;
52765:001;
52766:001;
52767:001;
52768:004;
52769:004;
52770:004;
52771:004;
52772:004;
52773:004;
52774:004;
52775:004;
52776:004;
52777:004;
52778:004;
52779:004;
52780:004;
52781:004;
52782:004;
52783:004;
52784:004;
52785:004;
52786:004;
52787:004;
52788:004;
52789:004;
52790:004;
52791:004;
52792:004;
52793:004;
52794:004;
52795:004;
52796:004;
52797:004;
52798:004;
52799:004;
52800:004;
52801:004;
52802:004;
52803:004;
52804:004;
52805:004;
52806:004;
52807:004;
52808:004;
52809:004;
52810:004;
52811:004;
52812:004;
52813:004;
52814:004;
52815:004;
52816:004;
52817:004;
52818:004;
52819:004;
52820:004;
52821:004;
52822:004;
52823:004;
52824:004;
52825:004;
52826:004;
52827:004;
52828:004;
52829:004;
52830:004;
52831:004;
52832:001;
52833:001;
52834:001;
52835:003;
52836:003;
52837:003;
52838:003;
52839:003;
52840:003;
52841:003;
52842:003;
52843:003;
52844:003;
52845:003;
52846:003;
52847:003;
52848:003;
52849:003;
52850:003;
52851:003;
52852:003;
52853:003;
52854:003;
52855:003;
52856:003;
52857:003;
52858:003;
52859:003;
52860:003;
52861:003;
52862:003;
52863:001;
52864:003;
52865:003;
52866:003;
52867:003;
52868:003;
52869:003;
52870:003;
52871:003;
52872:003;
52873:003;
52874:003;
52875:003;
52876:003;
52877:003;
52878:003;
52879:003;
52880:003;
52881:003;
52882:003;
52883:003;
52884:003;
52885:003;
52886:003;
52887:003;
52888:003;
52889:003;
52890:003;
52891:003;
52892:001;
52893:001;
52894:001;
52895:004;
52896:004;
52897:004;
52898:004;
52899:004;
52900:004;
52901:004;
52902:004;
52903:004;
52904:004;
52905:004;
52906:004;
52907:004;
52908:004;
52909:004;
52910:004;
52911:004;
52912:004;
52913:004;
52914:004;
52915:004;
52916:004;
52917:004;
52918:004;
52919:004;
52920:004;
52921:004;
52922:004;
52923:004;
52924:004;
52925:004;
52926:004;
52927:004;
52928:004;
52929:004;
52930:004;
52931:004;
52932:004;
52933:004;
52934:004;
52935:004;
52936:004;
52937:004;
52938:004;
52939:004;
52940:004;
52941:004;
52942:004;
52943:004;
52944:004;
52945:004;
52946:004;
52947:004;
52948:004;
52949:004;
52950:004;
52951:004;
52952:004;
52953:004;
52954:004;
52955:004;
52956:004;
52957:004;
52958:004;
52959:004;
52960:004;
52961:001;
52962:001;
52963:001;
52964:003;
52965:003;
52966:003;
52967:003;
52968:003;
52969:003;
52970:003;
52971:003;
52972:003;
52973:003;
52974:003;
52975:003;
52976:003;
52977:003;
52978:003;
52979:003;
52980:003;
52981:003;
52982:003;
52983:003;
52984:003;
52985:003;
52986:003;
52987:003;
52988:003;
52989:003;
52990:003;
52991:001;
52992:003;
52993:003;
52994:003;
52995:003;
52996:003;
52997:003;
52998:003;
52999:003;
53000:003;
53001:003;
53002:003;
53003:003;
53004:003;
53005:003;
53006:003;
53007:003;
53008:003;
53009:003;
53010:003;
53011:003;
53012:003;
53013:003;
53014:003;
53015:003;
53016:003;
53017:003;
53018:003;
53019:001;
53020:001;
53021:001;
53022:004;
53023:004;
53024:004;
53025:004;
53026:004;
53027:004;
53028:004;
53029:004;
53030:004;
53031:004;
53032:004;
53033:004;
53034:004;
53035:004;
53036:004;
53037:004;
53038:004;
53039:004;
53040:004;
53041:004;
53042:004;
53043:004;
53044:004;
53045:004;
53046:004;
53047:004;
53048:004;
53049:004;
53050:004;
53051:004;
53052:004;
53053:004;
53054:004;
53055:004;
53056:004;
53057:004;
53058:004;
53059:004;
53060:004;
53061:004;
53062:004;
53063:004;
53064:004;
53065:004;
53066:004;
53067:004;
53068:004;
53069:004;
53070:004;
53071:004;
53072:004;
53073:004;
53074:004;
53075:004;
53076:004;
53077:004;
53078:004;
53079:004;
53080:004;
53081:004;
53082:004;
53083:004;
53084:004;
53085:004;
53086:004;
53087:004;
53088:004;
53089:004;
53090:001;
53091:001;
53092:001;
53093:003;
53094:003;
53095:003;
53096:003;
53097:003;
53098:003;
53099:003;
53100:003;
53101:003;
53102:003;
53103:003;
53104:003;
53105:003;
53106:003;
53107:003;
53108:003;
53109:003;
53110:003;
53111:003;
53112:003;
53113:003;
53114:003;
53115:003;
53116:003;
53117:003;
53118:003;
53119:001;
53120:003;
53121:003;
53122:003;
53123:003;
53124:003;
53125:003;
53126:003;
53127:003;
53128:003;
53129:003;
53130:003;
53131:003;
53132:003;
53133:003;
53134:003;
53135:003;
53136:003;
53137:003;
53138:003;
53139:003;
53140:003;
53141:003;
53142:003;
53143:003;
53144:003;
53145:003;
53146:001;
53147:001;
53148:001;
53149:004;
53150:004;
53151:004;
53152:004;
53153:004;
53154:004;
53155:004;
53156:004;
53157:004;
53158:004;
53159:004;
53160:004;
53161:004;
53162:004;
53163:004;
53164:004;
53165:004;
53166:004;
53167:004;
53168:004;
53169:004;
53170:004;
53171:004;
53172:004;
53173:004;
53174:004;
53175:004;
53176:004;
53177:004;
53178:004;
53179:004;
53180:004;
53181:004;
53182:004;
53183:004;
53184:004;
53185:004;
53186:004;
53187:004;
53188:004;
53189:004;
53190:004;
53191:004;
53192:004;
53193:004;
53194:004;
53195:004;
53196:004;
53197:004;
53198:004;
53199:004;
53200:004;
53201:004;
53202:004;
53203:004;
53204:004;
53205:004;
53206:004;
53207:004;
53208:004;
53209:004;
53210:004;
53211:004;
53212:004;
53213:004;
53214:004;
53215:004;
53216:004;
53217:004;
53218:004;
53219:001;
53220:001;
53221:001;
53222:003;
53223:003;
53224:003;
53225:003;
53226:003;
53227:003;
53228:003;
53229:003;
53230:003;
53231:003;
53232:003;
53233:003;
53234:003;
53235:003;
53236:003;
53237:003;
53238:003;
53239:003;
53240:003;
53241:003;
53242:003;
53243:003;
53244:003;
53245:003;
53246:003;
53247:001;
53248:003;
53249:003;
53250:003;
53251:003;
53252:003;
53253:003;
53254:003;
53255:003;
53256:003;
53257:003;
53258:003;
53259:003;
53260:003;
53261:003;
53262:003;
53263:003;
53264:003;
53265:003;
53266:003;
53267:003;
53268:003;
53269:003;
53270:003;
53271:003;
53272:003;
53273:001;
53274:001;
53275:001;
53276:004;
53277:004;
53278:004;
53279:004;
53280:004;
53281:004;
53282:004;
53283:004;
53284:004;
53285:004;
53286:004;
53287:004;
53288:004;
53289:004;
53290:004;
53291:004;
53292:004;
53293:004;
53294:004;
53295:004;
53296:004;
53297:004;
53298:004;
53299:004;
53300:004;
53301:004;
53302:004;
53303:004;
53304:004;
53305:004;
53306:004;
53307:004;
53308:004;
53309:004;
53310:004;
53311:004;
53312:004;
53313:004;
53314:004;
53315:004;
53316:004;
53317:004;
53318:004;
53319:004;
53320:004;
53321:004;
53322:004;
53323:004;
53324:004;
53325:004;
53326:004;
53327:004;
53328:004;
53329:004;
53330:004;
53331:004;
53332:004;
53333:004;
53334:004;
53335:004;
53336:004;
53337:004;
53338:004;
53339:004;
53340:004;
53341:004;
53342:004;
53343:004;
53344:004;
53345:004;
53346:004;
53347:004;
53348:001;
53349:001;
53350:001;
53351:003;
53352:003;
53353:003;
53354:003;
53355:003;
53356:003;
53357:003;
53358:003;
53359:003;
53360:003;
53361:003;
53362:003;
53363:003;
53364:003;
53365:003;
53366:003;
53367:003;
53368:003;
53369:003;
53370:003;
53371:003;
53372:003;
53373:003;
53374:003;
53375:001;
53376:003;
53377:003;
53378:003;
53379:003;
53380:003;
53381:003;
53382:003;
53383:003;
53384:003;
53385:003;
53386:003;
53387:003;
53388:003;
53389:003;
53390:003;
53391:003;
53392:003;
53393:003;
53394:003;
53395:003;
53396:003;
53397:003;
53398:003;
53399:003;
53400:001;
53401:001;
53402:001;
53403:004;
53404:004;
53405:004;
53406:004;
53407:004;
53408:004;
53409:004;
53410:004;
53411:004;
53412:004;
53413:004;
53414:004;
53415:004;
53416:004;
53417:004;
53418:004;
53419:004;
53420:004;
53421:004;
53422:004;
53423:004;
53424:004;
53425:004;
53426:004;
53427:004;
53428:004;
53429:004;
53430:004;
53431:004;
53432:004;
53433:004;
53434:004;
53435:004;
53436:004;
53437:004;
53438:004;
53439:004;
53440:004;
53441:004;
53442:004;
53443:004;
53444:004;
53445:004;
53446:004;
53447:004;
53448:004;
53449:004;
53450:004;
53451:004;
53452:004;
53453:004;
53454:004;
53455:004;
53456:004;
53457:004;
53458:004;
53459:004;
53460:004;
53461:004;
53462:004;
53463:004;
53464:004;
53465:004;
53466:004;
53467:004;
53468:004;
53469:004;
53470:004;
53471:004;
53472:004;
53473:004;
53474:004;
53475:004;
53476:004;
53477:001;
53478:001;
53479:001;
53480:003;
53481:003;
53482:003;
53483:003;
53484:003;
53485:003;
53486:003;
53487:003;
53488:003;
53489:003;
53490:003;
53491:003;
53492:003;
53493:003;
53494:003;
53495:003;
53496:003;
53497:003;
53498:003;
53499:003;
53500:003;
53501:003;
53502:003;
53503:001;
53504:003;
53505:003;
53506:003;
53507:003;
53508:003;
53509:003;
53510:003;
53511:003;
53512:003;
53513:003;
53514:003;
53515:003;
53516:003;
53517:003;
53518:003;
53519:003;
53520:003;
53521:003;
53522:003;
53523:003;
53524:003;
53525:003;
53526:003;
53527:001;
53528:001;
53529:001;
53530:004;
53531:004;
53532:004;
53533:004;
53534:004;
53535:004;
53536:004;
53537:004;
53538:004;
53539:004;
53540:004;
53541:004;
53542:004;
53543:004;
53544:004;
53545:004;
53546:004;
53547:004;
53548:004;
53549:004;
53550:004;
53551:004;
53552:004;
53553:004;
53554:004;
53555:004;
53556:004;
53557:004;
53558:004;
53559:004;
53560:004;
53561:004;
53562:004;
53563:004;
53564:004;
53565:004;
53566:004;
53567:004;
53568:004;
53569:004;
53570:004;
53571:004;
53572:004;
53573:004;
53574:004;
53575:004;
53576:004;
53577:004;
53578:004;
53579:004;
53580:004;
53581:004;
53582:004;
53583:004;
53584:004;
53585:004;
53586:004;
53587:004;
53588:004;
53589:004;
53590:004;
53591:004;
53592:004;
53593:004;
53594:004;
53595:004;
53596:004;
53597:004;
53598:004;
53599:004;
53600:004;
53601:004;
53602:004;
53603:004;
53604:004;
53605:004;
53606:001;
53607:001;
53608:001;
53609:003;
53610:003;
53611:003;
53612:003;
53613:003;
53614:003;
53615:003;
53616:003;
53617:003;
53618:003;
53619:003;
53620:003;
53621:003;
53622:003;
53623:003;
53624:003;
53625:003;
53626:003;
53627:003;
53628:003;
53629:003;
53630:003;
53631:001;
53632:003;
53633:003;
53634:003;
53635:003;
53636:003;
53637:003;
53638:003;
53639:003;
53640:003;
53641:003;
53642:003;
53643:003;
53644:003;
53645:003;
53646:003;
53647:003;
53648:003;
53649:003;
53650:003;
53651:003;
53652:003;
53653:003;
53654:001;
53655:001;
53656:001;
53657:004;
53658:004;
53659:004;
53660:004;
53661:004;
53662:004;
53663:004;
53664:004;
53665:004;
53666:004;
53667:004;
53668:004;
53669:004;
53670:004;
53671:004;
53672:004;
53673:004;
53674:004;
53675:004;
53676:004;
53677:004;
53678:004;
53679:004;
53680:004;
53681:004;
53682:004;
53683:004;
53684:004;
53685:004;
53686:004;
53687:004;
53688:004;
53689:004;
53690:004;
53691:004;
53692:004;
53693:004;
53694:004;
53695:004;
53696:004;
53697:004;
53698:004;
53699:004;
53700:004;
53701:004;
53702:004;
53703:004;
53704:004;
53705:004;
53706:004;
53707:004;
53708:004;
53709:004;
53710:004;
53711:004;
53712:004;
53713:004;
53714:004;
53715:004;
53716:004;
53717:004;
53718:004;
53719:004;
53720:004;
53721:004;
53722:004;
53723:004;
53724:004;
53725:004;
53726:004;
53727:004;
53728:004;
53729:004;
53730:004;
53731:004;
53732:004;
53733:004;
53734:004;
53735:001;
53736:001;
53737:001;
53738:003;
53739:003;
53740:003;
53741:003;
53742:003;
53743:003;
53744:003;
53745:003;
53746:003;
53747:003;
53748:003;
53749:003;
53750:003;
53751:003;
53752:003;
53753:003;
53754:003;
53755:003;
53756:003;
53757:003;
53758:003;
53759:001;
53760:003;
53761:003;
53762:003;
53763:003;
53764:003;
53765:003;
53766:003;
53767:003;
53768:003;
53769:003;
53770:003;
53771:003;
53772:003;
53773:003;
53774:003;
53775:003;
53776:003;
53777:003;
53778:003;
53779:003;
53780:003;
53781:001;
53782:001;
53783:001;
53784:004;
53785:004;
53786:004;
53787:004;
53788:004;
53789:004;
53790:004;
53791:004;
53792:004;
53793:004;
53794:004;
53795:004;
53796:004;
53797:004;
53798:004;
53799:004;
53800:004;
53801:004;
53802:004;
53803:004;
53804:004;
53805:004;
53806:004;
53807:004;
53808:004;
53809:004;
53810:004;
53811:004;
53812:004;
53813:004;
53814:004;
53815:004;
53816:004;
53817:004;
53818:004;
53819:004;
53820:004;
53821:004;
53822:004;
53823:004;
53824:004;
53825:004;
53826:004;
53827:004;
53828:004;
53829:004;
53830:004;
53831:004;
53832:004;
53833:004;
53834:004;
53835:004;
53836:004;
53837:004;
53838:004;
53839:004;
53840:004;
53841:004;
53842:004;
53843:004;
53844:004;
53845:004;
53846:004;
53847:004;
53848:004;
53849:004;
53850:004;
53851:004;
53852:004;
53853:004;
53854:004;
53855:004;
53856:004;
53857:004;
53858:004;
53859:004;
53860:004;
53861:004;
53862:004;
53863:004;
53864:001;
53865:001;
53866:001;
53867:003;
53868:003;
53869:003;
53870:003;
53871:003;
53872:003;
53873:003;
53874:003;
53875:003;
53876:003;
53877:003;
53878:003;
53879:003;
53880:003;
53881:003;
53882:003;
53883:003;
53884:003;
53885:003;
53886:003;
53887:001;
53888:003;
53889:003;
53890:003;
53891:003;
53892:003;
53893:003;
53894:003;
53895:003;
53896:003;
53897:003;
53898:003;
53899:003;
53900:003;
53901:003;
53902:003;
53903:003;
53904:003;
53905:003;
53906:003;
53907:003;
53908:001;
53909:001;
53910:001;
53911:004;
53912:004;
53913:004;
53914:004;
53915:004;
53916:004;
53917:004;
53918:004;
53919:004;
53920:004;
53921:004;
53922:004;
53923:004;
53924:004;
53925:004;
53926:004;
53927:004;
53928:004;
53929:004;
53930:004;
53931:004;
53932:004;
53933:004;
53934:004;
53935:004;
53936:004;
53937:004;
53938:004;
53939:004;
53940:004;
53941:004;
53942:004;
53943:004;
53944:004;
53945:004;
53946:004;
53947:004;
53948:004;
53949:004;
53950:004;
53951:004;
53952:004;
53953:004;
53954:004;
53955:004;
53956:004;
53957:004;
53958:004;
53959:004;
53960:004;
53961:004;
53962:004;
53963:004;
53964:004;
53965:004;
53966:004;
53967:004;
53968:004;
53969:004;
53970:004;
53971:004;
53972:004;
53973:004;
53974:004;
53975:004;
53976:004;
53977:004;
53978:004;
53979:004;
53980:004;
53981:004;
53982:004;
53983:004;
53984:004;
53985:004;
53986:004;
53987:004;
53988:004;
53989:004;
53990:004;
53991:004;
53992:004;
53993:001;
53994:001;
53995:001;
53996:003;
53997:003;
53998:003;
53999:003;
54000:003;
54001:003;
54002:003;
54003:003;
54004:003;
54005:003;
54006:003;
54007:003;
54008:003;
54009:003;
54010:003;
54011:003;
54012:003;
54013:003;
54014:003;
54015:001;
54016:003;
54017:003;
54018:003;
54019:003;
54020:003;
54021:003;
54022:003;
54023:003;
54024:003;
54025:003;
54026:003;
54027:003;
54028:003;
54029:003;
54030:003;
54031:003;
54032:003;
54033:003;
54034:003;
54035:001;
54036:001;
54037:001;
54038:004;
54039:004;
54040:004;
54041:004;
54042:004;
54043:004;
54044:004;
54045:004;
54046:004;
54047:004;
54048:004;
54049:004;
54050:004;
54051:004;
54052:004;
54053:004;
54054:004;
54055:004;
54056:004;
54057:004;
54058:004;
54059:004;
54060:004;
54061:004;
54062:004;
54063:004;
54064:004;
54065:004;
54066:004;
54067:004;
54068:004;
54069:004;
54070:004;
54071:004;
54072:004;
54073:004;
54074:004;
54075:004;
54076:004;
54077:004;
54078:004;
54079:004;
54080:004;
54081:004;
54082:004;
54083:004;
54084:004;
54085:004;
54086:004;
54087:004;
54088:004;
54089:004;
54090:004;
54091:004;
54092:004;
54093:004;
54094:004;
54095:004;
54096:004;
54097:004;
54098:004;
54099:004;
54100:004;
54101:004;
54102:004;
54103:004;
54104:004;
54105:004;
54106:004;
54107:004;
54108:004;
54109:004;
54110:004;
54111:004;
54112:004;
54113:004;
54114:004;
54115:004;
54116:004;
54117:004;
54118:004;
54119:004;
54120:004;
54121:004;
54122:001;
54123:001;
54124:001;
54125:003;
54126:003;
54127:003;
54128:003;
54129:003;
54130:003;
54131:003;
54132:003;
54133:003;
54134:003;
54135:003;
54136:003;
54137:003;
54138:003;
54139:003;
54140:003;
54141:003;
54142:003;
54143:001;
54144:003;
54145:003;
54146:003;
54147:003;
54148:003;
54149:003;
54150:003;
54151:003;
54152:003;
54153:003;
54154:003;
54155:003;
54156:003;
54157:003;
54158:003;
54159:003;
54160:003;
54161:003;
54162:001;
54163:001;
54164:001;
54165:004;
54166:004;
54167:004;
54168:004;
54169:004;
54170:004;
54171:004;
54172:004;
54173:004;
54174:004;
54175:004;
54176:004;
54177:004;
54178:004;
54179:004;
54180:004;
54181:004;
54182:004;
54183:004;
54184:004;
54185:004;
54186:004;
54187:004;
54188:004;
54189:004;
54190:004;
54191:004;
54192:004;
54193:004;
54194:004;
54195:004;
54196:004;
54197:004;
54198:004;
54199:004;
54200:004;
54201:004;
54202:004;
54203:004;
54204:004;
54205:004;
54206:004;
54207:004;
54208:004;
54209:004;
54210:004;
54211:004;
54212:004;
54213:004;
54214:004;
54215:004;
54216:004;
54217:004;
54218:004;
54219:004;
54220:004;
54221:004;
54222:004;
54223:004;
54224:004;
54225:004;
54226:004;
54227:004;
54228:004;
54229:004;
54230:004;
54231:004;
54232:004;
54233:004;
54234:004;
54235:004;
54236:004;
54237:004;
54238:004;
54239:004;
54240:004;
54241:004;
54242:004;
54243:004;
54244:004;
54245:004;
54246:004;
54247:004;
54248:004;
54249:004;
54250:004;
54251:001;
54252:001;
54253:001;
54254:003;
54255:003;
54256:003;
54257:003;
54258:003;
54259:003;
54260:003;
54261:003;
54262:003;
54263:003;
54264:003;
54265:003;
54266:003;
54267:003;
54268:003;
54269:003;
54270:003;
54271:001;
54272:003;
54273:003;
54274:003;
54275:003;
54276:003;
54277:003;
54278:003;
54279:003;
54280:003;
54281:003;
54282:003;
54283:003;
54284:003;
54285:003;
54286:003;
54287:003;
54288:003;
54289:001;
54290:001;
54291:001;
54292:004;
54293:004;
54294:004;
54295:004;
54296:004;
54297:004;
54298:004;
54299:004;
54300:004;
54301:004;
54302:004;
54303:004;
54304:004;
54305:004;
54306:004;
54307:004;
54308:004;
54309:004;
54310:004;
54311:004;
54312:004;
54313:004;
54314:004;
54315:004;
54316:004;
54317:004;
54318:004;
54319:004;
54320:004;
54321:004;
54322:004;
54323:004;
54324:004;
54325:004;
54326:004;
54327:004;
54328:004;
54329:004;
54330:004;
54331:004;
54332:004;
54333:004;
54334:004;
54335:004;
54336:004;
54337:004;
54338:004;
54339:004;
54340:004;
54341:004;
54342:004;
54343:004;
54344:004;
54345:004;
54346:004;
54347:004;
54348:004;
54349:004;
54350:004;
54351:004;
54352:004;
54353:004;
54354:004;
54355:004;
54356:004;
54357:004;
54358:004;
54359:004;
54360:004;
54361:004;
54362:004;
54363:004;
54364:004;
54365:004;
54366:004;
54367:004;
54368:004;
54369:004;
54370:004;
54371:004;
54372:004;
54373:004;
54374:004;
54375:004;
54376:004;
54377:004;
54378:004;
54379:004;
54380:001;
54381:001;
54382:001;
54383:003;
54384:003;
54385:003;
54386:003;
54387:003;
54388:003;
54389:003;
54390:003;
54391:003;
54392:003;
54393:003;
54394:003;
54395:003;
54396:003;
54397:003;
54398:003;
54399:001;
54400:003;
54401:003;
54402:003;
54403:003;
54404:003;
54405:003;
54406:003;
54407:003;
54408:003;
54409:003;
54410:003;
54411:003;
54412:003;
54413:003;
54414:003;
54415:003;
54416:001;
54417:001;
54418:001;
54419:004;
54420:004;
54421:004;
54422:004;
54423:004;
54424:004;
54425:004;
54426:004;
54427:004;
54428:004;
54429:004;
54430:004;
54431:004;
54432:004;
54433:004;
54434:004;
54435:004;
54436:004;
54437:004;
54438:004;
54439:004;
54440:004;
54441:004;
54442:004;
54443:004;
54444:004;
54445:004;
54446:004;
54447:004;
54448:004;
54449:004;
54450:004;
54451:004;
54452:004;
54453:004;
54454:004;
54455:004;
54456:004;
54457:004;
54458:004;
54459:004;
54460:004;
54461:004;
54462:004;
54463:004;
54464:004;
54465:004;
54466:004;
54467:004;
54468:004;
54469:004;
54470:004;
54471:004;
54472:004;
54473:004;
54474:004;
54475:004;
54476:004;
54477:004;
54478:004;
54479:004;
54480:004;
54481:004;
54482:004;
54483:004;
54484:004;
54485:004;
54486:004;
54487:004;
54488:004;
54489:004;
54490:004;
54491:004;
54492:004;
54493:004;
54494:004;
54495:004;
54496:004;
54497:004;
54498:004;
54499:004;
54500:004;
54501:004;
54502:004;
54503:004;
54504:004;
54505:004;
54506:004;
54507:004;
54508:004;
54509:001;
54510:001;
54511:001;
54512:003;
54513:003;
54514:003;
54515:003;
54516:003;
54517:003;
54518:003;
54519:003;
54520:003;
54521:003;
54522:003;
54523:003;
54524:003;
54525:003;
54526:003;
54527:001;
54528:001;
54529:001;
54530:001;
54531:001;
54532:001;
54533:001;
54534:001;
54535:001;
54536:001;
54537:001;
54538:001;
54539:001;
54540:001;
54541:001;
54542:001;
54543:001;
54544:001;
54545:001;
54546:004;
54547:004;
54548:004;
54549:004;
54550:004;
54551:004;
54552:004;
54553:004;
54554:004;
54555:004;
54556:004;
54557:004;
54558:004;
54559:004;
54560:004;
54561:004;
54562:004;
54563:004;
54564:004;
54565:004;
54566:004;
54567:004;
54568:004;
54569:004;
54570:004;
54571:004;
54572:004;
54573:004;
54574:004;
54575:004;
54576:004;
54577:004;
54578:004;
54579:004;
54580:004;
54581:004;
54582:004;
54583:004;
54584:004;
54585:004;
54586:004;
54587:004;
54588:004;
54589:004;
54590:004;
54591:004;
54592:004;
54593:004;
54594:004;
54595:004;
54596:004;
54597:004;
54598:004;
54599:004;
54600:004;
54601:004;
54602:004;
54603:004;
54604:004;
54605:004;
54606:004;
54607:004;
54608:004;
54609:004;
54610:004;
54611:004;
54612:004;
54613:004;
54614:004;
54615:004;
54616:004;
54617:004;
54618:004;
54619:004;
54620:004;
54621:004;
54622:004;
54623:004;
54624:004;
54625:004;
54626:004;
54627:004;
54628:004;
54629:004;
54630:004;
54631:004;
54632:004;
54633:004;
54634:004;
54635:004;
54636:004;
54637:004;
54638:001;
54639:001;
54640:001;
54641:001;
54642:001;
54643:001;
54644:001;
54645:001;
54646:001;
54647:001;
54648:001;
54649:001;
54650:001;
54651:001;
54652:001;
54653:001;
54654:001;
54655:001;
54656:001;
54657:001;
54658:001;
54659:001;
54660:001;
54661:001;
54662:001;
54663:001;
54664:001;
54665:001;
54666:001;
54667:001;
54668:001;
54669:001;
54670:001;
54671:001;
54672:001;
54673:004;
54674:004;
54675:004;
54676:004;
54677:004;
54678:004;
54679:004;
54680:004;
54681:004;
54682:004;
54683:004;
54684:004;
54685:004;
54686:004;
54687:004;
54688:004;
54689:004;
54690:004;
54691:004;
54692:004;
54693:004;
54694:004;
54695:004;
54696:004;
54697:004;
54698:004;
54699:004;
54700:004;
54701:004;
54702:004;
54703:004;
54704:004;
54705:004;
54706:004;
54707:004;
54708:004;
54709:004;
54710:004;
54711:004;
54712:004;
54713:004;
54714:004;
54715:004;
54716:004;
54717:004;
54718:004;
54719:004;
54720:004;
54721:004;
54722:004;
54723:004;
54724:004;
54725:004;
54726:004;
54727:004;
54728:004;
54729:004;
54730:004;
54731:004;
54732:004;
54733:004;
54734:004;
54735:004;
54736:004;
54737:004;
54738:004;
54739:004;
54740:004;
54741:004;
54742:004;
54743:004;
54744:004;
54745:004;
54746:004;
54747:004;
54748:004;
54749:004;
54750:004;
54751:004;
54752:004;
54753:004;
54754:004;
54755:004;
54756:004;
54757:004;
54758:004;
54759:004;
54760:004;
54761:004;
54762:004;
54763:004;
54764:004;
54765:004;
54766:004;
54767:001;
54768:001;
54769:001;
54770:001;
54771:001;
54772:001;
54773:001;
54774:001;
54775:001;
54776:001;
54777:001;
54778:001;
54779:001;
54780:001;
54781:001;
54782:001;
54783:001;
54784:004;
54785:004;
54786:004;
54787:004;
54788:004;
54789:004;
54790:004;
54791:004;
54792:004;
54793:004;
54794:004;
54795:004;
54796:004;
54797:004;
54798:004;
54799:004;
54800:004;
54801:004;
54802:004;
54803:004;
54804:004;
54805:004;
54806:004;
54807:004;
54808:004;
54809:004;
54810:004;
54811:004;
54812:004;
54813:004;
54814:004;
54815:004;
54816:004;
54817:004;
54818:004;
54819:004;
54820:004;
54821:004;
54822:004;
54823:004;
54824:004;
54825:004;
54826:004;
54827:004;
54828:004;
54829:004;
54830:004;
54831:004;
54832:004;
54833:004;
54834:004;
54835:004;
54836:004;
54837:004;
54838:004;
54839:004;
54840:004;
54841:004;
54842:004;
54843:004;
54844:004;
54845:004;
54846:004;
54847:004;
54848:004;
54849:004;
54850:004;
54851:004;
54852:004;
54853:004;
54854:004;
54855:004;
54856:004;
54857:004;
54858:004;
54859:004;
54860:004;
54861:004;
54862:004;
54863:004;
54864:004;
54865:004;
54866:004;
54867:004;
54868:004;
54869:004;
54870:004;
54871:004;
54872:004;
54873:004;
54874:004;
54875:004;
54876:004;
54877:004;
54878:004;
54879:004;
54880:004;
54881:004;
54882:004;
54883:004;
54884:004;
54885:004;
54886:004;
54887:004;
54888:004;
54889:004;
54890:004;
54891:004;
54892:004;
54893:004;
54894:004;
54895:004;
54896:004;
54897:004;
54898:004;
54899:004;
54900:004;
54901:004;
54902:004;
54903:004;
54904:004;
54905:004;
54906:004;
54907:004;
54908:004;
54909:004;
54910:004;
54911:004;
54912:004;
54913:004;
54914:004;
54915:004;
54916:004;
54917:004;
54918:004;
54919:004;
54920:004;
54921:004;
54922:004;
54923:004;
54924:004;
54925:004;
54926:004;
54927:004;
54928:004;
54929:004;
54930:004;
54931:004;
54932:004;
54933:004;
54934:004;
54935:004;
54936:004;
54937:004;
54938:004;
54939:004;
54940:004;
54941:004;
54942:004;
54943:004;
54944:004;
54945:004;
54946:004;
54947:004;
54948:004;
54949:004;
54950:004;
54951:004;
54952:004;
54953:004;
54954:004;
54955:004;
54956:004;
54957:004;
54958:004;
54959:004;
54960:004;
54961:004;
54962:004;
54963:004;
54964:004;
54965:004;
54966:004;
54967:004;
54968:004;
54969:004;
54970:004;
54971:004;
54972:004;
54973:004;
54974:004;
54975:004;
54976:004;
54977:004;
54978:004;
54979:004;
54980:004;
54981:004;
54982:004;
54983:004;
54984:004;
54985:004;
54986:004;
54987:004;
54988:004;
54989:004;
54990:004;
54991:004;
54992:004;
54993:004;
54994:004;
54995:004;
54996:004;
54997:004;
54998:004;
54999:004;
55000:004;
55001:004;
55002:004;
55003:004;
55004:004;
55005:004;
55006:004;
55007:004;
55008:004;
55009:004;
55010:004;
55011:004;
55012:004;
55013:004;
55014:004;
55015:004;
55016:004;
55017:004;
55018:004;
55019:004;
55020:004;
55021:004;
55022:004;
55023:004;
55024:004;
55025:004;
55026:004;
55027:004;
55028:004;
55029:004;
55030:004;
55031:004;
55032:004;
55033:004;
55034:004;
55035:004;
55036:004;
55037:004;
55038:004;
55039:004;
55040:004;
55041:004;
55042:004;
55043:004;
55044:004;
55045:004;
55046:004;
55047:004;
55048:004;
55049:004;
55050:004;
55051:004;
55052:004;
55053:004;
55054:004;
55055:004;
55056:004;
55057:004;
55058:004;
55059:004;
55060:004;
55061:004;
55062:004;
55063:004;
55064:004;
55065:004;
55066:004;
55067:004;
55068:004;
55069:004;
55070:004;
55071:004;
55072:004;
55073:004;
55074:004;
55075:004;
55076:004;
55077:004;
55078:004;
55079:004;
55080:004;
55081:004;
55082:004;
55083:004;
55084:004;
55085:004;
55086:004;
55087:004;
55088:004;
55089:004;
55090:004;
55091:004;
55092:004;
55093:004;
55094:004;
55095:004;
55096:004;
55097:004;
55098:004;
55099:004;
55100:004;
55101:004;
55102:004;
55103:004;
55104:004;
55105:004;
55106:004;
55107:004;
55108:004;
55109:004;
55110:004;
55111:004;
55112:004;
55113:004;
55114:004;
55115:004;
55116:004;
55117:004;
55118:004;
55119:004;
55120:004;
55121:004;
55122:004;
55123:004;
55124:004;
55125:004;
55126:004;
55127:004;
55128:004;
55129:004;
55130:004;
55131:004;
55132:004;
55133:004;
55134:004;
55135:004;
55136:004;
55137:004;
55138:004;
55139:004;
55140:004;
55141:004;
55142:004;
55143:004;
55144:004;
55145:004;
55146:004;
55147:004;
55148:004;
55149:004;
55150:004;
55151:004;
55152:004;
55153:004;
55154:004;
55155:004;
55156:004;
55157:004;
55158:004;
55159:004;
55160:004;
55161:004;
55162:004;
55163:004;
55164:004;
55165:004;
55166:004;
55167:004;
55168:004;
55169:004;
55170:004;
55171:004;
55172:004;
55173:004;
55174:004;
55175:004;
55176:004;
55177:004;
55178:004;
55179:004;
55180:004;
55181:004;
55182:004;
55183:004;
55184:004;
55185:004;
55186:004;
55187:004;
55188:004;
55189:004;
55190:004;
55191:004;
55192:004;
55193:004;
55194:004;
55195:004;
55196:004;
55197:004;
55198:004;
55199:004;
55200:004;
55201:004;
55202:004;
55203:004;
55204:004;
55205:004;
55206:004;
55207:004;
55208:004;
55209:004;
55210:004;
55211:004;
55212:004;
55213:004;
55214:004;
55215:004;
55216:004;
55217:004;
55218:004;
55219:004;
55220:004;
55221:004;
55222:004;
55223:004;
55224:004;
55225:004;
55226:004;
55227:004;
55228:004;
55229:004;
55230:004;
55231:004;
55232:004;
55233:004;
55234:004;
55235:004;
55236:004;
55237:004;
55238:004;
55239:004;
55240:004;
55241:004;
55242:004;
55243:004;
55244:004;
55245:004;
55246:004;
55247:004;
55248:004;
55249:004;
55250:004;
55251:004;
55252:004;
55253:004;
55254:004;
55255:004;
55256:004;
55257:004;
55258:004;
55259:004;
55260:004;
55261:004;
55262:004;
55263:004;
55264:004;
55265:004;
55266:004;
55267:004;
55268:004;
55269:004;
55270:004;
55271:004;
55272:004;
55273:004;
55274:004;
55275:004;
55276:004;
55277:004;
55278:004;
55279:004;
55280:004;
55281:004;
55282:004;
55283:004;
55284:004;
55285:004;
55286:004;
55287:004;
55288:004;
55289:004;
55290:004;
55291:004;
55292:004;
55293:004;
55294:004;
55295:004;
55296:004;
55297:004;
55298:004;
55299:004;
55300:004;
55301:004;
55302:004;
55303:004;
55304:004;
55305:004;
55306:004;
55307:004;
55308:004;
55309:004;
55310:004;
55311:004;
55312:004;
55313:004;
55314:004;
55315:004;
55316:004;
55317:004;
55318:004;
55319:004;
55320:004;
55321:004;
55322:004;
55323:004;
55324:004;
55325:004;
55326:004;
55327:004;
55328:004;
55329:004;
55330:004;
55331:004;
55332:004;
55333:004;
55334:004;
55335:004;
55336:004;
55337:004;
55338:004;
55339:004;
55340:004;
55341:004;
55342:004;
55343:004;
55344:004;
55345:004;
55346:004;
55347:004;
55348:004;
55349:004;
55350:004;
55351:004;
55352:004;
55353:004;
55354:004;
55355:004;
55356:004;
55357:004;
55358:004;
55359:004;
55360:004;
55361:004;
55362:004;
55363:004;
55364:004;
55365:004;
55366:004;
55367:004;
55368:004;
55369:004;
55370:004;
55371:004;
55372:004;
55373:004;
55374:004;
55375:004;
55376:004;
55377:004;
55378:004;
55379:004;
55380:004;
55381:004;
55382:004;
55383:004;
55384:004;
55385:004;
55386:004;
55387:004;
55388:004;
55389:004;
55390:004;
55391:004;
55392:004;
55393:004;
55394:004;
55395:004;
55396:004;
55397:004;
55398:004;
55399:004;
55400:004;
55401:004;
55402:004;
55403:004;
55404:004;
55405:004;
55406:004;
55407:004;
55408:004;
55409:004;
55410:004;
55411:004;
55412:004;
55413:004;
55414:004;
55415:004;
55416:004;
55417:004;
55418:004;
55419:004;
55420:004;
55421:004;
55422:004;
55423:004;
55424:004;
55425:004;
55426:004;
55427:004;
55428:004;
55429:004;
55430:004;
55431:004;
55432:004;
55433:004;
55434:004;
55435:004;
55436:004;
55437:004;
55438:004;
55439:004;
55440:004;
55441:004;
55442:004;
55443:004;
55444:004;
55445:004;
55446:004;
55447:004;
55448:004;
55449:004;
55450:004;
55451:004;
55452:004;
55453:004;
55454:004;
55455:004;
55456:004;
55457:004;
55458:004;
55459:004;
55460:004;
55461:004;
55462:004;
55463:004;
55464:004;
55465:004;
55466:004;
55467:004;
55468:004;
55469:004;
55470:004;
55471:004;
55472:004;
55473:004;
55474:004;
55475:004;
55476:004;
55477:004;
55478:004;
55479:004;
55480:004;
55481:004;
55482:004;
55483:004;
55484:004;
55485:004;
55486:004;
55487:004;
55488:004;
55489:004;
55490:004;
55491:004;
55492:004;
55493:004;
55494:004;
55495:004;
55496:004;
55497:004;
55498:004;
55499:004;
55500:004;
55501:004;
55502:004;
55503:004;
55504:004;
55505:004;
55506:004;
55507:004;
55508:004;
55509:004;
55510:004;
55511:004;
55512:004;
55513:004;
55514:004;
55515:004;
55516:004;
55517:004;
55518:004;
55519:004;
55520:004;
55521:004;
55522:004;
55523:004;
55524:004;
55525:004;
55526:004;
55527:004;
55528:004;
55529:004;
55530:004;
55531:004;
55532:004;
55533:004;
55534:004;
55535:004;
55536:004;
55537:004;
55538:004;
55539:004;
55540:004;
55541:004;
55542:004;
55543:004;
55544:004;
55545:004;
55546:004;
55547:004;
55548:004;
55549:004;
55550:004;
55551:004;
55552:004;
55553:004;
55554:004;
55555:004;
55556:004;
55557:004;
55558:004;
55559:004;
55560:004;
55561:004;
55562:004;
55563:004;
55564:004;
55565:004;
55566:004;
55567:004;
55568:004;
55569:004;
55570:004;
55571:004;
55572:004;
55573:004;
55574:004;
55575:004;
55576:004;
55577:004;
55578:004;
55579:004;
55580:004;
55581:004;
55582:004;
55583:004;
55584:004;
55585:004;
55586:004;
55587:004;
55588:004;
55589:004;
55590:004;
55591:004;
55592:004;
55593:004;
55594:004;
55595:004;
55596:004;
55597:004;
55598:004;
55599:004;
55600:004;
55601:004;
55602:004;
55603:004;
55604:004;
55605:004;
55606:004;
55607:004;
55608:004;
55609:004;
55610:004;
55611:004;
55612:004;
55613:004;
55614:004;
55615:004;
55616:004;
55617:004;
55618:004;
55619:004;
55620:004;
55621:004;
55622:004;
55623:004;
55624:004;
55625:004;
55626:004;
55627:004;
55628:004;
55629:004;
55630:004;
55631:004;
55632:004;
55633:004;
55634:004;
55635:004;
55636:004;
55637:004;
55638:004;
55639:004;
55640:004;
55641:004;
55642:004;
55643:004;
55644:004;
55645:004;
55646:004;
55647:004;
55648:004;
55649:004;
55650:004;
55651:004;
55652:004;
55653:004;
55654:004;
55655:004;
55656:004;
55657:004;
55658:004;
55659:004;
55660:004;
55661:004;
55662:004;
55663:004;
55664:004;
55665:004;
55666:004;
55667:004;
55668:004;
55669:004;
55670:004;
55671:004;
55672:004;
55673:004;
55674:004;
55675:004;
55676:004;
55677:004;
55678:004;
55679:004;
55680:004;
55681:004;
55682:004;
55683:004;
55684:004;
55685:004;
55686:004;
55687:004;
55688:004;
55689:004;
55690:004;
55691:004;
55692:004;
55693:004;
55694:004;
55695:004;
55696:004;
55697:004;
55698:004;
55699:004;
55700:004;
55701:004;
55702:004;
55703:004;
55704:004;
55705:004;
55706:004;
55707:004;
55708:004;
55709:004;
55710:004;
55711:004;
55712:004;
55713:004;
55714:004;
55715:004;
55716:004;
55717:004;
55718:004;
55719:004;
55720:004;
55721:004;
55722:004;
55723:004;
55724:004;
55725:004;
55726:004;
55727:004;
55728:004;
55729:004;
55730:004;
55731:004;
55732:004;
55733:004;
55734:004;
55735:004;
55736:004;
55737:004;
55738:004;
55739:004;
55740:004;
55741:004;
55742:004;
55743:004;
55744:004;
55745:004;
55746:004;
55747:004;
55748:004;
55749:004;
55750:004;
55751:004;
55752:004;
55753:004;
55754:004;
55755:004;
55756:004;
55757:004;
55758:004;
55759:004;
55760:004;
55761:004;
55762:004;
55763:004;
55764:004;
55765:004;
55766:004;
55767:004;
55768:004;
55769:004;
55770:004;
55771:004;
55772:004;
55773:004;
55774:004;
55775:004;
55776:004;
55777:004;
55778:004;
55779:004;
55780:004;
55781:004;
55782:004;
55783:004;
55784:004;
55785:004;
55786:004;
55787:004;
55788:004;
55789:004;
55790:004;
55791:004;
55792:004;
55793:004;
55794:004;
55795:004;
55796:004;
55797:004;
55798:004;
55799:004;
55800:004;
55801:004;
55802:004;
55803:004;
55804:004;
55805:004;
55806:004;
55807:004;
55808:004;
55809:004;
55810:004;
55811:004;
55812:004;
55813:004;
55814:004;
55815:004;
55816:004;
55817:004;
55818:004;
55819:004;
55820:004;
55821:004;
55822:004;
55823:004;
55824:004;
55825:004;
55826:004;
55827:004;
55828:004;
55829:004;
55830:004;
55831:004;
55832:004;
55833:004;
55834:004;
55835:004;
55836:004;
55837:004;
55838:004;
55839:004;
55840:004;
55841:004;
55842:004;
55843:004;
55844:004;
55845:004;
55846:004;
55847:004;
55848:004;
55849:004;
55850:004;
55851:004;
55852:004;
55853:004;
55854:004;
55855:004;
55856:004;
55857:004;
55858:004;
55859:004;
55860:004;
55861:004;
55862:004;
55863:004;
55864:004;
55865:004;
55866:004;
55867:004;
55868:004;
55869:004;
55870:004;
55871:004;
55872:004;
55873:004;
55874:004;
55875:004;
55876:004;
55877:004;
55878:004;
55879:004;
55880:004;
55881:004;
55882:004;
55883:004;
55884:004;
55885:004;
55886:004;
55887:004;
55888:004;
55889:004;
55890:004;
55891:004;
55892:004;
55893:004;
55894:004;
55895:004;
55896:004;
55897:004;
55898:004;
55899:004;
55900:004;
55901:004;
55902:004;
55903:004;
55904:004;
55905:004;
55906:004;
55907:004;
55908:004;
55909:004;
55910:004;
55911:004;
55912:004;
55913:004;
55914:004;
55915:004;
55916:004;
55917:004;
55918:004;
55919:004;
55920:004;
55921:004;
55922:004;
55923:004;
55924:004;
55925:004;
55926:004;
55927:004;
55928:004;
55929:004;
55930:004;
55931:004;
55932:004;
55933:004;
55934:004;
55935:004;
55936:004;
55937:004;
55938:004;
55939:004;
55940:004;
55941:004;
55942:004;
55943:004;
55944:004;
55945:004;
55946:004;
55947:004;
55948:004;
55949:004;
55950:004;
55951:004;
55952:004;
55953:004;
55954:004;
55955:004;
55956:004;
55957:004;
55958:004;
55959:004;
55960:004;
55961:004;
55962:004;
55963:004;
55964:004;
55965:004;
55966:004;
55967:004;
55968:004;
55969:004;
55970:004;
55971:004;
55972:004;
55973:004;
55974:004;
55975:004;
55976:004;
55977:004;
55978:004;
55979:004;
55980:004;
55981:004;
55982:004;
55983:004;
55984:004;
55985:004;
55986:004;
55987:004;
55988:004;
55989:004;
55990:004;
55991:004;
55992:004;
55993:004;
55994:004;
55995:004;
55996:004;
55997:004;
55998:004;
55999:004;
56000:004;
56001:004;
56002:004;
56003:004;
56004:004;
56005:004;
56006:004;
56007:004;
56008:004;
56009:004;
56010:004;
56011:004;
56012:004;
56013:004;
56014:004;
56015:004;
56016:004;
56017:004;
56018:004;
56019:004;
56020:004;
56021:004;
56022:004;
56023:004;
56024:004;
56025:004;
56026:004;
56027:004;
56028:004;
56029:004;
56030:004;
56031:004;
56032:004;
56033:004;
56034:004;
56035:004;
56036:004;
56037:004;
56038:004;
56039:004;
56040:004;
56041:004;
56042:004;
56043:004;
56044:004;
56045:004;
56046:004;
56047:004;
56048:004;
56049:004;
56050:004;
56051:004;
56052:004;
56053:004;
56054:004;
56055:004;
56056:004;
56057:004;
56058:004;
56059:004;
56060:004;
56061:004;
56062:004;
56063:004;
56064:004;
56065:004;
56066:004;
56067:004;
56068:004;
56069:004;
56070:004;
56071:004;
56072:004;
56073:004;
56074:004;
56075:004;
56076:004;
56077:004;
56078:004;
56079:004;
56080:004;
56081:004;
56082:004;
56083:004;
56084:004;
56085:004;
56086:004;
56087:004;
56088:004;
56089:004;
56090:004;
56091:004;
56092:004;
56093:004;
56094:004;
56095:004;
56096:004;
56097:004;
56098:004;
56099:004;
56100:004;
56101:004;
56102:004;
56103:004;
56104:004;
56105:004;
56106:004;
56107:004;
56108:004;
56109:004;
56110:004;
56111:004;
56112:004;
56113:004;
56114:004;
56115:004;
56116:004;
56117:004;
56118:004;
56119:004;
56120:004;
56121:004;
56122:004;
56123:004;
56124:004;
56125:004;
56126:004;
56127:004;
56128:004;
56129:004;
56130:004;
56131:004;
56132:004;
56133:004;
56134:004;
56135:004;
56136:004;
56137:004;
56138:004;
56139:004;
56140:004;
56141:004;
56142:004;
56143:004;
56144:004;
56145:004;
56146:004;
56147:004;
56148:004;
56149:004;
56150:004;
56151:004;
56152:004;
56153:004;
56154:004;
56155:004;
56156:004;
56157:004;
56158:004;
56159:004;
56160:004;
56161:004;
56162:004;
56163:004;
56164:004;
56165:004;
56166:004;
56167:004;
56168:004;
56169:004;
56170:004;
56171:004;
56172:004;
56173:004;
56174:004;
56175:004;
56176:004;
56177:004;
56178:004;
56179:004;
56180:004;
56181:004;
56182:004;
56183:004;
56184:004;
56185:004;
56186:004;
56187:004;
56188:004;
56189:004;
56190:004;
56191:004;
56192:004;
56193:004;
56194:004;
56195:004;
56196:004;
56197:004;
56198:004;
56199:004;
56200:004;
56201:004;
56202:004;
56203:004;
56204:004;
56205:004;
56206:004;
56207:004;
56208:004;
56209:004;
56210:004;
56211:004;
56212:004;
56213:004;
56214:004;
56215:004;
56216:004;
56217:004;
56218:004;
56219:004;
56220:004;
56221:004;
56222:004;
56223:004;
56224:004;
56225:004;
56226:004;
56227:004;
56228:004;
56229:004;
56230:004;
56231:004;
56232:004;
56233:004;
56234:004;
56235:004;
56236:004;
56237:004;
56238:004;
56239:004;
56240:004;
56241:004;
56242:004;
56243:004;
56244:004;
56245:004;
56246:004;
56247:004;
56248:004;
56249:004;
56250:004;
56251:004;
56252:004;
56253:004;
56254:004;
56255:004;
56256:004;
56257:004;
56258:004;
56259:004;
56260:004;
56261:004;
56262:004;
56263:004;
56264:004;
56265:004;
56266:004;
56267:004;
56268:004;
56269:004;
56270:004;
56271:004;
56272:004;
56273:004;
56274:004;
56275:004;
56276:004;
56277:004;
56278:004;
56279:004;
56280:004;
56281:004;
56282:004;
56283:004;
56284:004;
56285:004;
56286:004;
56287:004;
56288:004;
56289:004;
56290:004;
56291:004;
56292:004;
56293:004;
56294:004;
56295:004;
56296:004;
56297:004;
56298:004;
56299:004;
56300:004;
56301:004;
56302:004;
56303:004;
56304:004;
56305:004;
56306:004;
56307:004;
56308:004;
56309:004;
56310:004;
56311:004;
56312:004;
56313:004;
56314:004;
56315:004;
56316:004;
56317:004;
56318:004;
56319:004;
56320:004;
56321:004;
56322:004;
56323:004;
56324:004;
56325:004;
56326:004;
56327:004;
56328:004;
56329:004;
56330:004;
56331:004;
56332:004;
56333:004;
56334:004;
56335:004;
56336:004;
56337:004;
56338:004;
56339:004;
56340:004;
56341:004;
56342:004;
56343:004;
56344:004;
56345:004;
56346:004;
56347:004;
56348:004;
56349:004;
56350:004;
56351:004;
56352:004;
56353:004;
56354:004;
56355:004;
56356:004;
56357:004;
56358:004;
56359:004;
56360:004;
56361:004;
56362:004;
56363:004;
56364:004;
56365:004;
56366:004;
56367:004;
56368:004;
56369:004;
56370:004;
56371:004;
56372:004;
56373:004;
56374:004;
56375:004;
56376:004;
56377:004;
56378:004;
56379:004;
56380:004;
56381:004;
56382:004;
56383:004;
56384:004;
56385:004;
56386:004;
56387:004;
56388:004;
56389:004;
56390:004;
56391:004;
56392:004;
56393:004;
56394:004;
56395:004;
56396:004;
56397:004;
56398:004;
56399:004;
56400:004;
56401:004;
56402:004;
56403:004;
56404:004;
56405:004;
56406:004;
56407:004;
56408:004;
56409:004;
56410:004;
56411:004;
56412:004;
56413:004;
56414:004;
56415:004;
56416:004;
56417:004;
56418:004;
56419:004;
56420:004;
56421:004;
56422:004;
56423:004;
56424:004;
56425:004;
56426:004;
56427:004;
56428:004;
56429:004;
56430:004;
56431:004;
56432:004;
56433:004;
56434:004;
56435:004;
56436:004;
56437:004;
56438:004;
56439:004;
56440:004;
56441:004;
56442:004;
56443:004;
56444:004;
56445:004;
56446:004;
56447:004;
56448:004;
56449:004;
56450:004;
56451:004;
56452:004;
56453:004;
56454:004;
56455:004;
56456:004;
56457:004;
56458:004;
56459:004;
56460:004;
56461:004;
56462:004;
56463:004;
56464:004;
56465:004;
56466:004;
56467:004;
56468:004;
56469:004;
56470:004;
56471:004;
56472:004;
56473:004;
56474:004;
56475:004;
56476:004;
56477:004;
56478:004;
56479:004;
56480:004;
56481:004;
56482:004;
56483:004;
56484:004;
56485:004;
56486:004;
56487:004;
56488:004;
56489:004;
56490:004;
56491:004;
56492:004;
56493:004;
56494:004;
56495:004;
56496:004;
56497:004;
56498:004;
56499:004;
56500:004;
56501:004;
56502:004;
56503:004;
56504:004;
56505:004;
56506:004;
56507:004;
56508:004;
56509:004;
56510:004;
56511:004;
56512:004;
56513:004;
56514:004;
56515:004;
56516:004;
56517:004;
56518:004;
56519:004;
56520:004;
56521:004;
56522:004;
56523:004;
56524:004;
56525:004;
56526:004;
56527:004;
56528:004;
56529:004;
56530:004;
56531:004;
56532:004;
56533:004;
56534:004;
56535:004;
56536:004;
56537:004;
56538:004;
56539:004;
56540:004;
56541:004;
56542:004;
56543:004;
56544:004;
56545:004;
56546:004;
56547:004;
56548:004;
56549:004;
56550:004;
56551:004;
56552:004;
56553:004;
56554:004;
56555:004;
56556:004;
56557:004;
56558:004;
56559:004;
56560:004;
56561:004;
56562:004;
56563:004;
56564:004;
56565:004;
56566:004;
56567:004;
56568:004;
56569:004;
56570:004;
56571:004;
56572:004;
56573:004;
56574:004;
56575:004;
56576:004;
56577:004;
56578:004;
56579:004;
56580:004;
56581:004;
56582:004;
56583:004;
56584:004;
56585:004;
56586:004;
56587:004;
56588:004;
56589:004;
56590:004;
56591:004;
56592:004;
56593:004;
56594:004;
56595:004;
56596:004;
56597:004;
56598:004;
56599:004;
56600:004;
56601:004;
56602:004;
56603:004;
56604:004;
56605:004;
56606:004;
56607:004;
56608:004;
56609:004;
56610:004;
56611:004;
56612:004;
56613:004;
56614:004;
56615:004;
56616:004;
56617:004;
56618:004;
56619:004;
56620:004;
56621:004;
56622:004;
56623:004;
56624:004;
56625:004;
56626:004;
56627:004;
56628:004;
56629:004;
56630:004;
56631:004;
56632:004;
56633:004;
56634:004;
56635:004;
56636:004;
56637:004;
56638:004;
56639:004;
56640:004;
56641:004;
56642:004;
56643:004;
56644:004;
56645:004;
56646:004;
56647:004;
56648:004;
56649:004;
56650:004;
56651:004;
56652:004;
56653:004;
56654:004;
56655:004;
56656:004;
56657:004;
56658:004;
56659:004;
56660:004;
56661:004;
56662:004;
56663:004;
56664:004;
56665:004;
56666:004;
56667:004;
56668:004;
56669:004;
56670:004;
56671:004;
56672:004;
56673:004;
56674:004;
56675:004;
56676:004;
56677:004;
56678:004;
56679:004;
56680:004;
56681:004;
56682:004;
56683:004;
56684:004;
56685:004;
56686:004;
56687:004;
56688:004;
56689:004;
56690:004;
56691:004;
56692:004;
56693:004;
56694:004;
56695:004;
56696:004;
56697:004;
56698:004;
56699:004;
56700:004;
56701:004;
56702:004;
56703:004;
56704:004;
56705:004;
56706:004;
56707:004;
56708:004;
56709:004;
56710:004;
56711:004;
56712:004;
56713:004;
56714:004;
56715:004;
56716:004;
56717:004;
56718:004;
56719:004;
56720:004;
56721:004;
56722:004;
56723:004;
56724:004;
56725:004;
56726:004;
56727:004;
56728:004;
56729:004;
56730:004;
56731:004;
56732:004;
56733:004;
56734:004;
56735:004;
56736:004;
56737:004;
56738:004;
56739:004;
56740:004;
56741:004;
56742:004;
56743:004;
56744:004;
56745:004;
56746:004;
56747:004;
56748:004;
56749:004;
56750:004;
56751:004;
56752:004;
56753:004;
56754:004;
56755:004;
56756:004;
56757:004;
56758:004;
56759:004;
56760:004;
56761:004;
56762:004;
56763:004;
56764:004;
56765:004;
56766:004;
56767:004;
56768:004;
56769:004;
56770:004;
56771:004;
56772:004;
56773:004;
56774:004;
56775:004;
56776:004;
56777:004;
56778:004;
56779:004;
56780:004;
56781:004;
56782:004;
56783:004;
56784:004;
56785:004;
56786:004;
56787:004;
56788:004;
56789:004;
56790:004;
56791:004;
56792:004;
56793:004;
56794:004;
56795:004;
56796:004;
56797:004;
56798:004;
56799:004;
56800:004;
56801:004;
56802:004;
56803:004;
56804:004;
56805:004;
56806:004;
56807:004;
56808:004;
56809:004;
56810:004;
56811:004;
56812:004;
56813:004;
56814:004;
56815:004;
56816:004;
56817:004;
56818:004;
56819:004;
56820:004;
56821:004;
56822:004;
56823:004;
56824:004;
56825:004;
56826:004;
56827:004;
56828:004;
56829:004;
56830:004;
56831:004;
56832:004;
56833:004;
56834:004;
56835:004;
56836:004;
56837:004;
56838:004;
56839:004;
56840:004;
56841:004;
56842:004;
56843:004;
56844:004;
56845:004;
56846:004;
56847:004;
56848:004;
56849:004;
56850:004;
56851:004;
56852:004;
56853:004;
56854:004;
56855:004;
56856:004;
56857:004;
56858:004;
56859:004;
56860:004;
56861:004;
56862:004;
56863:004;
56864:004;
56865:004;
56866:004;
56867:004;
56868:004;
56869:004;
56870:004;
56871:004;
56872:004;
56873:004;
56874:004;
56875:004;
56876:004;
56877:004;
56878:004;
56879:004;
56880:004;
56881:004;
56882:004;
56883:004;
56884:004;
56885:004;
56886:004;
56887:004;
56888:004;
56889:004;
56890:004;
56891:004;
56892:004;
56893:004;
56894:004;
56895:004;
56896:004;
56897:004;
56898:004;
56899:004;
56900:004;
56901:004;
56902:004;
56903:004;
56904:004;
56905:004;
56906:004;
56907:004;
56908:004;
56909:004;
56910:004;
56911:004;
56912:004;
56913:004;
56914:004;
56915:004;
56916:004;
56917:004;
56918:004;
56919:004;
56920:004;
56921:004;
56922:004;
56923:004;
56924:004;
56925:004;
56926:004;
56927:004;
56928:004;
56929:004;
56930:004;
56931:004;
56932:004;
56933:004;
56934:004;
56935:004;
56936:004;
56937:004;
56938:004;
56939:004;
56940:004;
56941:004;
56942:004;
56943:004;
56944:004;
56945:004;
56946:004;
56947:004;
56948:004;
56949:004;
56950:004;
56951:004;
56952:004;
56953:004;
56954:004;
56955:004;
56956:004;
56957:004;
56958:004;
56959:004;
56960:004;
56961:004;
56962:004;
56963:004;
56964:004;
56965:004;
56966:004;
56967:004;
56968:004;
56969:004;
56970:004;
56971:004;
56972:004;
56973:004;
56974:004;
56975:004;
56976:004;
56977:004;
56978:004;
56979:004;
56980:004;
56981:004;
56982:004;
56983:004;
56984:004;
56985:004;
56986:004;
56987:004;
56988:004;
56989:004;
56990:004;
56991:004;
56992:004;
56993:004;
56994:004;
56995:004;
56996:004;
56997:004;
56998:004;
56999:004;
57000:004;
57001:004;
57002:004;
57003:004;
57004:004;
57005:004;
57006:004;
57007:004;
57008:004;
57009:004;
57010:004;
57011:004;
57012:004;
57013:004;
57014:004;
57015:004;
57016:004;
57017:004;
57018:004;
57019:004;
57020:004;
57021:004;
57022:004;
57023:004;
57024:004;
57025:004;
57026:004;
57027:004;
57028:004;
57029:004;
57030:004;
57031:004;
57032:004;
57033:004;
57034:004;
57035:004;
57036:004;
57037:004;
57038:004;
57039:004;
57040:004;
57041:004;
57042:004;
57043:004;
57044:004;
57045:004;
57046:004;
57047:004;
57048:004;
57049:004;
57050:004;
57051:004;
57052:004;
57053:004;
57054:004;
57055:004;
57056:004;
57057:004;
57058:004;
57059:004;
57060:004;
57061:004;
57062:004;
57063:004;
57064:004;
57065:004;
57066:004;
57067:004;
57068:004;
57069:004;
57070:004;
57071:004;
57072:004;
57073:004;
57074:004;
57075:004;
57076:004;
57077:004;
57078:004;
57079:004;
57080:004;
57081:004;
57082:004;
57083:004;
57084:004;
57085:004;
57086:004;
57087:004;
57088:004;
57089:004;
57090:004;
57091:004;
57092:004;
57093:004;
57094:004;
57095:004;
57096:004;
57097:004;
57098:004;
57099:004;
57100:004;
57101:004;
57102:004;
57103:004;
57104:004;
57105:004;
57106:004;
57107:004;
57108:004;
57109:004;
57110:004;
57111:004;
57112:004;
57113:004;
57114:004;
57115:004;
57116:004;
57117:004;
57118:004;
57119:004;
57120:004;
57121:004;
57122:004;
57123:004;
57124:004;
57125:004;
57126:004;
57127:004;
57128:004;
57129:004;
57130:004;
57131:004;
57132:004;
57133:004;
57134:004;
57135:004;
57136:004;
57137:004;
57138:004;
57139:004;
57140:004;
57141:004;
57142:004;
57143:004;
57144:004;
57145:004;
57146:004;
57147:004;
57148:004;
57149:004;
57150:004;
57151:004;
57152:004;
57153:004;
57154:004;
57155:004;
57156:004;
57157:004;
57158:004;
57159:004;
57160:004;
57161:004;
57162:004;
57163:004;
57164:004;
57165:004;
57166:004;
57167:004;
57168:004;
57169:004;
57170:004;
57171:004;
57172:004;
57173:004;
57174:004;
57175:004;
57176:004;
57177:004;
57178:004;
57179:004;
57180:004;
57181:004;
57182:004;
57183:004;
57184:004;
57185:004;
57186:004;
57187:004;
57188:004;
57189:004;
57190:004;
57191:004;
57192:004;
57193:004;
57194:004;
57195:004;
57196:004;
57197:004;
57198:004;
57199:004;
57200:004;
57201:004;
57202:004;
57203:004;
57204:004;
57205:004;
57206:004;
57207:004;
57208:004;
57209:004;
57210:004;
57211:004;
57212:004;
57213:004;
57214:004;
57215:004;
57216:004;
57217:004;
57218:004;
57219:004;
57220:004;
57221:004;
57222:004;
57223:004;
57224:004;
57225:004;
57226:004;
57227:004;
57228:004;
57229:004;
57230:004;
57231:004;
57232:004;
57233:004;
57234:004;
57235:004;
57236:004;
57237:004;
57238:004;
57239:004;
57240:004;
57241:004;
57242:004;
57243:004;
57244:004;
57245:004;
57246:004;
57247:004;
57248:004;
57249:004;
57250:004;
57251:004;
57252:004;
57253:004;
57254:004;
57255:004;
57256:004;
57257:004;
57258:004;
57259:004;
57260:004;
57261:004;
57262:004;
57263:004;
57264:004;
57265:004;
57266:004;
57267:004;
57268:004;
57269:004;
57270:004;
57271:004;
57272:004;
57273:004;
57274:004;
57275:004;
57276:004;
57277:004;
57278:004;
57279:004;
57280:004;
57281:004;
57282:004;
57283:004;
57284:004;
57285:004;
57286:004;
57287:004;
57288:004;
57289:004;
57290:004;
57291:004;
57292:004;
57293:004;
57294:004;
57295:004;
57296:004;
57297:004;
57298:004;
57299:004;
57300:004;
57301:004;
57302:004;
57303:004;
57304:004;
57305:004;
57306:004;
57307:004;
57308:004;
57309:004;
57310:004;
57311:004;
57312:004;
57313:004;
57314:004;
57315:004;
57316:004;
57317:004;
57318:004;
57319:004;
57320:004;
57321:004;
57322:004;
57323:004;
57324:004;
57325:004;
57326:004;
57327:004;
57328:004;
57329:004;
57330:004;
57331:004;
57332:004;
57333:004;
57334:004;
57335:004;
57336:004;
57337:004;
57338:004;
57339:004;
57340:004;
57341:004;
57342:004;
57343:004;
57344:004;
57345:004;
57346:004;
57347:004;
57348:004;
57349:004;
57350:004;
57351:004;
57352:004;
57353:004;
57354:004;
57355:004;
57356:004;
57357:004;
57358:004;
57359:004;
57360:004;
57361:004;
57362:004;
57363:004;
57364:004;
57365:004;
57366:004;
57367:004;
57368:004;
57369:004;
57370:004;
57371:004;
57372:004;
57373:004;
57374:004;
57375:004;
57376:004;
57377:004;
57378:004;
57379:004;
57380:004;
57381:004;
57382:004;
57383:004;
57384:004;
57385:004;
57386:004;
57387:004;
57388:004;
57389:004;
57390:004;
57391:004;
57392:004;
57393:004;
57394:004;
57395:004;
57396:004;
57397:004;
57398:004;
57399:004;
57400:004;
57401:004;
57402:004;
57403:004;
57404:004;
57405:004;
57406:004;
57407:004;
57408:004;
57409:004;
57410:004;
57411:004;
57412:004;
57413:004;
57414:004;
57415:004;
57416:004;
57417:004;
57418:004;
57419:004;
57420:004;
57421:004;
57422:004;
57423:004;
57424:004;
57425:004;
57426:004;
57427:004;
57428:004;
57429:004;
57430:004;
57431:004;
57432:004;
57433:004;
57434:004;
57435:004;
57436:004;
57437:004;
57438:004;
57439:004;
57440:004;
57441:004;
57442:004;
57443:004;
57444:004;
57445:004;
57446:004;
57447:004;
57448:004;
57449:004;
57450:004;
57451:004;
57452:004;
57453:004;
57454:004;
57455:004;
57456:004;
57457:004;
57458:004;
57459:004;
57460:004;
57461:004;
57462:004;
57463:004;
57464:004;
57465:004;
57466:004;
57467:004;
57468:004;
57469:004;
57470:004;
57471:004;
57472:004;
57473:004;
57474:004;
57475:004;
57476:004;
57477:004;
57478:004;
57479:004;
57480:004;
57481:004;
57482:004;
57483:004;
57484:004;
57485:004;
57486:004;
57487:004;
57488:004;
57489:004;
57490:004;
57491:004;
57492:004;
57493:004;
57494:004;
57495:004;
57496:004;
57497:004;
57498:004;
57499:004;
57500:004;
57501:004;
57502:004;
57503:004;
57504:004;
57505:004;
57506:004;
57507:004;
57508:004;
57509:004;
57510:004;
57511:004;
57512:004;
57513:004;
57514:004;
57515:004;
57516:004;
57517:004;
57518:004;
57519:004;
57520:004;
57521:004;
57522:004;
57523:004;
57524:004;
57525:004;
57526:004;
57527:004;
57528:004;
57529:004;
57530:004;
57531:004;
57532:004;
57533:004;
57534:004;
57535:004;
57536:004;
57537:004;
57538:004;
57539:004;
57540:004;
57541:004;
57542:004;
57543:004;
57544:004;
57545:004;
57546:004;
57547:004;
57548:004;
57549:004;
57550:004;
57551:004;
57552:004;
57553:004;
57554:004;
57555:004;
57556:004;
57557:004;
57558:004;
57559:004;
57560:004;
57561:004;
57562:004;
57563:004;
57564:004;
57565:004;
57566:004;
57567:004;
57568:004;
57569:004;
57570:004;
57571:004;
57572:004;
57573:004;
57574:004;
57575:004;
57576:004;
57577:004;
57578:004;
57579:004;
57580:004;
57581:004;
57582:004;
57583:004;
57584:004;
57585:004;
57586:004;
57587:004;
57588:004;
57589:004;
57590:004;
57591:004;
57592:004;
57593:004;
57594:004;
57595:004;
57596:004;
57597:004;
57598:004;
57599:004;
57600:004;
57601:004;
57602:004;
57603:004;
57604:004;
57605:004;
57606:004;
57607:004;
57608:004;
57609:004;
57610:004;
57611:004;
57612:004;
57613:004;
57614:004;
57615:004;
57616:004;
57617:004;
57618:004;
57619:004;
57620:004;
57621:004;
57622:004;
57623:004;
57624:004;
57625:004;
57626:004;
57627:004;
57628:004;
57629:004;
57630:004;
57631:004;
57632:004;
57633:004;
57634:004;
57635:004;
57636:004;
57637:004;
57638:004;
57639:004;
57640:004;
57641:004;
57642:004;
57643:004;
57644:004;
57645:004;
57646:004;
57647:004;
57648:004;
57649:004;
57650:004;
57651:004;
57652:004;
57653:004;
57654:004;
57655:004;
57656:004;
57657:004;
57658:004;
57659:004;
57660:004;
57661:004;
57662:004;
57663:004;
57664:004;
57665:004;
57666:004;
57667:004;
57668:004;
57669:004;
57670:004;
57671:004;
57672:004;
57673:004;
57674:004;
57675:004;
57676:004;
57677:004;
57678:004;
57679:004;
57680:004;
57681:004;
57682:004;
57683:004;
57684:004;
57685:004;
57686:004;
57687:004;
57688:004;
57689:004;
57690:004;
57691:004;
57692:004;
57693:004;
57694:004;
57695:004;
57696:004;
57697:004;
57698:004;
57699:004;
57700:004;
57701:004;
57702:004;
57703:004;
57704:004;
57705:004;
57706:004;
57707:004;
57708:004;
57709:004;
57710:004;
57711:004;
57712:004;
57713:004;
57714:004;
57715:004;
57716:004;
57717:004;
57718:004;
57719:004;
57720:004;
57721:004;
57722:004;
57723:004;
57724:004;
57725:004;
57726:004;
57727:004;
57728:004;
57729:004;
57730:004;
57731:004;
57732:004;
57733:004;
57734:004;
57735:004;
57736:004;
57737:004;
57738:004;
57739:004;
57740:004;
57741:004;
57742:004;
57743:004;
57744:004;
57745:004;
57746:004;
57747:004;
57748:004;
57749:004;
57750:004;
57751:004;
57752:004;
57753:004;
57754:004;
57755:004;
57756:004;
57757:004;
57758:004;
57759:004;
57760:004;
57761:004;
57762:004;
57763:004;
57764:004;
57765:004;
57766:004;
57767:004;
57768:004;
57769:004;
57770:004;
57771:004;
57772:004;
57773:004;
57774:004;
57775:004;
57776:004;
57777:004;
57778:004;
57779:004;
57780:004;
57781:004;
57782:004;
57783:004;
57784:004;
57785:004;
57786:004;
57787:004;
57788:004;
57789:004;
57790:004;
57791:004;
57792:004;
57793:004;
57794:004;
57795:004;
57796:004;
57797:004;
57798:004;
57799:004;
57800:004;
57801:004;
57802:004;
57803:004;
57804:004;
57805:004;
57806:004;
57807:004;
57808:004;
57809:004;
57810:004;
57811:004;
57812:004;
57813:004;
57814:004;
57815:004;
57816:004;
57817:004;
57818:004;
57819:004;
57820:004;
57821:004;
57822:004;
57823:004;
57824:004;
57825:004;
57826:004;
57827:004;
57828:004;
57829:004;
57830:004;
57831:004;
57832:004;
57833:004;
57834:004;
57835:004;
57836:004;
57837:004;
57838:004;
57839:004;
57840:004;
57841:004;
57842:004;
57843:004;
57844:004;
57845:004;
57846:004;
57847:004;
57848:004;
57849:004;
57850:004;
57851:004;
57852:004;
57853:004;
57854:004;
57855:004;
57856:004;
57857:004;
57858:004;
57859:004;
57860:004;
57861:004;
57862:004;
57863:004;
57864:004;
57865:004;
57866:004;
57867:004;
57868:004;
57869:004;
57870:004;
57871:004;
57872:004;
57873:004;
57874:004;
57875:004;
57876:004;
57877:004;
57878:004;
57879:004;
57880:004;
57881:004;
57882:004;
57883:004;
57884:004;
57885:004;
57886:004;
57887:004;
57888:004;
57889:004;
57890:004;
57891:004;
57892:004;
57893:004;
57894:004;
57895:004;
57896:004;
57897:004;
57898:004;
57899:004;
57900:004;
57901:004;
57902:004;
57903:004;
57904:004;
57905:004;
57906:004;
57907:004;
57908:004;
57909:004;
57910:004;
57911:004;
57912:004;
57913:004;
57914:004;
57915:004;
57916:004;
57917:004;
57918:004;
57919:004;
57920:004;
57921:004;
57922:004;
57923:004;
57924:004;
57925:004;
57926:004;
57927:004;
57928:004;
57929:004;
57930:004;
57931:004;
57932:004;
57933:004;
57934:004;
57935:004;
57936:004;
57937:004;
57938:004;
57939:004;
57940:004;
57941:004;
57942:004;
57943:004;
57944:004;
57945:004;
57946:004;
57947:004;
57948:004;
57949:004;
57950:004;
57951:004;
57952:004;
57953:004;
57954:004;
57955:004;
57956:004;
57957:004;
57958:004;
57959:004;
57960:004;
57961:004;
57962:004;
57963:004;
57964:004;
57965:004;
57966:004;
57967:004;
57968:004;
57969:004;
57970:004;
57971:004;
57972:004;
57973:004;
57974:004;
57975:004;
57976:004;
57977:004;
57978:004;
57979:004;
57980:004;
57981:004;
57982:004;
57983:004;
57984:004;
57985:004;
57986:004;
57987:004;
57988:004;
57989:004;
57990:004;
57991:004;
57992:004;
57993:004;
57994:004;
57995:004;
57996:004;
57997:004;
57998:004;
57999:004;
58000:004;
58001:004;
58002:004;
58003:004;
58004:004;
58005:004;
58006:004;
58007:004;
58008:004;
58009:004;
58010:004;
58011:004;
58012:004;
58013:004;
58014:004;
58015:004;
58016:004;
58017:004;
58018:004;
58019:004;
58020:004;
58021:004;
58022:004;
58023:004;
58024:004;
58025:004;
58026:004;
58027:004;
58028:004;
58029:004;
58030:004;
58031:004;
58032:004;
58033:004;
58034:004;
58035:004;
58036:004;
58037:004;
58038:004;
58039:004;
58040:004;
58041:004;
58042:004;
58043:004;
58044:004;
58045:004;
58046:004;
58047:004;
58048:004;
58049:004;
58050:004;
58051:004;
58052:004;
58053:004;
58054:004;
58055:004;
58056:004;
58057:004;
58058:004;
58059:004;
58060:004;
58061:004;
58062:004;
58063:004;
58064:004;
58065:004;
58066:004;
58067:004;
58068:004;
58069:004;
58070:004;
58071:004;
58072:004;
58073:004;
58074:004;
58075:004;
58076:004;
58077:004;
58078:004;
58079:004;
58080:004;
58081:004;
58082:004;
58083:004;
58084:004;
58085:004;
58086:004;
58087:004;
58088:004;
58089:004;
58090:004;
58091:004;
58092:004;
58093:004;
58094:004;
58095:004;
58096:004;
58097:004;
58098:004;
58099:004;
58100:004;
58101:004;
58102:004;
58103:004;
58104:004;
58105:004;
58106:004;
58107:004;
58108:004;
58109:004;
58110:004;
58111:004;
58112:004;
58113:004;
58114:004;
58115:004;
58116:004;
58117:004;
58118:004;
58119:004;
58120:004;
58121:004;
58122:004;
58123:004;
58124:004;
58125:004;
58126:004;
58127:004;
58128:004;
58129:004;
58130:004;
58131:004;
58132:004;
58133:004;
58134:004;
58135:004;
58136:004;
58137:004;
58138:004;
58139:004;
58140:004;
58141:004;
58142:004;
58143:004;
58144:004;
58145:004;
58146:004;
58147:004;
58148:004;
58149:004;
58150:004;
58151:004;
58152:004;
58153:004;
58154:004;
58155:004;
58156:004;
58157:004;
58158:004;
58159:004;
58160:004;
58161:004;
58162:004;
58163:004;
58164:004;
58165:004;
58166:004;
58167:004;
58168:004;
58169:004;
58170:004;
58171:004;
58172:004;
58173:004;
58174:004;
58175:004;
58176:004;
58177:004;
58178:004;
58179:004;
58180:004;
58181:004;
58182:004;
58183:004;
58184:004;
58185:004;
58186:004;
58187:004;
58188:004;
58189:004;
58190:004;
58191:004;
58192:004;
58193:004;
58194:004;
58195:004;
58196:004;
58197:004;
58198:004;
58199:004;
58200:004;
58201:004;
58202:004;
58203:004;
58204:004;
58205:004;
58206:004;
58207:004;
58208:004;
58209:004;
58210:004;
58211:004;
58212:004;
58213:004;
58214:004;
58215:004;
58216:004;
58217:004;
58218:004;
58219:004;
58220:004;
58221:004;
58222:004;
58223:004;
58224:004;
58225:004;
58226:004;
58227:004;
58228:004;
58229:004;
58230:004;
58231:004;
58232:004;
58233:004;
58234:004;
58235:004;
58236:004;
58237:004;
58238:004;
58239:004;
58240:004;
58241:004;
58242:004;
58243:004;
58244:004;
58245:004;
58246:004;
58247:004;
58248:004;
58249:004;
58250:004;
58251:004;
58252:004;
58253:004;
58254:004;
58255:004;
58256:004;
58257:004;
58258:004;
58259:004;
58260:004;
58261:004;
58262:004;
58263:004;
58264:004;
58265:004;
58266:004;
58267:004;
58268:004;
58269:004;
58270:004;
58271:004;
58272:004;
58273:004;
58274:004;
58275:004;
58276:004;
58277:004;
58278:004;
58279:004;
58280:004;
58281:004;
58282:004;
58283:004;
58284:004;
58285:004;
58286:004;
58287:004;
58288:004;
58289:004;
58290:004;
58291:004;
58292:004;
58293:004;
58294:004;
58295:004;
58296:004;
58297:004;
58298:004;
58299:004;
58300:004;
58301:004;
58302:004;
58303:004;
58304:004;
58305:004;
58306:004;
58307:004;
58308:004;
58309:004;
58310:004;
58311:004;
58312:004;
58313:004;
58314:004;
58315:004;
58316:004;
58317:004;
58318:004;
58319:004;
58320:004;
58321:004;
58322:004;
58323:004;
58324:004;
58325:004;
58326:004;
58327:004;
58328:004;
58329:004;
58330:004;
58331:004;
58332:004;
58333:004;
58334:004;
58335:004;
58336:004;
58337:004;
58338:004;
58339:004;
58340:004;
58341:004;
58342:004;
58343:004;
58344:004;
58345:004;
58346:004;
58347:004;
58348:004;
58349:004;
58350:004;
58351:004;
58352:004;
58353:004;
58354:004;
58355:004;
58356:004;
58357:004;
58358:004;
58359:004;
58360:004;
58361:004;
58362:004;
58363:004;
58364:004;
58365:004;
58366:004;
58367:004;
58368:004;
58369:004;
58370:004;
58371:004;
58372:004;
58373:004;
58374:004;
58375:004;
58376:004;
58377:004;
58378:004;
58379:004;
58380:004;
58381:004;
58382:004;
58383:004;
58384:004;
58385:004;
58386:004;
58387:004;
58388:004;
58389:004;
58390:004;
58391:004;
58392:004;
58393:004;
58394:004;
58395:004;
58396:004;
58397:004;
58398:004;
58399:004;
58400:004;
58401:004;
58402:004;
58403:004;
58404:004;
58405:004;
58406:004;
58407:004;
58408:004;
58409:004;
58410:004;
58411:004;
58412:004;
58413:004;
58414:004;
58415:004;
58416:004;
58417:004;
58418:004;
58419:004;
58420:004;
58421:004;
58422:004;
58423:004;
58424:004;
58425:004;
58426:004;
58427:004;
58428:004;
58429:004;
58430:004;
58431:004;
58432:004;
58433:004;
58434:004;
58435:004;
58436:004;
58437:004;
58438:004;
58439:004;
58440:004;
58441:004;
58442:004;
58443:004;
58444:004;
58445:004;
58446:004;
58447:004;
58448:004;
58449:004;
58450:004;
58451:004;
58452:004;
58453:004;
58454:004;
58455:004;
58456:004;
58457:004;
58458:004;
58459:004;
58460:004;
58461:004;
58462:004;
58463:004;
58464:004;
58465:004;
58466:004;
58467:004;
58468:004;
58469:004;
58470:004;
58471:004;
58472:004;
58473:004;
58474:004;
58475:004;
58476:004;
58477:004;
58478:004;
58479:004;
58480:004;
58481:004;
58482:004;
58483:004;
58484:004;
58485:004;
58486:004;
58487:004;
58488:004;
58489:004;
58490:004;
58491:004;
58492:004;
58493:004;
58494:004;
58495:004;
58496:004;
58497:004;
58498:004;
58499:004;
58500:004;
58501:004;
58502:004;
58503:004;
58504:004;
58505:004;
58506:004;
58507:004;
58508:004;
58509:004;
58510:004;
58511:004;
58512:004;
58513:004;
58514:004;
58515:004;
58516:004;
58517:004;
58518:004;
58519:004;
58520:004;
58521:004;
58522:004;
58523:004;
58524:004;
58525:004;
58526:004;
58527:004;
58528:004;
58529:004;
58530:004;
58531:004;
58532:004;
58533:004;
58534:004;
58535:004;
58536:004;
58537:004;
58538:004;
58539:004;
58540:004;
58541:004;
58542:004;
58543:004;
58544:004;
58545:004;
58546:004;
58547:004;
58548:004;
58549:004;
58550:004;
58551:004;
58552:004;
58553:004;
58554:004;
58555:004;
58556:004;
58557:004;
58558:004;
58559:004;
58560:004;
58561:004;
58562:004;
58563:004;
58564:004;
58565:004;
58566:004;
58567:004;
58568:004;
58569:004;
58570:004;
58571:004;
58572:004;
58573:004;
58574:004;
58575:004;
58576:004;
58577:004;
58578:004;
58579:004;
58580:004;
58581:004;
58582:004;
58583:004;
58584:004;
58585:004;
58586:004;
58587:004;
58588:004;
58589:004;
58590:004;
58591:004;
58592:004;
58593:004;
58594:004;
58595:004;
58596:004;
58597:004;
58598:004;
58599:004;
58600:004;
58601:004;
58602:004;
58603:004;
58604:004;
58605:004;
58606:004;
58607:004;
58608:004;
58609:004;
58610:004;
58611:004;
58612:004;
58613:004;
58614:004;
58615:004;
58616:004;
58617:004;
58618:004;
58619:004;
58620:004;
58621:004;
58622:004;
58623:004;
58624:004;
58625:004;
58626:004;
58627:004;
58628:004;
58629:004;
58630:004;
58631:004;
58632:004;
58633:004;
58634:004;
58635:004;
58636:004;
58637:004;
58638:004;
58639:004;
58640:004;
58641:004;
58642:004;
58643:004;
58644:004;
58645:004;
58646:004;
58647:004;
58648:004;
58649:004;
58650:004;
58651:004;
58652:004;
58653:004;
58654:004;
58655:004;
58656:004;
58657:004;
58658:004;
58659:004;
58660:004;
58661:004;
58662:004;
58663:004;
58664:004;
58665:004;
58666:004;
58667:004;
58668:004;
58669:004;
58670:004;
58671:004;
58672:004;
58673:004;
58674:004;
58675:004;
58676:004;
58677:004;
58678:004;
58679:004;
58680:004;
58681:004;
58682:004;
58683:004;
58684:004;
58685:004;
58686:004;
58687:004;
58688:004;
58689:004;
58690:004;
58691:004;
58692:004;
58693:004;
58694:004;
58695:004;
58696:004;
58697:004;
58698:004;
58699:004;
58700:004;
58701:004;
58702:004;
58703:004;
58704:004;
58705:004;
58706:004;
58707:004;
58708:004;
58709:004;
58710:004;
58711:004;
58712:004;
58713:004;
58714:004;
58715:004;
58716:004;
58717:004;
58718:004;
58719:004;
58720:004;
58721:004;
58722:004;
58723:004;
58724:004;
58725:004;
58726:004;
58727:004;
58728:004;
58729:004;
58730:004;
58731:004;
58732:004;
58733:004;
58734:004;
58735:004;
58736:004;
58737:004;
58738:004;
58739:004;
58740:004;
58741:004;
58742:004;
58743:004;
58744:004;
58745:004;
58746:004;
58747:004;
58748:004;
58749:004;
58750:004;
58751:004;
58752:004;
58753:004;
58754:004;
58755:004;
58756:004;
58757:004;
58758:004;
58759:004;
58760:004;
58761:004;
58762:004;
58763:004;
58764:004;
58765:004;
58766:004;
58767:004;
58768:004;
58769:004;
58770:004;
58771:004;
58772:004;
58773:004;
58774:004;
58775:004;
58776:004;
58777:004;
58778:004;
58779:004;
58780:004;
58781:004;
58782:004;
58783:004;
58784:004;
58785:004;
58786:004;
58787:004;
58788:004;
58789:004;
58790:004;
58791:004;
58792:004;
58793:004;
58794:004;
58795:004;
58796:004;
58797:004;
58798:004;
58799:004;
58800:004;
58801:004;
58802:004;
58803:004;
58804:004;
58805:004;
58806:004;
58807:004;
58808:004;
58809:004;
58810:004;
58811:004;
58812:004;
58813:004;
58814:004;
58815:004;
58816:004;
58817:004;
58818:004;
58819:004;
58820:004;
58821:004;
58822:004;
58823:004;
58824:004;
58825:004;
58826:004;
58827:004;
58828:004;
58829:004;
58830:004;
58831:004;
58832:004;
58833:004;
58834:004;
58835:004;
58836:004;
58837:004;
58838:004;
58839:004;
58840:004;
58841:004;
58842:004;
58843:004;
58844:004;
58845:004;
58846:004;
58847:004;
58848:004;
58849:004;
58850:004;
58851:004;
58852:004;
58853:004;
58854:004;
58855:004;
58856:004;
58857:004;
58858:004;
58859:004;
58860:004;
58861:004;
58862:004;
58863:004;
58864:004;
58865:004;
58866:004;
58867:004;
58868:004;
58869:004;
58870:004;
58871:004;
58872:004;
58873:004;
58874:004;
58875:004;
58876:004;
58877:004;
58878:004;
58879:004;
58880:002;
58881:002;
58882:002;
58883:002;
58884:002;
58885:002;
58886:002;
58887:002;
58888:002;
58889:002;
58890:002;
58891:002;
58892:002;
58893:002;
58894:002;
58895:002;
58896:002;
58897:002;
58898:002;
58899:002;
58900:002;
58901:002;
58902:002;
58903:002;
58904:002;
58905:002;
58906:002;
58907:002;
58908:002;
58909:002;
58910:002;
58911:002;
58912:002;
58913:002;
58914:002;
58915:002;
58916:002;
58917:002;
58918:002;
58919:002;
58920:002;
58921:002;
58922:002;
58923:002;
58924:002;
58925:002;
58926:001;
58927:001;
58928:002;
58929:002;
58930:002;
58931:002;
58932:002;
58933:002;
58934:002;
58935:002;
58936:002;
58937:002;
58938:002;
58939:002;
58940:002;
58941:002;
58942:002;
58943:002;
58944:002;
58945:002;
58946:002;
58947:002;
58948:002;
58949:002;
58950:002;
58951:002;
58952:002;
58953:002;
58954:002;
58955:002;
58956:002;
58957:002;
58958:002;
58959:002;
58960:002;
58961:002;
58962:002;
58963:002;
58964:002;
58965:002;
58966:002;
58967:002;
58968:002;
58969:002;
58970:002;
58971:002;
58972:002;
58973:002;
58974:002;
58975:002;
58976:002;
58977:002;
58978:002;
58979:002;
58980:002;
58981:002;
58982:002;
58983:002;
58984:002;
58985:002;
58986:002;
58987:002;
58988:002;
58989:002;
58990:001;
58991:001;
58992:002;
58993:002;
58994:002;
58995:002;
58996:002;
58997:002;
58998:002;
58999:002;
59000:002;
59001:002;
59002:002;
59003:002;
59004:002;
59005:002;
59006:002;
59007:002;
59008:002;
59009:002;
59010:002;
59011:002;
59012:002;
59013:002;
59014:002;
59015:002;
59016:002;
59017:002;
59018:002;
59019:002;
59020:002;
59021:002;
59022:002;
59023:002;
59024:002;
59025:002;
59026:002;
59027:002;
59028:002;
59029:002;
59030:002;
59031:002;
59032:002;
59033:002;
59034:002;
59035:002;
59036:002;
59037:002;
59038:002;
59039:002;
59040:002;
59041:002;
59042:002;
59043:002;
59044:002;
59045:002;
59046:002;
59047:002;
59048:002;
59049:002;
59050:002;
59051:002;
59052:002;
59053:002;
59054:002;
59055:002;
59056:001;
59057:001;
59058:002;
59059:002;
59060:002;
59061:002;
59062:002;
59063:002;
59064:002;
59065:002;
59066:002;
59067:002;
59068:002;
59069:002;
59070:002;
59071:002;
59072:002;
59073:002;
59074:002;
59075:002;
59076:002;
59077:002;
59078:002;
59079:002;
59080:002;
59081:002;
59082:002;
59083:002;
59084:002;
59085:002;
59086:002;
59087:002;
59088:002;
59089:002;
59090:002;
59091:002;
59092:002;
59093:002;
59094:002;
59095:002;
59096:002;
59097:002;
59098:002;
59099:002;
59100:002;
59101:002;
59102:002;
59103:002;
59104:002;
59105:002;
59106:002;
59107:002;
59108:002;
59109:002;
59110:002;
59111:002;
59112:002;
59113:002;
59114:002;
59115:002;
59116:002;
59117:002;
59118:002;
59119:002;
59120:001;
59121:001;
59122:002;
59123:002;
59124:002;
59125:002;
59126:002;
59127:002;
59128:002;
59129:002;
59130:002;
59131:002;
59132:002;
59133:002;
59134:002;
59135:002;
59136:002;
59137:002;
59138:002;
59139:002;
59140:002;
59141:002;
59142:002;
59143:002;
59144:002;
59145:002;
59146:002;
59147:002;
59148:002;
59149:002;
59150:002;
59151:002;
59152:002;
59153:002;
59154:002;
59155:002;
59156:002;
59157:002;
59158:002;
59159:002;
59160:002;
59161:002;
59162:002;
59163:002;
59164:002;
59165:002;
59166:002;
59167:002;
59168:002;
59169:002;
59170:002;
59171:002;
59172:002;
59173:002;
59174:002;
59175:002;
59176:002;
59177:002;
59178:002;
59179:002;
59180:002;
59181:002;
59182:002;
59183:002;
59184:002;
59185:002;
59186:001;
59187:001;
59188:002;
59189:002;
59190:002;
59191:002;
59192:002;
59193:002;
59194:002;
59195:002;
59196:002;
59197:002;
59198:002;
59199:002;
59200:002;
59201:002;
59202:002;
59203:002;
59204:002;
59205:002;
59206:002;
59207:002;
59208:002;
59209:006;
59210:006;
59211:006;
59212:006;
59213:006;
59214:006;
59215:006;
59216:006;
59217:006;
59218:006;
59219:006;
59220:006;
59221:006;
59222:006;
59223:006;
59224:006;
59225:006;
59226:006;
59227:006;
59228:006;
59229:006;
59230:006;
59231:006;
59232:002;
59233:002;
59234:002;
59235:002;
59236:002;
59237:002;
59238:002;
59239:002;
59240:002;
59241:002;
59242:002;
59243:002;
59244:002;
59245:002;
59246:002;
59247:002;
59248:002;
59249:002;
59250:001;
59251:001;
59252:002;
59253:002;
59254:002;
59255:002;
59256:002;
59257:002;
59258:002;
59259:002;
59260:002;
59261:002;
59262:002;
59263:002;
59264:002;
59265:002;
59266:002;
59267:002;
59268:002;
59269:002;
59270:002;
59271:002;
59272:002;
59273:002;
59274:002;
59275:002;
59276:002;
59277:002;
59278:002;
59279:002;
59280:002;
59281:002;
59282:002;
59283:002;
59284:002;
59285:002;
59286:002;
59287:002;
59288:002;
59289:002;
59290:002;
59291:002;
59292:002;
59293:002;
59294:002;
59295:002;
59296:002;
59297:002;
59298:002;
59299:002;
59300:002;
59301:002;
59302:002;
59303:002;
59304:002;
59305:002;
59306:002;
59307:002;
59308:002;
59309:002;
59310:002;
59311:002;
59312:002;
59313:002;
59314:002;
59315:002;
59316:001;
59317:001;
59318:002;
59319:002;
59320:002;
59321:002;
59322:002;
59323:002;
59324:002;
59325:002;
59326:002;
59327:002;
59328:002;
59329:002;
59330:002;
59331:002;
59332:002;
59333:002;
59334:002;
59335:002;
59336:002;
59337:002;
59338:002;
59339:006;
59340:006;
59341:006;
59342:006;
59343:006;
59344:006;
59345:006;
59346:006;
59347:006;
59348:006;
59349:006;
59350:006;
59351:006;
59352:006;
59353:006;
59354:006;
59355:006;
59356:006;
59357:006;
59358:006;
59359:006;
59360:006;
59361:006;
59362:002;
59363:002;
59364:002;
59365:002;
59366:002;
59367:002;
59368:002;
59369:002;
59370:002;
59371:002;
59372:002;
59373:002;
59374:002;
59375:002;
59376:002;
59377:002;
59378:002;
59379:002;
59380:001;
59381:001;
59382:002;
59383:002;
59384:002;
59385:002;
59386:002;
59387:002;
59388:002;
59389:002;
59390:002;
59391:002;
59392:002;
59393:002;
59394:002;
59395:002;
59396:002;
59397:002;
59398:002;
59399:002;
59400:002;
59401:002;
59402:002;
59403:002;
59404:002;
59405:002;
59406:002;
59407:002;
59408:002;
59409:002;
59410:002;
59411:002;
59412:002;
59413:002;
59414:002;
59415:002;
59416:002;
59417:002;
59418:002;
59419:002;
59420:002;
59421:002;
59422:002;
59423:002;
59424:002;
59425:002;
59426:002;
59427:002;
59428:002;
59429:002;
59430:002;
59431:002;
59432:002;
59433:002;
59434:002;
59435:002;
59436:002;
59437:002;
59438:002;
59439:002;
59440:002;
59441:002;
59442:002;
59443:002;
59444:002;
59445:002;
59446:001;
59447:001;
59448:002;
59449:002;
59450:002;
59451:002;
59452:002;
59453:002;
59454:002;
59455:002;
59456:002;
59457:002;
59458:002;
59459:002;
59460:002;
59461:002;
59462:002;
59463:002;
59464:002;
59465:002;
59466:002;
59467:002;
59468:002;
59469:006;
59470:006;
59471:006;
59472:006;
59473:006;
59474:006;
59475:006;
59476:006;
59477:006;
59478:006;
59479:006;
59480:006;
59481:006;
59482:006;
59483:006;
59484:006;
59485:006;
59486:006;
59487:006;
59488:006;
59489:006;
59490:006;
59491:006;
59492:002;
59493:002;
59494:002;
59495:002;
59496:002;
59497:002;
59498:002;
59499:002;
59500:002;
59501:002;
59502:002;
59503:002;
59504:002;
59505:002;
59506:002;
59507:002;
59508:002;
59509:002;
59510:001;
59511:001;
59512:002;
59513:002;
59514:002;
59515:002;
59516:002;
59517:002;
59518:002;
59519:002;
59520:002;
59521:002;
59522:002;
59523:002;
59524:002;
59525:002;
59526:002;
59527:002;
59528:002;
59529:002;
59530:002;
59531:002;
59532:002;
59533:002;
59534:002;
59535:002;
59536:002;
59537:002;
59538:002;
59539:002;
59540:002;
59541:002;
59542:002;
59543:002;
59544:002;
59545:002;
59546:002;
59547:002;
59548:002;
59549:002;
59550:002;
59551:002;
59552:002;
59553:002;
59554:002;
59555:002;
59556:002;
59557:002;
59558:002;
59559:002;
59560:002;
59561:002;
59562:002;
59563:002;
59564:002;
59565:002;
59566:002;
59567:002;
59568:002;
59569:002;
59570:002;
59571:002;
59572:002;
59573:002;
59574:002;
59575:002;
59576:001;
59577:001;
59578:002;
59579:002;
59580:002;
59581:002;
59582:002;
59583:002;
59584:002;
59585:002;
59586:002;
59587:002;
59588:002;
59589:002;
59590:002;
59591:002;
59592:002;
59593:002;
59594:002;
59595:002;
59596:002;
59597:002;
59598:002;
59599:006;
59600:006;
59601:006;
59602:006;
59603:006;
59604:006;
59605:006;
59606:006;
59607:006;
59608:006;
59609:006;
59610:006;
59611:006;
59612:006;
59613:006;
59614:006;
59615:006;
59616:006;
59617:006;
59618:006;
59619:006;
59620:006;
59621:006;
59622:002;
59623:002;
59624:002;
59625:002;
59626:002;
59627:002;
59628:002;
59629:002;
59630:002;
59631:002;
59632:002;
59633:002;
59634:002;
59635:002;
59636:002;
59637:002;
59638:002;
59639:002;
59640:001;
59641:001;
59642:002;
59643:002;
59644:002;
59645:002;
59646:002;
59647:002;
59648:002;
59649:002;
59650:002;
59651:002;
59652:002;
59653:002;
59654:002;
59655:002;
59656:002;
59657:002;
59658:002;
59659:002;
59660:002;
59661:002;
59662:002;
59663:002;
59664:002;
59665:002;
59666:002;
59667:002;
59668:002;
59669:002;
59670:002;
59671:002;
59672:002;
59673:002;
59674:002;
59675:002;
59676:002;
59677:002;
59678:002;
59679:002;
59680:002;
59681:002;
59682:002;
59683:002;
59684:002;
59685:002;
59686:002;
59687:002;
59688:002;
59689:002;
59690:002;
59691:002;
59692:002;
59693:002;
59694:002;
59695:002;
59696:002;
59697:002;
59698:002;
59699:002;
59700:002;
59701:002;
59702:002;
59703:002;
59704:002;
59705:002;
59706:001;
59707:001;
59708:002;
59709:002;
59710:002;
59711:002;
59712:002;
59713:002;
59714:002;
59715:002;
59716:002;
59717:002;
59718:002;
59719:002;
59720:002;
59721:002;
59722:002;
59723:002;
59724:002;
59725:002;
59726:002;
59727:002;
59728:002;
59729:002;
59730:002;
59731:002;
59732:002;
59733:002;
59734:002;
59735:002;
59736:002;
59737:002;
59738:002;
59739:002;
59740:002;
59741:002;
59742:002;
59743:002;
59744:002;
59745:002;
59746:002;
59747:002;
59748:002;
59749:002;
59750:002;
59751:002;
59752:002;
59753:002;
59754:002;
59755:002;
59756:002;
59757:002;
59758:002;
59759:002;
59760:002;
59761:002;
59762:002;
59763:002;
59764:002;
59765:002;
59766:002;
59767:002;
59768:002;
59769:002;
59770:001;
59771:001;
59772:002;
59773:002;
59774:002;
59775:002;
59776:002;
59777:002;
59778:002;
59779:002;
59780:002;
59781:002;
59782:002;
59783:002;
59784:002;
59785:002;
59786:002;
59787:002;
59788:002;
59789:002;
59790:002;
59791:002;
59792:002;
59793:002;
59794:002;
59795:002;
59796:002;
59797:002;
59798:002;
59799:002;
59800:002;
59801:002;
59802:002;
59803:002;
59804:002;
59805:002;
59806:002;
59807:002;
59808:002;
59809:002;
59810:002;
59811:002;
59812:002;
59813:002;
59814:002;
59815:002;
59816:002;
59817:002;
59818:002;
59819:002;
59820:002;
59821:002;
59822:002;
59823:002;
59824:002;
59825:002;
59826:002;
59827:002;
59828:002;
59829:002;
59830:002;
59831:002;
59832:002;
59833:002;
59834:002;
59835:002;
59836:001;
59837:001;
59838:002;
59839:002;
59840:002;
59841:002;
59842:002;
59843:002;
59844:002;
59845:002;
59846:002;
59847:002;
59848:002;
59849:002;
59850:002;
59851:002;
59852:002;
59853:002;
59854:002;
59855:002;
59856:002;
59857:002;
59858:002;
59859:002;
59860:002;
59861:002;
59862:002;
59863:002;
59864:002;
59865:002;
59866:002;
59867:002;
59868:002;
59869:002;
59870:002;
59871:002;
59872:002;
59873:002;
59874:002;
59875:002;
59876:002;
59877:002;
59878:002;
59879:002;
59880:002;
59881:002;
59882:002;
59883:002;
59884:002;
59885:002;
59886:002;
59887:002;
59888:002;
59889:002;
59890:002;
59891:002;
59892:002;
59893:002;
59894:002;
59895:002;
59896:002;
59897:002;
59898:002;
59899:002;
59900:001;
59901:001;
59902:002;
59903:002;
59904:000;
59905:000;
59906:000;
59907:000;
59908:000;
59909:000;
59910:000;
59911:000;
59912:000;
59913:000;
59914:000;
59915:000;
59916:000;
59917:000;
59918:000;
59919:000;
59920:000;
59921:000;
59922:000;
59923:000;
59924:000;
59925:000;
59926:000;
59927:000;
59928:000;
59929:000;
59930:000;
59931:000;
59932:000;
59933:000;
59934:000;
59935:000;
59936:000;
59937:000;
59938:000;
59939:000;
59940:000;
59941:000;
59942:000;
59943:000;
59944:000;
59945:000;
59946:000;
59947:000;
59948:000;
59949:000;
59950:000;
59951:000;
59952:000;
59953:000;
59954:000;
59955:000;
59956:000;
59957:000;
59958:000;
59959:000;
59960:000;
59961:000;
59962:000;
59963:000;
59964:000;
59965:000;
59966:001;
59967:001;
59968:000;
59969:000;
59970:000;
59971:000;
59972:000;
59973:000;
59974:000;
59975:000;
59976:000;
59977:000;
59978:000;
59979:000;
59980:000;
59981:000;
59982:000;
59983:000;
59984:000;
59985:000;
59986:000;
59987:000;
59988:000;
59989:000;
59990:000;
59991:000;
59992:000;
59993:000;
59994:000;
59995:000;
59996:000;
59997:000;
59998:000;
59999:000;
60000:000;
60001:000;
60002:000;
60003:000;
60004:000;
60005:000;
60006:000;
60007:000;
60008:000;
60009:000;
60010:000;
60011:000;
60012:000;
60013:000;
60014:000;
60015:000;
60016:000;
60017:000;
60018:000;
60019:000;
60020:000;
60021:000;
60022:000;
60023:000;
60024:000;
60025:000;
60026:000;
60027:000;
60028:000;
60029:000;
60030:001;
60031:001;
60032:000;
60033:000;
60034:000;
60035:000;
60036:000;
60037:000;
60038:000;
60039:000;
60040:000;
60041:000;
60042:000;
60043:000;
60044:000;
60045:000;
60046:000;
60047:000;
60048:000;
60049:000;
60050:000;
60051:000;
60052:000;
60053:000;
60054:000;
60055:000;
60056:000;
60057:000;
60058:000;
60059:000;
60060:000;
60061:000;
60062:000;
60063:000;
60064:000;
60065:000;
60066:000;
60067:000;
60068:000;
60069:000;
60070:000;
60071:000;
60072:000;
60073:000;
60074:000;
60075:000;
60076:000;
60077:000;
60078:000;
60079:000;
60080:000;
60081:000;
60082:000;
60083:000;
60084:000;
60085:000;
60086:000;
60087:000;
60088:000;
60089:000;
60090:000;
60091:000;
60092:000;
60093:000;
60094:000;
60095:001;
60096:000;
60097:000;
60098:000;
60099:000;
60100:000;
60101:000;
60102:000;
60103:000;
60104:000;
60105:000;
60106:000;
60107:000;
60108:000;
60109:000;
60110:000;
60111:000;
60112:000;
60113:000;
60114:000;
60115:000;
60116:000;
60117:000;
60118:000;
60119:000;
60120:000;
60121:000;
60122:000;
60123:000;
60124:000;
60125:000;
60126:000;
60127:000;
60128:000;
60129:000;
60130:000;
60131:000;
60132:000;
60133:000;
60134:000;
60135:000;
60136:000;
60137:000;
60138:000;
60139:000;
60140:000;
60141:000;
60142:000;
60143:000;
60144:000;
60145:000;
60146:000;
60147:000;
60148:000;
60149:000;
60150:000;
60151:000;
60152:000;
60153:000;
60154:000;
60155:000;
60156:000;
60157:000;
60158:000;
60159:001;
60160:000;
60161:000;
60162:000;
60163:000;
60164:000;
60165:000;
60166:000;
60167:000;
60168:000;
60169:000;
60170:000;
60171:000;
60172:000;
60173:000;
60174:000;
60175:000;
60176:000;
60177:000;
60178:000;
60179:000;
60180:000;
60181:000;
60182:000;
60183:000;
60184:000;
60185:000;
60186:000;
60187:000;
60188:000;
60189:000;
60190:000;
60191:000;
60192:000;
60193:000;
60194:000;
60195:000;
60196:000;
60197:000;
60198:000;
60199:000;
60200:000;
60201:000;
60202:000;
60203:000;
60204:000;
60205:000;
60206:000;
60207:000;
60208:000;
60209:000;
60210:000;
60211:000;
60212:000;
60213:000;
60214:000;
60215:000;
60216:000;
60217:000;
60218:000;
60219:000;
60220:000;
60221:000;
60222:000;
60223:001;
60224:000;
60225:000;
60226:000;
60227:000;
60228:000;
60229:000;
60230:000;
60231:000;
60232:000;
60233:000;
60234:000;
60235:000;
60236:000;
60237:000;
60238:000;
60239:000;
60240:000;
60241:000;
60242:000;
60243:000;
60244:000;
60245:000;
60246:000;
60247:000;
60248:000;
60249:000;
60250:000;
60251:000;
60252:000;
60253:000;
60254:000;
60255:000;
60256:000;
60257:000;
60258:000;
60259:000;
60260:000;
60261:000;
60262:000;
60263:000;
60264:000;
60265:000;
60266:000;
60267:000;
60268:000;
60269:000;
60270:000;
60271:000;
60272:000;
60273:000;
60274:000;
60275:000;
60276:000;
60277:000;
60278:000;
60279:000;
60280:000;
60281:000;
60282:000;
60283:000;
60284:000;
60285:000;
60286:000;
60287:001;
60288:000;
60289:000;
60290:000;
60291:000;
60292:000;
60293:000;
60294:000;
60295:000;
60296:000;
60297:000;
60298:000;
60299:000;
60300:000;
60301:000;
60302:000;
60303:000;
60304:000;
60305:000;
60306:000;
60307:000;
60308:000;
60309:000;
60310:000;
60311:000;
60312:000;
60313:000;
60314:000;
60315:000;
60316:000;
60317:000;
60318:000;
60319:000;
60320:000;
60321:000;
60322:000;
60323:000;
60324:000;
60325:000;
60326:000;
60327:000;
60328:000;
60329:000;
60330:000;
60331:000;
60332:000;
60333:000;
60334:000;
60335:000;
60336:000;
60337:000;
60338:000;
60339:000;
60340:000;
60341:000;
60342:000;
60343:000;
60344:000;
60345:000;
60346:000;
60347:000;
60348:000;
60349:000;
60350:000;
60351:001;
60352:000;
60353:000;
60354:000;
60355:000;
60356:000;
60357:000;
60358:000;
60359:000;
60360:000;
60361:000;
60362:000;
60363:000;
60364:000;
60365:000;
60366:000;
60367:000;
60368:000;
60369:000;
60370:000;
60371:000;
60372:000;
60373:000;
60374:000;
60375:000;
60376:000;
60377:000;
60378:000;
60379:000;
60380:000;
60381:000;
60382:000;
60383:000;
60384:000;
60385:000;
60386:000;
60387:000;
60388:000;
60389:000;
60390:000;
60391:000;
60392:000;
60393:000;
60394:000;
60395:000;
60396:000;
60397:000;
60398:000;
60399:000;
60400:000;
60401:000;
60402:000;
60403:000;
60404:000;
60405:000;
60406:000;
60407:000;
60408:000;
60409:000;
60410:000;
60411:000;
60412:000;
60413:000;
60414:000;
60415:001;
60416:000;
60417:000;
60418:000;
60419:000;
60420:000;
60421:000;
60422:000;
60423:000;
60424:000;
60425:000;
60426:000;
60427:000;
60428:000;
60429:000;
60430:000;
60431:000;
60432:000;
60433:000;
60434:000;
60435:000;
60436:000;
60437:000;
60438:000;
60439:000;
60440:000;
60441:000;
60442:000;
60443:000;
60444:000;
60445:000;
60446:000;
60447:000;
60448:000;
60449:000;
60450:000;
60451:000;
60452:000;
60453:000;
60454:000;
60455:000;
60456:000;
60457:000;
60458:000;
60459:000;
60460:000;
60461:000;
60462:000;
60463:000;
60464:000;
60465:000;
60466:000;
60467:000;
60468:000;
60469:000;
60470:000;
60471:000;
60472:000;
60473:000;
60474:000;
60475:000;
60476:000;
60477:000;
60478:000;
60479:001;
60480:000;
60481:000;
60482:000;
60483:000;
60484:000;
60485:000;
60486:000;
60487:000;
60488:000;
60489:000;
60490:000;
60491:000;
60492:000;
60493:000;
60494:000;
60495:000;
60496:000;
60497:000;
60498:000;
60499:000;
60500:000;
60501:000;
60502:000;
60503:000;
60504:000;
60505:000;
60506:000;
60507:000;
60508:000;
60509:000;
60510:000;
60511:000;
60512:000;
60513:000;
60514:000;
60515:000;
60516:000;
60517:000;
60518:000;
60519:000;
60520:000;
60521:000;
60522:000;
60523:000;
60524:000;
60525:000;
60526:000;
60527:000;
60528:000;
60529:000;
60530:000;
60531:000;
60532:000;
60533:000;
60534:000;
60535:000;
60536:000;
60537:000;
60538:000;
60539:000;
60540:000;
60541:000;
60542:000;
60543:001;
60544:000;
60545:000;
60546:000;
60547:000;
60548:000;
60549:000;
60550:000;
60551:000;
60552:000;
60553:000;
60554:000;
60555:000;
60556:000;
60557:000;
60558:000;
60559:000;
60560:000;
60561:000;
60562:000;
60563:000;
60564:000;
60565:000;
60566:000;
60567:000;
60568:000;
60569:000;
60570:000;
60571:000;
60572:000;
60573:000;
60574:000;
60575:000;
60576:000;
60577:000;
60578:000;
60579:000;
60580:000;
60581:000;
60582:000;
60583:000;
60584:000;
60585:000;
60586:000;
60587:000;
60588:000;
60589:000;
60590:000;
60591:000;
60592:000;
60593:000;
60594:000;
60595:000;
60596:000;
60597:000;
60598:000;
60599:000;
60600:000;
60601:000;
60602:000;
60603:000;
60604:000;
60605:000;
60606:000;
60607:001;
60608:000;
60609:000;
60610:000;
60611:000;
60612:000;
60613:000;
60614:000;
60615:000;
60616:000;
60617:000;
60618:000;
60619:000;
60620:000;
60621:000;
60622:000;
60623:000;
60624:000;
60625:000;
60626:000;
60627:000;
60628:000;
60629:000;
60630:000;
60631:000;
60632:000;
60633:000;
60634:000;
60635:000;
60636:000;
60637:000;
60638:000;
60639:000;
60640:000;
60641:000;
60642:000;
60643:000;
60644:000;
60645:000;
60646:000;
60647:000;
60648:000;
60649:000;
60650:000;
60651:000;
60652:000;
60653:000;
60654:000;
60655:000;
60656:000;
60657:000;
60658:000;
60659:000;
60660:000;
60661:000;
60662:000;
60663:000;
60664:000;
60665:000;
60666:000;
60667:000;
60668:000;
60669:000;
60670:000;
60671:001;
60672:000;
60673:000;
60674:000;
60675:000;
60676:000;
60677:000;
60678:000;
60679:000;
60680:000;
60681:000;
60682:000;
60683:000;
60684:000;
60685:000;
60686:000;
60687:000;
60688:000;
60689:000;
60690:000;
60691:000;
60692:000;
60693:000;
60694:000;
60695:000;
60696:000;
60697:000;
60698:000;
60699:000;
60700:000;
60701:000;
60702:000;
60703:000;
60704:000;
60705:000;
60706:000;
60707:000;
60708:000;
60709:000;
60710:000;
60711:000;
60712:000;
60713:000;
60714:000;
60715:000;
60716:000;
60717:000;
60718:000;
60719:000;
60720:000;
60721:000;
60722:000;
60723:000;
60724:000;
60725:000;
60726:000;
60727:000;
60728:000;
60729:000;
60730:000;
60731:000;
60732:000;
60733:000;
60734:000;
60735:001;
60736:000;
60737:000;
60738:000;
60739:000;
60740:000;
60741:000;
60742:000;
60743:000;
60744:000;
60745:000;
60746:000;
60747:000;
60748:000;
60749:000;
60750:000;
60751:000;
60752:000;
60753:000;
60754:000;
60755:000;
60756:000;
60757:000;
60758:000;
60759:000;
60760:000;
60761:000;
60762:000;
60763:000;
60764:000;
60765:000;
60766:000;
60767:000;
60768:000;
60769:000;
60770:000;
60771:000;
60772:000;
60773:000;
60774:000;
60775:000;
60776:000;
60777:000;
60778:000;
60779:000;
60780:000;
60781:000;
60782:000;
60783:000;
60784:000;
60785:000;
60786:000;
60787:000;
60788:000;
60789:000;
60790:000;
60791:000;
60792:000;
60793:000;
60794:000;
60795:000;
60796:000;
60797:000;
60798:000;
60799:001;
60800:000;
60801:000;
60802:000;
60803:000;
60804:000;
60805:000;
60806:000;
60807:000;
60808:000;
60809:000;
60810:000;
60811:000;
60812:000;
60813:000;
60814:000;
60815:000;
60816:000;
60817:000;
60818:000;
60819:000;
60820:000;
60821:000;
60822:000;
60823:000;
60824:000;
60825:000;
60826:000;
60827:000;
60828:000;
60829:000;
60830:000;
60831:000;
60832:000;
60833:000;
60834:000;
60835:000;
60836:000;
60837:000;
60838:000;
60839:000;
60840:000;
60841:000;
60842:000;
60843:000;
60844:000;
60845:000;
60846:000;
60847:000;
60848:000;
60849:000;
60850:000;
60851:000;
60852:000;
60853:000;
60854:000;
60855:000;
60856:000;
60857:000;
60858:000;
60859:000;
60860:000;
60861:000;
60862:000;
60863:001;
60864:000;
60865:000;
60866:000;
60867:000;
60868:000;
60869:000;
60870:000;
60871:000;
60872:000;
60873:000;
60874:000;
60875:000;
60876:000;
60877:000;
60878:000;
60879:000;
60880:000;
60881:000;
60882:000;
60883:000;
60884:000;
60885:000;
60886:000;
60887:000;
60888:000;
60889:000;
60890:000;
60891:000;
60892:000;
60893:000;
60894:000;
60895:000;
60896:000;
60897:000;
60898:000;
60899:000;
60900:000;
60901:000;
60902:000;
60903:000;
60904:000;
60905:000;
60906:000;
60907:000;
60908:000;
60909:000;
60910:000;
60911:000;
60912:000;
60913:000;
60914:000;
60915:000;
60916:000;
60917:000;
60918:000;
60919:000;
60920:000;
60921:000;
60922:000;
60923:000;
60924:000;
60925:000;
60926:000;
60927:001;
60928:000;
60929:000;
60930:000;
60931:000;
60932:000;
60933:000;
60934:000;
60935:000;
60936:000;
60937:000;
60938:000;
60939:000;
60940:000;
60941:000;
60942:000;
60943:000;
60944:000;
60945:000;
60946:000;
60947:000;
60948:000;
60949:000;
60950:000;
60951:000;
60952:000;
60953:000;
60954:000;
60955:000;
60956:000;
60957:000;
60958:000;
60959:000;
60960:000;
60961:000;
60962:000;
60963:000;
60964:000;
60965:000;
60966:000;
60967:000;
60968:000;
60969:000;
60970:000;
60971:000;
60972:000;
60973:000;
60974:000;
60975:000;
60976:000;
60977:000;
60978:000;
60979:000;
60980:000;
60981:000;
60982:000;
60983:000;
60984:000;
60985:000;
60986:000;
60987:000;
60988:000;
60989:000;
60990:000;
60991:001;
60992:000;
60993:000;
60994:000;
60995:000;
60996:000;
60997:000;
60998:000;
60999:000;
61000:000;
61001:000;
61002:000;
61003:000;
61004:000;
61005:000;
61006:000;
61007:000;
61008:000;
61009:000;
61010:000;
61011:000;
61012:000;
61013:000;
61014:000;
61015:000;
61016:000;
61017:000;
61018:000;
61019:000;
61020:000;
61021:000;
61022:000;
61023:000;
61024:000;
61025:000;
61026:000;
61027:000;
61028:000;
61029:000;
61030:000;
61031:000;
61032:000;
61033:000;
61034:000;
61035:000;
61036:000;
61037:000;
61038:000;
61039:000;
61040:000;
61041:000;
61042:000;
61043:000;
61044:000;
61045:000;
61046:000;
61047:000;
61048:000;
61049:000;
61050:000;
61051:000;
61052:000;
61053:000;
61054:000;
61055:001;
61056:000;
61057:000;
61058:000;
61059:000;
61060:000;
61061:000;
61062:000;
61063:000;
61064:000;
61065:000;
61066:000;
61067:000;
61068:000;
61069:000;
61070:000;
61071:000;
61072:000;
61073:000;
61074:000;
61075:000;
61076:000;
61077:000;
61078:000;
61079:000;
61080:000;
61081:000;
61082:000;
61083:000;
61084:000;
61085:000;
61086:000;
61087:000;
61088:000;
61089:000;
61090:000;
61091:000;
61092:000;
61093:000;
61094:000;
61095:000;
61096:000;
61097:000;
61098:000;
61099:000;
61100:000;
61101:000;
61102:000;
61103:000;
61104:000;
61105:000;
61106:000;
61107:000;
61108:000;
61109:000;
61110:000;
61111:000;
61112:000;
61113:000;
61114:000;
61115:000;
61116:000;
61117:000;
61118:000;
61119:001;
61120:000;
61121:000;
61122:000;
61123:000;
61124:000;
61125:000;
61126:000;
61127:000;
61128:000;
61129:000;
61130:000;
61131:000;
61132:000;
61133:000;
61134:000;
61135:000;
61136:000;
61137:000;
61138:000;
61139:000;
61140:000;
61141:000;
61142:000;
61143:000;
61144:000;
61145:000;
61146:000;
61147:000;
61148:000;
61149:000;
61150:000;
61151:000;
61152:000;
61153:000;
61154:000;
61155:000;
61156:000;
61157:000;
61158:000;
61159:000;
61160:000;
61161:000;
61162:000;
61163:000;
61164:000;
61165:000;
61166:000;
61167:000;
61168:000;
61169:000;
61170:000;
61171:000;
61172:000;
61173:000;
61174:000;
61175:000;
61176:000;
61177:000;
61178:000;
61179:000;
61180:000;
61181:000;
61182:000;
61183:001;
61184:000;
61185:000;
61186:000;
61187:000;
61188:000;
61189:000;
61190:000;
61191:000;
61192:000;
61193:000;
61194:000;
61195:000;
61196:000;
61197:000;
61198:000;
61199:000;
61200:000;
61201:000;
61202:000;
61203:000;
61204:000;
61205:000;
61206:000;
61207:000;
61208:000;
61209:000;
61210:000;
61211:000;
61212:000;
61213:000;
61214:000;
61215:000;
61216:000;
61217:000;
61218:000;
61219:000;
61220:000;
61221:000;
61222:000;
61223:000;
61224:000;
61225:000;
61226:000;
61227:000;
61228:000;
61229:000;
61230:000;
61231:000;
61232:000;
61233:000;
61234:000;
61235:000;
61236:000;
61237:000;
61238:000;
61239:000;
61240:000;
61241:000;
61242:000;
61243:000;
61244:000;
61245:000;
61246:000;
61247:001;
61248:000;
61249:000;
61250:000;
61251:000;
61252:000;
61253:000;
61254:000;
61255:000;
61256:000;
61257:000;
61258:000;
61259:000;
61260:000;
61261:000;
61262:000;
61263:000;
61264:000;
61265:000;
61266:000;
61267:000;
61268:000;
61269:000;
61270:000;
61271:000;
61272:000;
61273:000;
61274:000;
61275:000;
61276:000;
61277:000;
61278:000;
61279:000;
61280:000;
61281:000;
61282:000;
61283:000;
61284:000;
61285:000;
61286:000;
61287:000;
61288:000;
61289:000;
61290:000;
61291:000;
61292:000;
61293:000;
61294:000;
61295:000;
61296:000;
61297:000;
61298:000;
61299:000;
61300:000;
61301:000;
61302:000;
61303:000;
61304:000;
61305:000;
61306:000;
61307:000;
61308:000;
61309:000;
61310:000;
61311:001;
61312:000;
61313:000;
61314:000;
61315:000;
61316:000;
61317:000;
61318:000;
61319:000;
61320:000;
61321:000;
61322:000;
61323:000;
61324:000;
61325:000;
61326:000;
61327:000;
61328:000;
61329:000;
61330:000;
61331:000;
61332:000;
61333:000;
61334:000;
61335:000;
61336:000;
61337:000;
61338:000;
61339:000;
61340:000;
61341:000;
61342:000;
61343:000;
61344:000;
61345:000;
61346:000;
61347:000;
61348:000;
61349:000;
61350:000;
61351:000;
61352:000;
61353:000;
61354:000;
61355:000;
61356:000;
61357:000;
61358:000;
61359:000;
61360:000;
61361:000;
61362:000;
61363:000;
61364:000;
61365:000;
61366:000;
61367:000;
61368:000;
61369:000;
61370:000;
61371:000;
61372:000;
61373:000;
61374:000;
61375:001;
61376:000;
61377:000;
61378:000;
61379:000;
61380:000;
61381:000;
61382:000;
61383:000;
61384:000;
61385:000;
61386:000;
61387:000;
61388:000;
61389:000;
61390:000;
61391:000;
61392:000;
61393:000;
61394:000;
61395:000;
61396:000;
61397:000;
61398:000;
61399:000;
61400:000;
61401:000;
61402:000;
61403:000;
61404:000;
61405:000;
61406:000;
61407:000;
61408:000;
61409:000;
61410:000;
61411:000;
61412:000;
61413:000;
61414:000;
61415:000;
61416:000;
61417:000;
61418:000;
61419:000;
61420:000;
61421:000;
61422:000;
61423:000;
61424:000;
61425:000;
61426:000;
61427:000;
61428:000;
61429:000;
61430:000;
61431:000;
61432:000;
61433:000;
61434:000;
61435:000;
61436:000;
61437:000;
61438:000;
61439:001;
END;
