WIDTH=12;
DEPTH=61440;

ADDRESS_RADIX=UNS;
DATA_RADIX=HEX;

CONTENT BEGIN
0:003;
1:003;
2:003;
3:003;
4:003;
5:003;
6:003;
7:003;
8:003;
9:003;
10:003;
11:003;
12:003;
13:003;
14:003;
15:003;
16:003;
17:003;
18:003;
19:003;
20:003;
21:003;
22:003;
23:003;
24:003;
25:003;
26:003;
27:003;
28:003;
29:003;
30:003;
31:003;
32:003;
33:003;
34:003;
35:003;
36:003;
37:003;
38:003;
39:003;
40:003;
41:003;
42:003;
43:003;
44:003;
45:003;
46:003;
47:003;
48:003;
49:003;
50:003;
51:003;
52:003;
53:003;
54:003;
55:003;
56:003;
57:003;
58:003;
59:003;
60:003;
61:003;
62:003;
63:000;
64:003;
65:003;
66:003;
67:003;
68:003;
69:003;
70:003;
71:003;
72:003;
73:003;
74:003;
75:003;
76:003;
77:003;
78:003;
79:003;
80:003;
81:003;
82:003;
83:003;
84:003;
85:003;
86:003;
87:003;
88:003;
89:003;
90:003;
91:003;
92:003;
93:003;
94:003;
95:003;
96:003;
97:003;
98:003;
99:003;
100:003;
101:003;
102:003;
103:003;
104:003;
105:003;
106:003;
107:003;
108:003;
109:003;
110:003;
111:003;
112:003;
113:003;
114:003;
115:003;
116:003;
117:003;
118:003;
119:003;
120:003;
121:003;
122:003;
123:003;
124:003;
125:003;
126:003;
127:000;
128:003;
129:003;
130:003;
131:003;
132:003;
133:003;
134:003;
135:003;
136:003;
137:003;
138:003;
139:003;
140:003;
141:003;
142:003;
143:003;
144:003;
145:003;
146:003;
147:003;
148:003;
149:003;
150:003;
151:003;
152:003;
153:003;
154:003;
155:003;
156:003;
157:003;
158:003;
159:003;
160:003;
161:003;
162:003;
163:003;
164:003;
165:003;
166:003;
167:003;
168:003;
169:003;
170:003;
171:003;
172:003;
173:003;
174:003;
175:003;
176:003;
177:003;
178:003;
179:003;
180:003;
181:003;
182:003;
183:003;
184:003;
185:003;
186:003;
187:003;
188:003;
189:003;
190:003;
191:000;
192:003;
193:003;
194:003;
195:003;
196:003;
197:003;
198:003;
199:003;
200:003;
201:003;
202:003;
203:003;
204:003;
205:003;
206:003;
207:003;
208:003;
209:003;
210:003;
211:003;
212:003;
213:003;
214:003;
215:003;
216:003;
217:003;
218:003;
219:003;
220:003;
221:003;
222:003;
223:003;
224:003;
225:003;
226:003;
227:003;
228:003;
229:003;
230:003;
231:003;
232:003;
233:003;
234:003;
235:003;
236:003;
237:003;
238:003;
239:003;
240:003;
241:003;
242:003;
243:003;
244:003;
245:003;
246:003;
247:003;
248:003;
249:003;
250:003;
251:003;
252:003;
253:003;
254:003;
255:000;
256:003;
257:003;
258:003;
259:003;
260:003;
261:003;
262:003;
263:003;
264:003;
265:003;
266:003;
267:003;
268:003;
269:003;
270:003;
271:003;
272:003;
273:003;
274:003;
275:003;
276:003;
277:003;
278:003;
279:003;
280:003;
281:003;
282:003;
283:003;
284:003;
285:003;
286:003;
287:003;
288:003;
289:003;
290:003;
291:003;
292:003;
293:003;
294:003;
295:003;
296:003;
297:003;
298:003;
299:003;
300:003;
301:003;
302:003;
303:003;
304:003;
305:003;
306:003;
307:003;
308:003;
309:003;
310:003;
311:003;
312:003;
313:003;
314:003;
315:003;
316:003;
317:003;
318:003;
319:000;
320:003;
321:003;
322:003;
323:003;
324:003;
325:003;
326:003;
327:003;
328:003;
329:003;
330:003;
331:003;
332:003;
333:003;
334:003;
335:003;
336:003;
337:003;
338:003;
339:003;
340:003;
341:003;
342:003;
343:003;
344:003;
345:003;
346:003;
347:003;
348:003;
349:003;
350:003;
351:003;
352:003;
353:003;
354:003;
355:003;
356:003;
357:003;
358:003;
359:003;
360:003;
361:003;
362:003;
363:003;
364:003;
365:003;
366:003;
367:003;
368:003;
369:003;
370:003;
371:003;
372:003;
373:003;
374:003;
375:003;
376:003;
377:003;
378:003;
379:003;
380:003;
381:003;
382:003;
383:000;
384:003;
385:003;
386:003;
387:003;
388:003;
389:003;
390:003;
391:003;
392:003;
393:003;
394:003;
395:003;
396:003;
397:003;
398:003;
399:003;
400:003;
401:003;
402:003;
403:003;
404:003;
405:003;
406:003;
407:003;
408:003;
409:003;
410:003;
411:003;
412:003;
413:003;
414:003;
415:003;
416:003;
417:003;
418:003;
419:003;
420:003;
421:003;
422:003;
423:003;
424:003;
425:003;
426:003;
427:003;
428:003;
429:003;
430:003;
431:003;
432:003;
433:003;
434:003;
435:003;
436:003;
437:003;
438:003;
439:003;
440:003;
441:003;
442:003;
443:003;
444:003;
445:003;
446:003;
447:000;
448:003;
449:003;
450:003;
451:003;
452:003;
453:003;
454:003;
455:003;
456:003;
457:003;
458:003;
459:003;
460:003;
461:003;
462:003;
463:003;
464:003;
465:003;
466:003;
467:003;
468:003;
469:003;
470:003;
471:003;
472:003;
473:003;
474:003;
475:003;
476:003;
477:003;
478:003;
479:003;
480:003;
481:003;
482:003;
483:003;
484:003;
485:003;
486:003;
487:003;
488:003;
489:003;
490:003;
491:003;
492:003;
493:003;
494:003;
495:003;
496:003;
497:003;
498:003;
499:003;
500:003;
501:003;
502:003;
503:003;
504:003;
505:003;
506:003;
507:003;
508:003;
509:003;
510:003;
511:000;
512:003;
513:003;
514:003;
515:003;
516:003;
517:003;
518:003;
519:003;
520:003;
521:003;
522:003;
523:003;
524:003;
525:003;
526:003;
527:003;
528:003;
529:003;
530:003;
531:003;
532:003;
533:003;
534:003;
535:003;
536:003;
537:003;
538:003;
539:003;
540:003;
541:003;
542:003;
543:003;
544:003;
545:003;
546:003;
547:003;
548:003;
549:003;
550:003;
551:003;
552:003;
553:003;
554:003;
555:003;
556:003;
557:003;
558:003;
559:003;
560:003;
561:003;
562:003;
563:003;
564:003;
565:003;
566:003;
567:003;
568:003;
569:003;
570:003;
571:003;
572:003;
573:003;
574:003;
575:000;
576:003;
577:003;
578:003;
579:003;
580:003;
581:003;
582:003;
583:003;
584:003;
585:003;
586:003;
587:003;
588:003;
589:003;
590:003;
591:003;
592:003;
593:003;
594:003;
595:003;
596:003;
597:003;
598:003;
599:003;
600:003;
601:003;
602:003;
603:003;
604:003;
605:003;
606:003;
607:003;
608:003;
609:003;
610:003;
611:003;
612:003;
613:003;
614:003;
615:003;
616:003;
617:003;
618:003;
619:003;
620:003;
621:003;
622:003;
623:003;
624:003;
625:003;
626:003;
627:003;
628:003;
629:003;
630:003;
631:003;
632:003;
633:003;
634:003;
635:003;
636:003;
637:003;
638:003;
639:000;
640:003;
641:003;
642:003;
643:003;
644:003;
645:003;
646:003;
647:003;
648:003;
649:003;
650:003;
651:003;
652:003;
653:003;
654:003;
655:003;
656:003;
657:003;
658:003;
659:003;
660:003;
661:003;
662:003;
663:003;
664:003;
665:003;
666:003;
667:003;
668:003;
669:003;
670:003;
671:003;
672:003;
673:003;
674:003;
675:003;
676:003;
677:003;
678:003;
679:003;
680:003;
681:003;
682:003;
683:003;
684:003;
685:003;
686:003;
687:003;
688:003;
689:003;
690:003;
691:003;
692:003;
693:003;
694:003;
695:003;
696:003;
697:003;
698:003;
699:003;
700:003;
701:003;
702:003;
703:000;
704:003;
705:003;
706:003;
707:003;
708:003;
709:003;
710:003;
711:003;
712:003;
713:003;
714:003;
715:003;
716:003;
717:003;
718:003;
719:003;
720:003;
721:003;
722:003;
723:003;
724:003;
725:003;
726:003;
727:003;
728:003;
729:003;
730:003;
731:003;
732:003;
733:003;
734:003;
735:003;
736:003;
737:003;
738:003;
739:003;
740:003;
741:003;
742:003;
743:003;
744:003;
745:003;
746:003;
747:003;
748:003;
749:003;
750:003;
751:003;
752:003;
753:003;
754:003;
755:003;
756:003;
757:003;
758:003;
759:003;
760:003;
761:003;
762:003;
763:003;
764:003;
765:003;
766:003;
767:000;
768:003;
769:003;
770:003;
771:003;
772:003;
773:003;
774:003;
775:003;
776:003;
777:003;
778:003;
779:003;
780:003;
781:003;
782:003;
783:003;
784:003;
785:003;
786:003;
787:003;
788:003;
789:003;
790:003;
791:003;
792:003;
793:003;
794:003;
795:003;
796:003;
797:003;
798:003;
799:003;
800:003;
801:003;
802:003;
803:003;
804:003;
805:003;
806:003;
807:003;
808:003;
809:003;
810:003;
811:003;
812:003;
813:003;
814:003;
815:003;
816:003;
817:003;
818:003;
819:003;
820:003;
821:003;
822:003;
823:003;
824:003;
825:003;
826:003;
827:003;
828:003;
829:003;
830:003;
831:000;
832:003;
833:003;
834:003;
835:003;
836:003;
837:003;
838:003;
839:003;
840:003;
841:003;
842:003;
843:003;
844:003;
845:003;
846:003;
847:003;
848:003;
849:003;
850:003;
851:003;
852:003;
853:003;
854:003;
855:003;
856:003;
857:003;
858:003;
859:003;
860:003;
861:003;
862:003;
863:003;
864:003;
865:003;
866:003;
867:003;
868:003;
869:003;
870:003;
871:003;
872:003;
873:003;
874:003;
875:003;
876:003;
877:003;
878:003;
879:003;
880:003;
881:003;
882:003;
883:003;
884:003;
885:003;
886:003;
887:003;
888:003;
889:003;
890:003;
891:003;
892:003;
893:003;
894:003;
895:000;
896:003;
897:003;
898:003;
899:003;
900:003;
901:003;
902:003;
903:003;
904:003;
905:003;
906:003;
907:003;
908:003;
909:003;
910:003;
911:003;
912:003;
913:003;
914:003;
915:003;
916:003;
917:003;
918:003;
919:003;
920:003;
921:003;
922:003;
923:003;
924:003;
925:003;
926:003;
927:003;
928:003;
929:003;
930:003;
931:003;
932:003;
933:003;
934:003;
935:003;
936:003;
937:003;
938:003;
939:003;
940:003;
941:003;
942:003;
943:003;
944:003;
945:003;
946:003;
947:003;
948:003;
949:003;
950:003;
951:003;
952:003;
953:003;
954:003;
955:003;
956:003;
957:003;
958:003;
959:000;
960:003;
961:003;
962:003;
963:003;
964:003;
965:003;
966:003;
967:003;
968:003;
969:003;
970:003;
971:003;
972:003;
973:003;
974:003;
975:003;
976:003;
977:003;
978:003;
979:003;
980:003;
981:003;
982:003;
983:003;
984:003;
985:003;
986:003;
987:003;
988:003;
989:003;
990:003;
991:003;
992:003;
993:003;
994:003;
995:003;
996:003;
997:003;
998:003;
999:003;
1000:003;
1001:003;
1002:003;
1003:003;
1004:003;
1005:003;
1006:003;
1007:003;
1008:003;
1009:003;
1010:003;
1011:003;
1012:003;
1013:003;
1014:003;
1015:003;
1016:003;
1017:003;
1018:003;
1019:003;
1020:003;
1021:003;
1022:003;
1023:000;
1024:003;
1025:003;
1026:003;
1027:003;
1028:003;
1029:003;
1030:003;
1031:003;
1032:003;
1033:003;
1034:003;
1035:003;
1036:003;
1037:003;
1038:003;
1039:003;
1040:003;
1041:003;
1042:003;
1043:003;
1044:003;
1045:003;
1046:003;
1047:003;
1048:003;
1049:003;
1050:003;
1051:003;
1052:003;
1053:003;
1054:003;
1055:003;
1056:003;
1057:003;
1058:003;
1059:003;
1060:003;
1061:003;
1062:003;
1063:003;
1064:003;
1065:003;
1066:003;
1067:003;
1068:003;
1069:003;
1070:003;
1071:003;
1072:003;
1073:003;
1074:003;
1075:003;
1076:003;
1077:003;
1078:003;
1079:003;
1080:003;
1081:003;
1082:003;
1083:003;
1084:003;
1085:003;
1086:003;
1087:000;
1088:003;
1089:003;
1090:003;
1091:003;
1092:003;
1093:003;
1094:003;
1095:003;
1096:003;
1097:003;
1098:003;
1099:003;
1100:003;
1101:003;
1102:003;
1103:003;
1104:003;
1105:003;
1106:003;
1107:003;
1108:003;
1109:003;
1110:003;
1111:003;
1112:003;
1113:003;
1114:003;
1115:003;
1116:003;
1117:003;
1118:003;
1119:003;
1120:003;
1121:003;
1122:003;
1123:003;
1124:003;
1125:003;
1126:003;
1127:003;
1128:003;
1129:003;
1130:003;
1131:003;
1132:003;
1133:003;
1134:003;
1135:003;
1136:003;
1137:003;
1138:003;
1139:003;
1140:003;
1141:003;
1142:003;
1143:003;
1144:003;
1145:003;
1146:003;
1147:003;
1148:003;
1149:003;
1150:003;
1151:000;
1152:003;
1153:003;
1154:003;
1155:003;
1156:003;
1157:003;
1158:003;
1159:003;
1160:003;
1161:003;
1162:003;
1163:003;
1164:003;
1165:003;
1166:003;
1167:003;
1168:003;
1169:003;
1170:003;
1171:003;
1172:003;
1173:003;
1174:003;
1175:003;
1176:003;
1177:003;
1178:003;
1179:003;
1180:003;
1181:003;
1182:003;
1183:003;
1184:003;
1185:003;
1186:003;
1187:003;
1188:003;
1189:003;
1190:003;
1191:003;
1192:003;
1193:003;
1194:003;
1195:003;
1196:003;
1197:003;
1198:003;
1199:003;
1200:003;
1201:003;
1202:003;
1203:003;
1204:003;
1205:003;
1206:003;
1207:003;
1208:003;
1209:003;
1210:003;
1211:003;
1212:003;
1213:003;
1214:003;
1215:000;
1216:003;
1217:003;
1218:003;
1219:003;
1220:003;
1221:003;
1222:003;
1223:003;
1224:003;
1225:003;
1226:003;
1227:003;
1228:003;
1229:003;
1230:003;
1231:003;
1232:003;
1233:003;
1234:003;
1235:003;
1236:003;
1237:003;
1238:003;
1239:003;
1240:003;
1241:003;
1242:003;
1243:003;
1244:003;
1245:003;
1246:003;
1247:003;
1248:003;
1249:003;
1250:003;
1251:003;
1252:003;
1253:003;
1254:003;
1255:003;
1256:003;
1257:003;
1258:003;
1259:003;
1260:003;
1261:003;
1262:003;
1263:003;
1264:003;
1265:003;
1266:003;
1267:003;
1268:003;
1269:003;
1270:003;
1271:003;
1272:003;
1273:003;
1274:003;
1275:003;
1276:003;
1277:003;
1278:003;
1279:000;
1280:003;
1281:003;
1282:003;
1283:003;
1284:003;
1285:003;
1286:003;
1287:003;
1288:003;
1289:003;
1290:003;
1291:003;
1292:003;
1293:003;
1294:003;
1295:003;
1296:003;
1297:003;
1298:003;
1299:003;
1300:003;
1301:003;
1302:003;
1303:003;
1304:003;
1305:003;
1306:003;
1307:003;
1308:003;
1309:003;
1310:003;
1311:003;
1312:003;
1313:003;
1314:003;
1315:003;
1316:003;
1317:003;
1318:003;
1319:003;
1320:003;
1321:003;
1322:003;
1323:003;
1324:003;
1325:003;
1326:003;
1327:003;
1328:003;
1329:003;
1330:003;
1331:003;
1332:003;
1333:003;
1334:003;
1335:003;
1336:003;
1337:003;
1338:003;
1339:003;
1340:003;
1341:003;
1342:003;
1343:000;
1344:003;
1345:003;
1346:003;
1347:003;
1348:003;
1349:003;
1350:003;
1351:003;
1352:003;
1353:003;
1354:003;
1355:003;
1356:003;
1357:003;
1358:003;
1359:003;
1360:003;
1361:003;
1362:003;
1363:003;
1364:003;
1365:003;
1366:003;
1367:003;
1368:003;
1369:003;
1370:003;
1371:003;
1372:003;
1373:003;
1374:003;
1375:003;
1376:003;
1377:003;
1378:003;
1379:003;
1380:003;
1381:003;
1382:003;
1383:003;
1384:003;
1385:003;
1386:003;
1387:003;
1388:003;
1389:003;
1390:003;
1391:003;
1392:003;
1393:003;
1394:003;
1395:003;
1396:003;
1397:003;
1398:003;
1399:003;
1400:003;
1401:003;
1402:003;
1403:003;
1404:003;
1405:003;
1406:003;
1407:000;
1408:003;
1409:003;
1410:003;
1411:003;
1412:003;
1413:003;
1414:003;
1415:003;
1416:003;
1417:003;
1418:003;
1419:003;
1420:003;
1421:003;
1422:003;
1423:003;
1424:003;
1425:003;
1426:003;
1427:003;
1428:003;
1429:003;
1430:003;
1431:003;
1432:003;
1433:003;
1434:003;
1435:003;
1436:003;
1437:003;
1438:003;
1439:003;
1440:003;
1441:003;
1442:003;
1443:003;
1444:003;
1445:003;
1446:003;
1447:003;
1448:003;
1449:003;
1450:003;
1451:003;
1452:003;
1453:003;
1454:003;
1455:003;
1456:003;
1457:003;
1458:003;
1459:003;
1460:003;
1461:003;
1462:003;
1463:003;
1464:003;
1465:003;
1466:003;
1467:003;
1468:003;
1469:003;
1470:000;
1471:000;
1472:003;
1473:003;
1474:003;
1475:003;
1476:003;
1477:003;
1478:003;
1479:003;
1480:003;
1481:003;
1482:003;
1483:003;
1484:003;
1485:003;
1486:003;
1487:003;
1488:003;
1489:003;
1490:003;
1491:003;
1492:003;
1493:003;
1494:003;
1495:003;
1496:003;
1497:003;
1498:003;
1499:003;
1500:003;
1501:003;
1502:003;
1503:003;
1504:003;
1505:003;
1506:003;
1507:003;
1508:003;
1509:003;
1510:003;
1511:003;
1512:003;
1513:003;
1514:003;
1515:003;
1516:003;
1517:003;
1518:003;
1519:003;
1520:003;
1521:003;
1522:003;
1523:003;
1524:003;
1525:003;
1526:003;
1527:003;
1528:003;
1529:003;
1530:003;
1531:003;
1532:003;
1533:003;
1534:000;
1535:000;
1536:004;
1537:004;
1538:004;
1539:004;
1540:004;
1541:004;
1542:004;
1543:004;
1544:004;
1545:004;
1546:004;
1547:004;
1548:004;
1549:004;
1550:004;
1551:004;
1552:004;
1553:004;
1554:004;
1555:004;
1556:004;
1557:004;
1558:004;
1559:004;
1560:004;
1561:004;
1562:004;
1563:004;
1564:004;
1565:004;
1566:004;
1567:004;
1568:004;
1569:004;
1570:004;
1571:004;
1572:004;
1573:004;
1574:004;
1575:004;
1576:004;
1577:004;
1578:004;
1579:004;
1580:004;
1581:004;
1582:004;
1583:004;
1584:004;
1585:004;
1586:004;
1587:004;
1588:004;
1589:004;
1590:004;
1591:004;
1592:004;
1593:004;
1594:004;
1595:004;
1596:000;
1597:000;
1598:004;
1599:004;
1600:004;
1601:004;
1602:004;
1603:004;
1604:004;
1605:004;
1606:004;
1607:004;
1608:004;
1609:004;
1610:004;
1611:004;
1612:004;
1613:004;
1614:004;
1615:004;
1616:004;
1617:004;
1618:004;
1619:004;
1620:004;
1621:004;
1622:004;
1623:004;
1624:004;
1625:004;
1626:004;
1627:004;
1628:004;
1629:004;
1630:004;
1631:004;
1632:004;
1633:004;
1634:004;
1635:004;
1636:004;
1637:004;
1638:004;
1639:004;
1640:004;
1641:004;
1642:004;
1643:004;
1644:004;
1645:004;
1646:004;
1647:004;
1648:004;
1649:004;
1650:004;
1651:004;
1652:004;
1653:004;
1654:004;
1655:004;
1656:004;
1657:004;
1658:004;
1659:004;
1660:000;
1661:000;
1662:004;
1663:004;
1664:004;
1665:004;
1666:004;
1667:004;
1668:004;
1669:004;
1670:004;
1671:004;
1672:004;
1673:004;
1674:004;
1675:004;
1676:004;
1677:004;
1678:004;
1679:004;
1680:004;
1681:004;
1682:004;
1683:004;
1684:004;
1685:004;
1686:004;
1687:004;
1688:004;
1689:004;
1690:004;
1691:004;
1692:004;
1693:004;
1694:004;
1695:004;
1696:004;
1697:004;
1698:004;
1699:004;
1700:004;
1701:004;
1702:004;
1703:004;
1704:004;
1705:004;
1706:004;
1707:004;
1708:004;
1709:004;
1710:004;
1711:004;
1712:004;
1713:004;
1714:004;
1715:004;
1716:004;
1717:004;
1718:004;
1719:004;
1720:004;
1721:004;
1722:000;
1723:000;
1724:004;
1725:004;
1726:004;
1727:004;
1728:004;
1729:004;
1730:004;
1731:004;
1732:004;
1733:004;
1734:004;
1735:004;
1736:004;
1737:004;
1738:004;
1739:004;
1740:004;
1741:004;
1742:004;
1743:004;
1744:004;
1745:004;
1746:004;
1747:004;
1748:004;
1749:004;
1750:004;
1751:004;
1752:004;
1753:004;
1754:004;
1755:004;
1756:004;
1757:004;
1758:004;
1759:004;
1760:004;
1761:004;
1762:004;
1763:004;
1764:004;
1765:004;
1766:004;
1767:004;
1768:004;
1769:004;
1770:004;
1771:004;
1772:004;
1773:004;
1774:004;
1775:004;
1776:004;
1777:004;
1778:004;
1779:004;
1780:004;
1781:004;
1782:004;
1783:004;
1784:004;
1785:004;
1786:000;
1787:000;
1788:004;
1789:004;
1790:004;
1791:004;
1792:004;
1793:004;
1794:004;
1795:004;
1796:004;
1797:004;
1798:004;
1799:004;
1800:004;
1801:004;
1802:004;
1803:004;
1804:004;
1805:004;
1806:004;
1807:004;
1808:004;
1809:004;
1810:004;
1811:004;
1812:004;
1813:004;
1814:004;
1815:004;
1816:004;
1817:004;
1818:004;
1819:004;
1820:004;
1821:004;
1822:004;
1823:004;
1824:004;
1825:004;
1826:004;
1827:004;
1828:004;
1829:004;
1830:004;
1831:004;
1832:004;
1833:004;
1834:004;
1835:004;
1836:004;
1837:004;
1838:004;
1839:004;
1840:004;
1841:004;
1842:004;
1843:004;
1844:004;
1845:004;
1846:004;
1847:004;
1848:000;
1849:000;
1850:004;
1851:004;
1852:004;
1853:004;
1854:004;
1855:004;
1856:004;
1857:004;
1858:004;
1859:004;
1860:004;
1861:004;
1862:004;
1863:004;
1864:004;
1865:004;
1866:004;
1867:004;
1868:004;
1869:004;
1870:004;
1871:004;
1872:004;
1873:004;
1874:004;
1875:004;
1876:004;
1877:004;
1878:004;
1879:004;
1880:004;
1881:004;
1882:004;
1883:004;
1884:004;
1885:004;
1886:004;
1887:004;
1888:004;
1889:004;
1890:004;
1891:004;
1892:004;
1893:004;
1894:004;
1895:004;
1896:004;
1897:004;
1898:004;
1899:004;
1900:004;
1901:004;
1902:004;
1903:004;
1904:004;
1905:004;
1906:004;
1907:004;
1908:004;
1909:004;
1910:004;
1911:004;
1912:000;
1913:000;
1914:004;
1915:004;
1916:004;
1917:004;
1918:004;
1919:004;
1920:004;
1921:004;
1922:004;
1923:004;
1924:004;
1925:004;
1926:004;
1927:004;
1928:004;
1929:004;
1930:004;
1931:004;
1932:004;
1933:004;
1934:004;
1935:004;
1936:004;
1937:004;
1938:004;
1939:004;
1940:004;
1941:004;
1942:004;
1943:004;
1944:004;
1945:004;
1946:004;
1947:004;
1948:004;
1949:004;
1950:004;
1951:004;
1952:004;
1953:004;
1954:004;
1955:004;
1956:004;
1957:004;
1958:004;
1959:004;
1960:004;
1961:004;
1962:004;
1963:004;
1964:004;
1965:004;
1966:004;
1967:004;
1968:004;
1969:004;
1970:004;
1971:004;
1972:004;
1973:004;
1974:000;
1975:000;
1976:004;
1977:004;
1978:004;
1979:004;
1980:004;
1981:004;
1982:004;
1983:004;
1984:004;
1985:004;
1986:004;
1987:004;
1988:004;
1989:004;
1990:004;
1991:004;
1992:004;
1993:004;
1994:004;
1995:004;
1996:004;
1997:004;
1998:004;
1999:004;
2000:004;
2001:004;
2002:004;
2003:004;
2004:004;
2005:004;
2006:004;
2007:004;
2008:004;
2009:004;
2010:004;
2011:004;
2012:004;
2013:004;
2014:004;
2015:004;
2016:004;
2017:004;
2018:004;
2019:004;
2020:004;
2021:004;
2022:004;
2023:004;
2024:004;
2025:004;
2026:004;
2027:004;
2028:004;
2029:004;
2030:004;
2031:004;
2032:004;
2033:004;
2034:004;
2035:004;
2036:004;
2037:004;
2038:000;
2039:000;
2040:004;
2041:004;
2042:004;
2043:004;
2044:004;
2045:004;
2046:004;
2047:004;
2048:004;
2049:004;
2050:004;
2051:004;
2052:004;
2053:004;
2054:004;
2055:004;
2056:004;
2057:004;
2058:004;
2059:004;
2060:004;
2061:004;
2062:004;
2063:004;
2064:004;
2065:004;
2066:004;
2067:004;
2068:004;
2069:004;
2070:004;
2071:004;
2072:004;
2073:004;
2074:004;
2075:004;
2076:004;
2077:004;
2078:004;
2079:004;
2080:004;
2081:004;
2082:004;
2083:004;
2084:004;
2085:004;
2086:004;
2087:004;
2088:004;
2089:004;
2090:004;
2091:004;
2092:004;
2093:004;
2094:004;
2095:004;
2096:004;
2097:004;
2098:004;
2099:004;
2100:000;
2101:000;
2102:004;
2103:004;
2104:004;
2105:004;
2106:004;
2107:004;
2108:004;
2109:004;
2110:004;
2111:004;
2112:004;
2113:004;
2114:004;
2115:004;
2116:004;
2117:004;
2118:004;
2119:004;
2120:004;
2121:004;
2122:004;
2123:004;
2124:004;
2125:004;
2126:004;
2127:004;
2128:004;
2129:004;
2130:004;
2131:004;
2132:004;
2133:004;
2134:004;
2135:004;
2136:004;
2137:004;
2138:004;
2139:004;
2140:004;
2141:004;
2142:004;
2143:004;
2144:004;
2145:004;
2146:004;
2147:004;
2148:004;
2149:004;
2150:004;
2151:004;
2152:004;
2153:004;
2154:004;
2155:004;
2156:004;
2157:004;
2158:004;
2159:004;
2160:004;
2161:004;
2162:004;
2163:004;
2164:000;
2165:000;
2166:004;
2167:004;
2168:004;
2169:004;
2170:004;
2171:004;
2172:004;
2173:004;
2174:004;
2175:004;
2176:004;
2177:004;
2178:004;
2179:004;
2180:004;
2181:004;
2182:004;
2183:004;
2184:004;
2185:004;
2186:004;
2187:004;
2188:004;
2189:004;
2190:004;
2191:004;
2192:004;
2193:004;
2194:004;
2195:004;
2196:004;
2197:004;
2198:004;
2199:004;
2200:004;
2201:004;
2202:004;
2203:004;
2204:004;
2205:004;
2206:004;
2207:004;
2208:004;
2209:004;
2210:004;
2211:004;
2212:004;
2213:004;
2214:004;
2215:004;
2216:004;
2217:004;
2218:004;
2219:004;
2220:004;
2221:004;
2222:004;
2223:004;
2224:004;
2225:004;
2226:000;
2227:000;
2228:004;
2229:004;
2230:004;
2231:004;
2232:004;
2233:004;
2234:004;
2235:004;
2236:004;
2237:004;
2238:004;
2239:004;
2240:004;
2241:004;
2242:004;
2243:004;
2244:004;
2245:004;
2246:004;
2247:004;
2248:004;
2249:004;
2250:004;
2251:004;
2252:004;
2253:004;
2254:004;
2255:004;
2256:004;
2257:004;
2258:004;
2259:004;
2260:004;
2261:004;
2262:004;
2263:004;
2264:004;
2265:004;
2266:004;
2267:004;
2268:004;
2269:004;
2270:004;
2271:004;
2272:004;
2273:004;
2274:004;
2275:004;
2276:004;
2277:004;
2278:004;
2279:004;
2280:004;
2281:004;
2282:004;
2283:004;
2284:004;
2285:004;
2286:004;
2287:004;
2288:004;
2289:004;
2290:000;
2291:000;
2292:004;
2293:004;
2294:004;
2295:004;
2296:004;
2297:004;
2298:004;
2299:004;
2300:004;
2301:004;
2302:004;
2303:004;
2304:004;
2305:004;
2306:004;
2307:004;
2308:004;
2309:004;
2310:004;
2311:004;
2312:004;
2313:004;
2314:004;
2315:004;
2316:004;
2317:004;
2318:004;
2319:004;
2320:004;
2321:004;
2322:004;
2323:004;
2324:004;
2325:004;
2326:004;
2327:004;
2328:004;
2329:004;
2330:004;
2331:004;
2332:004;
2333:004;
2334:004;
2335:004;
2336:004;
2337:004;
2338:004;
2339:004;
2340:004;
2341:004;
2342:004;
2343:004;
2344:004;
2345:004;
2346:004;
2347:004;
2348:004;
2349:004;
2350:004;
2351:004;
2352:000;
2353:000;
2354:004;
2355:004;
2356:004;
2357:004;
2358:004;
2359:004;
2360:004;
2361:004;
2362:004;
2363:004;
2364:004;
2365:004;
2366:004;
2367:004;
2368:004;
2369:004;
2370:004;
2371:004;
2372:004;
2373:004;
2374:004;
2375:004;
2376:004;
2377:004;
2378:004;
2379:004;
2380:004;
2381:004;
2382:004;
2383:004;
2384:004;
2385:004;
2386:004;
2387:004;
2388:004;
2389:004;
2390:004;
2391:004;
2392:004;
2393:004;
2394:004;
2395:004;
2396:004;
2397:004;
2398:004;
2399:004;
2400:004;
2401:004;
2402:004;
2403:004;
2404:004;
2405:004;
2406:004;
2407:004;
2408:004;
2409:004;
2410:004;
2411:004;
2412:004;
2413:004;
2414:004;
2415:004;
2416:000;
2417:000;
2418:004;
2419:004;
2420:004;
2421:004;
2422:004;
2423:004;
2424:004;
2425:004;
2426:004;
2427:004;
2428:004;
2429:004;
2430:004;
2431:004;
2432:004;
2433:004;
2434:004;
2435:004;
2436:004;
2437:004;
2438:004;
2439:004;
2440:004;
2441:004;
2442:004;
2443:004;
2444:004;
2445:004;
2446:004;
2447:004;
2448:004;
2449:004;
2450:004;
2451:004;
2452:004;
2453:004;
2454:004;
2455:004;
2456:004;
2457:004;
2458:004;
2459:004;
2460:004;
2461:004;
2462:004;
2463:004;
2464:004;
2465:004;
2466:004;
2467:004;
2468:004;
2469:004;
2470:004;
2471:004;
2472:004;
2473:004;
2474:004;
2475:004;
2476:004;
2477:004;
2478:000;
2479:000;
2480:004;
2481:004;
2482:004;
2483:004;
2484:004;
2485:004;
2486:004;
2487:004;
2488:004;
2489:004;
2490:004;
2491:004;
2492:004;
2493:004;
2494:004;
2495:004;
2496:004;
2497:004;
2498:004;
2499:004;
2500:004;
2501:004;
2502:004;
2503:004;
2504:004;
2505:004;
2506:004;
2507:004;
2508:004;
2509:004;
2510:004;
2511:004;
2512:004;
2513:004;
2514:004;
2515:004;
2516:004;
2517:004;
2518:004;
2519:004;
2520:004;
2521:004;
2522:004;
2523:004;
2524:004;
2525:004;
2526:004;
2527:004;
2528:004;
2529:004;
2530:004;
2531:004;
2532:004;
2533:004;
2534:004;
2535:004;
2536:004;
2537:004;
2538:004;
2539:004;
2540:004;
2541:004;
2542:000;
2543:000;
2544:004;
2545:004;
2546:004;
2547:004;
2548:004;
2549:004;
2550:004;
2551:004;
2552:004;
2553:004;
2554:004;
2555:004;
2556:004;
2557:004;
2558:004;
2559:004;
2560:002;
2561:002;
2562:002;
2563:002;
2564:002;
2565:002;
2566:002;
2567:002;
2568:002;
2569:002;
2570:002;
2571:002;
2572:002;
2573:002;
2574:002;
2575:002;
2576:002;
2577:002;
2578:002;
2579:002;
2580:002;
2581:002;
2582:002;
2583:002;
2584:002;
2585:002;
2586:002;
2587:002;
2588:002;
2589:002;
2590:002;
2591:002;
2592:002;
2593:002;
2594:002;
2595:002;
2596:002;
2597:002;
2598:002;
2599:002;
2600:002;
2601:002;
2602:002;
2603:002;
2604:002;
2605:002;
2606:002;
2607:002;
2608:002;
2609:002;
2610:002;
2611:002;
2612:002;
2613:002;
2614:002;
2615:002;
2616:002;
2617:002;
2618:002;
2619:002;
2620:002;
2621:002;
2622:002;
2623:002;
2624:002;
2625:002;
2626:002;
2627:002;
2628:002;
2629:002;
2630:002;
2631:002;
2632:002;
2633:002;
2634:002;
2635:002;
2636:002;
2637:002;
2638:002;
2639:002;
2640:002;
2641:002;
2642:002;
2643:002;
2644:002;
2645:002;
2646:002;
2647:002;
2648:002;
2649:002;
2650:002;
2651:002;
2652:002;
2653:002;
2654:002;
2655:002;
2656:002;
2657:002;
2658:002;
2659:002;
2660:002;
2661:002;
2662:002;
2663:002;
2664:002;
2665:002;
2666:002;
2667:002;
2668:002;
2669:002;
2670:002;
2671:002;
2672:002;
2673:002;
2674:002;
2675:002;
2676:002;
2677:002;
2678:002;
2679:002;
2680:002;
2681:002;
2682:002;
2683:002;
2684:002;
2685:002;
2686:002;
2687:002;
2688:002;
2689:002;
2690:002;
2691:002;
2692:002;
2693:002;
2694:002;
2695:002;
2696:002;
2697:002;
2698:002;
2699:002;
2700:002;
2701:002;
2702:002;
2703:002;
2704:002;
2705:002;
2706:002;
2707:002;
2708:002;
2709:002;
2710:002;
2711:002;
2712:002;
2713:002;
2714:002;
2715:002;
2716:002;
2717:002;
2718:002;
2719:002;
2720:002;
2721:002;
2722:002;
2723:002;
2724:002;
2725:002;
2726:002;
2727:002;
2728:002;
2729:002;
2730:002;
2731:002;
2732:002;
2733:002;
2734:002;
2735:002;
2736:002;
2737:002;
2738:002;
2739:002;
2740:002;
2741:002;
2742:002;
2743:002;
2744:002;
2745:002;
2746:002;
2747:002;
2748:002;
2749:002;
2750:002;
2751:002;
2752:002;
2753:002;
2754:002;
2755:002;
2756:002;
2757:002;
2758:002;
2759:002;
2760:002;
2761:002;
2762:002;
2763:002;
2764:002;
2765:002;
2766:002;
2767:002;
2768:002;
2769:002;
2770:002;
2771:002;
2772:002;
2773:002;
2774:002;
2775:002;
2776:002;
2777:002;
2778:002;
2779:002;
2780:002;
2781:002;
2782:002;
2783:002;
2784:002;
2785:002;
2786:002;
2787:002;
2788:002;
2789:002;
2790:002;
2791:002;
2792:002;
2793:002;
2794:002;
2795:002;
2796:002;
2797:002;
2798:002;
2799:002;
2800:002;
2801:002;
2802:002;
2803:002;
2804:002;
2805:002;
2806:002;
2807:002;
2808:002;
2809:002;
2810:002;
2811:002;
2812:002;
2813:002;
2814:002;
2815:002;
2816:002;
2817:002;
2818:002;
2819:002;
2820:002;
2821:002;
2822:002;
2823:002;
2824:002;
2825:002;
2826:002;
2827:002;
2828:002;
2829:002;
2830:002;
2831:002;
2832:002;
2833:002;
2834:002;
2835:002;
2836:002;
2837:002;
2838:002;
2839:002;
2840:002;
2841:002;
2842:002;
2843:002;
2844:002;
2845:002;
2846:002;
2847:002;
2848:002;
2849:002;
2850:002;
2851:002;
2852:002;
2853:002;
2854:002;
2855:002;
2856:002;
2857:002;
2858:002;
2859:002;
2860:002;
2861:002;
2862:002;
2863:002;
2864:002;
2865:002;
2866:002;
2867:002;
2868:002;
2869:002;
2870:002;
2871:002;
2872:002;
2873:002;
2874:002;
2875:002;
2876:002;
2877:002;
2878:002;
2879:002;
2880:002;
2881:002;
2882:002;
2883:002;
2884:002;
2885:002;
2886:002;
2887:002;
2888:002;
2889:002;
2890:002;
2891:002;
2892:002;
2893:002;
2894:002;
2895:002;
2896:002;
2897:002;
2898:002;
2899:002;
2900:002;
2901:002;
2902:002;
2903:002;
2904:002;
2905:002;
2906:002;
2907:002;
2908:002;
2909:002;
2910:002;
2911:002;
2912:002;
2913:002;
2914:002;
2915:002;
2916:002;
2917:002;
2918:002;
2919:002;
2920:002;
2921:002;
2922:002;
2923:002;
2924:002;
2925:002;
2926:002;
2927:002;
2928:002;
2929:002;
2930:002;
2931:002;
2932:002;
2933:002;
2934:002;
2935:002;
2936:002;
2937:002;
2938:002;
2939:002;
2940:002;
2941:002;
2942:002;
2943:002;
2944:002;
2945:002;
2946:002;
2947:002;
2948:002;
2949:002;
2950:002;
2951:002;
2952:002;
2953:002;
2954:002;
2955:002;
2956:002;
2957:002;
2958:002;
2959:002;
2960:002;
2961:002;
2962:002;
2963:002;
2964:002;
2965:002;
2966:002;
2967:002;
2968:002;
2969:002;
2970:002;
2971:002;
2972:002;
2973:002;
2974:002;
2975:002;
2976:002;
2977:002;
2978:002;
2979:002;
2980:002;
2981:002;
2982:002;
2983:002;
2984:002;
2985:002;
2986:002;
2987:002;
2988:002;
2989:002;
2990:002;
2991:002;
2992:002;
2993:002;
2994:002;
2995:002;
2996:002;
2997:002;
2998:002;
2999:002;
3000:002;
3001:002;
3002:002;
3003:002;
3004:002;
3005:002;
3006:002;
3007:002;
3008:002;
3009:002;
3010:002;
3011:002;
3012:002;
3013:002;
3014:002;
3015:002;
3016:002;
3017:002;
3018:002;
3019:002;
3020:002;
3021:002;
3022:002;
3023:002;
3024:002;
3025:002;
3026:002;
3027:002;
3028:002;
3029:002;
3030:002;
3031:002;
3032:002;
3033:002;
3034:002;
3035:002;
3036:002;
3037:002;
3038:002;
3039:002;
3040:002;
3041:002;
3042:002;
3043:002;
3044:002;
3045:002;
3046:002;
3047:002;
3048:002;
3049:002;
3050:002;
3051:002;
3052:002;
3053:002;
3054:002;
3055:002;
3056:002;
3057:002;
3058:002;
3059:002;
3060:002;
3061:002;
3062:002;
3063:002;
3064:002;
3065:002;
3066:002;
3067:002;
3068:002;
3069:002;
3070:002;
3071:002;
3072:002;
3073:002;
3074:002;
3075:002;
3076:002;
3077:002;
3078:002;
3079:002;
3080:002;
3081:002;
3082:002;
3083:002;
3084:002;
3085:002;
3086:002;
3087:002;
3088:002;
3089:002;
3090:002;
3091:002;
3092:002;
3093:002;
3094:002;
3095:002;
3096:002;
3097:002;
3098:002;
3099:002;
3100:002;
3101:002;
3102:002;
3103:002;
3104:002;
3105:002;
3106:002;
3107:002;
3108:002;
3109:002;
3110:002;
3111:002;
3112:002;
3113:002;
3114:002;
3115:002;
3116:002;
3117:002;
3118:002;
3119:002;
3120:002;
3121:002;
3122:002;
3123:002;
3124:002;
3125:002;
3126:002;
3127:002;
3128:002;
3129:002;
3130:002;
3131:002;
3132:002;
3133:002;
3134:002;
3135:002;
3136:002;
3137:002;
3138:002;
3139:002;
3140:002;
3141:002;
3142:002;
3143:002;
3144:002;
3145:002;
3146:002;
3147:002;
3148:002;
3149:002;
3150:002;
3151:002;
3152:002;
3153:002;
3154:002;
3155:002;
3156:002;
3157:002;
3158:002;
3159:002;
3160:002;
3161:002;
3162:002;
3163:002;
3164:002;
3165:002;
3166:002;
3167:002;
3168:002;
3169:002;
3170:002;
3171:002;
3172:002;
3173:002;
3174:002;
3175:002;
3176:002;
3177:002;
3178:002;
3179:002;
3180:002;
3181:002;
3182:002;
3183:002;
3184:002;
3185:002;
3186:002;
3187:002;
3188:002;
3189:002;
3190:002;
3191:002;
3192:002;
3193:002;
3194:002;
3195:002;
3196:002;
3197:002;
3198:002;
3199:002;
3200:002;
3201:002;
3202:002;
3203:002;
3204:002;
3205:002;
3206:002;
3207:002;
3208:002;
3209:002;
3210:002;
3211:002;
3212:002;
3213:002;
3214:002;
3215:002;
3216:002;
3217:002;
3218:002;
3219:002;
3220:002;
3221:002;
3222:002;
3223:002;
3224:002;
3225:002;
3226:002;
3227:002;
3228:002;
3229:002;
3230:002;
3231:002;
3232:002;
3233:002;
3234:002;
3235:002;
3236:002;
3237:002;
3238:002;
3239:002;
3240:002;
3241:002;
3242:002;
3243:002;
3244:002;
3245:002;
3246:002;
3247:002;
3248:002;
3249:002;
3250:002;
3251:002;
3252:002;
3253:002;
3254:002;
3255:002;
3256:002;
3257:002;
3258:002;
3259:002;
3260:002;
3261:002;
3262:002;
3263:002;
3264:002;
3265:002;
3266:002;
3267:002;
3268:002;
3269:002;
3270:002;
3271:002;
3272:002;
3273:002;
3274:002;
3275:002;
3276:002;
3277:002;
3278:002;
3279:002;
3280:002;
3281:002;
3282:002;
3283:002;
3284:002;
3285:002;
3286:002;
3287:002;
3288:002;
3289:002;
3290:002;
3291:002;
3292:002;
3293:002;
3294:002;
3295:002;
3296:002;
3297:002;
3298:002;
3299:002;
3300:002;
3301:002;
3302:002;
3303:002;
3304:002;
3305:002;
3306:002;
3307:002;
3308:002;
3309:002;
3310:002;
3311:002;
3312:002;
3313:002;
3314:002;
3315:002;
3316:002;
3317:002;
3318:002;
3319:002;
3320:002;
3321:002;
3322:002;
3323:002;
3324:002;
3325:002;
3326:002;
3327:002;
3328:002;
3329:002;
3330:002;
3331:002;
3332:002;
3333:002;
3334:002;
3335:002;
3336:002;
3337:002;
3338:002;
3339:002;
3340:002;
3341:002;
3342:002;
3343:002;
3344:002;
3345:002;
3346:002;
3347:002;
3348:002;
3349:002;
3350:002;
3351:002;
3352:002;
3353:002;
3354:002;
3355:002;
3356:002;
3357:002;
3358:002;
3359:002;
3360:002;
3361:002;
3362:002;
3363:002;
3364:002;
3365:002;
3366:002;
3367:002;
3368:002;
3369:002;
3370:002;
3371:002;
3372:002;
3373:002;
3374:002;
3375:002;
3376:002;
3377:002;
3378:002;
3379:002;
3380:002;
3381:002;
3382:002;
3383:002;
3384:002;
3385:002;
3386:002;
3387:002;
3388:002;
3389:002;
3390:002;
3391:002;
3392:002;
3393:002;
3394:002;
3395:002;
3396:002;
3397:002;
3398:002;
3399:002;
3400:002;
3401:002;
3402:002;
3403:002;
3404:002;
3405:002;
3406:002;
3407:002;
3408:002;
3409:002;
3410:002;
3411:002;
3412:002;
3413:002;
3414:002;
3415:002;
3416:002;
3417:002;
3418:002;
3419:002;
3420:002;
3421:002;
3422:002;
3423:002;
3424:002;
3425:002;
3426:002;
3427:002;
3428:002;
3429:002;
3430:002;
3431:002;
3432:002;
3433:002;
3434:002;
3435:002;
3436:002;
3437:002;
3438:002;
3439:002;
3440:002;
3441:002;
3442:002;
3443:002;
3444:002;
3445:002;
3446:002;
3447:002;
3448:002;
3449:002;
3450:002;
3451:002;
3452:002;
3453:002;
3454:002;
3455:002;
3456:002;
3457:002;
3458:002;
3459:002;
3460:002;
3461:002;
3462:002;
3463:002;
3464:002;
3465:002;
3466:002;
3467:002;
3468:002;
3469:002;
3470:002;
3471:002;
3472:002;
3473:002;
3474:002;
3475:002;
3476:002;
3477:002;
3478:002;
3479:002;
3480:002;
3481:002;
3482:002;
3483:002;
3484:002;
3485:002;
3486:002;
3487:002;
3488:002;
3489:002;
3490:002;
3491:002;
3492:002;
3493:002;
3494:002;
3495:002;
3496:002;
3497:002;
3498:002;
3499:002;
3500:002;
3501:002;
3502:002;
3503:002;
3504:002;
3505:002;
3506:002;
3507:002;
3508:002;
3509:002;
3510:002;
3511:002;
3512:002;
3513:002;
3514:002;
3515:002;
3516:002;
3517:002;
3518:002;
3519:002;
3520:002;
3521:002;
3522:002;
3523:002;
3524:002;
3525:002;
3526:002;
3527:002;
3528:002;
3529:002;
3530:002;
3531:002;
3532:002;
3533:002;
3534:002;
3535:002;
3536:002;
3537:002;
3538:002;
3539:002;
3540:002;
3541:002;
3542:002;
3543:002;
3544:002;
3545:002;
3546:002;
3547:002;
3548:002;
3549:002;
3550:002;
3551:002;
3552:002;
3553:002;
3554:002;
3555:002;
3556:002;
3557:002;
3558:002;
3559:002;
3560:002;
3561:002;
3562:002;
3563:002;
3564:002;
3565:002;
3566:002;
3567:002;
3568:002;
3569:002;
3570:002;
3571:002;
3572:002;
3573:002;
3574:002;
3575:002;
3576:002;
3577:002;
3578:002;
3579:002;
3580:002;
3581:002;
3582:002;
3583:002;
3584:002;
3585:002;
3586:002;
3587:002;
3588:002;
3589:002;
3590:002;
3591:002;
3592:002;
3593:002;
3594:002;
3595:002;
3596:002;
3597:002;
3598:002;
3599:002;
3600:002;
3601:002;
3602:002;
3603:002;
3604:002;
3605:002;
3606:002;
3607:002;
3608:002;
3609:002;
3610:002;
3611:002;
3612:002;
3613:002;
3614:002;
3615:002;
3616:002;
3617:002;
3618:002;
3619:002;
3620:002;
3621:002;
3622:002;
3623:002;
3624:002;
3625:002;
3626:002;
3627:002;
3628:002;
3629:002;
3630:002;
3631:002;
3632:002;
3633:002;
3634:002;
3635:002;
3636:002;
3637:002;
3638:002;
3639:002;
3640:002;
3641:002;
3642:002;
3643:002;
3644:002;
3645:002;
3646:002;
3647:002;
3648:002;
3649:002;
3650:002;
3651:002;
3652:002;
3653:002;
3654:002;
3655:002;
3656:002;
3657:002;
3658:002;
3659:002;
3660:002;
3661:002;
3662:002;
3663:002;
3664:002;
3665:002;
3666:002;
3667:002;
3668:002;
3669:002;
3670:002;
3671:002;
3672:002;
3673:002;
3674:002;
3675:002;
3676:002;
3677:002;
3678:002;
3679:002;
3680:002;
3681:002;
3682:002;
3683:002;
3684:002;
3685:002;
3686:002;
3687:002;
3688:002;
3689:002;
3690:002;
3691:002;
3692:002;
3693:002;
3694:002;
3695:002;
3696:002;
3697:002;
3698:002;
3699:002;
3700:002;
3701:002;
3702:002;
3703:002;
3704:002;
3705:002;
3706:002;
3707:002;
3708:002;
3709:002;
3710:002;
3711:002;
3712:002;
3713:002;
3714:002;
3715:002;
3716:002;
3717:002;
3718:002;
3719:002;
3720:002;
3721:002;
3722:002;
3723:002;
3724:002;
3725:002;
3726:002;
3727:002;
3728:002;
3729:002;
3730:002;
3731:002;
3732:002;
3733:002;
3734:002;
3735:002;
3736:002;
3737:002;
3738:002;
3739:002;
3740:002;
3741:002;
3742:002;
3743:002;
3744:002;
3745:002;
3746:002;
3747:002;
3748:002;
3749:002;
3750:002;
3751:002;
3752:002;
3753:002;
3754:002;
3755:002;
3756:002;
3757:002;
3758:002;
3759:002;
3760:002;
3761:002;
3762:002;
3763:002;
3764:002;
3765:002;
3766:002;
3767:002;
3768:002;
3769:002;
3770:002;
3771:002;
3772:002;
3773:002;
3774:002;
3775:002;
3776:002;
3777:002;
3778:002;
3779:002;
3780:002;
3781:002;
3782:002;
3783:002;
3784:002;
3785:002;
3786:002;
3787:002;
3788:002;
3789:002;
3790:002;
3791:002;
3792:002;
3793:002;
3794:002;
3795:002;
3796:002;
3797:002;
3798:002;
3799:002;
3800:002;
3801:002;
3802:002;
3803:002;
3804:002;
3805:002;
3806:002;
3807:002;
3808:002;
3809:002;
3810:002;
3811:002;
3812:002;
3813:002;
3814:002;
3815:002;
3816:002;
3817:002;
3818:002;
3819:002;
3820:002;
3821:002;
3822:002;
3823:002;
3824:002;
3825:002;
3826:002;
3827:002;
3828:002;
3829:002;
3830:002;
3831:002;
3832:002;
3833:002;
3834:002;
3835:002;
3836:002;
3837:002;
3838:002;
3839:002;
3840:002;
3841:002;
3842:002;
3843:002;
3844:002;
3845:002;
3846:002;
3847:002;
3848:002;
3849:002;
3850:002;
3851:002;
3852:002;
3853:002;
3854:002;
3855:002;
3856:002;
3857:002;
3858:002;
3859:002;
3860:002;
3861:002;
3862:002;
3863:002;
3864:002;
3865:002;
3866:002;
3867:002;
3868:002;
3869:002;
3870:002;
3871:002;
3872:002;
3873:002;
3874:002;
3875:002;
3876:002;
3877:002;
3878:002;
3879:002;
3880:002;
3881:002;
3882:002;
3883:002;
3884:002;
3885:002;
3886:002;
3887:002;
3888:002;
3889:002;
3890:002;
3891:002;
3892:002;
3893:002;
3894:002;
3895:002;
3896:002;
3897:002;
3898:002;
3899:002;
3900:002;
3901:002;
3902:002;
3903:002;
3904:002;
3905:002;
3906:002;
3907:002;
3908:002;
3909:002;
3910:002;
3911:002;
3912:002;
3913:002;
3914:002;
3915:002;
3916:002;
3917:002;
3918:002;
3919:002;
3920:002;
3921:002;
3922:002;
3923:002;
3924:002;
3925:002;
3926:002;
3927:002;
3928:002;
3929:002;
3930:002;
3931:002;
3932:002;
3933:002;
3934:002;
3935:002;
3936:002;
3937:002;
3938:002;
3939:002;
3940:002;
3941:002;
3942:002;
3943:002;
3944:002;
3945:002;
3946:002;
3947:002;
3948:002;
3949:002;
3950:002;
3951:002;
3952:002;
3953:002;
3954:002;
3955:002;
3956:002;
3957:002;
3958:002;
3959:002;
3960:002;
3961:002;
3962:002;
3963:002;
3964:002;
3965:002;
3966:002;
3967:002;
3968:002;
3969:002;
3970:002;
3971:002;
3972:002;
3973:002;
3974:002;
3975:002;
3976:002;
3977:002;
3978:002;
3979:002;
3980:002;
3981:002;
3982:002;
3983:002;
3984:002;
3985:002;
3986:002;
3987:002;
3988:002;
3989:002;
3990:002;
3991:002;
3992:002;
3993:002;
3994:002;
3995:002;
3996:002;
3997:002;
3998:002;
3999:002;
4000:002;
4001:002;
4002:002;
4003:002;
4004:002;
4005:002;
4006:002;
4007:002;
4008:002;
4009:002;
4010:002;
4011:002;
4012:002;
4013:002;
4014:002;
4015:002;
4016:002;
4017:002;
4018:002;
4019:002;
4020:002;
4021:002;
4022:002;
4023:002;
4024:002;
4025:002;
4026:002;
4027:002;
4028:002;
4029:002;
4030:002;
4031:002;
4032:002;
4033:002;
4034:002;
4035:002;
4036:002;
4037:002;
4038:002;
4039:002;
4040:002;
4041:002;
4042:002;
4043:002;
4044:002;
4045:002;
4046:002;
4047:002;
4048:002;
4049:002;
4050:002;
4051:002;
4052:002;
4053:002;
4054:002;
4055:002;
4056:002;
4057:002;
4058:002;
4059:002;
4060:002;
4061:002;
4062:002;
4063:002;
4064:002;
4065:002;
4066:002;
4067:002;
4068:002;
4069:002;
4070:002;
4071:002;
4072:002;
4073:002;
4074:002;
4075:002;
4076:002;
4077:002;
4078:002;
4079:002;
4080:002;
4081:002;
4082:002;
4083:002;
4084:002;
4085:002;
4086:002;
4087:002;
4088:002;
4089:002;
4090:002;
4091:002;
4092:002;
4093:002;
4094:002;
4095:002;
4096:002;
4097:002;
4098:002;
4099:002;
4100:002;
4101:002;
4102:002;
4103:002;
4104:002;
4105:002;
4106:002;
4107:002;
4108:002;
4109:002;
4110:002;
4111:002;
4112:002;
4113:002;
4114:002;
4115:002;
4116:002;
4117:002;
4118:002;
4119:002;
4120:002;
4121:002;
4122:002;
4123:002;
4124:002;
4125:002;
4126:002;
4127:002;
4128:002;
4129:002;
4130:002;
4131:002;
4132:002;
4133:002;
4134:002;
4135:002;
4136:002;
4137:002;
4138:002;
4139:002;
4140:002;
4141:002;
4142:002;
4143:002;
4144:002;
4145:002;
4146:002;
4147:002;
4148:002;
4149:002;
4150:002;
4151:002;
4152:002;
4153:002;
4154:002;
4155:002;
4156:002;
4157:002;
4158:002;
4159:002;
4160:002;
4161:002;
4162:002;
4163:002;
4164:002;
4165:002;
4166:002;
4167:002;
4168:002;
4169:002;
4170:002;
4171:002;
4172:002;
4173:002;
4174:002;
4175:002;
4176:002;
4177:002;
4178:002;
4179:002;
4180:002;
4181:002;
4182:002;
4183:002;
4184:002;
4185:002;
4186:002;
4187:002;
4188:002;
4189:002;
4190:002;
4191:002;
4192:002;
4193:002;
4194:002;
4195:002;
4196:002;
4197:002;
4198:002;
4199:002;
4200:002;
4201:002;
4202:002;
4203:002;
4204:002;
4205:002;
4206:002;
4207:002;
4208:002;
4209:002;
4210:002;
4211:002;
4212:002;
4213:002;
4214:002;
4215:002;
4216:002;
4217:002;
4218:002;
4219:002;
4220:002;
4221:002;
4222:002;
4223:002;
4224:002;
4225:002;
4226:002;
4227:002;
4228:002;
4229:002;
4230:002;
4231:002;
4232:002;
4233:002;
4234:002;
4235:002;
4236:002;
4237:002;
4238:002;
4239:002;
4240:002;
4241:002;
4242:002;
4243:002;
4244:002;
4245:002;
4246:002;
4247:002;
4248:002;
4249:002;
4250:002;
4251:002;
4252:002;
4253:002;
4254:002;
4255:002;
4256:002;
4257:002;
4258:002;
4259:002;
4260:002;
4261:002;
4262:002;
4263:002;
4264:002;
4265:002;
4266:002;
4267:002;
4268:002;
4269:002;
4270:002;
4271:002;
4272:002;
4273:002;
4274:002;
4275:002;
4276:002;
4277:002;
4278:002;
4279:002;
4280:002;
4281:002;
4282:002;
4283:002;
4284:002;
4285:002;
4286:002;
4287:002;
4288:002;
4289:002;
4290:002;
4291:002;
4292:002;
4293:002;
4294:002;
4295:002;
4296:002;
4297:002;
4298:002;
4299:002;
4300:002;
4301:002;
4302:002;
4303:002;
4304:002;
4305:002;
4306:002;
4307:002;
4308:002;
4309:002;
4310:002;
4311:002;
4312:002;
4313:002;
4314:002;
4315:002;
4316:002;
4317:002;
4318:002;
4319:002;
4320:002;
4321:002;
4322:002;
4323:002;
4324:002;
4325:002;
4326:002;
4327:002;
4328:002;
4329:002;
4330:002;
4331:002;
4332:002;
4333:002;
4334:002;
4335:002;
4336:002;
4337:002;
4338:002;
4339:002;
4340:002;
4341:002;
4342:002;
4343:002;
4344:002;
4345:002;
4346:002;
4347:002;
4348:002;
4349:002;
4350:002;
4351:002;
4352:002;
4353:002;
4354:002;
4355:002;
4356:002;
4357:002;
4358:002;
4359:002;
4360:002;
4361:002;
4362:002;
4363:002;
4364:002;
4365:002;
4366:002;
4367:002;
4368:002;
4369:002;
4370:002;
4371:002;
4372:002;
4373:002;
4374:002;
4375:002;
4376:002;
4377:002;
4378:002;
4379:002;
4380:002;
4381:002;
4382:002;
4383:002;
4384:002;
4385:002;
4386:002;
4387:002;
4388:002;
4389:002;
4390:002;
4391:002;
4392:002;
4393:002;
4394:002;
4395:002;
4396:002;
4397:002;
4398:002;
4399:002;
4400:002;
4401:002;
4402:002;
4403:002;
4404:002;
4405:002;
4406:002;
4407:002;
4408:002;
4409:002;
4410:002;
4411:002;
4412:002;
4413:002;
4414:002;
4415:002;
4416:002;
4417:002;
4418:002;
4419:002;
4420:002;
4421:002;
4422:002;
4423:002;
4424:002;
4425:002;
4426:002;
4427:002;
4428:002;
4429:002;
4430:002;
4431:002;
4432:002;
4433:002;
4434:002;
4435:002;
4436:002;
4437:002;
4438:002;
4439:002;
4440:002;
4441:002;
4442:002;
4443:002;
4444:002;
4445:002;
4446:002;
4447:002;
4448:002;
4449:002;
4450:002;
4451:002;
4452:002;
4453:002;
4454:002;
4455:002;
4456:002;
4457:002;
4458:002;
4459:002;
4460:002;
4461:002;
4462:002;
4463:002;
4464:002;
4465:002;
4466:002;
4467:002;
4468:002;
4469:002;
4470:002;
4471:002;
4472:002;
4473:002;
4474:002;
4475:002;
4476:002;
4477:002;
4478:002;
4479:002;
4480:002;
4481:002;
4482:002;
4483:002;
4484:002;
4485:002;
4486:002;
4487:002;
4488:002;
4489:002;
4490:002;
4491:002;
4492:002;
4493:002;
4494:002;
4495:002;
4496:002;
4497:002;
4498:002;
4499:002;
4500:002;
4501:002;
4502:002;
4503:002;
4504:002;
4505:002;
4506:002;
4507:002;
4508:002;
4509:002;
4510:002;
4511:002;
4512:002;
4513:002;
4514:002;
4515:002;
4516:002;
4517:002;
4518:002;
4519:002;
4520:002;
4521:002;
4522:002;
4523:002;
4524:002;
4525:002;
4526:002;
4527:002;
4528:002;
4529:002;
4530:002;
4531:002;
4532:002;
4533:002;
4534:002;
4535:002;
4536:002;
4537:002;
4538:002;
4539:002;
4540:002;
4541:002;
4542:002;
4543:002;
4544:002;
4545:002;
4546:002;
4547:002;
4548:002;
4549:002;
4550:002;
4551:002;
4552:002;
4553:002;
4554:002;
4555:002;
4556:002;
4557:002;
4558:002;
4559:002;
4560:002;
4561:002;
4562:002;
4563:002;
4564:002;
4565:002;
4566:002;
4567:002;
4568:002;
4569:002;
4570:002;
4571:002;
4572:002;
4573:002;
4574:002;
4575:002;
4576:002;
4577:002;
4578:002;
4579:002;
4580:002;
4581:002;
4582:002;
4583:002;
4584:002;
4585:002;
4586:002;
4587:002;
4588:002;
4589:002;
4590:002;
4591:002;
4592:002;
4593:002;
4594:002;
4595:002;
4596:002;
4597:002;
4598:002;
4599:002;
4600:002;
4601:002;
4602:002;
4603:002;
4604:002;
4605:002;
4606:002;
4607:002;
4608:002;
4609:002;
4610:002;
4611:002;
4612:002;
4613:002;
4614:002;
4615:002;
4616:002;
4617:002;
4618:002;
4619:002;
4620:002;
4621:002;
4622:002;
4623:002;
4624:002;
4625:002;
4626:002;
4627:002;
4628:002;
4629:002;
4630:002;
4631:002;
4632:002;
4633:002;
4634:002;
4635:002;
4636:002;
4637:002;
4638:002;
4639:002;
4640:002;
4641:002;
4642:002;
4643:002;
4644:002;
4645:002;
4646:002;
4647:002;
4648:002;
4649:002;
4650:002;
4651:002;
4652:002;
4653:002;
4654:002;
4655:002;
4656:002;
4657:002;
4658:002;
4659:002;
4660:002;
4661:002;
4662:002;
4663:002;
4664:002;
4665:002;
4666:002;
4667:002;
4668:002;
4669:002;
4670:002;
4671:002;
4672:002;
4673:002;
4674:002;
4675:002;
4676:002;
4677:002;
4678:002;
4679:002;
4680:002;
4681:002;
4682:002;
4683:002;
4684:002;
4685:002;
4686:002;
4687:002;
4688:002;
4689:002;
4690:002;
4691:002;
4692:002;
4693:002;
4694:002;
4695:002;
4696:002;
4697:002;
4698:002;
4699:002;
4700:002;
4701:002;
4702:002;
4703:002;
4704:002;
4705:002;
4706:002;
4707:002;
4708:002;
4709:002;
4710:002;
4711:002;
4712:002;
4713:002;
4714:002;
4715:002;
4716:002;
4717:002;
4718:002;
4719:002;
4720:002;
4721:002;
4722:002;
4723:002;
4724:002;
4725:002;
4726:002;
4727:002;
4728:002;
4729:002;
4730:002;
4731:002;
4732:002;
4733:002;
4734:002;
4735:002;
4736:002;
4737:002;
4738:002;
4739:002;
4740:002;
4741:002;
4742:002;
4743:002;
4744:002;
4745:002;
4746:002;
4747:002;
4748:002;
4749:002;
4750:002;
4751:002;
4752:002;
4753:002;
4754:002;
4755:002;
4756:002;
4757:002;
4758:002;
4759:002;
4760:002;
4761:002;
4762:002;
4763:002;
4764:002;
4765:002;
4766:002;
4767:002;
4768:002;
4769:002;
4770:002;
4771:002;
4772:002;
4773:002;
4774:002;
4775:002;
4776:002;
4777:002;
4778:002;
4779:002;
4780:002;
4781:002;
4782:002;
4783:002;
4784:002;
4785:002;
4786:002;
4787:002;
4788:002;
4789:002;
4790:002;
4791:002;
4792:002;
4793:002;
4794:002;
4795:002;
4796:002;
4797:002;
4798:002;
4799:002;
4800:002;
4801:002;
4802:002;
4803:002;
4804:002;
4805:002;
4806:002;
4807:002;
4808:002;
4809:002;
4810:002;
4811:002;
4812:002;
4813:002;
4814:002;
4815:002;
4816:002;
4817:002;
4818:002;
4819:002;
4820:002;
4821:002;
4822:002;
4823:002;
4824:002;
4825:002;
4826:002;
4827:002;
4828:002;
4829:002;
4830:002;
4831:002;
4832:002;
4833:002;
4834:002;
4835:002;
4836:002;
4837:002;
4838:002;
4839:002;
4840:002;
4841:002;
4842:002;
4843:002;
4844:002;
4845:002;
4846:002;
4847:002;
4848:002;
4849:002;
4850:002;
4851:002;
4852:002;
4853:002;
4854:002;
4855:002;
4856:002;
4857:002;
4858:002;
4859:002;
4860:002;
4861:002;
4862:002;
4863:002;
4864:002;
4865:002;
4866:002;
4867:002;
4868:002;
4869:002;
4870:002;
4871:002;
4872:002;
4873:002;
4874:002;
4875:002;
4876:002;
4877:002;
4878:002;
4879:002;
4880:002;
4881:002;
4882:002;
4883:002;
4884:002;
4885:002;
4886:002;
4887:002;
4888:002;
4889:002;
4890:002;
4891:002;
4892:002;
4893:002;
4894:002;
4895:002;
4896:002;
4897:002;
4898:002;
4899:002;
4900:002;
4901:002;
4902:002;
4903:002;
4904:002;
4905:002;
4906:002;
4907:002;
4908:002;
4909:002;
4910:002;
4911:002;
4912:002;
4913:002;
4914:002;
4915:002;
4916:002;
4917:002;
4918:002;
4919:002;
4920:002;
4921:002;
4922:002;
4923:002;
4924:002;
4925:002;
4926:002;
4927:002;
4928:002;
4929:002;
4930:002;
4931:002;
4932:002;
4933:002;
4934:002;
4935:002;
4936:002;
4937:002;
4938:002;
4939:002;
4940:002;
4941:002;
4942:002;
4943:002;
4944:002;
4945:002;
4946:002;
4947:002;
4948:002;
4949:002;
4950:002;
4951:002;
4952:002;
4953:002;
4954:002;
4955:002;
4956:002;
4957:002;
4958:002;
4959:002;
4960:002;
4961:002;
4962:002;
4963:002;
4964:002;
4965:002;
4966:002;
4967:002;
4968:002;
4969:002;
4970:002;
4971:002;
4972:002;
4973:002;
4974:002;
4975:002;
4976:002;
4977:002;
4978:002;
4979:002;
4980:002;
4981:002;
4982:002;
4983:002;
4984:002;
4985:002;
4986:002;
4987:002;
4988:002;
4989:002;
4990:002;
4991:002;
4992:002;
4993:002;
4994:002;
4995:002;
4996:002;
4997:002;
4998:002;
4999:002;
5000:002;
5001:002;
5002:002;
5003:002;
5004:002;
5005:002;
5006:002;
5007:002;
5008:002;
5009:002;
5010:002;
5011:002;
5012:002;
5013:002;
5014:002;
5015:002;
5016:002;
5017:002;
5018:002;
5019:002;
5020:002;
5021:002;
5022:002;
5023:002;
5024:002;
5025:002;
5026:002;
5027:002;
5028:002;
5029:002;
5030:002;
5031:002;
5032:002;
5033:002;
5034:002;
5035:002;
5036:002;
5037:002;
5038:002;
5039:002;
5040:002;
5041:002;
5042:002;
5043:002;
5044:002;
5045:002;
5046:002;
5047:002;
5048:002;
5049:002;
5050:002;
5051:002;
5052:002;
5053:002;
5054:002;
5055:002;
5056:002;
5057:002;
5058:002;
5059:002;
5060:002;
5061:002;
5062:002;
5063:002;
5064:002;
5065:002;
5066:002;
5067:002;
5068:002;
5069:002;
5070:002;
5071:002;
5072:002;
5073:002;
5074:002;
5075:002;
5076:002;
5077:002;
5078:002;
5079:002;
5080:002;
5081:002;
5082:002;
5083:002;
5084:002;
5085:002;
5086:002;
5087:002;
5088:002;
5089:002;
5090:002;
5091:002;
5092:002;
5093:002;
5094:002;
5095:002;
5096:002;
5097:002;
5098:002;
5099:002;
5100:002;
5101:002;
5102:002;
5103:002;
5104:002;
5105:002;
5106:002;
5107:002;
5108:002;
5109:002;
5110:002;
5111:002;
5112:002;
5113:002;
5114:002;
5115:002;
5116:002;
5117:002;
5118:002;
5119:002;
5120:002;
5121:002;
5122:002;
5123:002;
5124:002;
5125:002;
5126:002;
5127:002;
5128:002;
5129:002;
5130:002;
5131:002;
5132:002;
5133:002;
5134:002;
5135:002;
5136:002;
5137:002;
5138:002;
5139:002;
5140:002;
5141:002;
5142:002;
5143:002;
5144:002;
5145:002;
5146:002;
5147:002;
5148:002;
5149:002;
5150:002;
5151:002;
5152:002;
5153:002;
5154:002;
5155:002;
5156:002;
5157:002;
5158:002;
5159:002;
5160:002;
5161:002;
5162:002;
5163:002;
5164:002;
5165:002;
5166:002;
5167:002;
5168:002;
5169:002;
5170:002;
5171:002;
5172:002;
5173:002;
5174:002;
5175:002;
5176:002;
5177:002;
5178:002;
5179:002;
5180:002;
5181:002;
5182:002;
5183:002;
5184:002;
5185:002;
5186:002;
5187:002;
5188:002;
5189:002;
5190:002;
5191:002;
5192:002;
5193:002;
5194:002;
5195:002;
5196:002;
5197:002;
5198:002;
5199:002;
5200:002;
5201:002;
5202:002;
5203:002;
5204:002;
5205:002;
5206:002;
5207:002;
5208:002;
5209:002;
5210:002;
5211:002;
5212:002;
5213:002;
5214:002;
5215:002;
5216:002;
5217:002;
5218:002;
5219:002;
5220:002;
5221:002;
5222:002;
5223:002;
5224:002;
5225:002;
5226:002;
5227:002;
5228:002;
5229:002;
5230:002;
5231:002;
5232:002;
5233:002;
5234:002;
5235:002;
5236:002;
5237:002;
5238:002;
5239:002;
5240:002;
5241:002;
5242:002;
5243:002;
5244:002;
5245:002;
5246:002;
5247:002;
5248:002;
5249:002;
5250:002;
5251:002;
5252:002;
5253:002;
5254:002;
5255:002;
5256:002;
5257:002;
5258:002;
5259:002;
5260:002;
5261:002;
5262:002;
5263:002;
5264:002;
5265:002;
5266:002;
5267:002;
5268:002;
5269:002;
5270:002;
5271:002;
5272:002;
5273:002;
5274:002;
5275:002;
5276:002;
5277:002;
5278:002;
5279:002;
5280:002;
5281:002;
5282:002;
5283:002;
5284:002;
5285:002;
5286:002;
5287:002;
5288:002;
5289:002;
5290:002;
5291:002;
5292:002;
5293:002;
5294:002;
5295:002;
5296:002;
5297:002;
5298:002;
5299:002;
5300:002;
5301:002;
5302:002;
5303:002;
5304:002;
5305:002;
5306:002;
5307:002;
5308:002;
5309:002;
5310:002;
5311:002;
5312:002;
5313:002;
5314:002;
5315:002;
5316:002;
5317:002;
5318:002;
5319:002;
5320:002;
5321:002;
5322:002;
5323:002;
5324:002;
5325:002;
5326:002;
5327:002;
5328:002;
5329:002;
5330:002;
5331:002;
5332:002;
5333:002;
5334:002;
5335:002;
5336:002;
5337:002;
5338:002;
5339:002;
5340:002;
5341:002;
5342:002;
5343:002;
5344:002;
5345:002;
5346:002;
5347:002;
5348:002;
5349:002;
5350:002;
5351:002;
5352:002;
5353:002;
5354:002;
5355:002;
5356:002;
5357:002;
5358:002;
5359:002;
5360:002;
5361:002;
5362:002;
5363:002;
5364:002;
5365:002;
5366:002;
5367:002;
5368:002;
5369:002;
5370:002;
5371:002;
5372:002;
5373:002;
5374:002;
5375:002;
5376:002;
5377:002;
5378:002;
5379:002;
5380:002;
5381:002;
5382:002;
5383:002;
5384:002;
5385:002;
5386:002;
5387:002;
5388:002;
5389:002;
5390:002;
5391:002;
5392:002;
5393:002;
5394:002;
5395:002;
5396:002;
5397:002;
5398:002;
5399:002;
5400:002;
5401:002;
5402:002;
5403:002;
5404:002;
5405:002;
5406:002;
5407:002;
5408:002;
5409:002;
5410:002;
5411:002;
5412:002;
5413:002;
5414:002;
5415:002;
5416:002;
5417:002;
5418:002;
5419:002;
5420:002;
5421:002;
5422:002;
5423:002;
5424:002;
5425:002;
5426:002;
5427:002;
5428:002;
5429:002;
5430:002;
5431:002;
5432:002;
5433:002;
5434:002;
5435:002;
5436:002;
5437:002;
5438:002;
5439:002;
5440:002;
5441:002;
5442:002;
5443:002;
5444:002;
5445:002;
5446:002;
5447:002;
5448:002;
5449:002;
5450:002;
5451:002;
5452:002;
5453:002;
5454:002;
5455:002;
5456:002;
5457:002;
5458:002;
5459:002;
5460:002;
5461:002;
5462:002;
5463:002;
5464:002;
5465:002;
5466:002;
5467:002;
5468:002;
5469:002;
5470:002;
5471:002;
5472:002;
5473:002;
5474:002;
5475:002;
5476:002;
5477:002;
5478:002;
5479:002;
5480:002;
5481:002;
5482:002;
5483:002;
5484:002;
5485:002;
5486:002;
5487:002;
5488:002;
5489:002;
5490:002;
5491:002;
5492:002;
5493:002;
5494:002;
5495:002;
5496:002;
5497:002;
5498:002;
5499:002;
5500:002;
5501:002;
5502:002;
5503:002;
5504:002;
5505:002;
5506:002;
5507:002;
5508:002;
5509:002;
5510:002;
5511:002;
5512:002;
5513:002;
5514:002;
5515:002;
5516:002;
5517:002;
5518:002;
5519:002;
5520:002;
5521:002;
5522:002;
5523:002;
5524:002;
5525:002;
5526:002;
5527:002;
5528:002;
5529:002;
5530:002;
5531:002;
5532:002;
5533:002;
5534:002;
5535:002;
5536:002;
5537:002;
5538:002;
5539:002;
5540:002;
5541:002;
5542:002;
5543:002;
5544:002;
5545:002;
5546:002;
5547:002;
5548:002;
5549:002;
5550:002;
5551:002;
5552:002;
5553:002;
5554:002;
5555:002;
5556:002;
5557:002;
5558:002;
5559:002;
5560:002;
5561:002;
5562:002;
5563:002;
5564:002;
5565:002;
5566:002;
5567:002;
5568:002;
5569:002;
5570:002;
5571:002;
5572:002;
5573:002;
5574:002;
5575:002;
5576:002;
5577:002;
5578:002;
5579:002;
5580:002;
5581:002;
5582:002;
5583:002;
5584:002;
5585:002;
5586:002;
5587:002;
5588:002;
5589:002;
5590:002;
5591:002;
5592:002;
5593:002;
5594:002;
5595:002;
5596:002;
5597:002;
5598:002;
5599:002;
5600:002;
5601:002;
5602:002;
5603:002;
5604:002;
5605:002;
5606:002;
5607:002;
5608:002;
5609:002;
5610:002;
5611:002;
5612:002;
5613:002;
5614:002;
5615:002;
5616:002;
5617:002;
5618:002;
5619:002;
5620:002;
5621:002;
5622:002;
5623:002;
5624:002;
5625:002;
5626:002;
5627:002;
5628:002;
5629:002;
5630:002;
5631:002;
5632:002;
5633:002;
5634:002;
5635:002;
5636:002;
5637:002;
5638:002;
5639:002;
5640:002;
5641:002;
5642:002;
5643:002;
5644:002;
5645:002;
5646:002;
5647:002;
5648:002;
5649:002;
5650:002;
5651:002;
5652:002;
5653:002;
5654:002;
5655:002;
5656:002;
5657:002;
5658:002;
5659:002;
5660:002;
5661:002;
5662:002;
5663:002;
5664:002;
5665:002;
5666:002;
5667:002;
5668:002;
5669:002;
5670:002;
5671:002;
5672:002;
5673:002;
5674:002;
5675:002;
5676:002;
5677:002;
5678:002;
5679:002;
5680:002;
5681:002;
5682:002;
5683:002;
5684:002;
5685:002;
5686:002;
5687:002;
5688:002;
5689:002;
5690:002;
5691:002;
5692:002;
5693:002;
5694:002;
5695:002;
5696:002;
5697:002;
5698:002;
5699:002;
5700:002;
5701:002;
5702:002;
5703:002;
5704:002;
5705:002;
5706:002;
5707:002;
5708:002;
5709:002;
5710:002;
5711:002;
5712:002;
5713:002;
5714:002;
5715:002;
5716:002;
5717:002;
5718:002;
5719:002;
5720:002;
5721:002;
5722:002;
5723:002;
5724:002;
5725:002;
5726:002;
5727:002;
5728:002;
5729:002;
5730:002;
5731:002;
5732:002;
5733:002;
5734:002;
5735:002;
5736:002;
5737:002;
5738:002;
5739:002;
5740:002;
5741:002;
5742:002;
5743:002;
5744:002;
5745:002;
5746:002;
5747:002;
5748:002;
5749:002;
5750:002;
5751:002;
5752:002;
5753:002;
5754:002;
5755:002;
5756:002;
5757:002;
5758:002;
5759:002;
5760:002;
5761:002;
5762:002;
5763:002;
5764:002;
5765:002;
5766:002;
5767:002;
5768:002;
5769:002;
5770:002;
5771:002;
5772:002;
5773:002;
5774:002;
5775:002;
5776:002;
5777:002;
5778:002;
5779:002;
5780:002;
5781:002;
5782:002;
5783:002;
5784:002;
5785:002;
5786:002;
5787:002;
5788:002;
5789:002;
5790:002;
5791:002;
5792:002;
5793:002;
5794:002;
5795:002;
5796:002;
5797:002;
5798:002;
5799:002;
5800:002;
5801:002;
5802:002;
5803:002;
5804:002;
5805:002;
5806:002;
5807:002;
5808:002;
5809:002;
5810:002;
5811:002;
5812:002;
5813:002;
5814:002;
5815:002;
5816:002;
5817:002;
5818:002;
5819:002;
5820:002;
5821:002;
5822:002;
5823:002;
5824:002;
5825:002;
5826:002;
5827:002;
5828:002;
5829:002;
5830:002;
5831:002;
5832:002;
5833:002;
5834:002;
5835:002;
5836:002;
5837:002;
5838:002;
5839:002;
5840:002;
5841:002;
5842:002;
5843:002;
5844:002;
5845:002;
5846:002;
5847:002;
5848:002;
5849:002;
5850:002;
5851:002;
5852:002;
5853:002;
5854:002;
5855:002;
5856:002;
5857:002;
5858:002;
5859:002;
5860:002;
5861:002;
5862:002;
5863:002;
5864:002;
5865:002;
5866:002;
5867:002;
5868:002;
5869:002;
5870:002;
5871:002;
5872:002;
5873:002;
5874:002;
5875:002;
5876:002;
5877:002;
5878:002;
5879:002;
5880:002;
5881:002;
5882:002;
5883:002;
5884:002;
5885:002;
5886:002;
5887:002;
5888:002;
5889:002;
5890:002;
5891:002;
5892:002;
5893:002;
5894:002;
5895:002;
5896:002;
5897:002;
5898:002;
5899:002;
5900:002;
5901:002;
5902:002;
5903:002;
5904:002;
5905:002;
5906:002;
5907:002;
5908:002;
5909:002;
5910:002;
5911:002;
5912:002;
5913:002;
5914:002;
5915:002;
5916:002;
5917:002;
5918:002;
5919:002;
5920:002;
5921:002;
5922:002;
5923:002;
5924:002;
5925:002;
5926:002;
5927:002;
5928:002;
5929:002;
5930:002;
5931:002;
5932:002;
5933:002;
5934:002;
5935:002;
5936:002;
5937:002;
5938:002;
5939:002;
5940:002;
5941:002;
5942:002;
5943:002;
5944:002;
5945:002;
5946:002;
5947:002;
5948:002;
5949:002;
5950:002;
5951:002;
5952:002;
5953:002;
5954:002;
5955:002;
5956:002;
5957:002;
5958:002;
5959:002;
5960:002;
5961:002;
5962:002;
5963:002;
5964:002;
5965:002;
5966:002;
5967:002;
5968:002;
5969:002;
5970:002;
5971:002;
5972:002;
5973:002;
5974:002;
5975:002;
5976:002;
5977:002;
5978:002;
5979:002;
5980:002;
5981:002;
5982:002;
5983:002;
5984:002;
5985:002;
5986:002;
5987:002;
5988:002;
5989:002;
5990:002;
5991:002;
5992:002;
5993:002;
5994:002;
5995:002;
5996:002;
5997:002;
5998:002;
5999:002;
6000:002;
6001:002;
6002:002;
6003:002;
6004:002;
6005:002;
6006:002;
6007:002;
6008:002;
6009:002;
6010:002;
6011:002;
6012:002;
6013:002;
6014:002;
6015:002;
6016:002;
6017:002;
6018:002;
6019:002;
6020:002;
6021:002;
6022:002;
6023:002;
6024:002;
6025:002;
6026:002;
6027:002;
6028:002;
6029:002;
6030:002;
6031:002;
6032:002;
6033:002;
6034:002;
6035:002;
6036:002;
6037:002;
6038:002;
6039:002;
6040:002;
6041:002;
6042:002;
6043:002;
6044:002;
6045:002;
6046:002;
6047:002;
6048:002;
6049:002;
6050:002;
6051:002;
6052:002;
6053:002;
6054:002;
6055:002;
6056:002;
6057:002;
6058:002;
6059:002;
6060:002;
6061:002;
6062:002;
6063:002;
6064:002;
6065:002;
6066:002;
6067:002;
6068:002;
6069:002;
6070:002;
6071:002;
6072:002;
6073:002;
6074:002;
6075:002;
6076:002;
6077:002;
6078:002;
6079:002;
6080:002;
6081:002;
6082:002;
6083:002;
6084:002;
6085:002;
6086:002;
6087:002;
6088:002;
6089:002;
6090:002;
6091:002;
6092:002;
6093:002;
6094:002;
6095:002;
6096:002;
6097:002;
6098:002;
6099:002;
6100:002;
6101:002;
6102:002;
6103:002;
6104:002;
6105:002;
6106:002;
6107:002;
6108:002;
6109:002;
6110:002;
6111:002;
6112:002;
6113:002;
6114:002;
6115:002;
6116:002;
6117:002;
6118:002;
6119:002;
6120:002;
6121:002;
6122:002;
6123:002;
6124:002;
6125:002;
6126:002;
6127:002;
6128:002;
6129:002;
6130:002;
6131:002;
6132:002;
6133:002;
6134:002;
6135:002;
6136:002;
6137:002;
6138:002;
6139:002;
6140:002;
6141:002;
6142:002;
6143:002;
6144:002;
6145:002;
6146:002;
6147:002;
6148:002;
6149:002;
6150:002;
6151:002;
6152:002;
6153:002;
6154:002;
6155:002;
6156:002;
6157:002;
6158:002;
6159:002;
6160:002;
6161:002;
6162:002;
6163:002;
6164:002;
6165:002;
6166:002;
6167:002;
6168:002;
6169:002;
6170:002;
6171:002;
6172:002;
6173:002;
6174:002;
6175:002;
6176:002;
6177:002;
6178:002;
6179:002;
6180:002;
6181:002;
6182:002;
6183:002;
6184:002;
6185:002;
6186:002;
6187:002;
6188:002;
6189:002;
6190:002;
6191:002;
6192:002;
6193:002;
6194:002;
6195:002;
6196:002;
6197:002;
6198:002;
6199:002;
6200:002;
6201:002;
6202:002;
6203:002;
6204:002;
6205:002;
6206:002;
6207:002;
6208:002;
6209:002;
6210:002;
6211:002;
6212:002;
6213:002;
6214:002;
6215:002;
6216:002;
6217:002;
6218:002;
6219:002;
6220:002;
6221:002;
6222:002;
6223:002;
6224:002;
6225:002;
6226:002;
6227:002;
6228:002;
6229:002;
6230:002;
6231:002;
6232:002;
6233:002;
6234:002;
6235:002;
6236:002;
6237:002;
6238:002;
6239:002;
6240:002;
6241:002;
6242:002;
6243:002;
6244:002;
6245:002;
6246:002;
6247:002;
6248:002;
6249:002;
6250:002;
6251:002;
6252:002;
6253:002;
6254:002;
6255:002;
6256:002;
6257:002;
6258:002;
6259:002;
6260:002;
6261:002;
6262:002;
6263:002;
6264:002;
6265:002;
6266:002;
6267:002;
6268:002;
6269:002;
6270:002;
6271:002;
6272:002;
6273:002;
6274:002;
6275:002;
6276:002;
6277:002;
6278:002;
6279:002;
6280:002;
6281:002;
6282:002;
6283:002;
6284:002;
6285:002;
6286:002;
6287:002;
6288:002;
6289:002;
6290:002;
6291:002;
6292:002;
6293:002;
6294:002;
6295:002;
6296:002;
6297:002;
6298:002;
6299:002;
6300:002;
6301:002;
6302:002;
6303:002;
6304:002;
6305:002;
6306:002;
6307:002;
6308:002;
6309:002;
6310:002;
6311:002;
6312:002;
6313:002;
6314:002;
6315:002;
6316:002;
6317:002;
6318:002;
6319:002;
6320:002;
6321:002;
6322:002;
6323:002;
6324:002;
6325:002;
6326:002;
6327:002;
6328:002;
6329:002;
6330:002;
6331:002;
6332:002;
6333:002;
6334:002;
6335:002;
6336:002;
6337:002;
6338:002;
6339:002;
6340:002;
6341:002;
6342:002;
6343:002;
6344:002;
6345:002;
6346:002;
6347:002;
6348:002;
6349:002;
6350:002;
6351:002;
6352:002;
6353:002;
6354:002;
6355:002;
6356:002;
6357:002;
6358:002;
6359:002;
6360:002;
6361:002;
6362:002;
6363:002;
6364:002;
6365:002;
6366:002;
6367:002;
6368:002;
6369:002;
6370:002;
6371:002;
6372:002;
6373:002;
6374:002;
6375:002;
6376:002;
6377:002;
6378:002;
6379:002;
6380:002;
6381:002;
6382:002;
6383:002;
6384:002;
6385:002;
6386:002;
6387:002;
6388:002;
6389:002;
6390:002;
6391:002;
6392:002;
6393:002;
6394:002;
6395:002;
6396:002;
6397:002;
6398:002;
6399:002;
6400:002;
6401:002;
6402:002;
6403:002;
6404:002;
6405:002;
6406:002;
6407:002;
6408:002;
6409:002;
6410:002;
6411:002;
6412:002;
6413:002;
6414:002;
6415:002;
6416:002;
6417:002;
6418:002;
6419:002;
6420:002;
6421:002;
6422:002;
6423:002;
6424:002;
6425:002;
6426:002;
6427:002;
6428:002;
6429:002;
6430:002;
6431:002;
6432:002;
6433:002;
6434:002;
6435:002;
6436:002;
6437:002;
6438:002;
6439:002;
6440:002;
6441:002;
6442:002;
6443:002;
6444:002;
6445:002;
6446:002;
6447:002;
6448:002;
6449:002;
6450:002;
6451:002;
6452:002;
6453:002;
6454:002;
6455:002;
6456:002;
6457:002;
6458:002;
6459:002;
6460:002;
6461:002;
6462:002;
6463:002;
6464:002;
6465:002;
6466:002;
6467:002;
6468:002;
6469:002;
6470:002;
6471:002;
6472:002;
6473:002;
6474:002;
6475:002;
6476:002;
6477:002;
6478:002;
6479:002;
6480:002;
6481:002;
6482:002;
6483:002;
6484:002;
6485:002;
6486:002;
6487:002;
6488:002;
6489:002;
6490:002;
6491:002;
6492:002;
6493:002;
6494:002;
6495:002;
6496:002;
6497:002;
6498:002;
6499:002;
6500:002;
6501:002;
6502:002;
6503:002;
6504:002;
6505:002;
6506:002;
6507:002;
6508:002;
6509:002;
6510:002;
6511:002;
6512:002;
6513:002;
6514:002;
6515:002;
6516:002;
6517:002;
6518:002;
6519:002;
6520:002;
6521:002;
6522:002;
6523:002;
6524:002;
6525:002;
6526:002;
6527:002;
6528:002;
6529:002;
6530:002;
6531:002;
6532:002;
6533:002;
6534:002;
6535:002;
6536:002;
6537:002;
6538:002;
6539:002;
6540:002;
6541:002;
6542:002;
6543:002;
6544:002;
6545:002;
6546:002;
6547:002;
6548:002;
6549:002;
6550:002;
6551:002;
6552:002;
6553:002;
6554:002;
6555:002;
6556:002;
6557:002;
6558:002;
6559:002;
6560:002;
6561:002;
6562:002;
6563:002;
6564:002;
6565:002;
6566:002;
6567:002;
6568:002;
6569:002;
6570:002;
6571:002;
6572:002;
6573:002;
6574:002;
6575:002;
6576:002;
6577:002;
6578:002;
6579:002;
6580:002;
6581:002;
6582:002;
6583:002;
6584:002;
6585:002;
6586:002;
6587:002;
6588:002;
6589:002;
6590:002;
6591:002;
6592:002;
6593:002;
6594:002;
6595:002;
6596:002;
6597:002;
6598:002;
6599:002;
6600:002;
6601:002;
6602:002;
6603:002;
6604:002;
6605:002;
6606:002;
6607:002;
6608:002;
6609:002;
6610:002;
6611:002;
6612:002;
6613:002;
6614:002;
6615:002;
6616:002;
6617:002;
6618:002;
6619:002;
6620:002;
6621:002;
6622:002;
6623:002;
6624:002;
6625:002;
6626:002;
6627:002;
6628:002;
6629:002;
6630:002;
6631:002;
6632:002;
6633:002;
6634:002;
6635:002;
6636:002;
6637:002;
6638:002;
6639:002;
6640:002;
6641:002;
6642:002;
6643:002;
6644:002;
6645:002;
6646:002;
6647:002;
6648:002;
6649:002;
6650:002;
6651:002;
6652:002;
6653:002;
6654:002;
6655:002;
6656:000;
6657:000;
6658:000;
6659:000;
6660:000;
6661:000;
6662:000;
6663:000;
6664:000;
6665:000;
6666:000;
6667:000;
6668:000;
6669:000;
6670:000;
6671:000;
6672:002;
6673:002;
6674:002;
6675:002;
6676:002;
6677:002;
6678:002;
6679:002;
6680:002;
6681:002;
6682:002;
6683:002;
6684:002;
6685:002;
6686:002;
6687:002;
6688:002;
6689:002;
6690:002;
6691:002;
6692:002;
6693:002;
6694:002;
6695:002;
6696:002;
6697:002;
6698:002;
6699:002;
6700:002;
6701:002;
6702:002;
6703:002;
6704:002;
6705:002;
6706:002;
6707:002;
6708:002;
6709:002;
6710:002;
6711:002;
6712:002;
6713:002;
6714:002;
6715:002;
6716:002;
6717:002;
6718:002;
6719:002;
6720:002;
6721:002;
6722:002;
6723:002;
6724:002;
6725:002;
6726:002;
6727:002;
6728:002;
6729:002;
6730:002;
6731:002;
6732:002;
6733:002;
6734:002;
6735:002;
6736:002;
6737:002;
6738:002;
6739:002;
6740:002;
6741:002;
6742:002;
6743:002;
6744:002;
6745:002;
6746:002;
6747:002;
6748:002;
6749:002;
6750:002;
6751:002;
6752:002;
6753:002;
6754:002;
6755:002;
6756:002;
6757:002;
6758:002;
6759:002;
6760:002;
6761:002;
6762:002;
6763:002;
6764:002;
6765:002;
6766:000;
6767:000;
6768:000;
6769:000;
6770:000;
6771:000;
6772:000;
6773:000;
6774:000;
6775:000;
6776:000;
6777:000;
6778:000;
6779:000;
6780:000;
6781:000;
6782:000;
6783:000;
6784:000;
6785:000;
6786:000;
6787:000;
6788:000;
6789:000;
6790:000;
6791:000;
6792:000;
6793:000;
6794:000;
6795:000;
6796:000;
6797:000;
6798:000;
6799:000;
6800:000;
6801:002;
6802:002;
6803:002;
6804:002;
6805:002;
6806:002;
6807:002;
6808:002;
6809:002;
6810:002;
6811:002;
6812:002;
6813:002;
6814:002;
6815:002;
6816:002;
6817:002;
6818:002;
6819:002;
6820:002;
6821:002;
6822:002;
6823:002;
6824:002;
6825:002;
6826:002;
6827:002;
6828:002;
6829:002;
6830:002;
6831:002;
6832:002;
6833:002;
6834:002;
6835:002;
6836:002;
6837:002;
6838:002;
6839:002;
6840:002;
6841:002;
6842:002;
6843:002;
6844:002;
6845:002;
6846:002;
6847:002;
6848:002;
6849:002;
6850:002;
6851:002;
6852:002;
6853:002;
6854:002;
6855:002;
6856:002;
6857:002;
6858:002;
6859:002;
6860:002;
6861:002;
6862:002;
6863:002;
6864:002;
6865:002;
6866:002;
6867:002;
6868:002;
6869:002;
6870:002;
6871:002;
6872:002;
6873:002;
6874:002;
6875:002;
6876:002;
6877:002;
6878:002;
6879:002;
6880:002;
6881:002;
6882:002;
6883:002;
6884:002;
6885:002;
6886:002;
6887:002;
6888:002;
6889:002;
6890:002;
6891:002;
6892:002;
6893:000;
6894:000;
6895:000;
6896:000;
6897:000;
6898:000;
6899:000;
6900:000;
6901:000;
6902:000;
6903:000;
6904:000;
6905:000;
6906:000;
6907:000;
6908:000;
6909:000;
6910:000;
6911:000;
6912:001;
6913:001;
6914:001;
6915:001;
6916:001;
6917:001;
6918:001;
6919:001;
6920:001;
6921:001;
6922:001;
6923:001;
6924:001;
6925:001;
6926:001;
6927:000;
6928:000;
6929:000;
6930:002;
6931:002;
6932:002;
6933:002;
6934:002;
6935:002;
6936:002;
6937:002;
6938:002;
6939:002;
6940:002;
6941:002;
6942:002;
6943:002;
6944:002;
6945:002;
6946:002;
6947:002;
6948:002;
6949:002;
6950:002;
6951:002;
6952:002;
6953:002;
6954:002;
6955:002;
6956:002;
6957:002;
6958:002;
6959:002;
6960:002;
6961:002;
6962:002;
6963:002;
6964:002;
6965:002;
6966:002;
6967:002;
6968:002;
6969:002;
6970:002;
6971:002;
6972:002;
6973:002;
6974:002;
6975:002;
6976:002;
6977:002;
6978:002;
6979:002;
6980:002;
6981:002;
6982:002;
6983:002;
6984:002;
6985:002;
6986:002;
6987:002;
6988:002;
6989:002;
6990:002;
6991:002;
6992:002;
6993:002;
6994:002;
6995:002;
6996:002;
6997:002;
6998:002;
6999:002;
7000:002;
7001:002;
7002:002;
7003:002;
7004:002;
7005:002;
7006:002;
7007:002;
7008:002;
7009:002;
7010:002;
7011:002;
7012:002;
7013:002;
7014:002;
7015:002;
7016:002;
7017:002;
7018:002;
7019:002;
7020:000;
7021:000;
7022:000;
7023:001;
7024:001;
7025:001;
7026:001;
7027:001;
7028:001;
7029:001;
7030:001;
7031:001;
7032:001;
7033:001;
7034:001;
7035:001;
7036:001;
7037:001;
7038:001;
7039:000;
7040:001;
7041:001;
7042:001;
7043:001;
7044:001;
7045:001;
7046:001;
7047:001;
7048:001;
7049:001;
7050:001;
7051:001;
7052:001;
7053:001;
7054:001;
7055:001;
7056:000;
7057:000;
7058:000;
7059:002;
7060:002;
7061:002;
7062:002;
7063:002;
7064:002;
7065:002;
7066:002;
7067:002;
7068:002;
7069:002;
7070:002;
7071:002;
7072:002;
7073:002;
7074:002;
7075:002;
7076:002;
7077:002;
7078:002;
7079:002;
7080:002;
7081:002;
7082:002;
7083:002;
7084:002;
7085:002;
7086:002;
7087:002;
7088:002;
7089:002;
7090:002;
7091:002;
7092:002;
7093:002;
7094:002;
7095:002;
7096:002;
7097:002;
7098:002;
7099:002;
7100:002;
7101:002;
7102:002;
7103:002;
7104:002;
7105:002;
7106:002;
7107:002;
7108:002;
7109:002;
7110:002;
7111:002;
7112:002;
7113:002;
7114:002;
7115:002;
7116:002;
7117:002;
7118:002;
7119:002;
7120:002;
7121:002;
7122:002;
7123:002;
7124:002;
7125:002;
7126:002;
7127:002;
7128:002;
7129:002;
7130:002;
7131:002;
7132:002;
7133:002;
7134:002;
7135:002;
7136:002;
7137:002;
7138:002;
7139:002;
7140:002;
7141:002;
7142:002;
7143:002;
7144:002;
7145:002;
7146:002;
7147:000;
7148:000;
7149:000;
7150:001;
7151:001;
7152:001;
7153:001;
7154:001;
7155:001;
7156:001;
7157:001;
7158:001;
7159:001;
7160:001;
7161:001;
7162:001;
7163:001;
7164:001;
7165:001;
7166:001;
7167:000;
7168:001;
7169:001;
7170:001;
7171:001;
7172:001;
7173:001;
7174:001;
7175:001;
7176:001;
7177:001;
7178:001;
7179:001;
7180:001;
7181:001;
7182:001;
7183:001;
7184:001;
7185:000;
7186:000;
7187:000;
7188:002;
7189:002;
7190:002;
7191:002;
7192:002;
7193:002;
7194:002;
7195:002;
7196:002;
7197:002;
7198:002;
7199:002;
7200:002;
7201:002;
7202:002;
7203:002;
7204:002;
7205:002;
7206:002;
7207:002;
7208:002;
7209:002;
7210:002;
7211:002;
7212:002;
7213:002;
7214:002;
7215:002;
7216:002;
7217:002;
7218:002;
7219:002;
7220:002;
7221:002;
7222:002;
7223:002;
7224:002;
7225:002;
7226:002;
7227:002;
7228:002;
7229:002;
7230:002;
7231:002;
7232:002;
7233:002;
7234:002;
7235:002;
7236:002;
7237:002;
7238:002;
7239:002;
7240:002;
7241:002;
7242:002;
7243:002;
7244:002;
7245:002;
7246:002;
7247:002;
7248:002;
7249:002;
7250:002;
7251:002;
7252:002;
7253:002;
7254:002;
7255:002;
7256:002;
7257:002;
7258:002;
7259:002;
7260:002;
7261:002;
7262:002;
7263:002;
7264:002;
7265:002;
7266:002;
7267:002;
7268:002;
7269:002;
7270:002;
7271:002;
7272:002;
7273:002;
7274:000;
7275:000;
7276:000;
7277:001;
7278:001;
7279:001;
7280:001;
7281:001;
7282:001;
7283:001;
7284:001;
7285:001;
7286:001;
7287:001;
7288:001;
7289:001;
7290:001;
7291:001;
7292:001;
7293:001;
7294:001;
7295:000;
7296:001;
7297:001;
7298:001;
7299:001;
7300:001;
7301:001;
7302:001;
7303:001;
7304:001;
7305:001;
7306:001;
7307:001;
7308:001;
7309:001;
7310:001;
7311:001;
7312:001;
7313:001;
7314:000;
7315:000;
7316:000;
7317:002;
7318:002;
7319:002;
7320:002;
7321:002;
7322:002;
7323:002;
7324:002;
7325:002;
7326:002;
7327:002;
7328:002;
7329:002;
7330:002;
7331:002;
7332:002;
7333:002;
7334:002;
7335:002;
7336:002;
7337:002;
7338:002;
7339:002;
7340:002;
7341:002;
7342:002;
7343:002;
7344:002;
7345:002;
7346:002;
7347:002;
7348:002;
7349:002;
7350:002;
7351:002;
7352:002;
7353:002;
7354:002;
7355:002;
7356:002;
7357:002;
7358:002;
7359:002;
7360:002;
7361:002;
7362:002;
7363:002;
7364:002;
7365:002;
7366:002;
7367:002;
7368:002;
7369:002;
7370:002;
7371:002;
7372:002;
7373:002;
7374:002;
7375:002;
7376:002;
7377:002;
7378:002;
7379:002;
7380:002;
7381:002;
7382:002;
7383:002;
7384:002;
7385:002;
7386:002;
7387:002;
7388:002;
7389:002;
7390:002;
7391:002;
7392:002;
7393:002;
7394:002;
7395:002;
7396:002;
7397:002;
7398:002;
7399:002;
7400:002;
7401:000;
7402:000;
7403:000;
7404:001;
7405:001;
7406:001;
7407:001;
7408:001;
7409:001;
7410:001;
7411:001;
7412:001;
7413:001;
7414:001;
7415:001;
7416:001;
7417:001;
7418:001;
7419:001;
7420:001;
7421:001;
7422:001;
7423:000;
7424:001;
7425:001;
7426:001;
7427:001;
7428:001;
7429:001;
7430:001;
7431:001;
7432:001;
7433:001;
7434:001;
7435:001;
7436:001;
7437:001;
7438:001;
7439:001;
7440:001;
7441:001;
7442:001;
7443:000;
7444:000;
7445:000;
7446:002;
7447:002;
7448:002;
7449:002;
7450:002;
7451:002;
7452:002;
7453:002;
7454:002;
7455:002;
7456:002;
7457:002;
7458:002;
7459:002;
7460:002;
7461:002;
7462:002;
7463:002;
7464:002;
7465:002;
7466:002;
7467:002;
7468:002;
7469:002;
7470:002;
7471:002;
7472:002;
7473:002;
7474:002;
7475:002;
7476:002;
7477:002;
7478:002;
7479:002;
7480:002;
7481:002;
7482:002;
7483:002;
7484:002;
7485:002;
7486:002;
7487:002;
7488:002;
7489:002;
7490:002;
7491:002;
7492:002;
7493:002;
7494:002;
7495:002;
7496:002;
7497:002;
7498:002;
7499:002;
7500:002;
7501:002;
7502:002;
7503:002;
7504:002;
7505:002;
7506:002;
7507:002;
7508:002;
7509:002;
7510:002;
7511:002;
7512:002;
7513:002;
7514:002;
7515:002;
7516:002;
7517:002;
7518:002;
7519:002;
7520:002;
7521:002;
7522:002;
7523:002;
7524:002;
7525:002;
7526:002;
7527:002;
7528:000;
7529:000;
7530:000;
7531:001;
7532:001;
7533:001;
7534:001;
7535:001;
7536:001;
7537:001;
7538:001;
7539:001;
7540:001;
7541:001;
7542:001;
7543:001;
7544:001;
7545:001;
7546:001;
7547:001;
7548:001;
7549:001;
7550:001;
7551:000;
7552:001;
7553:001;
7554:001;
7555:001;
7556:001;
7557:001;
7558:001;
7559:001;
7560:001;
7561:001;
7562:001;
7563:001;
7564:001;
7565:001;
7566:001;
7567:001;
7568:001;
7569:001;
7570:001;
7571:001;
7572:000;
7573:000;
7574:000;
7575:002;
7576:002;
7577:002;
7578:002;
7579:002;
7580:002;
7581:002;
7582:002;
7583:002;
7584:002;
7585:002;
7586:002;
7587:002;
7588:002;
7589:002;
7590:002;
7591:002;
7592:002;
7593:002;
7594:002;
7595:002;
7596:002;
7597:002;
7598:002;
7599:002;
7600:002;
7601:002;
7602:002;
7603:002;
7604:002;
7605:002;
7606:002;
7607:002;
7608:002;
7609:002;
7610:002;
7611:002;
7612:002;
7613:002;
7614:002;
7615:002;
7616:002;
7617:002;
7618:002;
7619:002;
7620:002;
7621:002;
7622:002;
7623:002;
7624:002;
7625:002;
7626:002;
7627:002;
7628:002;
7629:002;
7630:002;
7631:002;
7632:002;
7633:002;
7634:002;
7635:002;
7636:002;
7637:002;
7638:002;
7639:002;
7640:002;
7641:002;
7642:002;
7643:002;
7644:002;
7645:002;
7646:002;
7647:002;
7648:002;
7649:002;
7650:002;
7651:002;
7652:002;
7653:002;
7654:002;
7655:000;
7656:000;
7657:000;
7658:001;
7659:001;
7660:001;
7661:001;
7662:001;
7663:001;
7664:001;
7665:001;
7666:001;
7667:001;
7668:001;
7669:001;
7670:001;
7671:001;
7672:001;
7673:001;
7674:001;
7675:001;
7676:001;
7677:001;
7678:001;
7679:000;
7680:001;
7681:001;
7682:001;
7683:001;
7684:001;
7685:001;
7686:001;
7687:001;
7688:001;
7689:001;
7690:001;
7691:001;
7692:001;
7693:001;
7694:001;
7695:001;
7696:001;
7697:001;
7698:001;
7699:001;
7700:001;
7701:000;
7702:000;
7703:000;
7704:002;
7705:002;
7706:002;
7707:002;
7708:002;
7709:002;
7710:002;
7711:002;
7712:002;
7713:002;
7714:002;
7715:002;
7716:002;
7717:002;
7718:002;
7719:002;
7720:002;
7721:002;
7722:002;
7723:002;
7724:002;
7725:002;
7726:002;
7727:002;
7728:002;
7729:002;
7730:002;
7731:002;
7732:002;
7733:002;
7734:002;
7735:002;
7736:002;
7737:002;
7738:002;
7739:002;
7740:002;
7741:002;
7742:002;
7743:002;
7744:002;
7745:002;
7746:002;
7747:002;
7748:002;
7749:002;
7750:002;
7751:002;
7752:002;
7753:002;
7754:002;
7755:002;
7756:002;
7757:002;
7758:002;
7759:002;
7760:002;
7761:002;
7762:002;
7763:002;
7764:002;
7765:002;
7766:002;
7767:002;
7768:002;
7769:002;
7770:002;
7771:002;
7772:002;
7773:002;
7774:002;
7775:002;
7776:002;
7777:002;
7778:002;
7779:002;
7780:002;
7781:002;
7782:000;
7783:000;
7784:000;
7785:001;
7786:001;
7787:001;
7788:001;
7789:001;
7790:001;
7791:001;
7792:001;
7793:001;
7794:001;
7795:001;
7796:001;
7797:001;
7798:001;
7799:001;
7800:001;
7801:001;
7802:001;
7803:001;
7804:001;
7805:001;
7806:001;
7807:000;
7808:001;
7809:001;
7810:001;
7811:001;
7812:001;
7813:001;
7814:001;
7815:001;
7816:001;
7817:001;
7818:001;
7819:001;
7820:001;
7821:001;
7822:001;
7823:001;
7824:001;
7825:001;
7826:001;
7827:001;
7828:001;
7829:001;
7830:000;
7831:000;
7832:000;
7833:002;
7834:002;
7835:002;
7836:002;
7837:002;
7838:002;
7839:002;
7840:002;
7841:002;
7842:002;
7843:002;
7844:002;
7845:002;
7846:002;
7847:002;
7848:002;
7849:002;
7850:002;
7851:002;
7852:002;
7853:002;
7854:002;
7855:002;
7856:002;
7857:002;
7858:002;
7859:002;
7860:002;
7861:002;
7862:002;
7863:002;
7864:002;
7865:002;
7866:002;
7867:002;
7868:002;
7869:002;
7870:002;
7871:002;
7872:002;
7873:002;
7874:002;
7875:002;
7876:002;
7877:002;
7878:002;
7879:002;
7880:002;
7881:002;
7882:002;
7883:002;
7884:002;
7885:002;
7886:002;
7887:002;
7888:002;
7889:002;
7890:002;
7891:002;
7892:002;
7893:002;
7894:002;
7895:002;
7896:002;
7897:002;
7898:002;
7899:002;
7900:002;
7901:002;
7902:002;
7903:002;
7904:002;
7905:002;
7906:002;
7907:002;
7908:002;
7909:000;
7910:000;
7911:000;
7912:001;
7913:001;
7914:001;
7915:001;
7916:001;
7917:001;
7918:001;
7919:001;
7920:001;
7921:001;
7922:001;
7923:001;
7924:001;
7925:001;
7926:001;
7927:001;
7928:001;
7929:001;
7930:001;
7931:001;
7932:001;
7933:001;
7934:001;
7935:000;
7936:001;
7937:001;
7938:001;
7939:001;
7940:001;
7941:001;
7942:001;
7943:001;
7944:001;
7945:001;
7946:001;
7947:001;
7948:001;
7949:001;
7950:001;
7951:001;
7952:001;
7953:001;
7954:001;
7955:001;
7956:001;
7957:001;
7958:001;
7959:000;
7960:000;
7961:000;
7962:002;
7963:002;
7964:002;
7965:002;
7966:002;
7967:002;
7968:002;
7969:002;
7970:002;
7971:002;
7972:002;
7973:002;
7974:002;
7975:002;
7976:002;
7977:002;
7978:002;
7979:002;
7980:002;
7981:002;
7982:002;
7983:002;
7984:002;
7985:002;
7986:002;
7987:002;
7988:002;
7989:002;
7990:002;
7991:002;
7992:002;
7993:002;
7994:002;
7995:002;
7996:002;
7997:002;
7998:002;
7999:002;
8000:002;
8001:002;
8002:002;
8003:002;
8004:002;
8005:002;
8006:002;
8007:002;
8008:002;
8009:002;
8010:002;
8011:002;
8012:002;
8013:002;
8014:002;
8015:002;
8016:002;
8017:002;
8018:002;
8019:002;
8020:002;
8021:002;
8022:002;
8023:002;
8024:002;
8025:002;
8026:002;
8027:002;
8028:002;
8029:002;
8030:002;
8031:002;
8032:002;
8033:002;
8034:002;
8035:002;
8036:000;
8037:000;
8038:000;
8039:001;
8040:001;
8041:001;
8042:001;
8043:001;
8044:001;
8045:001;
8046:001;
8047:001;
8048:001;
8049:001;
8050:001;
8051:001;
8052:001;
8053:001;
8054:001;
8055:001;
8056:001;
8057:001;
8058:001;
8059:001;
8060:001;
8061:001;
8062:001;
8063:000;
8064:001;
8065:001;
8066:001;
8067:001;
8068:001;
8069:001;
8070:001;
8071:001;
8072:001;
8073:001;
8074:001;
8075:001;
8076:001;
8077:001;
8078:001;
8079:001;
8080:001;
8081:001;
8082:001;
8083:001;
8084:001;
8085:001;
8086:001;
8087:001;
8088:000;
8089:000;
8090:000;
8091:002;
8092:002;
8093:002;
8094:002;
8095:002;
8096:002;
8097:002;
8098:002;
8099:002;
8100:002;
8101:002;
8102:002;
8103:002;
8104:002;
8105:002;
8106:002;
8107:002;
8108:002;
8109:002;
8110:002;
8111:002;
8112:002;
8113:002;
8114:002;
8115:002;
8116:002;
8117:002;
8118:002;
8119:002;
8120:002;
8121:002;
8122:002;
8123:002;
8124:002;
8125:002;
8126:002;
8127:002;
8128:002;
8129:002;
8130:002;
8131:002;
8132:002;
8133:002;
8134:002;
8135:002;
8136:002;
8137:002;
8138:002;
8139:002;
8140:002;
8141:002;
8142:002;
8143:002;
8144:002;
8145:002;
8146:002;
8147:002;
8148:002;
8149:002;
8150:002;
8151:002;
8152:002;
8153:002;
8154:002;
8155:002;
8156:002;
8157:002;
8158:002;
8159:002;
8160:002;
8161:002;
8162:002;
8163:000;
8164:000;
8165:000;
8166:001;
8167:001;
8168:001;
8169:001;
8170:001;
8171:001;
8172:001;
8173:001;
8174:001;
8175:001;
8176:001;
8177:001;
8178:001;
8179:001;
8180:001;
8181:001;
8182:001;
8183:001;
8184:001;
8185:001;
8186:001;
8187:001;
8188:001;
8189:001;
8190:001;
8191:000;
8192:001;
8193:001;
8194:001;
8195:001;
8196:001;
8197:001;
8198:001;
8199:001;
8200:001;
8201:001;
8202:001;
8203:001;
8204:001;
8205:001;
8206:001;
8207:001;
8208:001;
8209:001;
8210:001;
8211:001;
8212:001;
8213:001;
8214:001;
8215:001;
8216:001;
8217:000;
8218:000;
8219:000;
8220:002;
8221:002;
8222:002;
8223:002;
8224:002;
8225:002;
8226:002;
8227:002;
8228:002;
8229:002;
8230:002;
8231:002;
8232:002;
8233:002;
8234:002;
8235:002;
8236:002;
8237:002;
8238:002;
8239:002;
8240:002;
8241:002;
8242:002;
8243:002;
8244:002;
8245:002;
8246:002;
8247:002;
8248:002;
8249:002;
8250:002;
8251:002;
8252:002;
8253:002;
8254:002;
8255:002;
8256:002;
8257:002;
8258:002;
8259:002;
8260:002;
8261:002;
8262:002;
8263:002;
8264:002;
8265:002;
8266:002;
8267:002;
8268:002;
8269:002;
8270:002;
8271:002;
8272:002;
8273:002;
8274:002;
8275:002;
8276:002;
8277:002;
8278:002;
8279:002;
8280:002;
8281:002;
8282:002;
8283:002;
8284:002;
8285:002;
8286:002;
8287:002;
8288:002;
8289:002;
8290:000;
8291:000;
8292:000;
8293:001;
8294:001;
8295:001;
8296:001;
8297:001;
8298:001;
8299:001;
8300:001;
8301:001;
8302:001;
8303:001;
8304:001;
8305:001;
8306:001;
8307:001;
8308:001;
8309:001;
8310:001;
8311:001;
8312:001;
8313:001;
8314:001;
8315:001;
8316:001;
8317:001;
8318:001;
8319:000;
8320:001;
8321:001;
8322:001;
8323:001;
8324:001;
8325:001;
8326:001;
8327:001;
8328:001;
8329:001;
8330:001;
8331:001;
8332:001;
8333:001;
8334:001;
8335:001;
8336:001;
8337:001;
8338:001;
8339:001;
8340:001;
8341:001;
8342:001;
8343:001;
8344:001;
8345:001;
8346:000;
8347:000;
8348:000;
8349:002;
8350:002;
8351:002;
8352:002;
8353:002;
8354:002;
8355:002;
8356:002;
8357:002;
8358:002;
8359:002;
8360:002;
8361:002;
8362:002;
8363:002;
8364:002;
8365:002;
8366:002;
8367:002;
8368:002;
8369:002;
8370:002;
8371:002;
8372:002;
8373:002;
8374:002;
8375:002;
8376:002;
8377:002;
8378:002;
8379:002;
8380:002;
8381:002;
8382:002;
8383:002;
8384:002;
8385:002;
8386:002;
8387:002;
8388:002;
8389:002;
8390:002;
8391:002;
8392:002;
8393:002;
8394:002;
8395:002;
8396:002;
8397:002;
8398:002;
8399:002;
8400:002;
8401:002;
8402:002;
8403:002;
8404:002;
8405:002;
8406:002;
8407:002;
8408:002;
8409:002;
8410:002;
8411:002;
8412:002;
8413:002;
8414:002;
8415:002;
8416:002;
8417:000;
8418:000;
8419:000;
8420:001;
8421:001;
8422:001;
8423:001;
8424:001;
8425:001;
8426:001;
8427:001;
8428:001;
8429:001;
8430:001;
8431:001;
8432:001;
8433:001;
8434:001;
8435:001;
8436:001;
8437:001;
8438:001;
8439:001;
8440:001;
8441:001;
8442:001;
8443:001;
8444:001;
8445:001;
8446:001;
8447:000;
8448:001;
8449:001;
8450:001;
8451:001;
8452:001;
8453:001;
8454:001;
8455:001;
8456:001;
8457:001;
8458:001;
8459:001;
8460:001;
8461:001;
8462:001;
8463:001;
8464:001;
8465:001;
8466:001;
8467:001;
8468:001;
8469:001;
8470:001;
8471:001;
8472:001;
8473:001;
8474:001;
8475:000;
8476:000;
8477:000;
8478:002;
8479:002;
8480:002;
8481:002;
8482:002;
8483:002;
8484:002;
8485:002;
8486:002;
8487:002;
8488:002;
8489:002;
8490:002;
8491:002;
8492:002;
8493:002;
8494:002;
8495:002;
8496:002;
8497:002;
8498:002;
8499:002;
8500:002;
8501:002;
8502:002;
8503:002;
8504:002;
8505:002;
8506:002;
8507:002;
8508:002;
8509:002;
8510:002;
8511:002;
8512:002;
8513:002;
8514:002;
8515:002;
8516:002;
8517:002;
8518:002;
8519:002;
8520:002;
8521:002;
8522:002;
8523:002;
8524:002;
8525:002;
8526:002;
8527:002;
8528:002;
8529:002;
8530:002;
8531:002;
8532:002;
8533:002;
8534:002;
8535:002;
8536:002;
8537:002;
8538:002;
8539:002;
8540:002;
8541:002;
8542:002;
8543:002;
8544:000;
8545:000;
8546:000;
8547:001;
8548:001;
8549:001;
8550:001;
8551:001;
8552:001;
8553:001;
8554:001;
8555:001;
8556:001;
8557:001;
8558:001;
8559:001;
8560:001;
8561:001;
8562:001;
8563:001;
8564:001;
8565:001;
8566:001;
8567:001;
8568:001;
8569:001;
8570:001;
8571:001;
8572:001;
8573:001;
8574:001;
8575:000;
8576:001;
8577:001;
8578:001;
8579:001;
8580:001;
8581:001;
8582:001;
8583:001;
8584:001;
8585:001;
8586:001;
8587:001;
8588:001;
8589:001;
8590:001;
8591:001;
8592:001;
8593:001;
8594:001;
8595:001;
8596:001;
8597:001;
8598:001;
8599:001;
8600:001;
8601:001;
8602:001;
8603:001;
8604:000;
8605:000;
8606:000;
8607:002;
8608:002;
8609:002;
8610:002;
8611:002;
8612:002;
8613:002;
8614:002;
8615:002;
8616:002;
8617:002;
8618:002;
8619:002;
8620:002;
8621:002;
8622:002;
8623:002;
8624:002;
8625:002;
8626:002;
8627:002;
8628:002;
8629:002;
8630:002;
8631:002;
8632:002;
8633:002;
8634:002;
8635:002;
8636:002;
8637:002;
8638:002;
8639:002;
8640:002;
8641:002;
8642:002;
8643:002;
8644:002;
8645:002;
8646:002;
8647:002;
8648:002;
8649:002;
8650:002;
8651:002;
8652:002;
8653:002;
8654:002;
8655:002;
8656:002;
8657:002;
8658:002;
8659:002;
8660:002;
8661:002;
8662:002;
8663:002;
8664:002;
8665:002;
8666:002;
8667:002;
8668:002;
8669:002;
8670:002;
8671:000;
8672:000;
8673:000;
8674:001;
8675:001;
8676:001;
8677:001;
8678:001;
8679:001;
8680:001;
8681:001;
8682:001;
8683:001;
8684:001;
8685:001;
8686:001;
8687:001;
8688:001;
8689:001;
8690:001;
8691:001;
8692:001;
8693:001;
8694:001;
8695:001;
8696:001;
8697:001;
8698:001;
8699:001;
8700:001;
8701:001;
8702:001;
8703:000;
8704:001;
8705:001;
8706:001;
8707:001;
8708:001;
8709:001;
8710:001;
8711:001;
8712:001;
8713:001;
8714:001;
8715:001;
8716:001;
8717:001;
8718:001;
8719:001;
8720:001;
8721:001;
8722:001;
8723:001;
8724:001;
8725:001;
8726:001;
8727:001;
8728:001;
8729:001;
8730:001;
8731:001;
8732:001;
8733:000;
8734:000;
8735:000;
8736:002;
8737:002;
8738:002;
8739:002;
8740:002;
8741:002;
8742:002;
8743:002;
8744:002;
8745:002;
8746:002;
8747:002;
8748:002;
8749:002;
8750:002;
8751:002;
8752:002;
8753:002;
8754:002;
8755:002;
8756:002;
8757:002;
8758:002;
8759:002;
8760:002;
8761:002;
8762:002;
8763:002;
8764:002;
8765:002;
8766:002;
8767:002;
8768:002;
8769:002;
8770:002;
8771:002;
8772:002;
8773:002;
8774:002;
8775:002;
8776:002;
8777:002;
8778:002;
8779:002;
8780:002;
8781:002;
8782:002;
8783:002;
8784:002;
8785:002;
8786:002;
8787:002;
8788:002;
8789:002;
8790:002;
8791:002;
8792:002;
8793:002;
8794:002;
8795:002;
8796:002;
8797:002;
8798:000;
8799:000;
8800:000;
8801:001;
8802:001;
8803:001;
8804:001;
8805:001;
8806:001;
8807:001;
8808:001;
8809:001;
8810:001;
8811:001;
8812:001;
8813:001;
8814:001;
8815:001;
8816:001;
8817:001;
8818:001;
8819:001;
8820:001;
8821:001;
8822:001;
8823:001;
8824:001;
8825:001;
8826:001;
8827:001;
8828:001;
8829:001;
8830:001;
8831:000;
8832:001;
8833:001;
8834:001;
8835:001;
8836:001;
8837:001;
8838:001;
8839:001;
8840:001;
8841:001;
8842:001;
8843:001;
8844:001;
8845:001;
8846:001;
8847:001;
8848:001;
8849:001;
8850:001;
8851:001;
8852:001;
8853:001;
8854:001;
8855:001;
8856:001;
8857:001;
8858:001;
8859:001;
8860:001;
8861:001;
8862:000;
8863:000;
8864:000;
8865:002;
8866:002;
8867:002;
8868:002;
8869:002;
8870:002;
8871:002;
8872:002;
8873:002;
8874:002;
8875:002;
8876:002;
8877:002;
8878:002;
8879:002;
8880:002;
8881:002;
8882:002;
8883:002;
8884:002;
8885:002;
8886:002;
8887:002;
8888:002;
8889:002;
8890:002;
8891:002;
8892:002;
8893:002;
8894:002;
8895:002;
8896:002;
8897:002;
8898:002;
8899:002;
8900:002;
8901:002;
8902:002;
8903:002;
8904:002;
8905:002;
8906:002;
8907:002;
8908:002;
8909:002;
8910:002;
8911:002;
8912:002;
8913:002;
8914:002;
8915:002;
8916:002;
8917:002;
8918:002;
8919:002;
8920:002;
8921:002;
8922:002;
8923:002;
8924:002;
8925:000;
8926:000;
8927:000;
8928:001;
8929:001;
8930:001;
8931:001;
8932:001;
8933:001;
8934:001;
8935:001;
8936:001;
8937:001;
8938:001;
8939:001;
8940:001;
8941:001;
8942:001;
8943:001;
8944:001;
8945:001;
8946:001;
8947:001;
8948:001;
8949:001;
8950:001;
8951:001;
8952:001;
8953:001;
8954:001;
8955:001;
8956:001;
8957:001;
8958:001;
8959:000;
8960:001;
8961:001;
8962:001;
8963:001;
8964:001;
8965:001;
8966:001;
8967:001;
8968:001;
8969:001;
8970:001;
8971:001;
8972:001;
8973:001;
8974:001;
8975:001;
8976:001;
8977:001;
8978:001;
8979:001;
8980:001;
8981:001;
8982:001;
8983:001;
8984:001;
8985:001;
8986:001;
8987:001;
8988:001;
8989:001;
8990:001;
8991:000;
8992:000;
8993:000;
8994:002;
8995:002;
8996:002;
8997:002;
8998:002;
8999:002;
9000:002;
9001:002;
9002:002;
9003:002;
9004:002;
9005:002;
9006:002;
9007:002;
9008:002;
9009:002;
9010:002;
9011:002;
9012:002;
9013:002;
9014:002;
9015:002;
9016:002;
9017:002;
9018:002;
9019:002;
9020:002;
9021:002;
9022:002;
9023:002;
9024:002;
9025:002;
9026:002;
9027:002;
9028:002;
9029:002;
9030:002;
9031:002;
9032:002;
9033:002;
9034:002;
9035:002;
9036:002;
9037:002;
9038:002;
9039:002;
9040:002;
9041:002;
9042:002;
9043:002;
9044:002;
9045:002;
9046:002;
9047:002;
9048:002;
9049:002;
9050:002;
9051:002;
9052:000;
9053:000;
9054:000;
9055:001;
9056:001;
9057:001;
9058:001;
9059:001;
9060:001;
9061:001;
9062:001;
9063:001;
9064:001;
9065:001;
9066:001;
9067:001;
9068:001;
9069:001;
9070:001;
9071:001;
9072:001;
9073:001;
9074:001;
9075:001;
9076:001;
9077:001;
9078:001;
9079:001;
9080:001;
9081:001;
9082:001;
9083:001;
9084:001;
9085:001;
9086:001;
9087:000;
9088:001;
9089:001;
9090:001;
9091:001;
9092:001;
9093:001;
9094:001;
9095:001;
9096:001;
9097:001;
9098:001;
9099:001;
9100:001;
9101:001;
9102:001;
9103:001;
9104:001;
9105:001;
9106:001;
9107:001;
9108:001;
9109:001;
9110:001;
9111:001;
9112:001;
9113:001;
9114:001;
9115:001;
9116:001;
9117:001;
9118:001;
9119:001;
9120:000;
9121:000;
9122:000;
9123:002;
9124:002;
9125:002;
9126:002;
9127:002;
9128:002;
9129:002;
9130:002;
9131:002;
9132:002;
9133:002;
9134:002;
9135:002;
9136:002;
9137:002;
9138:002;
9139:002;
9140:002;
9141:002;
9142:002;
9143:002;
9144:002;
9145:002;
9146:002;
9147:002;
9148:002;
9149:002;
9150:002;
9151:002;
9152:002;
9153:002;
9154:002;
9155:002;
9156:002;
9157:002;
9158:002;
9159:002;
9160:002;
9161:002;
9162:002;
9163:002;
9164:002;
9165:002;
9166:002;
9167:002;
9168:002;
9169:002;
9170:002;
9171:002;
9172:002;
9173:002;
9174:002;
9175:002;
9176:002;
9177:002;
9178:002;
9179:000;
9180:000;
9181:000;
9182:001;
9183:001;
9184:001;
9185:001;
9186:001;
9187:001;
9188:001;
9189:001;
9190:001;
9191:001;
9192:001;
9193:001;
9194:001;
9195:001;
9196:001;
9197:001;
9198:001;
9199:001;
9200:001;
9201:001;
9202:001;
9203:001;
9204:001;
9205:001;
9206:001;
9207:001;
9208:001;
9209:001;
9210:001;
9211:001;
9212:001;
9213:001;
9214:001;
9215:000;
9216:001;
9217:001;
9218:001;
9219:001;
9220:001;
9221:001;
9222:001;
9223:001;
9224:001;
9225:001;
9226:001;
9227:001;
9228:001;
9229:001;
9230:001;
9231:001;
9232:001;
9233:001;
9234:001;
9235:001;
9236:001;
9237:001;
9238:001;
9239:001;
9240:001;
9241:001;
9242:001;
9243:001;
9244:001;
9245:001;
9246:001;
9247:001;
9248:001;
9249:000;
9250:000;
9251:000;
9252:002;
9253:002;
9254:002;
9255:002;
9256:002;
9257:002;
9258:002;
9259:002;
9260:002;
9261:002;
9262:002;
9263:002;
9264:002;
9265:002;
9266:002;
9267:002;
9268:002;
9269:002;
9270:002;
9271:002;
9272:002;
9273:002;
9274:002;
9275:002;
9276:002;
9277:002;
9278:002;
9279:002;
9280:002;
9281:002;
9282:002;
9283:002;
9284:002;
9285:002;
9286:002;
9287:002;
9288:002;
9289:002;
9290:002;
9291:002;
9292:002;
9293:002;
9294:002;
9295:002;
9296:002;
9297:002;
9298:002;
9299:002;
9300:002;
9301:002;
9302:002;
9303:002;
9304:002;
9305:002;
9306:000;
9307:000;
9308:000;
9309:001;
9310:001;
9311:001;
9312:001;
9313:001;
9314:001;
9315:001;
9316:001;
9317:001;
9318:001;
9319:001;
9320:001;
9321:001;
9322:001;
9323:001;
9324:001;
9325:001;
9326:001;
9327:001;
9328:001;
9329:001;
9330:001;
9331:001;
9332:001;
9333:001;
9334:001;
9335:001;
9336:001;
9337:001;
9338:001;
9339:001;
9340:001;
9341:001;
9342:001;
9343:000;
9344:001;
9345:001;
9346:001;
9347:001;
9348:001;
9349:001;
9350:001;
9351:001;
9352:001;
9353:001;
9354:001;
9355:001;
9356:001;
9357:001;
9358:001;
9359:001;
9360:001;
9361:001;
9362:001;
9363:001;
9364:001;
9365:001;
9366:001;
9367:001;
9368:001;
9369:001;
9370:001;
9371:001;
9372:001;
9373:001;
9374:001;
9375:001;
9376:001;
9377:001;
9378:000;
9379:000;
9380:000;
9381:002;
9382:002;
9383:002;
9384:002;
9385:002;
9386:002;
9387:002;
9388:002;
9389:002;
9390:002;
9391:002;
9392:002;
9393:002;
9394:002;
9395:002;
9396:002;
9397:002;
9398:002;
9399:002;
9400:002;
9401:002;
9402:002;
9403:002;
9404:002;
9405:002;
9406:002;
9407:002;
9408:002;
9409:002;
9410:002;
9411:002;
9412:002;
9413:002;
9414:002;
9415:002;
9416:002;
9417:002;
9418:002;
9419:002;
9420:002;
9421:002;
9422:002;
9423:002;
9424:002;
9425:002;
9426:002;
9427:002;
9428:002;
9429:002;
9430:002;
9431:002;
9432:002;
9433:000;
9434:000;
9435:000;
9436:001;
9437:001;
9438:001;
9439:001;
9440:001;
9441:001;
9442:001;
9443:001;
9444:001;
9445:001;
9446:001;
9447:001;
9448:001;
9449:001;
9450:001;
9451:001;
9452:001;
9453:001;
9454:001;
9455:001;
9456:001;
9457:001;
9458:001;
9459:001;
9460:001;
9461:001;
9462:001;
9463:001;
9464:001;
9465:001;
9466:001;
9467:001;
9468:001;
9469:001;
9470:001;
9471:000;
9472:001;
9473:001;
9474:001;
9475:001;
9476:001;
9477:001;
9478:001;
9479:001;
9480:001;
9481:001;
9482:001;
9483:001;
9484:001;
9485:001;
9486:001;
9487:001;
9488:001;
9489:001;
9490:001;
9491:001;
9492:001;
9493:001;
9494:001;
9495:001;
9496:001;
9497:001;
9498:001;
9499:001;
9500:001;
9501:001;
9502:001;
9503:001;
9504:001;
9505:001;
9506:001;
9507:000;
9508:000;
9509:000;
9510:002;
9511:002;
9512:002;
9513:002;
9514:002;
9515:002;
9516:002;
9517:002;
9518:002;
9519:002;
9520:002;
9521:002;
9522:002;
9523:002;
9524:002;
9525:002;
9526:002;
9527:002;
9528:002;
9529:002;
9530:002;
9531:002;
9532:002;
9533:002;
9534:002;
9535:002;
9536:002;
9537:002;
9538:002;
9539:002;
9540:002;
9541:002;
9542:002;
9543:002;
9544:002;
9545:002;
9546:002;
9547:002;
9548:002;
9549:002;
9550:002;
9551:002;
9552:002;
9553:002;
9554:002;
9555:002;
9556:002;
9557:002;
9558:002;
9559:002;
9560:000;
9561:000;
9562:000;
9563:001;
9564:001;
9565:001;
9566:001;
9567:001;
9568:001;
9569:001;
9570:001;
9571:001;
9572:001;
9573:001;
9574:001;
9575:001;
9576:001;
9577:001;
9578:001;
9579:001;
9580:001;
9581:001;
9582:001;
9583:001;
9584:001;
9585:001;
9586:001;
9587:001;
9588:001;
9589:001;
9590:001;
9591:001;
9592:001;
9593:001;
9594:001;
9595:001;
9596:001;
9597:001;
9598:001;
9599:000;
9600:001;
9601:001;
9602:001;
9603:001;
9604:001;
9605:001;
9606:001;
9607:001;
9608:001;
9609:001;
9610:001;
9611:001;
9612:001;
9613:001;
9614:001;
9615:001;
9616:001;
9617:001;
9618:001;
9619:001;
9620:001;
9621:001;
9622:001;
9623:001;
9624:001;
9625:001;
9626:001;
9627:001;
9628:001;
9629:001;
9630:001;
9631:001;
9632:001;
9633:001;
9634:001;
9635:001;
9636:000;
9637:000;
9638:000;
9639:002;
9640:002;
9641:002;
9642:002;
9643:002;
9644:002;
9645:002;
9646:002;
9647:002;
9648:002;
9649:002;
9650:002;
9651:002;
9652:002;
9653:002;
9654:002;
9655:002;
9656:002;
9657:002;
9658:002;
9659:002;
9660:002;
9661:002;
9662:002;
9663:002;
9664:002;
9665:002;
9666:002;
9667:002;
9668:002;
9669:002;
9670:002;
9671:002;
9672:002;
9673:002;
9674:002;
9675:002;
9676:002;
9677:002;
9678:002;
9679:002;
9680:002;
9681:002;
9682:002;
9683:002;
9684:002;
9685:002;
9686:002;
9687:000;
9688:000;
9689:000;
9690:001;
9691:001;
9692:001;
9693:001;
9694:001;
9695:001;
9696:001;
9697:001;
9698:001;
9699:001;
9700:001;
9701:001;
9702:001;
9703:001;
9704:001;
9705:001;
9706:001;
9707:001;
9708:001;
9709:001;
9710:001;
9711:001;
9712:001;
9713:001;
9714:001;
9715:001;
9716:001;
9717:001;
9718:001;
9719:001;
9720:001;
9721:001;
9722:001;
9723:001;
9724:001;
9725:001;
9726:001;
9727:000;
9728:001;
9729:001;
9730:001;
9731:001;
9732:001;
9733:001;
9734:001;
9735:001;
9736:001;
9737:001;
9738:001;
9739:001;
9740:001;
9741:001;
9742:001;
9743:001;
9744:001;
9745:001;
9746:001;
9747:001;
9748:001;
9749:001;
9750:001;
9751:001;
9752:001;
9753:001;
9754:001;
9755:001;
9756:001;
9757:001;
9758:001;
9759:001;
9760:001;
9761:001;
9762:001;
9763:001;
9764:001;
9765:000;
9766:000;
9767:000;
9768:002;
9769:002;
9770:002;
9771:002;
9772:002;
9773:002;
9774:002;
9775:002;
9776:002;
9777:002;
9778:002;
9779:002;
9780:002;
9781:002;
9782:002;
9783:002;
9784:002;
9785:002;
9786:002;
9787:002;
9788:002;
9789:002;
9790:002;
9791:002;
9792:002;
9793:002;
9794:002;
9795:002;
9796:002;
9797:002;
9798:002;
9799:002;
9800:002;
9801:002;
9802:002;
9803:002;
9804:002;
9805:002;
9806:002;
9807:002;
9808:002;
9809:002;
9810:002;
9811:002;
9812:002;
9813:002;
9814:000;
9815:000;
9816:000;
9817:001;
9818:001;
9819:001;
9820:001;
9821:001;
9822:001;
9823:001;
9824:001;
9825:001;
9826:001;
9827:001;
9828:001;
9829:001;
9830:001;
9831:001;
9832:001;
9833:001;
9834:001;
9835:001;
9836:001;
9837:001;
9838:001;
9839:001;
9840:001;
9841:001;
9842:001;
9843:001;
9844:001;
9845:001;
9846:001;
9847:001;
9848:001;
9849:001;
9850:001;
9851:001;
9852:001;
9853:001;
9854:001;
9855:000;
9856:001;
9857:001;
9858:001;
9859:001;
9860:001;
9861:001;
9862:001;
9863:001;
9864:001;
9865:001;
9866:001;
9867:001;
9868:001;
9869:001;
9870:001;
9871:001;
9872:001;
9873:001;
9874:001;
9875:001;
9876:001;
9877:001;
9878:001;
9879:001;
9880:001;
9881:001;
9882:001;
9883:001;
9884:001;
9885:001;
9886:001;
9887:001;
9888:001;
9889:001;
9890:001;
9891:001;
9892:001;
9893:001;
9894:000;
9895:000;
9896:000;
9897:002;
9898:002;
9899:002;
9900:002;
9901:002;
9902:002;
9903:002;
9904:002;
9905:002;
9906:002;
9907:002;
9908:002;
9909:002;
9910:002;
9911:002;
9912:002;
9913:002;
9914:002;
9915:002;
9916:002;
9917:002;
9918:002;
9919:002;
9920:002;
9921:002;
9922:002;
9923:002;
9924:002;
9925:002;
9926:002;
9927:002;
9928:002;
9929:002;
9930:002;
9931:002;
9932:002;
9933:002;
9934:002;
9935:002;
9936:002;
9937:002;
9938:002;
9939:002;
9940:002;
9941:000;
9942:000;
9943:000;
9944:001;
9945:001;
9946:001;
9947:001;
9948:001;
9949:001;
9950:001;
9951:001;
9952:001;
9953:001;
9954:001;
9955:001;
9956:001;
9957:001;
9958:001;
9959:001;
9960:001;
9961:001;
9962:001;
9963:001;
9964:001;
9965:001;
9966:001;
9967:001;
9968:001;
9969:001;
9970:001;
9971:001;
9972:001;
9973:001;
9974:001;
9975:001;
9976:001;
9977:001;
9978:001;
9979:001;
9980:001;
9981:001;
9982:001;
9983:000;
9984:001;
9985:001;
9986:001;
9987:001;
9988:001;
9989:001;
9990:001;
9991:001;
9992:001;
9993:001;
9994:001;
9995:001;
9996:001;
9997:001;
9998:001;
9999:001;
10000:001;
10001:001;
10002:001;
10003:001;
10004:001;
10005:001;
10006:001;
10007:001;
10008:001;
10009:001;
10010:001;
10011:001;
10012:001;
10013:001;
10014:001;
10015:001;
10016:001;
10017:001;
10018:001;
10019:001;
10020:001;
10021:001;
10022:001;
10023:000;
10024:000;
10025:000;
10026:002;
10027:002;
10028:002;
10029:002;
10030:002;
10031:002;
10032:002;
10033:002;
10034:002;
10035:002;
10036:002;
10037:002;
10038:002;
10039:002;
10040:002;
10041:002;
10042:002;
10043:002;
10044:002;
10045:002;
10046:002;
10047:002;
10048:002;
10049:002;
10050:002;
10051:002;
10052:002;
10053:002;
10054:002;
10055:002;
10056:002;
10057:002;
10058:002;
10059:002;
10060:002;
10061:002;
10062:002;
10063:002;
10064:002;
10065:002;
10066:002;
10067:002;
10068:000;
10069:000;
10070:000;
10071:001;
10072:001;
10073:001;
10074:001;
10075:001;
10076:001;
10077:001;
10078:001;
10079:001;
10080:001;
10081:001;
10082:001;
10083:001;
10084:001;
10085:001;
10086:001;
10087:001;
10088:001;
10089:001;
10090:001;
10091:001;
10092:001;
10093:001;
10094:001;
10095:001;
10096:001;
10097:001;
10098:001;
10099:001;
10100:001;
10101:001;
10102:001;
10103:001;
10104:001;
10105:001;
10106:001;
10107:001;
10108:001;
10109:001;
10110:001;
10111:000;
10112:001;
10113:001;
10114:001;
10115:001;
10116:001;
10117:001;
10118:001;
10119:001;
10120:001;
10121:001;
10122:001;
10123:001;
10124:001;
10125:001;
10126:001;
10127:001;
10128:001;
10129:001;
10130:001;
10131:001;
10132:001;
10133:001;
10134:001;
10135:001;
10136:001;
10137:001;
10138:001;
10139:001;
10140:001;
10141:001;
10142:001;
10143:001;
10144:001;
10145:001;
10146:001;
10147:001;
10148:001;
10149:001;
10150:001;
10151:001;
10152:000;
10153:000;
10154:000;
10155:002;
10156:002;
10157:002;
10158:002;
10159:002;
10160:002;
10161:002;
10162:002;
10163:002;
10164:002;
10165:002;
10166:002;
10167:002;
10168:002;
10169:002;
10170:002;
10171:002;
10172:002;
10173:002;
10174:002;
10175:002;
10176:002;
10177:002;
10178:002;
10179:002;
10180:002;
10181:002;
10182:002;
10183:002;
10184:002;
10185:002;
10186:002;
10187:002;
10188:002;
10189:002;
10190:002;
10191:002;
10192:002;
10193:002;
10194:002;
10195:000;
10196:000;
10197:000;
10198:001;
10199:001;
10200:001;
10201:001;
10202:001;
10203:001;
10204:001;
10205:001;
10206:001;
10207:001;
10208:001;
10209:001;
10210:001;
10211:001;
10212:001;
10213:001;
10214:001;
10215:001;
10216:001;
10217:001;
10218:001;
10219:001;
10220:001;
10221:001;
10222:001;
10223:001;
10224:001;
10225:001;
10226:001;
10227:001;
10228:001;
10229:001;
10230:001;
10231:001;
10232:001;
10233:001;
10234:001;
10235:001;
10236:001;
10237:001;
10238:001;
10239:000;
10240:001;
10241:001;
10242:001;
10243:001;
10244:001;
10245:001;
10246:001;
10247:001;
10248:001;
10249:001;
10250:001;
10251:001;
10252:001;
10253:001;
10254:001;
10255:001;
10256:001;
10257:001;
10258:001;
10259:001;
10260:001;
10261:001;
10262:001;
10263:001;
10264:001;
10265:001;
10266:001;
10267:001;
10268:001;
10269:001;
10270:001;
10271:001;
10272:001;
10273:001;
10274:001;
10275:001;
10276:001;
10277:001;
10278:001;
10279:001;
10280:001;
10281:000;
10282:000;
10283:000;
10284:002;
10285:002;
10286:002;
10287:002;
10288:002;
10289:002;
10290:002;
10291:002;
10292:002;
10293:002;
10294:002;
10295:002;
10296:002;
10297:002;
10298:002;
10299:002;
10300:002;
10301:002;
10302:002;
10303:002;
10304:002;
10305:002;
10306:002;
10307:002;
10308:002;
10309:002;
10310:002;
10311:002;
10312:002;
10313:002;
10314:002;
10315:002;
10316:002;
10317:002;
10318:002;
10319:002;
10320:002;
10321:002;
10322:000;
10323:000;
10324:000;
10325:001;
10326:001;
10327:001;
10328:001;
10329:001;
10330:001;
10331:001;
10332:001;
10333:001;
10334:001;
10335:001;
10336:001;
10337:001;
10338:001;
10339:001;
10340:001;
10341:001;
10342:001;
10343:001;
10344:001;
10345:001;
10346:001;
10347:001;
10348:001;
10349:001;
10350:001;
10351:001;
10352:001;
10353:001;
10354:001;
10355:001;
10356:001;
10357:001;
10358:001;
10359:001;
10360:001;
10361:001;
10362:001;
10363:001;
10364:001;
10365:001;
10366:001;
10367:000;
10368:001;
10369:001;
10370:001;
10371:001;
10372:001;
10373:001;
10374:001;
10375:001;
10376:001;
10377:001;
10378:001;
10379:001;
10380:001;
10381:001;
10382:001;
10383:001;
10384:001;
10385:001;
10386:001;
10387:001;
10388:001;
10389:001;
10390:001;
10391:001;
10392:001;
10393:001;
10394:001;
10395:001;
10396:001;
10397:001;
10398:001;
10399:001;
10400:001;
10401:001;
10402:001;
10403:001;
10404:001;
10405:001;
10406:001;
10407:001;
10408:001;
10409:001;
10410:000;
10411:000;
10412:000;
10413:002;
10414:002;
10415:002;
10416:002;
10417:002;
10418:002;
10419:002;
10420:002;
10421:002;
10422:002;
10423:002;
10424:002;
10425:002;
10426:002;
10427:002;
10428:002;
10429:002;
10430:002;
10431:002;
10432:002;
10433:002;
10434:002;
10435:002;
10436:002;
10437:002;
10438:002;
10439:002;
10440:002;
10441:002;
10442:002;
10443:002;
10444:002;
10445:002;
10446:002;
10447:002;
10448:002;
10449:000;
10450:000;
10451:000;
10452:001;
10453:001;
10454:001;
10455:001;
10456:001;
10457:001;
10458:001;
10459:001;
10460:001;
10461:001;
10462:001;
10463:001;
10464:001;
10465:001;
10466:001;
10467:001;
10468:001;
10469:001;
10470:001;
10471:001;
10472:001;
10473:001;
10474:001;
10475:001;
10476:001;
10477:001;
10478:001;
10479:001;
10480:001;
10481:001;
10482:001;
10483:001;
10484:001;
10485:001;
10486:001;
10487:001;
10488:001;
10489:001;
10490:001;
10491:001;
10492:001;
10493:001;
10494:001;
10495:000;
10496:001;
10497:001;
10498:001;
10499:001;
10500:001;
10501:001;
10502:001;
10503:001;
10504:001;
10505:001;
10506:001;
10507:001;
10508:001;
10509:001;
10510:001;
10511:001;
10512:001;
10513:001;
10514:001;
10515:001;
10516:001;
10517:001;
10518:001;
10519:001;
10520:001;
10521:001;
10522:001;
10523:001;
10524:001;
10525:001;
10526:001;
10527:001;
10528:001;
10529:001;
10530:001;
10531:001;
10532:001;
10533:001;
10534:001;
10535:001;
10536:001;
10537:001;
10538:001;
10539:000;
10540:000;
10541:000;
10542:002;
10543:002;
10544:002;
10545:002;
10546:002;
10547:002;
10548:002;
10549:002;
10550:002;
10551:002;
10552:002;
10553:002;
10554:002;
10555:002;
10556:002;
10557:002;
10558:002;
10559:002;
10560:002;
10561:002;
10562:002;
10563:002;
10564:002;
10565:002;
10566:002;
10567:002;
10568:002;
10569:002;
10570:002;
10571:002;
10572:002;
10573:002;
10574:002;
10575:002;
10576:000;
10577:000;
10578:000;
10579:001;
10580:001;
10581:001;
10582:001;
10583:001;
10584:001;
10585:001;
10586:001;
10587:001;
10588:001;
10589:001;
10590:001;
10591:001;
10592:001;
10593:001;
10594:001;
10595:001;
10596:001;
10597:001;
10598:001;
10599:001;
10600:001;
10601:001;
10602:001;
10603:001;
10604:001;
10605:001;
10606:001;
10607:001;
10608:001;
10609:001;
10610:001;
10611:001;
10612:001;
10613:001;
10614:001;
10615:001;
10616:001;
10617:001;
10618:001;
10619:001;
10620:001;
10621:001;
10622:001;
10623:000;
10624:001;
10625:001;
10626:001;
10627:001;
10628:001;
10629:001;
10630:001;
10631:001;
10632:001;
10633:001;
10634:001;
10635:001;
10636:001;
10637:001;
10638:001;
10639:001;
10640:001;
10641:001;
10642:001;
10643:001;
10644:001;
10645:001;
10646:001;
10647:001;
10648:001;
10649:001;
10650:001;
10651:001;
10652:001;
10653:001;
10654:001;
10655:001;
10656:001;
10657:001;
10658:001;
10659:001;
10660:001;
10661:001;
10662:001;
10663:001;
10664:001;
10665:001;
10666:001;
10667:001;
10668:000;
10669:000;
10670:000;
10671:002;
10672:002;
10673:002;
10674:002;
10675:002;
10676:002;
10677:002;
10678:002;
10679:002;
10680:002;
10681:002;
10682:002;
10683:002;
10684:002;
10685:002;
10686:002;
10687:002;
10688:002;
10689:002;
10690:002;
10691:002;
10692:002;
10693:002;
10694:002;
10695:002;
10696:002;
10697:002;
10698:002;
10699:002;
10700:002;
10701:002;
10702:002;
10703:000;
10704:000;
10705:000;
10706:001;
10707:001;
10708:001;
10709:001;
10710:001;
10711:001;
10712:001;
10713:001;
10714:001;
10715:001;
10716:001;
10717:001;
10718:001;
10719:001;
10720:001;
10721:001;
10722:001;
10723:001;
10724:001;
10725:001;
10726:001;
10727:001;
10728:001;
10729:001;
10730:001;
10731:001;
10732:001;
10733:001;
10734:001;
10735:001;
10736:001;
10737:001;
10738:001;
10739:001;
10740:001;
10741:001;
10742:001;
10743:001;
10744:001;
10745:001;
10746:001;
10747:001;
10748:001;
10749:001;
10750:001;
10751:000;
10752:001;
10753:001;
10754:001;
10755:001;
10756:001;
10757:001;
10758:001;
10759:001;
10760:001;
10761:001;
10762:001;
10763:001;
10764:001;
10765:001;
10766:001;
10767:001;
10768:001;
10769:001;
10770:001;
10771:001;
10772:001;
10773:001;
10774:001;
10775:001;
10776:001;
10777:001;
10778:001;
10779:001;
10780:001;
10781:001;
10782:001;
10783:001;
10784:001;
10785:001;
10786:001;
10787:001;
10788:001;
10789:001;
10790:001;
10791:001;
10792:001;
10793:001;
10794:001;
10795:001;
10796:001;
10797:000;
10798:000;
10799:000;
10800:000;
10801:000;
10802:000;
10803:000;
10804:000;
10805:000;
10806:000;
10807:000;
10808:000;
10809:000;
10810:000;
10811:000;
10812:000;
10813:000;
10814:000;
10815:000;
10816:000;
10817:000;
10818:000;
10819:000;
10820:000;
10821:000;
10822:000;
10823:000;
10824:000;
10825:000;
10826:000;
10827:000;
10828:000;
10829:000;
10830:000;
10831:000;
10832:000;
10833:001;
10834:001;
10835:001;
10836:001;
10837:001;
10838:001;
10839:001;
10840:001;
10841:001;
10842:001;
10843:001;
10844:001;
10845:001;
10846:001;
10847:001;
10848:001;
10849:001;
10850:001;
10851:001;
10852:001;
10853:001;
10854:001;
10855:001;
10856:001;
10857:001;
10858:001;
10859:001;
10860:001;
10861:001;
10862:001;
10863:001;
10864:001;
10865:001;
10866:001;
10867:001;
10868:001;
10869:001;
10870:001;
10871:001;
10872:001;
10873:001;
10874:001;
10875:001;
10876:001;
10877:001;
10878:001;
10879:000;
10880:001;
10881:001;
10882:001;
10883:001;
10884:001;
10885:001;
10886:001;
10887:001;
10888:001;
10889:001;
10890:001;
10891:001;
10892:001;
10893:001;
10894:001;
10895:001;
10896:001;
10897:001;
10898:001;
10899:001;
10900:001;
10901:001;
10902:001;
10903:001;
10904:001;
10905:001;
10906:001;
10907:001;
10908:001;
10909:001;
10910:001;
10911:001;
10912:001;
10913:001;
10914:001;
10915:001;
10916:001;
10917:001;
10918:001;
10919:001;
10920:001;
10921:001;
10922:001;
10923:001;
10924:001;
10925:001;
10926:000;
10927:000;
10928:000;
10929:000;
10930:000;
10931:000;
10932:000;
10933:000;
10934:000;
10935:000;
10936:000;
10937:000;
10938:000;
10939:000;
10940:000;
10941:000;
10942:000;
10943:000;
10944:000;
10945:000;
10946:000;
10947:000;
10948:000;
10949:000;
10950:000;
10951:000;
10952:000;
10953:000;
10954:000;
10955:000;
10956:000;
10957:000;
10958:000;
10959:000;
10960:001;
10961:001;
10962:001;
10963:001;
10964:001;
10965:001;
10966:001;
10967:001;
10968:001;
10969:001;
10970:001;
10971:001;
10972:001;
10973:001;
10974:001;
10975:001;
10976:001;
10977:001;
10978:001;
10979:001;
10980:001;
10981:001;
10982:001;
10983:001;
10984:001;
10985:001;
10986:001;
10987:001;
10988:001;
10989:001;
10990:001;
10991:001;
10992:001;
10993:001;
10994:001;
10995:001;
10996:001;
10997:001;
10998:001;
10999:001;
11000:001;
11001:001;
11002:001;
11003:001;
11004:001;
11005:001;
11006:001;
11007:000;
11008:001;
11009:001;
11010:001;
11011:001;
11012:001;
11013:001;
11014:001;
11015:001;
11016:001;
11017:001;
11018:001;
11019:001;
11020:001;
11021:001;
11022:001;
11023:001;
11024:001;
11025:001;
11026:001;
11027:001;
11028:001;
11029:001;
11030:001;
11031:001;
11032:001;
11033:001;
11034:001;
11035:001;
11036:001;
11037:001;
11038:001;
11039:001;
11040:001;
11041:001;
11042:001;
11043:001;
11044:001;
11045:001;
11046:001;
11047:001;
11048:001;
11049:001;
11050:001;
11051:001;
11052:001;
11053:001;
11054:001;
11055:001;
11056:001;
11057:001;
11058:001;
11059:001;
11060:001;
11061:001;
11062:001;
11063:001;
11064:001;
11065:001;
11066:001;
11067:001;
11068:001;
11069:001;
11070:001;
11071:001;
11072:001;
11073:001;
11074:001;
11075:001;
11076:001;
11077:001;
11078:001;
11079:001;
11080:001;
11081:001;
11082:001;
11083:001;
11084:001;
11085:001;
11086:001;
11087:001;
11088:001;
11089:001;
11090:001;
11091:001;
11092:001;
11093:001;
11094:001;
11095:001;
11096:001;
11097:001;
11098:001;
11099:001;
11100:001;
11101:001;
11102:001;
11103:001;
11104:001;
11105:001;
11106:001;
11107:001;
11108:001;
11109:001;
11110:001;
11111:001;
11112:001;
11113:001;
11114:001;
11115:001;
11116:001;
11117:001;
11118:001;
11119:001;
11120:001;
11121:001;
11122:001;
11123:001;
11124:001;
11125:001;
11126:001;
11127:001;
11128:001;
11129:001;
11130:001;
11131:001;
11132:001;
11133:001;
11134:001;
11135:000;
11136:001;
11137:001;
11138:001;
11139:001;
11140:001;
11141:001;
11142:001;
11143:001;
11144:001;
11145:001;
11146:001;
11147:001;
11148:001;
11149:001;
11150:001;
11151:001;
11152:001;
11153:001;
11154:001;
11155:001;
11156:001;
11157:001;
11158:001;
11159:001;
11160:001;
11161:001;
11162:001;
11163:001;
11164:001;
11165:001;
11166:001;
11167:001;
11168:001;
11169:001;
11170:001;
11171:001;
11172:001;
11173:001;
11174:001;
11175:001;
11176:001;
11177:001;
11178:001;
11179:001;
11180:001;
11181:001;
11182:001;
11183:001;
11184:001;
11185:001;
11186:001;
11187:001;
11188:001;
11189:001;
11190:001;
11191:001;
11192:001;
11193:001;
11194:001;
11195:001;
11196:001;
11197:001;
11198:001;
11199:001;
11200:001;
11201:001;
11202:001;
11203:001;
11204:001;
11205:001;
11206:001;
11207:001;
11208:001;
11209:001;
11210:001;
11211:001;
11212:001;
11213:001;
11214:001;
11215:001;
11216:001;
11217:001;
11218:001;
11219:001;
11220:001;
11221:001;
11222:001;
11223:001;
11224:001;
11225:001;
11226:001;
11227:001;
11228:001;
11229:001;
11230:001;
11231:001;
11232:001;
11233:001;
11234:001;
11235:001;
11236:001;
11237:001;
11238:001;
11239:001;
11240:001;
11241:001;
11242:001;
11243:001;
11244:001;
11245:001;
11246:001;
11247:001;
11248:001;
11249:001;
11250:001;
11251:001;
11252:001;
11253:001;
11254:001;
11255:001;
11256:001;
11257:001;
11258:001;
11259:001;
11260:001;
11261:001;
11262:001;
11263:000;
11264:001;
11265:001;
11266:001;
11267:001;
11268:001;
11269:001;
11270:001;
11271:001;
11272:001;
11273:001;
11274:001;
11275:001;
11276:001;
11277:001;
11278:001;
11279:001;
11280:001;
11281:001;
11282:001;
11283:001;
11284:001;
11285:001;
11286:001;
11287:001;
11288:001;
11289:001;
11290:001;
11291:001;
11292:001;
11293:001;
11294:001;
11295:001;
11296:001;
11297:001;
11298:001;
11299:001;
11300:001;
11301:001;
11302:001;
11303:001;
11304:001;
11305:001;
11306:001;
11307:001;
11308:001;
11309:001;
11310:001;
11311:001;
11312:001;
11313:001;
11314:001;
11315:001;
11316:001;
11317:001;
11318:001;
11319:001;
11320:001;
11321:001;
11322:001;
11323:001;
11324:001;
11325:001;
11326:001;
11327:001;
11328:001;
11329:001;
11330:001;
11331:001;
11332:001;
11333:001;
11334:001;
11335:001;
11336:001;
11337:001;
11338:001;
11339:001;
11340:001;
11341:001;
11342:001;
11343:001;
11344:001;
11345:001;
11346:001;
11347:001;
11348:001;
11349:001;
11350:001;
11351:001;
11352:001;
11353:001;
11354:001;
11355:001;
11356:001;
11357:001;
11358:001;
11359:001;
11360:001;
11361:001;
11362:001;
11363:001;
11364:001;
11365:001;
11366:001;
11367:001;
11368:001;
11369:001;
11370:001;
11371:001;
11372:001;
11373:001;
11374:001;
11375:001;
11376:001;
11377:001;
11378:001;
11379:001;
11380:001;
11381:001;
11382:001;
11383:001;
11384:001;
11385:001;
11386:001;
11387:001;
11388:001;
11389:001;
11390:001;
11391:000;
11392:001;
11393:001;
11394:001;
11395:001;
11396:001;
11397:001;
11398:001;
11399:001;
11400:001;
11401:001;
11402:001;
11403:001;
11404:001;
11405:001;
11406:001;
11407:001;
11408:001;
11409:001;
11410:001;
11411:001;
11412:001;
11413:001;
11414:001;
11415:001;
11416:001;
11417:001;
11418:001;
11419:001;
11420:001;
11421:001;
11422:001;
11423:001;
11424:001;
11425:001;
11426:001;
11427:001;
11428:001;
11429:001;
11430:001;
11431:001;
11432:001;
11433:001;
11434:001;
11435:001;
11436:001;
11437:001;
11438:001;
11439:001;
11440:001;
11441:001;
11442:001;
11443:001;
11444:001;
11445:001;
11446:001;
11447:001;
11448:001;
11449:001;
11450:001;
11451:001;
11452:001;
11453:001;
11454:001;
11455:001;
11456:001;
11457:001;
11458:001;
11459:001;
11460:001;
11461:001;
11462:001;
11463:001;
11464:001;
11465:001;
11466:001;
11467:001;
11468:001;
11469:001;
11470:001;
11471:001;
11472:001;
11473:001;
11474:001;
11475:001;
11476:001;
11477:001;
11478:001;
11479:001;
11480:001;
11481:001;
11482:001;
11483:001;
11484:001;
11485:001;
11486:001;
11487:001;
11488:001;
11489:001;
11490:001;
11491:001;
11492:001;
11493:001;
11494:001;
11495:001;
11496:001;
11497:001;
11498:001;
11499:001;
11500:001;
11501:001;
11502:001;
11503:001;
11504:001;
11505:001;
11506:001;
11507:001;
11508:001;
11509:001;
11510:001;
11511:001;
11512:001;
11513:001;
11514:001;
11515:001;
11516:001;
11517:001;
11518:001;
11519:000;
11520:001;
11521:001;
11522:001;
11523:001;
11524:001;
11525:001;
11526:001;
11527:001;
11528:001;
11529:001;
11530:001;
11531:001;
11532:001;
11533:001;
11534:001;
11535:001;
11536:001;
11537:001;
11538:001;
11539:001;
11540:001;
11541:001;
11542:001;
11543:001;
11544:001;
11545:001;
11546:001;
11547:001;
11548:001;
11549:001;
11550:001;
11551:001;
11552:001;
11553:001;
11554:001;
11555:001;
11556:001;
11557:001;
11558:001;
11559:001;
11560:001;
11561:001;
11562:001;
11563:001;
11564:001;
11565:001;
11566:001;
11567:001;
11568:001;
11569:001;
11570:001;
11571:001;
11572:001;
11573:001;
11574:001;
11575:001;
11576:001;
11577:001;
11578:001;
11579:001;
11580:001;
11581:001;
11582:001;
11583:001;
11584:001;
11585:001;
11586:001;
11587:001;
11588:001;
11589:001;
11590:001;
11591:001;
11592:001;
11593:001;
11594:001;
11595:001;
11596:001;
11597:001;
11598:001;
11599:001;
11600:001;
11601:001;
11602:001;
11603:001;
11604:001;
11605:001;
11606:001;
11607:001;
11608:001;
11609:001;
11610:001;
11611:001;
11612:001;
11613:001;
11614:001;
11615:001;
11616:001;
11617:001;
11618:001;
11619:001;
11620:001;
11621:001;
11622:001;
11623:001;
11624:001;
11625:001;
11626:001;
11627:001;
11628:001;
11629:001;
11630:001;
11631:001;
11632:001;
11633:001;
11634:001;
11635:001;
11636:001;
11637:001;
11638:001;
11639:001;
11640:001;
11641:001;
11642:001;
11643:001;
11644:001;
11645:001;
11646:001;
11647:000;
11648:001;
11649:001;
11650:001;
11651:001;
11652:001;
11653:001;
11654:001;
11655:001;
11656:001;
11657:001;
11658:001;
11659:001;
11660:001;
11661:001;
11662:001;
11663:001;
11664:001;
11665:001;
11666:001;
11667:001;
11668:001;
11669:001;
11670:001;
11671:001;
11672:001;
11673:001;
11674:001;
11675:001;
11676:001;
11677:001;
11678:001;
11679:001;
11680:001;
11681:001;
11682:001;
11683:001;
11684:001;
11685:001;
11686:001;
11687:001;
11688:001;
11689:001;
11690:001;
11691:001;
11692:001;
11693:001;
11694:001;
11695:001;
11696:001;
11697:001;
11698:001;
11699:001;
11700:001;
11701:001;
11702:001;
11703:001;
11704:001;
11705:001;
11706:001;
11707:001;
11708:001;
11709:001;
11710:001;
11711:001;
11712:001;
11713:001;
11714:001;
11715:001;
11716:001;
11717:001;
11718:001;
11719:001;
11720:001;
11721:001;
11722:001;
11723:001;
11724:001;
11725:001;
11726:001;
11727:001;
11728:001;
11729:001;
11730:001;
11731:001;
11732:001;
11733:001;
11734:001;
11735:001;
11736:001;
11737:001;
11738:001;
11739:001;
11740:001;
11741:001;
11742:001;
11743:001;
11744:001;
11745:001;
11746:001;
11747:001;
11748:001;
11749:001;
11750:001;
11751:001;
11752:001;
11753:001;
11754:001;
11755:001;
11756:001;
11757:001;
11758:001;
11759:001;
11760:001;
11761:001;
11762:001;
11763:001;
11764:001;
11765:001;
11766:001;
11767:001;
11768:001;
11769:001;
11770:001;
11771:001;
11772:001;
11773:001;
11774:001;
11775:000;
11776:001;
11777:001;
11778:001;
11779:001;
11780:001;
11781:001;
11782:001;
11783:001;
11784:001;
11785:001;
11786:001;
11787:001;
11788:001;
11789:001;
11790:001;
11791:001;
11792:001;
11793:001;
11794:001;
11795:001;
11796:001;
11797:001;
11798:001;
11799:001;
11800:001;
11801:001;
11802:001;
11803:001;
11804:001;
11805:001;
11806:001;
11807:001;
11808:001;
11809:001;
11810:001;
11811:001;
11812:001;
11813:001;
11814:001;
11815:001;
11816:001;
11817:001;
11818:001;
11819:001;
11820:001;
11821:001;
11822:001;
11823:001;
11824:001;
11825:001;
11826:001;
11827:001;
11828:001;
11829:001;
11830:001;
11831:001;
11832:001;
11833:001;
11834:001;
11835:001;
11836:001;
11837:001;
11838:001;
11839:001;
11840:001;
11841:001;
11842:001;
11843:001;
11844:001;
11845:001;
11846:001;
11847:001;
11848:001;
11849:001;
11850:001;
11851:001;
11852:001;
11853:001;
11854:001;
11855:001;
11856:001;
11857:001;
11858:001;
11859:001;
11860:001;
11861:001;
11862:001;
11863:001;
11864:001;
11865:001;
11866:001;
11867:001;
11868:001;
11869:001;
11870:001;
11871:001;
11872:001;
11873:001;
11874:001;
11875:001;
11876:001;
11877:001;
11878:001;
11879:001;
11880:001;
11881:001;
11882:001;
11883:001;
11884:001;
11885:001;
11886:001;
11887:001;
11888:001;
11889:001;
11890:001;
11891:001;
11892:001;
11893:001;
11894:001;
11895:001;
11896:001;
11897:001;
11898:001;
11899:001;
11900:001;
11901:001;
11902:001;
11903:000;
11904:001;
11905:001;
11906:001;
11907:001;
11908:001;
11909:001;
11910:001;
11911:001;
11912:001;
11913:001;
11914:001;
11915:001;
11916:001;
11917:001;
11918:001;
11919:001;
11920:001;
11921:001;
11922:001;
11923:001;
11924:001;
11925:001;
11926:001;
11927:001;
11928:001;
11929:001;
11930:001;
11931:001;
11932:001;
11933:001;
11934:001;
11935:001;
11936:001;
11937:001;
11938:001;
11939:001;
11940:001;
11941:001;
11942:001;
11943:001;
11944:001;
11945:001;
11946:001;
11947:001;
11948:001;
11949:001;
11950:001;
11951:001;
11952:001;
11953:001;
11954:001;
11955:001;
11956:001;
11957:001;
11958:001;
11959:001;
11960:001;
11961:001;
11962:001;
11963:001;
11964:001;
11965:001;
11966:001;
11967:001;
11968:001;
11969:001;
11970:001;
11971:001;
11972:001;
11973:001;
11974:001;
11975:001;
11976:001;
11977:001;
11978:001;
11979:001;
11980:001;
11981:001;
11982:001;
11983:001;
11984:001;
11985:001;
11986:001;
11987:001;
11988:001;
11989:001;
11990:001;
11991:001;
11992:001;
11993:001;
11994:001;
11995:001;
11996:001;
11997:001;
11998:001;
11999:001;
12000:001;
12001:001;
12002:001;
12003:001;
12004:001;
12005:001;
12006:001;
12007:001;
12008:001;
12009:001;
12010:001;
12011:001;
12012:001;
12013:001;
12014:001;
12015:001;
12016:001;
12017:001;
12018:001;
12019:001;
12020:001;
12021:001;
12022:001;
12023:001;
12024:001;
12025:001;
12026:001;
12027:001;
12028:001;
12029:001;
12030:001;
12031:000;
12032:001;
12033:001;
12034:001;
12035:001;
12036:001;
12037:001;
12038:001;
12039:001;
12040:001;
12041:001;
12042:001;
12043:001;
12044:001;
12045:001;
12046:001;
12047:001;
12048:001;
12049:001;
12050:001;
12051:001;
12052:001;
12053:001;
12054:001;
12055:001;
12056:001;
12057:001;
12058:001;
12059:001;
12060:001;
12061:001;
12062:001;
12063:001;
12064:001;
12065:001;
12066:001;
12067:001;
12068:001;
12069:001;
12070:001;
12071:001;
12072:001;
12073:001;
12074:001;
12075:001;
12076:001;
12077:001;
12078:001;
12079:001;
12080:001;
12081:001;
12082:001;
12083:001;
12084:001;
12085:001;
12086:001;
12087:001;
12088:001;
12089:001;
12090:001;
12091:001;
12092:001;
12093:001;
12094:001;
12095:001;
12096:001;
12097:001;
12098:001;
12099:001;
12100:001;
12101:001;
12102:001;
12103:001;
12104:001;
12105:001;
12106:001;
12107:001;
12108:001;
12109:001;
12110:001;
12111:001;
12112:001;
12113:001;
12114:001;
12115:001;
12116:001;
12117:001;
12118:001;
12119:001;
12120:001;
12121:001;
12122:001;
12123:001;
12124:001;
12125:001;
12126:001;
12127:001;
12128:001;
12129:001;
12130:001;
12131:001;
12132:001;
12133:001;
12134:001;
12135:001;
12136:001;
12137:001;
12138:001;
12139:001;
12140:001;
12141:001;
12142:001;
12143:001;
12144:001;
12145:001;
12146:001;
12147:001;
12148:001;
12149:001;
12150:001;
12151:001;
12152:001;
12153:001;
12154:001;
12155:001;
12156:001;
12157:001;
12158:001;
12159:000;
12160:001;
12161:001;
12162:001;
12163:001;
12164:001;
12165:001;
12166:001;
12167:001;
12168:001;
12169:001;
12170:001;
12171:001;
12172:001;
12173:001;
12174:001;
12175:001;
12176:001;
12177:001;
12178:001;
12179:001;
12180:001;
12181:001;
12182:001;
12183:001;
12184:001;
12185:001;
12186:001;
12187:001;
12188:001;
12189:001;
12190:001;
12191:001;
12192:001;
12193:001;
12194:001;
12195:001;
12196:001;
12197:001;
12198:001;
12199:001;
12200:001;
12201:001;
12202:001;
12203:001;
12204:001;
12205:001;
12206:001;
12207:001;
12208:001;
12209:001;
12210:001;
12211:001;
12212:001;
12213:001;
12214:001;
12215:001;
12216:001;
12217:001;
12218:001;
12219:001;
12220:001;
12221:001;
12222:001;
12223:001;
12224:001;
12225:001;
12226:001;
12227:001;
12228:001;
12229:001;
12230:001;
12231:001;
12232:001;
12233:001;
12234:001;
12235:001;
12236:001;
12237:001;
12238:001;
12239:001;
12240:001;
12241:001;
12242:001;
12243:001;
12244:001;
12245:001;
12246:001;
12247:001;
12248:001;
12249:001;
12250:001;
12251:001;
12252:001;
12253:001;
12254:001;
12255:001;
12256:001;
12257:001;
12258:001;
12259:001;
12260:001;
12261:001;
12262:001;
12263:001;
12264:001;
12265:001;
12266:001;
12267:001;
12268:001;
12269:001;
12270:001;
12271:001;
12272:001;
12273:001;
12274:001;
12275:001;
12276:001;
12277:001;
12278:001;
12279:001;
12280:001;
12281:001;
12282:001;
12283:001;
12284:001;
12285:001;
12286:001;
12287:000;
12288:002;
12289:001;
12290:001;
12291:001;
12292:001;
12293:001;
12294:001;
12295:001;
12296:002;
12297:001;
12298:001;
12299:001;
12300:001;
12301:001;
12302:001;
12303:001;
12304:002;
12305:001;
12306:001;
12307:001;
12308:001;
12309:001;
12310:001;
12311:001;
12312:002;
12313:001;
12314:001;
12315:001;
12316:001;
12317:001;
12318:001;
12319:001;
12320:002;
12321:001;
12322:001;
12323:001;
12324:001;
12325:001;
12326:001;
12327:001;
12328:002;
12329:001;
12330:001;
12331:001;
12332:001;
12333:001;
12334:001;
12335:001;
12336:002;
12337:001;
12338:001;
12339:001;
12340:001;
12341:001;
12342:001;
12343:001;
12344:002;
12345:001;
12346:001;
12347:001;
12348:001;
12349:001;
12350:001;
12351:001;
12352:002;
12353:001;
12354:001;
12355:001;
12356:001;
12357:001;
12358:001;
12359:001;
12360:002;
12361:001;
12362:001;
12363:001;
12364:001;
12365:001;
12366:001;
12367:001;
12368:002;
12369:001;
12370:001;
12371:001;
12372:001;
12373:001;
12374:001;
12375:001;
12376:002;
12377:001;
12378:001;
12379:001;
12380:001;
12381:001;
12382:001;
12383:001;
12384:002;
12385:001;
12386:001;
12387:001;
12388:001;
12389:001;
12390:001;
12391:001;
12392:002;
12393:001;
12394:001;
12395:001;
12396:001;
12397:001;
12398:001;
12399:001;
12400:002;
12401:001;
12402:001;
12403:001;
12404:001;
12405:001;
12406:001;
12407:001;
12408:002;
12409:001;
12410:001;
12411:001;
12412:001;
12413:001;
12414:001;
12415:000;
12416:001;
12417:001;
12418:001;
12419:001;
12420:001;
12421:001;
12422:001;
12423:001;
12424:001;
12425:001;
12426:001;
12427:001;
12428:001;
12429:001;
12430:001;
12431:001;
12432:001;
12433:001;
12434:001;
12435:001;
12436:001;
12437:001;
12438:001;
12439:001;
12440:001;
12441:001;
12442:001;
12443:001;
12444:001;
12445:001;
12446:001;
12447:001;
12448:001;
12449:001;
12450:001;
12451:001;
12452:001;
12453:001;
12454:001;
12455:001;
12456:001;
12457:001;
12458:001;
12459:001;
12460:001;
12461:001;
12462:001;
12463:001;
12464:001;
12465:001;
12466:001;
12467:001;
12468:001;
12469:001;
12470:001;
12471:001;
12472:001;
12473:001;
12474:001;
12475:001;
12476:001;
12477:001;
12478:001;
12479:001;
12480:001;
12481:001;
12482:001;
12483:001;
12484:001;
12485:001;
12486:001;
12487:001;
12488:001;
12489:001;
12490:001;
12491:001;
12492:001;
12493:001;
12494:001;
12495:001;
12496:001;
12497:001;
12498:001;
12499:001;
12500:001;
12501:001;
12502:001;
12503:001;
12504:001;
12505:001;
12506:001;
12507:001;
12508:001;
12509:001;
12510:001;
12511:001;
12512:001;
12513:001;
12514:001;
12515:001;
12516:001;
12517:001;
12518:001;
12519:001;
12520:001;
12521:001;
12522:001;
12523:001;
12524:001;
12525:001;
12526:001;
12527:001;
12528:001;
12529:001;
12530:001;
12531:001;
12532:001;
12533:001;
12534:001;
12535:001;
12536:001;
12537:001;
12538:001;
12539:001;
12540:001;
12541:001;
12542:001;
12543:000;
12544:001;
12545:001;
12546:001;
12547:001;
12548:001;
12549:001;
12550:001;
12551:001;
12552:001;
12553:001;
12554:001;
12555:001;
12556:001;
12557:001;
12558:001;
12559:001;
12560:001;
12561:001;
12562:001;
12563:001;
12564:001;
12565:001;
12566:001;
12567:001;
12568:001;
12569:001;
12570:001;
12571:001;
12572:001;
12573:001;
12574:001;
12575:001;
12576:001;
12577:001;
12578:001;
12579:001;
12580:001;
12581:001;
12582:001;
12583:001;
12584:001;
12585:001;
12586:001;
12587:001;
12588:001;
12589:001;
12590:001;
12591:001;
12592:001;
12593:001;
12594:001;
12595:001;
12596:001;
12597:001;
12598:001;
12599:001;
12600:001;
12601:001;
12602:001;
12603:001;
12604:001;
12605:001;
12606:001;
12607:001;
12608:001;
12609:001;
12610:001;
12611:001;
12612:001;
12613:001;
12614:001;
12615:001;
12616:001;
12617:001;
12618:001;
12619:001;
12620:001;
12621:001;
12622:001;
12623:001;
12624:001;
12625:001;
12626:001;
12627:001;
12628:001;
12629:001;
12630:001;
12631:001;
12632:001;
12633:001;
12634:001;
12635:001;
12636:001;
12637:001;
12638:001;
12639:001;
12640:001;
12641:001;
12642:001;
12643:001;
12644:001;
12645:001;
12646:001;
12647:001;
12648:001;
12649:001;
12650:001;
12651:001;
12652:001;
12653:001;
12654:001;
12655:001;
12656:001;
12657:001;
12658:001;
12659:001;
12660:001;
12661:001;
12662:001;
12663:001;
12664:001;
12665:001;
12666:001;
12667:001;
12668:001;
12669:001;
12670:001;
12671:000;
12672:001;
12673:001;
12674:001;
12675:001;
12676:001;
12677:001;
12678:001;
12679:001;
12680:001;
12681:001;
12682:001;
12683:001;
12684:001;
12685:001;
12686:001;
12687:001;
12688:001;
12689:001;
12690:001;
12691:001;
12692:001;
12693:001;
12694:001;
12695:001;
12696:001;
12697:001;
12698:001;
12699:001;
12700:001;
12701:001;
12702:001;
12703:001;
12704:001;
12705:001;
12706:001;
12707:001;
12708:001;
12709:001;
12710:001;
12711:001;
12712:001;
12713:001;
12714:001;
12715:001;
12716:001;
12717:001;
12718:001;
12719:001;
12720:001;
12721:001;
12722:001;
12723:001;
12724:001;
12725:001;
12726:001;
12727:001;
12728:001;
12729:001;
12730:001;
12731:001;
12732:001;
12733:001;
12734:001;
12735:001;
12736:001;
12737:001;
12738:001;
12739:001;
12740:001;
12741:001;
12742:001;
12743:001;
12744:001;
12745:001;
12746:001;
12747:001;
12748:001;
12749:001;
12750:001;
12751:001;
12752:001;
12753:001;
12754:001;
12755:001;
12756:001;
12757:001;
12758:001;
12759:001;
12760:001;
12761:001;
12762:001;
12763:001;
12764:001;
12765:001;
12766:001;
12767:001;
12768:001;
12769:001;
12770:001;
12771:001;
12772:001;
12773:001;
12774:001;
12775:001;
12776:001;
12777:001;
12778:001;
12779:001;
12780:001;
12781:001;
12782:001;
12783:001;
12784:001;
12785:001;
12786:001;
12787:001;
12788:001;
12789:001;
12790:001;
12791:001;
12792:001;
12793:001;
12794:001;
12795:001;
12796:001;
12797:001;
12798:001;
12799:000;
12800:001;
12801:001;
12802:001;
12803:001;
12804:002;
12805:001;
12806:001;
12807:001;
12808:001;
12809:001;
12810:001;
12811:001;
12812:002;
12813:001;
12814:001;
12815:001;
12816:001;
12817:001;
12818:001;
12819:001;
12820:002;
12821:001;
12822:001;
12823:001;
12824:001;
12825:001;
12826:001;
12827:001;
12828:002;
12829:001;
12830:001;
12831:001;
12832:001;
12833:001;
12834:001;
12835:001;
12836:002;
12837:001;
12838:001;
12839:001;
12840:001;
12841:001;
12842:001;
12843:001;
12844:002;
12845:001;
12846:001;
12847:001;
12848:001;
12849:001;
12850:001;
12851:001;
12852:002;
12853:001;
12854:001;
12855:001;
12856:001;
12857:001;
12858:001;
12859:001;
12860:002;
12861:001;
12862:001;
12863:001;
12864:001;
12865:001;
12866:001;
12867:001;
12868:002;
12869:001;
12870:001;
12871:001;
12872:001;
12873:001;
12874:001;
12875:001;
12876:002;
12877:001;
12878:001;
12879:001;
12880:001;
12881:001;
12882:001;
12883:001;
12884:002;
12885:001;
12886:001;
12887:001;
12888:001;
12889:001;
12890:001;
12891:001;
12892:002;
12893:001;
12894:001;
12895:001;
12896:001;
12897:001;
12898:001;
12899:001;
12900:002;
12901:001;
12902:001;
12903:001;
12904:001;
12905:001;
12906:001;
12907:001;
12908:002;
12909:001;
12910:001;
12911:001;
12912:001;
12913:001;
12914:001;
12915:001;
12916:002;
12917:001;
12918:001;
12919:001;
12920:001;
12921:001;
12922:001;
12923:001;
12924:002;
12925:001;
12926:001;
12927:000;
12928:001;
12929:001;
12930:001;
12931:001;
12932:001;
12933:001;
12934:001;
12935:001;
12936:001;
12937:001;
12938:001;
12939:001;
12940:001;
12941:001;
12942:001;
12943:001;
12944:001;
12945:001;
12946:001;
12947:001;
12948:001;
12949:001;
12950:001;
12951:001;
12952:001;
12953:001;
12954:001;
12955:001;
12956:001;
12957:001;
12958:001;
12959:001;
12960:001;
12961:001;
12962:001;
12963:001;
12964:001;
12965:001;
12966:001;
12967:001;
12968:001;
12969:001;
12970:001;
12971:001;
12972:001;
12973:001;
12974:001;
12975:001;
12976:001;
12977:001;
12978:001;
12979:001;
12980:001;
12981:001;
12982:001;
12983:001;
12984:001;
12985:001;
12986:001;
12987:001;
12988:001;
12989:001;
12990:001;
12991:001;
12992:001;
12993:001;
12994:001;
12995:001;
12996:001;
12997:001;
12998:001;
12999:001;
13000:001;
13001:001;
13002:001;
13003:001;
13004:001;
13005:001;
13006:001;
13007:001;
13008:001;
13009:001;
13010:001;
13011:001;
13012:001;
13013:001;
13014:001;
13015:001;
13016:001;
13017:001;
13018:001;
13019:001;
13020:001;
13021:001;
13022:001;
13023:001;
13024:001;
13025:001;
13026:001;
13027:001;
13028:001;
13029:001;
13030:001;
13031:001;
13032:001;
13033:001;
13034:001;
13035:001;
13036:001;
13037:001;
13038:001;
13039:001;
13040:001;
13041:001;
13042:001;
13043:001;
13044:001;
13045:001;
13046:001;
13047:001;
13048:001;
13049:001;
13050:001;
13051:001;
13052:001;
13053:001;
13054:001;
13055:000;
13056:001;
13057:001;
13058:001;
13059:001;
13060:001;
13061:001;
13062:001;
13063:001;
13064:001;
13065:001;
13066:001;
13067:001;
13068:001;
13069:001;
13070:001;
13071:001;
13072:001;
13073:001;
13074:001;
13075:001;
13076:001;
13077:001;
13078:001;
13079:001;
13080:001;
13081:001;
13082:001;
13083:001;
13084:001;
13085:001;
13086:001;
13087:001;
13088:001;
13089:001;
13090:001;
13091:001;
13092:001;
13093:001;
13094:001;
13095:001;
13096:001;
13097:001;
13098:001;
13099:001;
13100:001;
13101:001;
13102:001;
13103:001;
13104:001;
13105:001;
13106:001;
13107:001;
13108:001;
13109:001;
13110:001;
13111:001;
13112:001;
13113:001;
13114:001;
13115:001;
13116:001;
13117:001;
13118:001;
13119:001;
13120:001;
13121:001;
13122:001;
13123:001;
13124:001;
13125:001;
13126:001;
13127:001;
13128:001;
13129:001;
13130:001;
13131:001;
13132:001;
13133:001;
13134:001;
13135:001;
13136:001;
13137:001;
13138:001;
13139:001;
13140:001;
13141:001;
13142:001;
13143:001;
13144:001;
13145:001;
13146:001;
13147:001;
13148:001;
13149:001;
13150:001;
13151:001;
13152:001;
13153:001;
13154:001;
13155:001;
13156:001;
13157:001;
13158:001;
13159:001;
13160:001;
13161:001;
13162:001;
13163:001;
13164:001;
13165:001;
13166:001;
13167:001;
13168:001;
13169:001;
13170:001;
13171:001;
13172:001;
13173:001;
13174:001;
13175:001;
13176:001;
13177:001;
13178:001;
13179:001;
13180:001;
13181:001;
13182:001;
13183:000;
13184:001;
13185:001;
13186:001;
13187:001;
13188:001;
13189:001;
13190:001;
13191:001;
13192:001;
13193:001;
13194:001;
13195:001;
13196:001;
13197:001;
13198:001;
13199:001;
13200:001;
13201:001;
13202:001;
13203:001;
13204:001;
13205:001;
13206:001;
13207:001;
13208:001;
13209:001;
13210:001;
13211:001;
13212:001;
13213:001;
13214:001;
13215:001;
13216:001;
13217:001;
13218:001;
13219:001;
13220:001;
13221:001;
13222:001;
13223:001;
13224:001;
13225:001;
13226:001;
13227:001;
13228:001;
13229:001;
13230:001;
13231:001;
13232:001;
13233:001;
13234:001;
13235:001;
13236:001;
13237:001;
13238:001;
13239:001;
13240:001;
13241:001;
13242:001;
13243:001;
13244:001;
13245:001;
13246:001;
13247:001;
13248:001;
13249:001;
13250:001;
13251:001;
13252:001;
13253:001;
13254:001;
13255:001;
13256:001;
13257:001;
13258:001;
13259:001;
13260:001;
13261:001;
13262:001;
13263:001;
13264:001;
13265:001;
13266:001;
13267:001;
13268:001;
13269:001;
13270:001;
13271:001;
13272:001;
13273:001;
13274:001;
13275:001;
13276:001;
13277:001;
13278:001;
13279:001;
13280:001;
13281:001;
13282:001;
13283:001;
13284:001;
13285:001;
13286:001;
13287:001;
13288:001;
13289:001;
13290:001;
13291:001;
13292:001;
13293:001;
13294:001;
13295:001;
13296:001;
13297:001;
13298:001;
13299:001;
13300:001;
13301:001;
13302:001;
13303:001;
13304:001;
13305:001;
13306:001;
13307:001;
13308:001;
13309:001;
13310:001;
13311:000;
13312:002;
13313:001;
13314:001;
13315:001;
13316:002;
13317:001;
13318:001;
13319:001;
13320:002;
13321:001;
13322:001;
13323:001;
13324:002;
13325:001;
13326:001;
13327:001;
13328:002;
13329:001;
13330:001;
13331:001;
13332:002;
13333:001;
13334:001;
13335:001;
13336:002;
13337:001;
13338:001;
13339:001;
13340:002;
13341:001;
13342:001;
13343:001;
13344:002;
13345:001;
13346:001;
13347:001;
13348:002;
13349:001;
13350:001;
13351:001;
13352:002;
13353:001;
13354:001;
13355:001;
13356:002;
13357:001;
13358:001;
13359:001;
13360:002;
13361:001;
13362:001;
13363:001;
13364:002;
13365:001;
13366:001;
13367:001;
13368:002;
13369:001;
13370:001;
13371:001;
13372:002;
13373:001;
13374:001;
13375:001;
13376:002;
13377:001;
13378:001;
13379:001;
13380:002;
13381:001;
13382:001;
13383:001;
13384:002;
13385:001;
13386:001;
13387:001;
13388:002;
13389:001;
13390:001;
13391:001;
13392:002;
13393:001;
13394:001;
13395:001;
13396:002;
13397:001;
13398:001;
13399:001;
13400:002;
13401:001;
13402:001;
13403:001;
13404:002;
13405:001;
13406:001;
13407:001;
13408:002;
13409:001;
13410:001;
13411:001;
13412:002;
13413:001;
13414:001;
13415:001;
13416:002;
13417:001;
13418:001;
13419:001;
13420:002;
13421:001;
13422:001;
13423:001;
13424:002;
13425:001;
13426:001;
13427:001;
13428:002;
13429:001;
13430:001;
13431:001;
13432:002;
13433:001;
13434:001;
13435:001;
13436:002;
13437:001;
13438:001;
13439:000;
13440:001;
13441:001;
13442:001;
13443:001;
13444:001;
13445:001;
13446:001;
13447:001;
13448:001;
13449:001;
13450:001;
13451:001;
13452:001;
13453:001;
13454:001;
13455:001;
13456:001;
13457:001;
13458:001;
13459:001;
13460:001;
13461:001;
13462:001;
13463:001;
13464:001;
13465:001;
13466:001;
13467:001;
13468:001;
13469:001;
13470:001;
13471:001;
13472:001;
13473:001;
13474:001;
13475:001;
13476:001;
13477:001;
13478:001;
13479:001;
13480:001;
13481:001;
13482:001;
13483:001;
13484:001;
13485:001;
13486:001;
13487:001;
13488:001;
13489:001;
13490:001;
13491:001;
13492:001;
13493:001;
13494:001;
13495:001;
13496:001;
13497:001;
13498:001;
13499:001;
13500:001;
13501:001;
13502:001;
13503:001;
13504:001;
13505:001;
13506:001;
13507:001;
13508:001;
13509:001;
13510:001;
13511:001;
13512:001;
13513:001;
13514:001;
13515:001;
13516:001;
13517:001;
13518:001;
13519:001;
13520:001;
13521:001;
13522:001;
13523:001;
13524:001;
13525:001;
13526:001;
13527:001;
13528:001;
13529:001;
13530:001;
13531:001;
13532:001;
13533:001;
13534:001;
13535:001;
13536:001;
13537:001;
13538:001;
13539:001;
13540:001;
13541:001;
13542:001;
13543:001;
13544:001;
13545:001;
13546:001;
13547:001;
13548:001;
13549:001;
13550:001;
13551:001;
13552:001;
13553:001;
13554:001;
13555:001;
13556:001;
13557:001;
13558:001;
13559:001;
13560:001;
13561:001;
13562:001;
13563:001;
13564:001;
13565:001;
13566:001;
13567:000;
13568:001;
13569:001;
13570:001;
13571:001;
13572:001;
13573:001;
13574:001;
13575:001;
13576:001;
13577:001;
13578:001;
13579:001;
13580:001;
13581:001;
13582:001;
13583:001;
13584:001;
13585:001;
13586:001;
13587:001;
13588:001;
13589:001;
13590:001;
13591:001;
13592:001;
13593:001;
13594:001;
13595:001;
13596:001;
13597:001;
13598:001;
13599:001;
13600:001;
13601:001;
13602:001;
13603:001;
13604:001;
13605:001;
13606:001;
13607:001;
13608:001;
13609:001;
13610:001;
13611:001;
13612:001;
13613:001;
13614:001;
13615:001;
13616:001;
13617:001;
13618:001;
13619:001;
13620:001;
13621:001;
13622:001;
13623:001;
13624:001;
13625:001;
13626:001;
13627:001;
13628:001;
13629:001;
13630:001;
13631:001;
13632:001;
13633:001;
13634:001;
13635:001;
13636:001;
13637:001;
13638:001;
13639:001;
13640:001;
13641:001;
13642:001;
13643:001;
13644:001;
13645:001;
13646:001;
13647:001;
13648:001;
13649:001;
13650:001;
13651:001;
13652:001;
13653:001;
13654:001;
13655:001;
13656:001;
13657:001;
13658:001;
13659:001;
13660:001;
13661:001;
13662:001;
13663:001;
13664:001;
13665:001;
13666:001;
13667:001;
13668:001;
13669:001;
13670:001;
13671:001;
13672:001;
13673:001;
13674:001;
13675:001;
13676:001;
13677:001;
13678:001;
13679:001;
13680:001;
13681:001;
13682:001;
13683:001;
13684:001;
13685:001;
13686:001;
13687:001;
13688:001;
13689:001;
13690:001;
13691:001;
13692:001;
13693:001;
13694:001;
13695:000;
13696:001;
13697:001;
13698:001;
13699:001;
13700:001;
13701:001;
13702:001;
13703:001;
13704:001;
13705:001;
13706:001;
13707:001;
13708:001;
13709:001;
13710:001;
13711:001;
13712:001;
13713:001;
13714:001;
13715:001;
13716:001;
13717:001;
13718:001;
13719:001;
13720:001;
13721:001;
13722:001;
13723:001;
13724:001;
13725:001;
13726:001;
13727:001;
13728:001;
13729:001;
13730:001;
13731:001;
13732:001;
13733:001;
13734:001;
13735:001;
13736:001;
13737:001;
13738:001;
13739:001;
13740:001;
13741:001;
13742:001;
13743:001;
13744:001;
13745:001;
13746:001;
13747:001;
13748:001;
13749:001;
13750:001;
13751:001;
13752:001;
13753:001;
13754:001;
13755:001;
13756:001;
13757:001;
13758:001;
13759:001;
13760:001;
13761:001;
13762:001;
13763:001;
13764:001;
13765:001;
13766:001;
13767:001;
13768:001;
13769:001;
13770:001;
13771:001;
13772:001;
13773:001;
13774:001;
13775:001;
13776:001;
13777:001;
13778:001;
13779:001;
13780:001;
13781:001;
13782:001;
13783:001;
13784:001;
13785:001;
13786:001;
13787:001;
13788:001;
13789:001;
13790:001;
13791:001;
13792:001;
13793:001;
13794:001;
13795:001;
13796:001;
13797:001;
13798:001;
13799:001;
13800:001;
13801:001;
13802:001;
13803:001;
13804:001;
13805:001;
13806:001;
13807:001;
13808:001;
13809:001;
13810:001;
13811:001;
13812:001;
13813:001;
13814:001;
13815:001;
13816:001;
13817:001;
13818:001;
13819:001;
13820:001;
13821:001;
13822:001;
13823:000;
13824:002;
13825:001;
13826:001;
13827:001;
13828:002;
13829:001;
13830:001;
13831:001;
13832:002;
13833:001;
13834:001;
13835:001;
13836:002;
13837:001;
13838:001;
13839:001;
13840:002;
13841:001;
13842:001;
13843:001;
13844:002;
13845:001;
13846:001;
13847:001;
13848:002;
13849:001;
13850:001;
13851:001;
13852:002;
13853:001;
13854:001;
13855:001;
13856:002;
13857:001;
13858:001;
13859:001;
13860:002;
13861:001;
13862:001;
13863:001;
13864:002;
13865:001;
13866:001;
13867:001;
13868:002;
13869:001;
13870:001;
13871:001;
13872:002;
13873:001;
13874:001;
13875:001;
13876:002;
13877:001;
13878:001;
13879:001;
13880:002;
13881:001;
13882:001;
13883:001;
13884:002;
13885:001;
13886:001;
13887:001;
13888:002;
13889:001;
13890:001;
13891:001;
13892:002;
13893:001;
13894:001;
13895:001;
13896:002;
13897:001;
13898:001;
13899:001;
13900:002;
13901:001;
13902:001;
13903:001;
13904:002;
13905:001;
13906:001;
13907:001;
13908:002;
13909:001;
13910:001;
13911:001;
13912:002;
13913:001;
13914:001;
13915:001;
13916:002;
13917:001;
13918:001;
13919:001;
13920:002;
13921:001;
13922:001;
13923:001;
13924:002;
13925:001;
13926:001;
13927:001;
13928:002;
13929:001;
13930:001;
13931:001;
13932:002;
13933:001;
13934:001;
13935:001;
13936:002;
13937:001;
13938:001;
13939:001;
13940:002;
13941:001;
13942:001;
13943:001;
13944:002;
13945:001;
13946:001;
13947:001;
13948:002;
13949:001;
13950:001;
13951:000;
13952:001;
13953:001;
13954:001;
13955:001;
13956:001;
13957:001;
13958:001;
13959:001;
13960:001;
13961:001;
13962:001;
13963:001;
13964:001;
13965:001;
13966:001;
13967:001;
13968:001;
13969:001;
13970:001;
13971:001;
13972:001;
13973:001;
13974:001;
13975:001;
13976:001;
13977:001;
13978:001;
13979:001;
13980:001;
13981:001;
13982:001;
13983:001;
13984:001;
13985:001;
13986:001;
13987:001;
13988:001;
13989:001;
13990:001;
13991:001;
13992:001;
13993:001;
13994:001;
13995:001;
13996:001;
13997:001;
13998:001;
13999:001;
14000:001;
14001:001;
14002:001;
14003:001;
14004:001;
14005:001;
14006:001;
14007:001;
14008:001;
14009:001;
14010:001;
14011:001;
14012:001;
14013:001;
14014:001;
14015:001;
14016:001;
14017:001;
14018:001;
14019:001;
14020:001;
14021:001;
14022:001;
14023:001;
14024:001;
14025:001;
14026:001;
14027:001;
14028:001;
14029:001;
14030:001;
14031:001;
14032:001;
14033:001;
14034:001;
14035:001;
14036:001;
14037:001;
14038:001;
14039:001;
14040:001;
14041:001;
14042:001;
14043:001;
14044:001;
14045:001;
14046:001;
14047:001;
14048:001;
14049:001;
14050:001;
14051:001;
14052:001;
14053:001;
14054:001;
14055:001;
14056:001;
14057:001;
14058:001;
14059:001;
14060:001;
14061:001;
14062:001;
14063:001;
14064:001;
14065:001;
14066:001;
14067:001;
14068:001;
14069:001;
14070:001;
14071:001;
14072:001;
14073:001;
14074:001;
14075:001;
14076:001;
14077:001;
14078:001;
14079:000;
14080:001;
14081:001;
14082:001;
14083:001;
14084:001;
14085:001;
14086:001;
14087:001;
14088:001;
14089:001;
14090:001;
14091:001;
14092:001;
14093:001;
14094:001;
14095:001;
14096:001;
14097:001;
14098:001;
14099:001;
14100:001;
14101:001;
14102:001;
14103:001;
14104:001;
14105:001;
14106:001;
14107:001;
14108:001;
14109:001;
14110:001;
14111:001;
14112:001;
14113:001;
14114:001;
14115:001;
14116:001;
14117:001;
14118:001;
14119:001;
14120:001;
14121:001;
14122:001;
14123:001;
14124:001;
14125:001;
14126:001;
14127:001;
14128:001;
14129:001;
14130:001;
14131:001;
14132:001;
14133:001;
14134:001;
14135:001;
14136:001;
14137:001;
14138:001;
14139:001;
14140:001;
14141:001;
14142:001;
14143:001;
14144:001;
14145:001;
14146:001;
14147:001;
14148:001;
14149:001;
14150:001;
14151:001;
14152:001;
14153:001;
14154:001;
14155:001;
14156:001;
14157:001;
14158:001;
14159:001;
14160:001;
14161:001;
14162:001;
14163:001;
14164:001;
14165:001;
14166:001;
14167:001;
14168:001;
14169:001;
14170:001;
14171:001;
14172:001;
14173:001;
14174:001;
14175:001;
14176:001;
14177:001;
14178:001;
14179:001;
14180:001;
14181:001;
14182:001;
14183:001;
14184:001;
14185:001;
14186:001;
14187:001;
14188:001;
14189:001;
14190:001;
14191:001;
14192:001;
14193:001;
14194:001;
14195:001;
14196:001;
14197:001;
14198:001;
14199:001;
14200:001;
14201:001;
14202:001;
14203:001;
14204:001;
14205:001;
14206:001;
14207:000;
14208:001;
14209:001;
14210:001;
14211:001;
14212:001;
14213:001;
14214:001;
14215:001;
14216:001;
14217:001;
14218:001;
14219:001;
14220:001;
14221:001;
14222:001;
14223:001;
14224:001;
14225:001;
14226:001;
14227:001;
14228:001;
14229:001;
14230:001;
14231:001;
14232:001;
14233:001;
14234:001;
14235:001;
14236:001;
14237:001;
14238:001;
14239:001;
14240:001;
14241:001;
14242:001;
14243:001;
14244:001;
14245:001;
14246:001;
14247:001;
14248:001;
14249:001;
14250:001;
14251:001;
14252:001;
14253:001;
14254:001;
14255:001;
14256:001;
14257:001;
14258:001;
14259:001;
14260:001;
14261:001;
14262:001;
14263:001;
14264:001;
14265:001;
14266:001;
14267:001;
14268:001;
14269:001;
14270:001;
14271:001;
14272:001;
14273:001;
14274:001;
14275:001;
14276:001;
14277:001;
14278:001;
14279:001;
14280:001;
14281:001;
14282:001;
14283:001;
14284:001;
14285:001;
14286:001;
14287:001;
14288:001;
14289:001;
14290:001;
14291:001;
14292:001;
14293:001;
14294:001;
14295:001;
14296:001;
14297:001;
14298:001;
14299:001;
14300:001;
14301:001;
14302:001;
14303:001;
14304:001;
14305:001;
14306:001;
14307:001;
14308:001;
14309:001;
14310:001;
14311:001;
14312:001;
14313:001;
14314:001;
14315:001;
14316:001;
14317:001;
14318:001;
14319:001;
14320:001;
14321:001;
14322:001;
14323:001;
14324:001;
14325:001;
14326:001;
14327:001;
14328:001;
14329:001;
14330:001;
14331:001;
14332:001;
14333:001;
14334:001;
14335:000;
14336:002;
14337:001;
14338:001;
14339:001;
14340:002;
14341:001;
14342:001;
14343:001;
14344:002;
14345:001;
14346:001;
14347:001;
14348:002;
14349:001;
14350:001;
14351:001;
14352:002;
14353:001;
14354:001;
14355:001;
14356:002;
14357:001;
14358:001;
14359:001;
14360:002;
14361:001;
14362:001;
14363:001;
14364:002;
14365:001;
14366:001;
14367:001;
14368:002;
14369:001;
14370:001;
14371:001;
14372:002;
14373:001;
14374:001;
14375:001;
14376:002;
14377:001;
14378:001;
14379:001;
14380:002;
14381:001;
14382:001;
14383:001;
14384:002;
14385:001;
14386:001;
14387:001;
14388:002;
14389:001;
14390:001;
14391:001;
14392:002;
14393:001;
14394:001;
14395:001;
14396:002;
14397:001;
14398:001;
14399:001;
14400:002;
14401:001;
14402:001;
14403:001;
14404:002;
14405:001;
14406:001;
14407:001;
14408:002;
14409:001;
14410:001;
14411:001;
14412:002;
14413:001;
14414:001;
14415:001;
14416:002;
14417:001;
14418:001;
14419:001;
14420:002;
14421:001;
14422:001;
14423:001;
14424:002;
14425:001;
14426:001;
14427:001;
14428:002;
14429:001;
14430:001;
14431:001;
14432:002;
14433:001;
14434:001;
14435:001;
14436:002;
14437:001;
14438:001;
14439:001;
14440:002;
14441:001;
14442:001;
14443:001;
14444:002;
14445:001;
14446:001;
14447:001;
14448:002;
14449:001;
14450:001;
14451:001;
14452:002;
14453:001;
14454:001;
14455:001;
14456:002;
14457:001;
14458:001;
14459:001;
14460:002;
14461:001;
14462:001;
14463:000;
14464:001;
14465:001;
14466:001;
14467:001;
14468:001;
14469:001;
14470:001;
14471:001;
14472:001;
14473:001;
14474:001;
14475:001;
14476:001;
14477:001;
14478:001;
14479:001;
14480:001;
14481:001;
14482:001;
14483:001;
14484:001;
14485:001;
14486:001;
14487:001;
14488:001;
14489:001;
14490:001;
14491:001;
14492:001;
14493:001;
14494:001;
14495:001;
14496:001;
14497:001;
14498:001;
14499:001;
14500:001;
14501:001;
14502:001;
14503:001;
14504:001;
14505:001;
14506:001;
14507:001;
14508:001;
14509:001;
14510:001;
14511:001;
14512:001;
14513:001;
14514:001;
14515:001;
14516:001;
14517:001;
14518:001;
14519:001;
14520:001;
14521:001;
14522:001;
14523:001;
14524:001;
14525:001;
14526:001;
14527:001;
14528:001;
14529:001;
14530:001;
14531:001;
14532:001;
14533:001;
14534:001;
14535:001;
14536:001;
14537:001;
14538:001;
14539:001;
14540:001;
14541:001;
14542:001;
14543:001;
14544:001;
14545:001;
14546:001;
14547:001;
14548:001;
14549:001;
14550:001;
14551:001;
14552:001;
14553:001;
14554:001;
14555:001;
14556:001;
14557:001;
14558:001;
14559:001;
14560:001;
14561:001;
14562:001;
14563:001;
14564:001;
14565:001;
14566:001;
14567:001;
14568:001;
14569:001;
14570:001;
14571:001;
14572:001;
14573:001;
14574:001;
14575:001;
14576:001;
14577:001;
14578:001;
14579:001;
14580:001;
14581:001;
14582:001;
14583:001;
14584:001;
14585:001;
14586:001;
14587:001;
14588:001;
14589:001;
14590:001;
14591:000;
14592:001;
14593:001;
14594:002;
14595:001;
14596:001;
14597:001;
14598:001;
14599:001;
14600:001;
14601:001;
14602:002;
14603:001;
14604:001;
14605:001;
14606:001;
14607:001;
14608:001;
14609:001;
14610:002;
14611:001;
14612:001;
14613:001;
14614:001;
14615:001;
14616:001;
14617:001;
14618:002;
14619:001;
14620:001;
14621:001;
14622:001;
14623:001;
14624:001;
14625:001;
14626:002;
14627:001;
14628:001;
14629:001;
14630:001;
14631:001;
14632:001;
14633:001;
14634:002;
14635:001;
14636:001;
14637:001;
14638:001;
14639:001;
14640:001;
14641:001;
14642:002;
14643:001;
14644:001;
14645:001;
14646:001;
14647:001;
14648:001;
14649:001;
14650:002;
14651:001;
14652:001;
14653:001;
14654:001;
14655:001;
14656:001;
14657:001;
14658:002;
14659:001;
14660:001;
14661:001;
14662:001;
14663:001;
14664:001;
14665:001;
14666:002;
14667:001;
14668:001;
14669:001;
14670:001;
14671:001;
14672:001;
14673:001;
14674:002;
14675:001;
14676:001;
14677:001;
14678:001;
14679:001;
14680:001;
14681:001;
14682:002;
14683:001;
14684:001;
14685:001;
14686:001;
14687:001;
14688:001;
14689:001;
14690:002;
14691:001;
14692:001;
14693:001;
14694:001;
14695:001;
14696:001;
14697:001;
14698:002;
14699:001;
14700:001;
14701:001;
14702:001;
14703:001;
14704:001;
14705:001;
14706:002;
14707:001;
14708:001;
14709:001;
14710:001;
14711:001;
14712:001;
14713:001;
14714:002;
14715:001;
14716:001;
14717:001;
14718:001;
14719:000;
14720:001;
14721:001;
14722:001;
14723:001;
14724:001;
14725:001;
14726:001;
14727:001;
14728:001;
14729:001;
14730:001;
14731:001;
14732:001;
14733:001;
14734:001;
14735:001;
14736:001;
14737:001;
14738:001;
14739:001;
14740:001;
14741:001;
14742:001;
14743:001;
14744:001;
14745:001;
14746:001;
14747:001;
14748:001;
14749:001;
14750:001;
14751:001;
14752:001;
14753:001;
14754:001;
14755:001;
14756:001;
14757:001;
14758:001;
14759:001;
14760:001;
14761:001;
14762:001;
14763:001;
14764:001;
14765:001;
14766:001;
14767:001;
14768:001;
14769:001;
14770:001;
14771:001;
14772:001;
14773:001;
14774:001;
14775:001;
14776:001;
14777:001;
14778:001;
14779:001;
14780:001;
14781:001;
14782:001;
14783:001;
14784:001;
14785:001;
14786:001;
14787:001;
14788:001;
14789:001;
14790:001;
14791:001;
14792:001;
14793:001;
14794:001;
14795:001;
14796:001;
14797:001;
14798:001;
14799:001;
14800:001;
14801:001;
14802:001;
14803:001;
14804:001;
14805:001;
14806:001;
14807:001;
14808:001;
14809:001;
14810:001;
14811:001;
14812:001;
14813:001;
14814:001;
14815:001;
14816:001;
14817:001;
14818:001;
14819:001;
14820:001;
14821:001;
14822:001;
14823:001;
14824:001;
14825:001;
14826:001;
14827:001;
14828:001;
14829:001;
14830:001;
14831:001;
14832:001;
14833:001;
14834:001;
14835:001;
14836:001;
14837:001;
14838:001;
14839:001;
14840:001;
14841:001;
14842:001;
14843:001;
14844:001;
14845:001;
14846:001;
14847:000;
14848:002;
14849:001;
14850:001;
14851:001;
14852:002;
14853:001;
14854:001;
14855:001;
14856:002;
14857:001;
14858:001;
14859:001;
14860:002;
14861:001;
14862:001;
14863:001;
14864:002;
14865:001;
14866:001;
14867:001;
14868:002;
14869:001;
14870:001;
14871:001;
14872:002;
14873:001;
14874:001;
14875:001;
14876:002;
14877:001;
14878:001;
14879:001;
14880:002;
14881:001;
14882:001;
14883:001;
14884:002;
14885:001;
14886:001;
14887:001;
14888:002;
14889:001;
14890:001;
14891:001;
14892:002;
14893:001;
14894:001;
14895:001;
14896:002;
14897:001;
14898:001;
14899:001;
14900:002;
14901:001;
14902:001;
14903:001;
14904:002;
14905:001;
14906:001;
14907:001;
14908:002;
14909:001;
14910:001;
14911:001;
14912:002;
14913:001;
14914:001;
14915:001;
14916:002;
14917:001;
14918:001;
14919:001;
14920:002;
14921:001;
14922:001;
14923:001;
14924:002;
14925:001;
14926:001;
14927:001;
14928:002;
14929:001;
14930:001;
14931:001;
14932:002;
14933:001;
14934:001;
14935:001;
14936:002;
14937:001;
14938:001;
14939:001;
14940:002;
14941:001;
14942:001;
14943:001;
14944:002;
14945:001;
14946:001;
14947:001;
14948:002;
14949:001;
14950:001;
14951:001;
14952:002;
14953:001;
14954:001;
14955:001;
14956:002;
14957:001;
14958:001;
14959:001;
14960:002;
14961:001;
14962:001;
14963:001;
14964:002;
14965:001;
14966:001;
14967:001;
14968:002;
14969:001;
14970:001;
14971:001;
14972:002;
14973:001;
14974:001;
14975:000;
14976:001;
14977:001;
14978:001;
14979:001;
14980:001;
14981:001;
14982:001;
14983:001;
14984:001;
14985:001;
14986:001;
14987:001;
14988:001;
14989:001;
14990:001;
14991:001;
14992:001;
14993:001;
14994:001;
14995:001;
14996:001;
14997:001;
14998:001;
14999:001;
15000:001;
15001:001;
15002:001;
15003:001;
15004:001;
15005:001;
15006:001;
15007:001;
15008:001;
15009:001;
15010:001;
15011:001;
15012:001;
15013:001;
15014:001;
15015:001;
15016:001;
15017:001;
15018:001;
15019:001;
15020:001;
15021:001;
15022:001;
15023:001;
15024:001;
15025:001;
15026:001;
15027:001;
15028:001;
15029:001;
15030:001;
15031:001;
15032:001;
15033:001;
15034:001;
15035:001;
15036:001;
15037:001;
15038:001;
15039:001;
15040:001;
15041:001;
15042:001;
15043:001;
15044:001;
15045:001;
15046:001;
15047:001;
15048:001;
15049:001;
15050:001;
15051:001;
15052:001;
15053:001;
15054:001;
15055:001;
15056:001;
15057:001;
15058:001;
15059:001;
15060:001;
15061:001;
15062:001;
15063:001;
15064:001;
15065:001;
15066:001;
15067:001;
15068:001;
15069:001;
15070:001;
15071:001;
15072:001;
15073:001;
15074:001;
15075:001;
15076:001;
15077:001;
15078:001;
15079:001;
15080:001;
15081:001;
15082:001;
15083:001;
15084:001;
15085:001;
15086:001;
15087:001;
15088:001;
15089:001;
15090:001;
15091:001;
15092:001;
15093:001;
15094:001;
15095:001;
15096:001;
15097:001;
15098:001;
15099:001;
15100:001;
15101:001;
15102:001;
15103:000;
15104:001;
15105:001;
15106:001;
15107:001;
15108:001;
15109:001;
15110:002;
15111:001;
15112:001;
15113:001;
15114:001;
15115:001;
15116:001;
15117:001;
15118:002;
15119:001;
15120:001;
15121:001;
15122:001;
15123:001;
15124:001;
15125:001;
15126:002;
15127:001;
15128:001;
15129:001;
15130:001;
15131:001;
15132:001;
15133:001;
15134:002;
15135:001;
15136:001;
15137:001;
15138:001;
15139:001;
15140:001;
15141:001;
15142:002;
15143:001;
15144:001;
15145:001;
15146:001;
15147:001;
15148:001;
15149:001;
15150:002;
15151:001;
15152:001;
15153:001;
15154:001;
15155:001;
15156:001;
15157:001;
15158:002;
15159:001;
15160:001;
15161:001;
15162:001;
15163:001;
15164:001;
15165:001;
15166:002;
15167:001;
15168:001;
15169:001;
15170:001;
15171:001;
15172:001;
15173:001;
15174:002;
15175:001;
15176:001;
15177:001;
15178:001;
15179:001;
15180:001;
15181:001;
15182:002;
15183:001;
15184:001;
15185:001;
15186:001;
15187:001;
15188:001;
15189:001;
15190:002;
15191:001;
15192:001;
15193:001;
15194:001;
15195:001;
15196:001;
15197:001;
15198:002;
15199:001;
15200:001;
15201:001;
15202:001;
15203:001;
15204:001;
15205:001;
15206:002;
15207:001;
15208:001;
15209:001;
15210:001;
15211:001;
15212:001;
15213:001;
15214:002;
15215:001;
15216:001;
15217:001;
15218:001;
15219:001;
15220:001;
15221:001;
15222:002;
15223:001;
15224:001;
15225:001;
15226:001;
15227:001;
15228:001;
15229:001;
15230:002;
15231:000;
15232:001;
15233:001;
15234:001;
15235:001;
15236:001;
15237:001;
15238:001;
15239:001;
15240:001;
15241:001;
15242:001;
15243:001;
15244:001;
15245:001;
15246:001;
15247:001;
15248:001;
15249:001;
15250:001;
15251:001;
15252:001;
15253:001;
15254:001;
15255:001;
15256:001;
15257:001;
15258:001;
15259:001;
15260:001;
15261:001;
15262:001;
15263:001;
15264:001;
15265:001;
15266:001;
15267:001;
15268:001;
15269:001;
15270:001;
15271:001;
15272:001;
15273:001;
15274:001;
15275:001;
15276:001;
15277:001;
15278:001;
15279:001;
15280:001;
15281:001;
15282:001;
15283:001;
15284:001;
15285:001;
15286:001;
15287:001;
15288:001;
15289:001;
15290:001;
15291:001;
15292:001;
15293:001;
15294:001;
15295:001;
15296:001;
15297:001;
15298:001;
15299:001;
15300:001;
15301:001;
15302:001;
15303:001;
15304:001;
15305:001;
15306:001;
15307:001;
15308:001;
15309:001;
15310:001;
15311:001;
15312:001;
15313:001;
15314:001;
15315:001;
15316:001;
15317:001;
15318:001;
15319:001;
15320:001;
15321:001;
15322:001;
15323:001;
15324:001;
15325:001;
15326:001;
15327:001;
15328:001;
15329:001;
15330:001;
15331:001;
15332:001;
15333:001;
15334:001;
15335:001;
15336:001;
15337:001;
15338:001;
15339:001;
15340:001;
15341:001;
15342:001;
15343:001;
15344:001;
15345:001;
15346:001;
15347:001;
15348:001;
15349:001;
15350:001;
15351:001;
15352:001;
15353:001;
15354:001;
15355:001;
15356:001;
15357:001;
15358:001;
15359:000;
15360:002;
15361:001;
15362:001;
15363:001;
15364:002;
15365:001;
15366:001;
15367:001;
15368:002;
15369:001;
15370:001;
15371:001;
15372:002;
15373:001;
15374:001;
15375:001;
15376:002;
15377:001;
15378:001;
15379:001;
15380:002;
15381:001;
15382:001;
15383:001;
15384:002;
15385:001;
15386:001;
15387:001;
15388:002;
15389:001;
15390:001;
15391:001;
15392:002;
15393:001;
15394:001;
15395:001;
15396:002;
15397:001;
15398:001;
15399:001;
15400:002;
15401:001;
15402:001;
15403:001;
15404:002;
15405:001;
15406:001;
15407:001;
15408:002;
15409:001;
15410:001;
15411:001;
15412:002;
15413:001;
15414:001;
15415:001;
15416:002;
15417:001;
15418:001;
15419:001;
15420:002;
15421:001;
15422:001;
15423:001;
15424:002;
15425:001;
15426:001;
15427:001;
15428:002;
15429:001;
15430:001;
15431:001;
15432:002;
15433:001;
15434:001;
15435:001;
15436:002;
15437:001;
15438:001;
15439:001;
15440:002;
15441:001;
15442:001;
15443:001;
15444:002;
15445:001;
15446:001;
15447:001;
15448:002;
15449:001;
15450:001;
15451:001;
15452:002;
15453:001;
15454:001;
15455:001;
15456:002;
15457:001;
15458:001;
15459:001;
15460:002;
15461:001;
15462:001;
15463:001;
15464:002;
15465:001;
15466:001;
15467:001;
15468:002;
15469:001;
15470:001;
15471:001;
15472:002;
15473:001;
15474:001;
15475:001;
15476:002;
15477:001;
15478:001;
15479:001;
15480:002;
15481:001;
15482:001;
15483:001;
15484:002;
15485:001;
15486:001;
15487:000;
15488:001;
15489:001;
15490:001;
15491:001;
15492:001;
15493:001;
15494:001;
15495:001;
15496:001;
15497:001;
15498:001;
15499:001;
15500:001;
15501:001;
15502:001;
15503:001;
15504:001;
15505:001;
15506:001;
15507:001;
15508:001;
15509:001;
15510:001;
15511:001;
15512:001;
15513:001;
15514:001;
15515:001;
15516:001;
15517:001;
15518:001;
15519:001;
15520:001;
15521:001;
15522:001;
15523:001;
15524:001;
15525:001;
15526:001;
15527:001;
15528:001;
15529:001;
15530:001;
15531:001;
15532:001;
15533:001;
15534:001;
15535:001;
15536:001;
15537:001;
15538:001;
15539:001;
15540:001;
15541:001;
15542:001;
15543:001;
15544:001;
15545:001;
15546:001;
15547:001;
15548:001;
15549:001;
15550:001;
15551:001;
15552:001;
15553:001;
15554:001;
15555:001;
15556:001;
15557:001;
15558:001;
15559:001;
15560:001;
15561:001;
15562:001;
15563:001;
15564:001;
15565:001;
15566:001;
15567:001;
15568:001;
15569:001;
15570:001;
15571:001;
15572:001;
15573:001;
15574:001;
15575:001;
15576:001;
15577:001;
15578:001;
15579:001;
15580:001;
15581:001;
15582:001;
15583:001;
15584:001;
15585:001;
15586:001;
15587:001;
15588:001;
15589:001;
15590:001;
15591:001;
15592:001;
15593:001;
15594:001;
15595:001;
15596:001;
15597:001;
15598:001;
15599:001;
15600:001;
15601:001;
15602:001;
15603:001;
15604:001;
15605:001;
15606:001;
15607:001;
15608:001;
15609:001;
15610:001;
15611:001;
15612:001;
15613:001;
15614:001;
15615:000;
15616:001;
15617:001;
15618:002;
15619:001;
15620:001;
15621:001;
15622:002;
15623:001;
15624:001;
15625:001;
15626:002;
15627:001;
15628:001;
15629:001;
15630:002;
15631:001;
15632:001;
15633:001;
15634:002;
15635:001;
15636:001;
15637:001;
15638:002;
15639:001;
15640:001;
15641:001;
15642:002;
15643:001;
15644:001;
15645:001;
15646:002;
15647:001;
15648:001;
15649:001;
15650:002;
15651:001;
15652:001;
15653:001;
15654:002;
15655:001;
15656:001;
15657:001;
15658:002;
15659:001;
15660:001;
15661:001;
15662:002;
15663:001;
15664:001;
15665:001;
15666:002;
15667:001;
15668:001;
15669:001;
15670:002;
15671:001;
15672:001;
15673:001;
15674:002;
15675:001;
15676:001;
15677:001;
15678:002;
15679:001;
15680:001;
15681:001;
15682:002;
15683:001;
15684:001;
15685:001;
15686:002;
15687:001;
15688:001;
15689:001;
15690:002;
15691:001;
15692:001;
15693:001;
15694:002;
15695:001;
15696:001;
15697:001;
15698:002;
15699:001;
15700:001;
15701:001;
15702:002;
15703:001;
15704:001;
15705:001;
15706:002;
15707:001;
15708:001;
15709:001;
15710:002;
15711:001;
15712:001;
15713:001;
15714:002;
15715:001;
15716:001;
15717:001;
15718:002;
15719:001;
15720:001;
15721:001;
15722:002;
15723:001;
15724:001;
15725:001;
15726:002;
15727:001;
15728:001;
15729:001;
15730:002;
15731:001;
15732:001;
15733:001;
15734:002;
15735:001;
15736:001;
15737:001;
15738:002;
15739:001;
15740:001;
15741:001;
15742:002;
15743:000;
15744:001;
15745:001;
15746:001;
15747:001;
15748:001;
15749:001;
15750:001;
15751:001;
15752:001;
15753:001;
15754:001;
15755:001;
15756:001;
15757:001;
15758:001;
15759:001;
15760:001;
15761:001;
15762:001;
15763:001;
15764:001;
15765:001;
15766:001;
15767:001;
15768:001;
15769:001;
15770:001;
15771:001;
15772:001;
15773:001;
15774:001;
15775:001;
15776:001;
15777:001;
15778:001;
15779:001;
15780:001;
15781:001;
15782:001;
15783:001;
15784:001;
15785:001;
15786:001;
15787:001;
15788:001;
15789:001;
15790:001;
15791:001;
15792:001;
15793:001;
15794:001;
15795:001;
15796:001;
15797:001;
15798:001;
15799:001;
15800:001;
15801:001;
15802:001;
15803:001;
15804:001;
15805:001;
15806:001;
15807:001;
15808:001;
15809:001;
15810:001;
15811:001;
15812:001;
15813:001;
15814:001;
15815:001;
15816:001;
15817:001;
15818:001;
15819:001;
15820:001;
15821:001;
15822:001;
15823:001;
15824:001;
15825:001;
15826:001;
15827:001;
15828:001;
15829:001;
15830:001;
15831:001;
15832:001;
15833:001;
15834:001;
15835:001;
15836:001;
15837:001;
15838:001;
15839:001;
15840:001;
15841:001;
15842:001;
15843:001;
15844:001;
15845:001;
15846:001;
15847:001;
15848:001;
15849:001;
15850:001;
15851:001;
15852:001;
15853:001;
15854:001;
15855:001;
15856:001;
15857:001;
15858:001;
15859:001;
15860:001;
15861:001;
15862:001;
15863:001;
15864:001;
15865:001;
15866:001;
15867:001;
15868:001;
15869:001;
15870:001;
15871:000;
15872:002;
15873:001;
15874:001;
15875:001;
15876:002;
15877:001;
15878:001;
15879:001;
15880:002;
15881:001;
15882:001;
15883:001;
15884:002;
15885:001;
15886:001;
15887:001;
15888:002;
15889:001;
15890:001;
15891:001;
15892:002;
15893:001;
15894:001;
15895:001;
15896:002;
15897:001;
15898:001;
15899:001;
15900:002;
15901:001;
15902:001;
15903:001;
15904:002;
15905:001;
15906:001;
15907:001;
15908:002;
15909:001;
15910:001;
15911:001;
15912:002;
15913:001;
15914:001;
15915:001;
15916:002;
15917:001;
15918:001;
15919:001;
15920:002;
15921:001;
15922:001;
15923:001;
15924:002;
15925:001;
15926:001;
15927:001;
15928:002;
15929:001;
15930:001;
15931:001;
15932:002;
15933:001;
15934:001;
15935:001;
15936:002;
15937:001;
15938:001;
15939:001;
15940:002;
15941:001;
15942:001;
15943:001;
15944:002;
15945:001;
15946:001;
15947:001;
15948:002;
15949:001;
15950:001;
15951:001;
15952:002;
15953:001;
15954:001;
15955:001;
15956:002;
15957:001;
15958:001;
15959:001;
15960:002;
15961:001;
15962:001;
15963:001;
15964:002;
15965:001;
15966:001;
15967:001;
15968:002;
15969:001;
15970:001;
15971:001;
15972:002;
15973:001;
15974:001;
15975:001;
15976:002;
15977:001;
15978:001;
15979:001;
15980:002;
15981:001;
15982:001;
15983:001;
15984:002;
15985:001;
15986:001;
15987:001;
15988:002;
15989:001;
15990:001;
15991:001;
15992:002;
15993:001;
15994:001;
15995:001;
15996:002;
15997:001;
15998:001;
15999:000;
16000:001;
16001:001;
16002:001;
16003:001;
16004:001;
16005:001;
16006:001;
16007:001;
16008:001;
16009:001;
16010:001;
16011:001;
16012:001;
16013:001;
16014:001;
16015:001;
16016:001;
16017:001;
16018:001;
16019:001;
16020:001;
16021:001;
16022:001;
16023:001;
16024:001;
16025:001;
16026:001;
16027:001;
16028:001;
16029:001;
16030:001;
16031:001;
16032:001;
16033:001;
16034:001;
16035:001;
16036:001;
16037:001;
16038:001;
16039:001;
16040:001;
16041:001;
16042:001;
16043:001;
16044:001;
16045:001;
16046:001;
16047:001;
16048:001;
16049:001;
16050:001;
16051:001;
16052:001;
16053:001;
16054:001;
16055:001;
16056:001;
16057:001;
16058:001;
16059:001;
16060:001;
16061:001;
16062:001;
16063:001;
16064:001;
16065:001;
16066:001;
16067:001;
16068:001;
16069:001;
16070:001;
16071:001;
16072:001;
16073:001;
16074:001;
16075:001;
16076:001;
16077:001;
16078:001;
16079:001;
16080:001;
16081:001;
16082:001;
16083:001;
16084:001;
16085:001;
16086:001;
16087:001;
16088:001;
16089:001;
16090:001;
16091:001;
16092:001;
16093:001;
16094:001;
16095:001;
16096:001;
16097:001;
16098:001;
16099:001;
16100:001;
16101:001;
16102:001;
16103:001;
16104:001;
16105:001;
16106:001;
16107:001;
16108:001;
16109:001;
16110:001;
16111:001;
16112:001;
16113:001;
16114:001;
16115:001;
16116:001;
16117:001;
16118:001;
16119:001;
16120:001;
16121:001;
16122:001;
16123:001;
16124:001;
16125:001;
16126:001;
16127:000;
16128:001;
16129:001;
16130:002;
16131:001;
16132:001;
16133:001;
16134:002;
16135:001;
16136:001;
16137:001;
16138:002;
16139:001;
16140:001;
16141:001;
16142:002;
16143:001;
16144:001;
16145:001;
16146:002;
16147:001;
16148:001;
16149:001;
16150:002;
16151:001;
16152:001;
16153:001;
16154:002;
16155:001;
16156:001;
16157:001;
16158:002;
16159:001;
16160:001;
16161:001;
16162:002;
16163:001;
16164:001;
16165:001;
16166:002;
16167:001;
16168:001;
16169:001;
16170:002;
16171:001;
16172:001;
16173:001;
16174:002;
16175:001;
16176:001;
16177:001;
16178:002;
16179:001;
16180:001;
16181:001;
16182:002;
16183:001;
16184:001;
16185:001;
16186:002;
16187:001;
16188:001;
16189:001;
16190:002;
16191:001;
16192:001;
16193:001;
16194:002;
16195:001;
16196:001;
16197:001;
16198:002;
16199:001;
16200:001;
16201:001;
16202:002;
16203:001;
16204:001;
16205:001;
16206:002;
16207:001;
16208:001;
16209:001;
16210:002;
16211:001;
16212:001;
16213:001;
16214:002;
16215:001;
16216:001;
16217:001;
16218:002;
16219:001;
16220:001;
16221:001;
16222:002;
16223:001;
16224:001;
16225:001;
16226:002;
16227:001;
16228:001;
16229:001;
16230:002;
16231:001;
16232:001;
16233:001;
16234:002;
16235:001;
16236:001;
16237:001;
16238:002;
16239:001;
16240:001;
16241:001;
16242:002;
16243:001;
16244:001;
16245:001;
16246:002;
16247:001;
16248:001;
16249:001;
16250:002;
16251:001;
16252:001;
16253:001;
16254:002;
16255:000;
16256:001;
16257:001;
16258:001;
16259:001;
16260:001;
16261:001;
16262:001;
16263:001;
16264:001;
16265:001;
16266:001;
16267:001;
16268:001;
16269:001;
16270:001;
16271:001;
16272:001;
16273:001;
16274:001;
16275:001;
16276:001;
16277:001;
16278:001;
16279:001;
16280:001;
16281:001;
16282:001;
16283:001;
16284:001;
16285:001;
16286:001;
16287:001;
16288:001;
16289:001;
16290:001;
16291:001;
16292:001;
16293:001;
16294:001;
16295:001;
16296:001;
16297:001;
16298:001;
16299:001;
16300:001;
16301:001;
16302:001;
16303:001;
16304:001;
16305:001;
16306:001;
16307:001;
16308:001;
16309:001;
16310:001;
16311:001;
16312:001;
16313:001;
16314:001;
16315:001;
16316:001;
16317:001;
16318:001;
16319:001;
16320:001;
16321:001;
16322:001;
16323:001;
16324:001;
16325:001;
16326:001;
16327:001;
16328:001;
16329:001;
16330:001;
16331:001;
16332:001;
16333:001;
16334:001;
16335:001;
16336:001;
16337:001;
16338:001;
16339:001;
16340:001;
16341:001;
16342:001;
16343:001;
16344:001;
16345:001;
16346:001;
16347:001;
16348:001;
16349:001;
16350:001;
16351:001;
16352:001;
16353:001;
16354:001;
16355:001;
16356:001;
16357:001;
16358:001;
16359:001;
16360:001;
16361:001;
16362:001;
16363:001;
16364:001;
16365:001;
16366:001;
16367:001;
16368:001;
16369:001;
16370:001;
16371:001;
16372:001;
16373:001;
16374:001;
16375:001;
16376:001;
16377:001;
16378:001;
16379:001;
16380:001;
16381:001;
16382:001;
16383:000;
16384:002;
16385:001;
16386:001;
16387:001;
16388:002;
16389:001;
16390:001;
16391:001;
16392:002;
16393:001;
16394:001;
16395:001;
16396:002;
16397:001;
16398:001;
16399:001;
16400:002;
16401:001;
16402:001;
16403:001;
16404:002;
16405:001;
16406:001;
16407:001;
16408:002;
16409:001;
16410:001;
16411:001;
16412:002;
16413:001;
16414:001;
16415:001;
16416:002;
16417:001;
16418:001;
16419:001;
16420:002;
16421:001;
16422:001;
16423:001;
16424:002;
16425:001;
16426:001;
16427:001;
16428:002;
16429:001;
16430:001;
16431:001;
16432:002;
16433:001;
16434:001;
16435:001;
16436:002;
16437:001;
16438:001;
16439:001;
16440:002;
16441:001;
16442:001;
16443:001;
16444:002;
16445:001;
16446:001;
16447:001;
16448:002;
16449:001;
16450:001;
16451:001;
16452:002;
16453:001;
16454:001;
16455:001;
16456:002;
16457:001;
16458:001;
16459:001;
16460:002;
16461:001;
16462:001;
16463:001;
16464:002;
16465:001;
16466:001;
16467:001;
16468:002;
16469:001;
16470:001;
16471:001;
16472:002;
16473:001;
16474:001;
16475:001;
16476:002;
16477:001;
16478:001;
16479:001;
16480:002;
16481:001;
16482:001;
16483:001;
16484:002;
16485:001;
16486:001;
16487:001;
16488:002;
16489:001;
16490:001;
16491:001;
16492:002;
16493:001;
16494:001;
16495:001;
16496:002;
16497:001;
16498:001;
16499:001;
16500:002;
16501:001;
16502:001;
16503:001;
16504:002;
16505:001;
16506:001;
16507:001;
16508:002;
16509:001;
16510:001;
16511:000;
16512:001;
16513:001;
16514:001;
16515:001;
16516:001;
16517:001;
16518:001;
16519:001;
16520:001;
16521:001;
16522:001;
16523:001;
16524:001;
16525:001;
16526:001;
16527:001;
16528:001;
16529:001;
16530:001;
16531:001;
16532:001;
16533:001;
16534:001;
16535:001;
16536:001;
16537:001;
16538:001;
16539:001;
16540:001;
16541:001;
16542:001;
16543:001;
16544:001;
16545:001;
16546:001;
16547:001;
16548:001;
16549:001;
16550:001;
16551:001;
16552:001;
16553:001;
16554:001;
16555:001;
16556:001;
16557:001;
16558:001;
16559:001;
16560:001;
16561:001;
16562:001;
16563:001;
16564:001;
16565:001;
16566:001;
16567:001;
16568:001;
16569:001;
16570:001;
16571:001;
16572:001;
16573:001;
16574:001;
16575:001;
16576:001;
16577:001;
16578:001;
16579:001;
16580:001;
16581:001;
16582:001;
16583:001;
16584:001;
16585:001;
16586:001;
16587:001;
16588:001;
16589:001;
16590:001;
16591:001;
16592:001;
16593:001;
16594:001;
16595:001;
16596:001;
16597:001;
16598:001;
16599:001;
16600:001;
16601:001;
16602:001;
16603:001;
16604:001;
16605:001;
16606:001;
16607:001;
16608:001;
16609:001;
16610:001;
16611:001;
16612:001;
16613:001;
16614:001;
16615:001;
16616:001;
16617:001;
16618:001;
16619:001;
16620:001;
16621:001;
16622:001;
16623:001;
16624:001;
16625:001;
16626:001;
16627:001;
16628:001;
16629:001;
16630:001;
16631:001;
16632:001;
16633:001;
16634:001;
16635:001;
16636:001;
16637:001;
16638:001;
16639:000;
16640:001;
16641:001;
16642:002;
16643:001;
16644:001;
16645:001;
16646:002;
16647:001;
16648:001;
16649:001;
16650:002;
16651:001;
16652:001;
16653:001;
16654:002;
16655:001;
16656:001;
16657:001;
16658:002;
16659:001;
16660:001;
16661:001;
16662:002;
16663:001;
16664:001;
16665:001;
16666:002;
16667:001;
16668:001;
16669:001;
16670:002;
16671:001;
16672:001;
16673:001;
16674:002;
16675:001;
16676:001;
16677:001;
16678:002;
16679:001;
16680:001;
16681:001;
16682:002;
16683:001;
16684:001;
16685:001;
16686:002;
16687:001;
16688:001;
16689:001;
16690:002;
16691:001;
16692:001;
16693:001;
16694:002;
16695:001;
16696:001;
16697:001;
16698:002;
16699:001;
16700:001;
16701:001;
16702:002;
16703:001;
16704:001;
16705:001;
16706:002;
16707:001;
16708:001;
16709:001;
16710:002;
16711:001;
16712:001;
16713:001;
16714:002;
16715:001;
16716:001;
16717:001;
16718:002;
16719:001;
16720:001;
16721:001;
16722:002;
16723:001;
16724:001;
16725:001;
16726:002;
16727:001;
16728:001;
16729:001;
16730:002;
16731:001;
16732:001;
16733:001;
16734:002;
16735:001;
16736:001;
16737:001;
16738:002;
16739:001;
16740:001;
16741:001;
16742:002;
16743:001;
16744:001;
16745:001;
16746:002;
16747:001;
16748:001;
16749:001;
16750:002;
16751:001;
16752:001;
16753:001;
16754:002;
16755:001;
16756:001;
16757:001;
16758:002;
16759:001;
16760:001;
16761:001;
16762:002;
16763:001;
16764:001;
16765:001;
16766:002;
16767:000;
16768:001;
16769:001;
16770:001;
16771:001;
16772:001;
16773:001;
16774:001;
16775:001;
16776:001;
16777:001;
16778:001;
16779:001;
16780:001;
16781:001;
16782:001;
16783:001;
16784:001;
16785:001;
16786:001;
16787:001;
16788:001;
16789:001;
16790:001;
16791:001;
16792:001;
16793:001;
16794:001;
16795:001;
16796:001;
16797:001;
16798:001;
16799:001;
16800:001;
16801:001;
16802:001;
16803:001;
16804:001;
16805:001;
16806:001;
16807:001;
16808:001;
16809:001;
16810:001;
16811:001;
16812:001;
16813:001;
16814:001;
16815:001;
16816:001;
16817:001;
16818:001;
16819:001;
16820:001;
16821:001;
16822:001;
16823:001;
16824:001;
16825:001;
16826:001;
16827:001;
16828:001;
16829:001;
16830:001;
16831:001;
16832:001;
16833:001;
16834:001;
16835:001;
16836:001;
16837:001;
16838:001;
16839:001;
16840:001;
16841:001;
16842:001;
16843:001;
16844:001;
16845:001;
16846:001;
16847:001;
16848:001;
16849:001;
16850:001;
16851:001;
16852:001;
16853:001;
16854:001;
16855:001;
16856:001;
16857:001;
16858:001;
16859:001;
16860:001;
16861:001;
16862:001;
16863:001;
16864:001;
16865:001;
16866:001;
16867:001;
16868:001;
16869:001;
16870:001;
16871:001;
16872:001;
16873:001;
16874:001;
16875:001;
16876:001;
16877:001;
16878:001;
16879:001;
16880:001;
16881:001;
16882:001;
16883:001;
16884:001;
16885:001;
16886:001;
16887:001;
16888:001;
16889:001;
16890:001;
16891:001;
16892:001;
16893:001;
16894:001;
16895:000;
16896:002;
16897:001;
16898:001;
16899:001;
16900:002;
16901:001;
16902:001;
16903:001;
16904:002;
16905:001;
16906:001;
16907:001;
16908:002;
16909:001;
16910:001;
16911:001;
16912:002;
16913:001;
16914:001;
16915:001;
16916:002;
16917:001;
16918:001;
16919:001;
16920:002;
16921:001;
16922:001;
16923:001;
16924:002;
16925:001;
16926:001;
16927:001;
16928:002;
16929:001;
16930:001;
16931:001;
16932:002;
16933:001;
16934:001;
16935:001;
16936:002;
16937:001;
16938:001;
16939:001;
16940:002;
16941:001;
16942:001;
16943:001;
16944:002;
16945:001;
16946:001;
16947:001;
16948:002;
16949:001;
16950:001;
16951:001;
16952:002;
16953:001;
16954:001;
16955:001;
16956:002;
16957:001;
16958:001;
16959:001;
16960:002;
16961:001;
16962:001;
16963:001;
16964:002;
16965:001;
16966:001;
16967:001;
16968:002;
16969:001;
16970:001;
16971:001;
16972:002;
16973:001;
16974:001;
16975:001;
16976:002;
16977:001;
16978:001;
16979:001;
16980:002;
16981:001;
16982:001;
16983:001;
16984:002;
16985:001;
16986:001;
16987:001;
16988:002;
16989:001;
16990:001;
16991:001;
16992:002;
16993:001;
16994:001;
16995:001;
16996:002;
16997:001;
16998:001;
16999:001;
17000:002;
17001:001;
17002:001;
17003:001;
17004:002;
17005:001;
17006:001;
17007:001;
17008:002;
17009:001;
17010:001;
17011:001;
17012:002;
17013:001;
17014:001;
17015:001;
17016:002;
17017:001;
17018:001;
17019:001;
17020:002;
17021:001;
17022:001;
17023:000;
17024:001;
17025:001;
17026:001;
17027:001;
17028:001;
17029:001;
17030:001;
17031:001;
17032:001;
17033:001;
17034:001;
17035:001;
17036:001;
17037:001;
17038:001;
17039:001;
17040:001;
17041:001;
17042:001;
17043:001;
17044:001;
17045:001;
17046:001;
17047:001;
17048:001;
17049:001;
17050:001;
17051:001;
17052:001;
17053:001;
17054:001;
17055:001;
17056:001;
17057:001;
17058:001;
17059:001;
17060:001;
17061:001;
17062:001;
17063:001;
17064:001;
17065:001;
17066:001;
17067:001;
17068:001;
17069:001;
17070:001;
17071:001;
17072:001;
17073:001;
17074:001;
17075:001;
17076:001;
17077:001;
17078:001;
17079:001;
17080:001;
17081:001;
17082:001;
17083:001;
17084:001;
17085:001;
17086:001;
17087:001;
17088:001;
17089:001;
17090:001;
17091:001;
17092:001;
17093:001;
17094:001;
17095:001;
17096:001;
17097:001;
17098:001;
17099:001;
17100:001;
17101:001;
17102:001;
17103:001;
17104:001;
17105:001;
17106:001;
17107:001;
17108:001;
17109:001;
17110:001;
17111:001;
17112:001;
17113:001;
17114:001;
17115:001;
17116:001;
17117:001;
17118:001;
17119:001;
17120:001;
17121:001;
17122:001;
17123:001;
17124:001;
17125:001;
17126:001;
17127:001;
17128:001;
17129:001;
17130:001;
17131:001;
17132:001;
17133:001;
17134:001;
17135:001;
17136:001;
17137:001;
17138:001;
17139:001;
17140:001;
17141:001;
17142:001;
17143:001;
17144:001;
17145:001;
17146:001;
17147:001;
17148:001;
17149:001;
17150:001;
17151:000;
17152:001;
17153:001;
17154:002;
17155:001;
17156:001;
17157:001;
17158:002;
17159:001;
17160:001;
17161:001;
17162:002;
17163:001;
17164:001;
17165:001;
17166:002;
17167:001;
17168:001;
17169:001;
17170:002;
17171:001;
17172:001;
17173:001;
17174:002;
17175:001;
17176:001;
17177:001;
17178:002;
17179:001;
17180:001;
17181:001;
17182:002;
17183:001;
17184:001;
17185:001;
17186:002;
17187:001;
17188:001;
17189:001;
17190:002;
17191:001;
17192:001;
17193:001;
17194:002;
17195:001;
17196:001;
17197:001;
17198:002;
17199:001;
17200:001;
17201:001;
17202:002;
17203:001;
17204:001;
17205:001;
17206:002;
17207:001;
17208:001;
17209:001;
17210:002;
17211:001;
17212:001;
17213:001;
17214:002;
17215:001;
17216:001;
17217:001;
17218:002;
17219:001;
17220:001;
17221:001;
17222:002;
17223:001;
17224:001;
17225:001;
17226:002;
17227:001;
17228:001;
17229:001;
17230:002;
17231:001;
17232:001;
17233:001;
17234:002;
17235:001;
17236:001;
17237:001;
17238:002;
17239:001;
17240:001;
17241:001;
17242:002;
17243:001;
17244:001;
17245:001;
17246:002;
17247:001;
17248:001;
17249:001;
17250:002;
17251:001;
17252:001;
17253:001;
17254:002;
17255:001;
17256:001;
17257:001;
17258:002;
17259:001;
17260:001;
17261:001;
17262:002;
17263:001;
17264:001;
17265:001;
17266:002;
17267:001;
17268:001;
17269:001;
17270:002;
17271:001;
17272:001;
17273:001;
17274:002;
17275:001;
17276:001;
17277:001;
17278:002;
17279:000;
17280:001;
17281:001;
17282:001;
17283:001;
17284:001;
17285:001;
17286:001;
17287:001;
17288:001;
17289:001;
17290:001;
17291:001;
17292:001;
17293:001;
17294:001;
17295:001;
17296:001;
17297:001;
17298:001;
17299:001;
17300:001;
17301:001;
17302:001;
17303:001;
17304:001;
17305:001;
17306:001;
17307:001;
17308:001;
17309:001;
17310:001;
17311:001;
17312:001;
17313:001;
17314:001;
17315:001;
17316:001;
17317:001;
17318:001;
17319:001;
17320:001;
17321:001;
17322:001;
17323:001;
17324:001;
17325:001;
17326:001;
17327:001;
17328:001;
17329:001;
17330:001;
17331:001;
17332:001;
17333:001;
17334:001;
17335:001;
17336:001;
17337:001;
17338:001;
17339:001;
17340:001;
17341:001;
17342:001;
17343:001;
17344:001;
17345:001;
17346:001;
17347:001;
17348:001;
17349:001;
17350:001;
17351:001;
17352:001;
17353:001;
17354:001;
17355:001;
17356:001;
17357:001;
17358:001;
17359:001;
17360:001;
17361:001;
17362:001;
17363:001;
17364:001;
17365:001;
17366:001;
17367:001;
17368:001;
17369:001;
17370:001;
17371:001;
17372:001;
17373:001;
17374:001;
17375:001;
17376:001;
17377:001;
17378:001;
17379:001;
17380:001;
17381:001;
17382:001;
17383:001;
17384:001;
17385:001;
17386:001;
17387:001;
17388:001;
17389:001;
17390:001;
17391:001;
17392:001;
17393:001;
17394:001;
17395:001;
17396:001;
17397:001;
17398:001;
17399:001;
17400:001;
17401:001;
17402:001;
17403:001;
17404:001;
17405:001;
17406:001;
17407:000;
17408:002;
17409:001;
17410:002;
17411:001;
17412:002;
17413:001;
17414:001;
17415:001;
17416:002;
17417:001;
17418:002;
17419:001;
17420:002;
17421:001;
17422:001;
17423:001;
17424:002;
17425:001;
17426:002;
17427:001;
17428:002;
17429:001;
17430:001;
17431:001;
17432:002;
17433:001;
17434:002;
17435:001;
17436:002;
17437:001;
17438:001;
17439:001;
17440:002;
17441:001;
17442:002;
17443:001;
17444:002;
17445:001;
17446:001;
17447:001;
17448:002;
17449:001;
17450:002;
17451:001;
17452:002;
17453:001;
17454:001;
17455:001;
17456:002;
17457:001;
17458:002;
17459:001;
17460:002;
17461:001;
17462:001;
17463:001;
17464:002;
17465:001;
17466:002;
17467:001;
17468:002;
17469:001;
17470:001;
17471:001;
17472:002;
17473:001;
17474:002;
17475:001;
17476:002;
17477:001;
17478:001;
17479:001;
17480:002;
17481:001;
17482:002;
17483:001;
17484:002;
17485:001;
17486:001;
17487:001;
17488:002;
17489:001;
17490:002;
17491:001;
17492:002;
17493:001;
17494:001;
17495:001;
17496:002;
17497:001;
17498:002;
17499:001;
17500:002;
17501:001;
17502:001;
17503:001;
17504:002;
17505:001;
17506:002;
17507:001;
17508:002;
17509:001;
17510:001;
17511:001;
17512:002;
17513:001;
17514:002;
17515:001;
17516:002;
17517:001;
17518:001;
17519:001;
17520:002;
17521:001;
17522:002;
17523:001;
17524:002;
17525:001;
17526:001;
17527:001;
17528:002;
17529:001;
17530:002;
17531:001;
17532:002;
17533:001;
17534:001;
17535:000;
17536:001;
17537:001;
17538:001;
17539:001;
17540:001;
17541:001;
17542:001;
17543:001;
17544:001;
17545:001;
17546:001;
17547:001;
17548:001;
17549:001;
17550:001;
17551:001;
17552:001;
17553:001;
17554:001;
17555:001;
17556:001;
17557:001;
17558:001;
17559:001;
17560:001;
17561:001;
17562:001;
17563:001;
17564:001;
17565:001;
17566:001;
17567:001;
17568:001;
17569:001;
17570:001;
17571:001;
17572:001;
17573:001;
17574:001;
17575:001;
17576:001;
17577:001;
17578:001;
17579:001;
17580:001;
17581:001;
17582:001;
17583:001;
17584:001;
17585:001;
17586:001;
17587:001;
17588:001;
17589:001;
17590:001;
17591:001;
17592:001;
17593:001;
17594:001;
17595:001;
17596:001;
17597:001;
17598:001;
17599:001;
17600:001;
17601:001;
17602:001;
17603:001;
17604:001;
17605:001;
17606:001;
17607:001;
17608:001;
17609:001;
17610:001;
17611:001;
17612:001;
17613:001;
17614:001;
17615:001;
17616:001;
17617:001;
17618:001;
17619:001;
17620:001;
17621:001;
17622:001;
17623:001;
17624:001;
17625:001;
17626:001;
17627:001;
17628:001;
17629:001;
17630:001;
17631:001;
17632:001;
17633:001;
17634:001;
17635:001;
17636:001;
17637:001;
17638:001;
17639:001;
17640:001;
17641:001;
17642:001;
17643:001;
17644:001;
17645:001;
17646:001;
17647:001;
17648:001;
17649:001;
17650:001;
17651:001;
17652:001;
17653:001;
17654:001;
17655:001;
17656:001;
17657:001;
17658:001;
17659:001;
17660:001;
17661:001;
17662:001;
17663:000;
17664:001;
17665:001;
17666:002;
17667:001;
17668:001;
17669:001;
17670:002;
17671:001;
17672:001;
17673:001;
17674:002;
17675:001;
17676:001;
17677:001;
17678:002;
17679:001;
17680:001;
17681:001;
17682:002;
17683:001;
17684:001;
17685:001;
17686:002;
17687:001;
17688:001;
17689:001;
17690:002;
17691:001;
17692:001;
17693:001;
17694:002;
17695:001;
17696:001;
17697:001;
17698:002;
17699:001;
17700:001;
17701:001;
17702:002;
17703:001;
17704:001;
17705:001;
17706:002;
17707:001;
17708:001;
17709:001;
17710:002;
17711:001;
17712:001;
17713:001;
17714:002;
17715:001;
17716:001;
17717:001;
17718:002;
17719:001;
17720:001;
17721:001;
17722:002;
17723:001;
17724:001;
17725:001;
17726:002;
17727:001;
17728:001;
17729:001;
17730:002;
17731:001;
17732:001;
17733:001;
17734:002;
17735:001;
17736:001;
17737:001;
17738:002;
17739:001;
17740:001;
17741:001;
17742:002;
17743:001;
17744:001;
17745:001;
17746:002;
17747:001;
17748:001;
17749:001;
17750:002;
17751:001;
17752:001;
17753:001;
17754:002;
17755:001;
17756:001;
17757:001;
17758:002;
17759:001;
17760:001;
17761:001;
17762:002;
17763:001;
17764:001;
17765:001;
17766:002;
17767:001;
17768:001;
17769:001;
17770:002;
17771:001;
17772:001;
17773:001;
17774:002;
17775:001;
17776:001;
17777:001;
17778:002;
17779:001;
17780:001;
17781:001;
17782:002;
17783:001;
17784:001;
17785:001;
17786:002;
17787:001;
17788:001;
17789:001;
17790:002;
17791:000;
17792:001;
17793:001;
17794:001;
17795:001;
17796:001;
17797:001;
17798:001;
17799:001;
17800:001;
17801:001;
17802:001;
17803:001;
17804:001;
17805:001;
17806:001;
17807:001;
17808:001;
17809:001;
17810:001;
17811:001;
17812:001;
17813:001;
17814:001;
17815:001;
17816:001;
17817:001;
17818:001;
17819:001;
17820:001;
17821:001;
17822:001;
17823:001;
17824:001;
17825:001;
17826:001;
17827:001;
17828:001;
17829:001;
17830:001;
17831:001;
17832:001;
17833:001;
17834:001;
17835:001;
17836:001;
17837:001;
17838:001;
17839:001;
17840:001;
17841:001;
17842:001;
17843:001;
17844:001;
17845:001;
17846:001;
17847:001;
17848:001;
17849:001;
17850:001;
17851:001;
17852:001;
17853:001;
17854:001;
17855:001;
17856:001;
17857:001;
17858:001;
17859:001;
17860:001;
17861:001;
17862:001;
17863:001;
17864:001;
17865:001;
17866:001;
17867:001;
17868:001;
17869:001;
17870:001;
17871:001;
17872:001;
17873:001;
17874:001;
17875:001;
17876:001;
17877:001;
17878:001;
17879:001;
17880:001;
17881:001;
17882:001;
17883:001;
17884:001;
17885:001;
17886:001;
17887:001;
17888:001;
17889:001;
17890:001;
17891:001;
17892:001;
17893:001;
17894:001;
17895:001;
17896:001;
17897:001;
17898:001;
17899:001;
17900:001;
17901:001;
17902:001;
17903:001;
17904:001;
17905:001;
17906:001;
17907:001;
17908:001;
17909:001;
17910:001;
17911:001;
17912:001;
17913:001;
17914:001;
17915:001;
17916:001;
17917:001;
17918:001;
17919:000;
17920:002;
17921:001;
17922:001;
17923:001;
17924:002;
17925:001;
17926:002;
17927:001;
17928:002;
17929:001;
17930:001;
17931:001;
17932:002;
17933:001;
17934:002;
17935:001;
17936:002;
17937:001;
17938:001;
17939:001;
17940:002;
17941:001;
17942:002;
17943:001;
17944:002;
17945:001;
17946:001;
17947:001;
17948:002;
17949:001;
17950:002;
17951:001;
17952:002;
17953:001;
17954:001;
17955:001;
17956:002;
17957:001;
17958:002;
17959:001;
17960:002;
17961:001;
17962:001;
17963:001;
17964:002;
17965:001;
17966:002;
17967:001;
17968:002;
17969:001;
17970:001;
17971:001;
17972:002;
17973:001;
17974:002;
17975:001;
17976:002;
17977:001;
17978:001;
17979:001;
17980:002;
17981:001;
17982:002;
17983:001;
17984:002;
17985:001;
17986:001;
17987:001;
17988:002;
17989:001;
17990:002;
17991:001;
17992:002;
17993:001;
17994:001;
17995:001;
17996:002;
17997:001;
17998:002;
17999:001;
18000:002;
18001:001;
18002:001;
18003:001;
18004:002;
18005:001;
18006:002;
18007:001;
18008:002;
18009:001;
18010:001;
18011:001;
18012:002;
18013:001;
18014:002;
18015:001;
18016:002;
18017:001;
18018:001;
18019:001;
18020:002;
18021:001;
18022:002;
18023:001;
18024:002;
18025:001;
18026:001;
18027:001;
18028:002;
18029:001;
18030:002;
18031:001;
18032:002;
18033:001;
18034:001;
18035:001;
18036:002;
18037:001;
18038:002;
18039:001;
18040:002;
18041:001;
18042:001;
18043:001;
18044:002;
18045:001;
18046:002;
18047:000;
18048:001;
18049:001;
18050:001;
18051:001;
18052:001;
18053:001;
18054:001;
18055:001;
18056:001;
18057:001;
18058:001;
18059:001;
18060:001;
18061:001;
18062:001;
18063:001;
18064:001;
18065:001;
18066:001;
18067:001;
18068:001;
18069:001;
18070:001;
18071:001;
18072:001;
18073:001;
18074:001;
18075:001;
18076:001;
18077:001;
18078:001;
18079:001;
18080:001;
18081:001;
18082:001;
18083:001;
18084:001;
18085:001;
18086:001;
18087:001;
18088:001;
18089:001;
18090:001;
18091:001;
18092:001;
18093:001;
18094:001;
18095:001;
18096:001;
18097:001;
18098:001;
18099:001;
18100:001;
18101:001;
18102:001;
18103:001;
18104:001;
18105:001;
18106:001;
18107:001;
18108:001;
18109:001;
18110:001;
18111:001;
18112:001;
18113:001;
18114:001;
18115:001;
18116:001;
18117:001;
18118:001;
18119:001;
18120:001;
18121:001;
18122:001;
18123:001;
18124:001;
18125:001;
18126:001;
18127:001;
18128:001;
18129:001;
18130:001;
18131:001;
18132:001;
18133:001;
18134:001;
18135:001;
18136:001;
18137:001;
18138:001;
18139:001;
18140:001;
18141:001;
18142:001;
18143:001;
18144:001;
18145:001;
18146:001;
18147:001;
18148:001;
18149:001;
18150:001;
18151:001;
18152:001;
18153:001;
18154:001;
18155:001;
18156:001;
18157:001;
18158:001;
18159:001;
18160:001;
18161:001;
18162:001;
18163:001;
18164:001;
18165:001;
18166:001;
18167:001;
18168:001;
18169:001;
18170:001;
18171:001;
18172:001;
18173:001;
18174:001;
18175:000;
18176:001;
18177:001;
18178:002;
18179:001;
18180:001;
18181:001;
18182:002;
18183:001;
18184:001;
18185:001;
18186:002;
18187:001;
18188:001;
18189:001;
18190:002;
18191:001;
18192:001;
18193:001;
18194:002;
18195:001;
18196:001;
18197:001;
18198:002;
18199:001;
18200:001;
18201:001;
18202:002;
18203:001;
18204:001;
18205:001;
18206:002;
18207:001;
18208:001;
18209:001;
18210:002;
18211:001;
18212:001;
18213:001;
18214:002;
18215:001;
18216:001;
18217:001;
18218:002;
18219:001;
18220:001;
18221:001;
18222:002;
18223:001;
18224:001;
18225:001;
18226:002;
18227:001;
18228:001;
18229:001;
18230:002;
18231:001;
18232:001;
18233:001;
18234:002;
18235:001;
18236:001;
18237:001;
18238:002;
18239:001;
18240:001;
18241:001;
18242:002;
18243:001;
18244:001;
18245:001;
18246:002;
18247:001;
18248:001;
18249:001;
18250:002;
18251:001;
18252:001;
18253:001;
18254:002;
18255:001;
18256:001;
18257:001;
18258:002;
18259:001;
18260:001;
18261:001;
18262:002;
18263:001;
18264:001;
18265:001;
18266:002;
18267:001;
18268:001;
18269:001;
18270:002;
18271:001;
18272:001;
18273:001;
18274:002;
18275:001;
18276:001;
18277:001;
18278:002;
18279:001;
18280:001;
18281:001;
18282:002;
18283:001;
18284:001;
18285:001;
18286:002;
18287:001;
18288:001;
18289:001;
18290:002;
18291:001;
18292:001;
18293:001;
18294:002;
18295:001;
18296:001;
18297:001;
18298:002;
18299:001;
18300:001;
18301:001;
18302:002;
18303:000;
18304:001;
18305:001;
18306:001;
18307:001;
18308:001;
18309:001;
18310:001;
18311:001;
18312:001;
18313:001;
18314:001;
18315:001;
18316:001;
18317:001;
18318:001;
18319:001;
18320:001;
18321:001;
18322:001;
18323:001;
18324:001;
18325:001;
18326:001;
18327:001;
18328:001;
18329:001;
18330:001;
18331:001;
18332:001;
18333:001;
18334:001;
18335:001;
18336:001;
18337:001;
18338:001;
18339:001;
18340:001;
18341:001;
18342:001;
18343:001;
18344:001;
18345:001;
18346:001;
18347:001;
18348:001;
18349:001;
18350:001;
18351:001;
18352:001;
18353:001;
18354:001;
18355:001;
18356:001;
18357:001;
18358:001;
18359:001;
18360:001;
18361:001;
18362:001;
18363:001;
18364:001;
18365:001;
18366:001;
18367:001;
18368:001;
18369:001;
18370:001;
18371:001;
18372:001;
18373:001;
18374:001;
18375:001;
18376:001;
18377:001;
18378:001;
18379:001;
18380:001;
18381:001;
18382:001;
18383:001;
18384:001;
18385:001;
18386:001;
18387:001;
18388:001;
18389:001;
18390:001;
18391:001;
18392:001;
18393:001;
18394:001;
18395:001;
18396:001;
18397:001;
18398:001;
18399:001;
18400:001;
18401:001;
18402:001;
18403:001;
18404:001;
18405:001;
18406:001;
18407:001;
18408:001;
18409:001;
18410:001;
18411:001;
18412:001;
18413:001;
18414:001;
18415:001;
18416:001;
18417:001;
18418:001;
18419:001;
18420:001;
18421:001;
18422:001;
18423:001;
18424:001;
18425:001;
18426:001;
18427:001;
18428:001;
18429:001;
18430:001;
18431:000;
18432:002;
18433:001;
18434:002;
18435:001;
18436:002;
18437:001;
18438:002;
18439:001;
18440:002;
18441:001;
18442:002;
18443:001;
18444:002;
18445:001;
18446:002;
18447:001;
18448:002;
18449:001;
18450:002;
18451:001;
18452:002;
18453:001;
18454:002;
18455:001;
18456:002;
18457:001;
18458:002;
18459:001;
18460:002;
18461:001;
18462:002;
18463:001;
18464:002;
18465:001;
18466:002;
18467:001;
18468:002;
18469:001;
18470:002;
18471:001;
18472:002;
18473:001;
18474:002;
18475:001;
18476:002;
18477:001;
18478:002;
18479:001;
18480:002;
18481:001;
18482:002;
18483:001;
18484:002;
18485:001;
18486:002;
18487:001;
18488:002;
18489:001;
18490:002;
18491:001;
18492:002;
18493:001;
18494:002;
18495:001;
18496:002;
18497:001;
18498:002;
18499:001;
18500:002;
18501:001;
18502:002;
18503:001;
18504:002;
18505:001;
18506:002;
18507:001;
18508:002;
18509:001;
18510:002;
18511:001;
18512:002;
18513:001;
18514:002;
18515:001;
18516:002;
18517:001;
18518:002;
18519:001;
18520:002;
18521:001;
18522:002;
18523:001;
18524:002;
18525:001;
18526:002;
18527:001;
18528:002;
18529:001;
18530:002;
18531:001;
18532:002;
18533:001;
18534:002;
18535:001;
18536:002;
18537:001;
18538:002;
18539:001;
18540:002;
18541:001;
18542:002;
18543:001;
18544:002;
18545:001;
18546:002;
18547:001;
18548:002;
18549:001;
18550:002;
18551:001;
18552:002;
18553:001;
18554:002;
18555:001;
18556:002;
18557:001;
18558:002;
18559:000;
18560:001;
18561:001;
18562:001;
18563:001;
18564:001;
18565:001;
18566:001;
18567:001;
18568:001;
18569:001;
18570:001;
18571:001;
18572:001;
18573:001;
18574:001;
18575:001;
18576:001;
18577:001;
18578:001;
18579:001;
18580:001;
18581:001;
18582:001;
18583:001;
18584:001;
18585:001;
18586:001;
18587:001;
18588:001;
18589:001;
18590:001;
18591:001;
18592:001;
18593:001;
18594:001;
18595:001;
18596:001;
18597:001;
18598:001;
18599:001;
18600:001;
18601:001;
18602:001;
18603:001;
18604:001;
18605:001;
18606:001;
18607:001;
18608:001;
18609:001;
18610:001;
18611:001;
18612:001;
18613:001;
18614:001;
18615:001;
18616:001;
18617:001;
18618:001;
18619:001;
18620:001;
18621:001;
18622:001;
18623:001;
18624:001;
18625:001;
18626:001;
18627:001;
18628:001;
18629:001;
18630:001;
18631:001;
18632:001;
18633:001;
18634:001;
18635:001;
18636:001;
18637:001;
18638:001;
18639:001;
18640:001;
18641:001;
18642:001;
18643:001;
18644:001;
18645:001;
18646:001;
18647:001;
18648:001;
18649:001;
18650:001;
18651:001;
18652:001;
18653:001;
18654:001;
18655:001;
18656:001;
18657:001;
18658:001;
18659:001;
18660:001;
18661:001;
18662:001;
18663:001;
18664:001;
18665:001;
18666:001;
18667:001;
18668:001;
18669:001;
18670:001;
18671:001;
18672:001;
18673:001;
18674:001;
18675:001;
18676:001;
18677:001;
18678:001;
18679:001;
18680:001;
18681:001;
18682:001;
18683:001;
18684:001;
18685:001;
18686:001;
18687:000;
18688:001;
18689:001;
18690:002;
18691:001;
18692:001;
18693:001;
18694:002;
18695:001;
18696:001;
18697:001;
18698:002;
18699:001;
18700:001;
18701:001;
18702:002;
18703:001;
18704:001;
18705:001;
18706:002;
18707:001;
18708:001;
18709:001;
18710:002;
18711:001;
18712:001;
18713:001;
18714:002;
18715:001;
18716:001;
18717:001;
18718:002;
18719:001;
18720:001;
18721:001;
18722:002;
18723:001;
18724:001;
18725:001;
18726:002;
18727:001;
18728:001;
18729:001;
18730:002;
18731:001;
18732:001;
18733:001;
18734:002;
18735:001;
18736:001;
18737:001;
18738:002;
18739:001;
18740:001;
18741:001;
18742:002;
18743:001;
18744:001;
18745:001;
18746:002;
18747:001;
18748:001;
18749:001;
18750:002;
18751:001;
18752:001;
18753:001;
18754:002;
18755:001;
18756:001;
18757:001;
18758:002;
18759:001;
18760:001;
18761:001;
18762:002;
18763:001;
18764:001;
18765:001;
18766:002;
18767:001;
18768:001;
18769:001;
18770:002;
18771:001;
18772:001;
18773:001;
18774:002;
18775:001;
18776:001;
18777:001;
18778:002;
18779:001;
18780:001;
18781:001;
18782:002;
18783:001;
18784:001;
18785:001;
18786:002;
18787:001;
18788:001;
18789:001;
18790:002;
18791:001;
18792:001;
18793:001;
18794:002;
18795:001;
18796:001;
18797:001;
18798:002;
18799:001;
18800:001;
18801:001;
18802:002;
18803:001;
18804:001;
18805:001;
18806:002;
18807:001;
18808:001;
18809:001;
18810:002;
18811:001;
18812:001;
18813:001;
18814:002;
18815:000;
18816:001;
18817:001;
18818:001;
18819:001;
18820:001;
18821:001;
18822:001;
18823:001;
18824:001;
18825:001;
18826:001;
18827:001;
18828:001;
18829:001;
18830:001;
18831:001;
18832:001;
18833:001;
18834:001;
18835:001;
18836:001;
18837:001;
18838:001;
18839:001;
18840:001;
18841:001;
18842:001;
18843:001;
18844:001;
18845:001;
18846:001;
18847:001;
18848:001;
18849:001;
18850:001;
18851:001;
18852:001;
18853:001;
18854:001;
18855:001;
18856:001;
18857:001;
18858:001;
18859:001;
18860:001;
18861:001;
18862:001;
18863:001;
18864:001;
18865:001;
18866:001;
18867:001;
18868:001;
18869:001;
18870:001;
18871:001;
18872:001;
18873:001;
18874:001;
18875:001;
18876:001;
18877:001;
18878:001;
18879:001;
18880:001;
18881:001;
18882:001;
18883:001;
18884:001;
18885:001;
18886:001;
18887:001;
18888:001;
18889:001;
18890:001;
18891:001;
18892:001;
18893:001;
18894:001;
18895:001;
18896:001;
18897:001;
18898:001;
18899:001;
18900:001;
18901:001;
18902:001;
18903:001;
18904:001;
18905:001;
18906:001;
18907:001;
18908:001;
18909:001;
18910:001;
18911:001;
18912:001;
18913:001;
18914:001;
18915:001;
18916:001;
18917:001;
18918:001;
18919:001;
18920:001;
18921:001;
18922:001;
18923:001;
18924:001;
18925:001;
18926:001;
18927:001;
18928:001;
18929:001;
18930:001;
18931:001;
18932:001;
18933:001;
18934:001;
18935:001;
18936:001;
18937:001;
18938:001;
18939:001;
18940:001;
18941:001;
18942:001;
18943:000;
18944:002;
18945:001;
18946:002;
18947:001;
18948:002;
18949:001;
18950:002;
18951:001;
18952:002;
18953:001;
18954:002;
18955:001;
18956:002;
18957:001;
18958:002;
18959:001;
18960:002;
18961:001;
18962:002;
18963:001;
18964:002;
18965:001;
18966:002;
18967:001;
18968:002;
18969:001;
18970:002;
18971:001;
18972:002;
18973:001;
18974:002;
18975:001;
18976:002;
18977:001;
18978:002;
18979:001;
18980:002;
18981:001;
18982:002;
18983:001;
18984:002;
18985:001;
18986:002;
18987:001;
18988:002;
18989:001;
18990:002;
18991:001;
18992:002;
18993:001;
18994:002;
18995:001;
18996:002;
18997:001;
18998:002;
18999:001;
19000:002;
19001:001;
19002:002;
19003:001;
19004:002;
19005:001;
19006:002;
19007:001;
19008:002;
19009:001;
19010:002;
19011:001;
19012:002;
19013:001;
19014:002;
19015:001;
19016:002;
19017:001;
19018:002;
19019:001;
19020:002;
19021:001;
19022:002;
19023:001;
19024:002;
19025:001;
19026:002;
19027:001;
19028:002;
19029:001;
19030:002;
19031:001;
19032:002;
19033:001;
19034:002;
19035:001;
19036:002;
19037:001;
19038:002;
19039:001;
19040:002;
19041:001;
19042:002;
19043:001;
19044:002;
19045:001;
19046:002;
19047:001;
19048:002;
19049:001;
19050:002;
19051:001;
19052:002;
19053:001;
19054:002;
19055:001;
19056:002;
19057:001;
19058:002;
19059:001;
19060:002;
19061:001;
19062:002;
19063:001;
19064:002;
19065:001;
19066:002;
19067:001;
19068:002;
19069:001;
19070:002;
19071:000;
19072:001;
19073:001;
19074:001;
19075:001;
19076:001;
19077:001;
19078:001;
19079:001;
19080:001;
19081:001;
19082:001;
19083:001;
19084:001;
19085:001;
19086:001;
19087:001;
19088:001;
19089:001;
19090:001;
19091:001;
19092:001;
19093:001;
19094:001;
19095:001;
19096:001;
19097:001;
19098:001;
19099:001;
19100:001;
19101:001;
19102:001;
19103:001;
19104:001;
19105:001;
19106:001;
19107:001;
19108:001;
19109:001;
19110:001;
19111:001;
19112:001;
19113:001;
19114:001;
19115:001;
19116:001;
19117:001;
19118:001;
19119:001;
19120:001;
19121:001;
19122:001;
19123:001;
19124:001;
19125:001;
19126:001;
19127:001;
19128:001;
19129:001;
19130:001;
19131:001;
19132:001;
19133:001;
19134:001;
19135:001;
19136:001;
19137:001;
19138:001;
19139:001;
19140:001;
19141:001;
19142:001;
19143:001;
19144:001;
19145:001;
19146:001;
19147:001;
19148:001;
19149:001;
19150:001;
19151:001;
19152:001;
19153:001;
19154:001;
19155:001;
19156:001;
19157:001;
19158:001;
19159:001;
19160:001;
19161:001;
19162:001;
19163:001;
19164:001;
19165:001;
19166:001;
19167:001;
19168:001;
19169:001;
19170:001;
19171:001;
19172:001;
19173:001;
19174:001;
19175:001;
19176:001;
19177:001;
19178:001;
19179:001;
19180:001;
19181:001;
19182:001;
19183:001;
19184:001;
19185:001;
19186:001;
19187:001;
19188:001;
19189:001;
19190:001;
19191:001;
19192:001;
19193:001;
19194:001;
19195:001;
19196:001;
19197:001;
19198:001;
19199:000;
19200:001;
19201:001;
19202:002;
19203:001;
19204:001;
19205:001;
19206:002;
19207:001;
19208:001;
19209:001;
19210:002;
19211:001;
19212:001;
19213:001;
19214:002;
19215:001;
19216:001;
19217:001;
19218:002;
19219:001;
19220:001;
19221:001;
19222:002;
19223:001;
19224:001;
19225:001;
19226:002;
19227:001;
19228:001;
19229:001;
19230:002;
19231:001;
19232:001;
19233:001;
19234:002;
19235:001;
19236:001;
19237:001;
19238:002;
19239:001;
19240:001;
19241:001;
19242:002;
19243:001;
19244:001;
19245:001;
19246:002;
19247:001;
19248:001;
19249:001;
19250:002;
19251:001;
19252:001;
19253:001;
19254:002;
19255:001;
19256:001;
19257:001;
19258:002;
19259:001;
19260:001;
19261:001;
19262:002;
19263:001;
19264:001;
19265:001;
19266:002;
19267:001;
19268:001;
19269:001;
19270:002;
19271:001;
19272:001;
19273:001;
19274:002;
19275:001;
19276:001;
19277:001;
19278:002;
19279:001;
19280:001;
19281:001;
19282:002;
19283:001;
19284:001;
19285:001;
19286:002;
19287:001;
19288:001;
19289:001;
19290:002;
19291:001;
19292:001;
19293:001;
19294:002;
19295:001;
19296:001;
19297:001;
19298:002;
19299:001;
19300:001;
19301:001;
19302:002;
19303:001;
19304:001;
19305:001;
19306:002;
19307:001;
19308:001;
19309:001;
19310:002;
19311:001;
19312:001;
19313:001;
19314:002;
19315:001;
19316:001;
19317:001;
19318:002;
19319:001;
19320:001;
19321:001;
19322:002;
19323:001;
19324:001;
19325:001;
19326:002;
19327:000;
19328:001;
19329:001;
19330:001;
19331:001;
19332:001;
19333:001;
19334:001;
19335:001;
19336:001;
19337:001;
19338:001;
19339:001;
19340:001;
19341:001;
19342:001;
19343:001;
19344:001;
19345:001;
19346:001;
19347:001;
19348:001;
19349:001;
19350:001;
19351:001;
19352:001;
19353:001;
19354:001;
19355:001;
19356:001;
19357:001;
19358:001;
19359:001;
19360:001;
19361:001;
19362:001;
19363:001;
19364:001;
19365:001;
19366:001;
19367:001;
19368:001;
19369:001;
19370:001;
19371:001;
19372:001;
19373:001;
19374:001;
19375:001;
19376:001;
19377:001;
19378:001;
19379:001;
19380:001;
19381:001;
19382:001;
19383:001;
19384:001;
19385:001;
19386:001;
19387:001;
19388:001;
19389:001;
19390:001;
19391:001;
19392:001;
19393:001;
19394:001;
19395:001;
19396:001;
19397:001;
19398:001;
19399:001;
19400:001;
19401:001;
19402:001;
19403:001;
19404:001;
19405:001;
19406:001;
19407:001;
19408:001;
19409:001;
19410:001;
19411:001;
19412:001;
19413:001;
19414:001;
19415:001;
19416:001;
19417:001;
19418:001;
19419:001;
19420:001;
19421:001;
19422:001;
19423:001;
19424:001;
19425:001;
19426:001;
19427:001;
19428:001;
19429:001;
19430:001;
19431:001;
19432:001;
19433:001;
19434:001;
19435:001;
19436:001;
19437:001;
19438:001;
19439:001;
19440:001;
19441:001;
19442:001;
19443:001;
19444:001;
19445:001;
19446:001;
19447:001;
19448:001;
19449:001;
19450:001;
19451:001;
19452:001;
19453:001;
19454:001;
19455:000;
19456:002;
19457:001;
19458:002;
19459:001;
19460:002;
19461:001;
19462:002;
19463:001;
19464:002;
19465:001;
19466:002;
19467:001;
19468:002;
19469:001;
19470:002;
19471:001;
19472:002;
19473:001;
19474:002;
19475:001;
19476:002;
19477:001;
19478:002;
19479:001;
19480:002;
19481:001;
19482:002;
19483:001;
19484:002;
19485:001;
19486:002;
19487:001;
19488:002;
19489:001;
19490:002;
19491:001;
19492:002;
19493:001;
19494:002;
19495:001;
19496:002;
19497:001;
19498:002;
19499:001;
19500:002;
19501:001;
19502:002;
19503:001;
19504:002;
19505:001;
19506:002;
19507:001;
19508:002;
19509:001;
19510:002;
19511:001;
19512:002;
19513:001;
19514:002;
19515:001;
19516:002;
19517:001;
19518:002;
19519:001;
19520:002;
19521:001;
19522:002;
19523:001;
19524:002;
19525:001;
19526:002;
19527:001;
19528:002;
19529:001;
19530:002;
19531:001;
19532:002;
19533:001;
19534:002;
19535:001;
19536:002;
19537:001;
19538:002;
19539:001;
19540:002;
19541:001;
19542:002;
19543:001;
19544:002;
19545:001;
19546:002;
19547:001;
19548:002;
19549:001;
19550:002;
19551:001;
19552:002;
19553:001;
19554:002;
19555:001;
19556:002;
19557:001;
19558:002;
19559:001;
19560:002;
19561:001;
19562:002;
19563:001;
19564:002;
19565:001;
19566:002;
19567:001;
19568:002;
19569:001;
19570:002;
19571:001;
19572:002;
19573:001;
19574:002;
19575:001;
19576:002;
19577:001;
19578:002;
19579:001;
19580:002;
19581:001;
19582:002;
19583:000;
19584:001;
19585:001;
19586:001;
19587:001;
19588:001;
19589:001;
19590:001;
19591:001;
19592:001;
19593:001;
19594:001;
19595:001;
19596:001;
19597:001;
19598:001;
19599:001;
19600:001;
19601:001;
19602:001;
19603:001;
19604:001;
19605:001;
19606:001;
19607:001;
19608:001;
19609:001;
19610:001;
19611:001;
19612:001;
19613:001;
19614:001;
19615:001;
19616:001;
19617:001;
19618:001;
19619:001;
19620:001;
19621:001;
19622:001;
19623:001;
19624:001;
19625:001;
19626:001;
19627:001;
19628:001;
19629:001;
19630:001;
19631:001;
19632:001;
19633:001;
19634:001;
19635:001;
19636:001;
19637:001;
19638:001;
19639:001;
19640:001;
19641:001;
19642:001;
19643:001;
19644:001;
19645:001;
19646:001;
19647:001;
19648:001;
19649:001;
19650:001;
19651:001;
19652:001;
19653:001;
19654:001;
19655:001;
19656:001;
19657:001;
19658:001;
19659:001;
19660:001;
19661:001;
19662:001;
19663:001;
19664:001;
19665:001;
19666:001;
19667:001;
19668:001;
19669:001;
19670:001;
19671:001;
19672:001;
19673:001;
19674:001;
19675:001;
19676:001;
19677:001;
19678:001;
19679:001;
19680:001;
19681:001;
19682:001;
19683:001;
19684:001;
19685:001;
19686:001;
19687:001;
19688:001;
19689:001;
19690:001;
19691:001;
19692:001;
19693:001;
19694:001;
19695:001;
19696:001;
19697:001;
19698:001;
19699:001;
19700:001;
19701:001;
19702:001;
19703:001;
19704:001;
19705:001;
19706:001;
19707:001;
19708:001;
19709:001;
19710:001;
19711:000;
19712:002;
19713:001;
19714:002;
19715:001;
19716:001;
19717:001;
19718:002;
19719:001;
19720:002;
19721:001;
19722:002;
19723:001;
19724:001;
19725:001;
19726:002;
19727:001;
19728:002;
19729:001;
19730:002;
19731:001;
19732:001;
19733:001;
19734:002;
19735:001;
19736:002;
19737:001;
19738:002;
19739:001;
19740:001;
19741:001;
19742:002;
19743:001;
19744:002;
19745:001;
19746:002;
19747:001;
19748:001;
19749:001;
19750:002;
19751:001;
19752:002;
19753:001;
19754:002;
19755:001;
19756:001;
19757:001;
19758:002;
19759:001;
19760:002;
19761:001;
19762:002;
19763:001;
19764:001;
19765:001;
19766:002;
19767:001;
19768:002;
19769:001;
19770:002;
19771:001;
19772:001;
19773:001;
19774:002;
19775:001;
19776:002;
19777:001;
19778:002;
19779:001;
19780:001;
19781:001;
19782:002;
19783:001;
19784:002;
19785:001;
19786:002;
19787:001;
19788:001;
19789:001;
19790:002;
19791:001;
19792:002;
19793:001;
19794:002;
19795:001;
19796:001;
19797:001;
19798:002;
19799:001;
19800:002;
19801:001;
19802:002;
19803:001;
19804:001;
19805:001;
19806:002;
19807:001;
19808:002;
19809:001;
19810:002;
19811:001;
19812:001;
19813:001;
19814:002;
19815:001;
19816:002;
19817:001;
19818:002;
19819:001;
19820:001;
19821:001;
19822:002;
19823:001;
19824:002;
19825:001;
19826:002;
19827:001;
19828:001;
19829:001;
19830:002;
19831:001;
19832:003;
19833:003;
19834:002;
19835:001;
19836:001;
19837:001;
19838:002;
19839:000;
19840:001;
19841:001;
19842:001;
19843:001;
19844:001;
19845:003;
19846:003;
19847:001;
19848:001;
19849:001;
19850:001;
19851:001;
19852:001;
19853:001;
19854:001;
19855:001;
19856:001;
19857:001;
19858:001;
19859:001;
19860:001;
19861:001;
19862:001;
19863:001;
19864:001;
19865:001;
19866:001;
19867:001;
19868:001;
19869:001;
19870:001;
19871:001;
19872:001;
19873:001;
19874:001;
19875:001;
19876:001;
19877:001;
19878:001;
19879:001;
19880:001;
19881:001;
19882:001;
19883:001;
19884:001;
19885:001;
19886:001;
19887:001;
19888:001;
19889:001;
19890:001;
19891:001;
19892:001;
19893:001;
19894:001;
19895:001;
19896:001;
19897:001;
19898:001;
19899:001;
19900:001;
19901:001;
19902:001;
19903:001;
19904:001;
19905:001;
19906:001;
19907:001;
19908:001;
19909:001;
19910:001;
19911:001;
19912:001;
19913:001;
19914:001;
19915:001;
19916:001;
19917:001;
19918:001;
19919:001;
19920:001;
19921:001;
19922:001;
19923:001;
19924:001;
19925:001;
19926:001;
19927:001;
19928:001;
19929:001;
19930:001;
19931:001;
19932:001;
19933:001;
19934:001;
19935:001;
19936:001;
19937:001;
19938:001;
19939:001;
19940:001;
19941:001;
19942:001;
19943:001;
19944:001;
19945:001;
19946:001;
19947:001;
19948:001;
19949:001;
19950:001;
19951:001;
19952:001;
19953:001;
19954:001;
19955:001;
19956:001;
19957:001;
19958:001;
19959:003;
19960:003;
19961:003;
19962:003;
19963:001;
19964:001;
19965:001;
19966:001;
19967:000;
19968:002;
19969:001;
19970:002;
19971:001;
19972:003;
19973:003;
19974:003;
19975:003;
19976:002;
19977:001;
19978:002;
19979:001;
19980:002;
19981:001;
19982:002;
19983:001;
19984:002;
19985:001;
19986:002;
19987:001;
19988:002;
19989:001;
19990:002;
19991:001;
19992:002;
19993:001;
19994:002;
19995:001;
19996:002;
19997:001;
19998:002;
19999:001;
20000:002;
20001:001;
20002:002;
20003:001;
20004:002;
20005:001;
20006:002;
20007:001;
20008:002;
20009:001;
20010:002;
20011:001;
20012:002;
20013:001;
20014:002;
20015:001;
20016:002;
20017:001;
20018:002;
20019:001;
20020:002;
20021:001;
20022:002;
20023:001;
20024:002;
20025:001;
20026:002;
20027:001;
20028:002;
20029:001;
20030:002;
20031:001;
20032:002;
20033:001;
20034:002;
20035:001;
20036:002;
20037:001;
20038:002;
20039:001;
20040:002;
20041:001;
20042:002;
20043:001;
20044:002;
20045:001;
20046:002;
20047:001;
20048:002;
20049:001;
20050:002;
20051:001;
20052:002;
20053:001;
20054:002;
20055:001;
20056:002;
20057:001;
20058:002;
20059:001;
20060:002;
20061:001;
20062:002;
20063:001;
20064:002;
20065:001;
20066:002;
20067:001;
20068:002;
20069:001;
20070:002;
20071:001;
20072:002;
20073:001;
20074:002;
20075:001;
20076:002;
20077:001;
20078:002;
20079:001;
20080:002;
20081:001;
20082:002;
20083:001;
20084:002;
20085:001;
20086:002;
20087:003;
20088:003;
20089:003;
20090:003;
20091:001;
20092:002;
20093:001;
20094:002;
20095:000;
20096:001;
20097:001;
20098:001;
20099:001;
20100:003;
20101:003;
20102:003;
20103:003;
20104:001;
20105:001;
20106:001;
20107:001;
20108:001;
20109:001;
20110:001;
20111:001;
20112:001;
20113:001;
20114:001;
20115:001;
20116:001;
20117:001;
20118:001;
20119:001;
20120:001;
20121:001;
20122:001;
20123:001;
20124:001;
20125:001;
20126:001;
20127:001;
20128:001;
20129:001;
20130:001;
20131:001;
20132:001;
20133:001;
20134:001;
20135:001;
20136:001;
20137:001;
20138:001;
20139:001;
20140:001;
20141:001;
20142:001;
20143:001;
20144:001;
20145:001;
20146:001;
20147:001;
20148:001;
20149:001;
20150:001;
20151:001;
20152:001;
20153:001;
20154:001;
20155:001;
20156:001;
20157:001;
20158:001;
20159:001;
20160:001;
20161:001;
20162:001;
20163:001;
20164:001;
20165:001;
20166:001;
20167:001;
20168:001;
20169:001;
20170:001;
20171:001;
20172:001;
20173:001;
20174:001;
20175:001;
20176:001;
20177:001;
20178:001;
20179:001;
20180:001;
20181:001;
20182:001;
20183:001;
20184:001;
20185:001;
20186:001;
20187:001;
20188:001;
20189:001;
20190:001;
20191:001;
20192:001;
20193:001;
20194:001;
20195:001;
20196:001;
20197:001;
20198:001;
20199:001;
20200:001;
20201:001;
20202:001;
20203:001;
20204:001;
20205:001;
20206:001;
20207:001;
20208:001;
20209:001;
20210:001;
20211:001;
20212:001;
20213:001;
20214:001;
20215:001;
20216:003;
20217:003;
20218:001;
20219:001;
20220:001;
20221:001;
20222:001;
20223:000;
20224:001;
20225:001;
20226:002;
20227:001;
20228:002;
20229:003;
20230:003;
20231:001;
20232:001;
20233:001;
20234:002;
20235:001;
20236:002;
20237:001;
20238:002;
20239:001;
20240:001;
20241:001;
20242:002;
20243:001;
20244:002;
20245:001;
20246:002;
20247:001;
20248:001;
20249:001;
20250:002;
20251:001;
20252:002;
20253:001;
20254:002;
20255:001;
20256:001;
20257:001;
20258:002;
20259:001;
20260:002;
20261:001;
20262:002;
20263:001;
20264:001;
20265:001;
20266:002;
20267:001;
20268:002;
20269:001;
20270:002;
20271:001;
20272:001;
20273:001;
20274:002;
20275:001;
20276:002;
20277:001;
20278:002;
20279:001;
20280:001;
20281:001;
20282:002;
20283:001;
20284:002;
20285:001;
20286:002;
20287:001;
20288:001;
20289:001;
20290:002;
20291:001;
20292:002;
20293:001;
20294:002;
20295:001;
20296:001;
20297:001;
20298:002;
20299:001;
20300:002;
20301:001;
20302:002;
20303:001;
20304:001;
20305:001;
20306:002;
20307:001;
20308:002;
20309:001;
20310:002;
20311:001;
20312:001;
20313:001;
20314:002;
20315:001;
20316:002;
20317:001;
20318:002;
20319:001;
20320:001;
20321:001;
20322:002;
20323:001;
20324:002;
20325:001;
20326:002;
20327:001;
20328:001;
20329:001;
20330:002;
20331:001;
20332:002;
20333:001;
20334:002;
20335:001;
20336:001;
20337:001;
20338:002;
20339:001;
20340:002;
20341:001;
20342:002;
20343:001;
20344:001;
20345:001;
20346:002;
20347:001;
20348:002;
20349:001;
20350:002;
20351:000;
20352:001;
20353:001;
20354:001;
20355:001;
20356:001;
20357:001;
20358:001;
20359:001;
20360:001;
20361:001;
20362:001;
20363:001;
20364:001;
20365:001;
20366:001;
20367:001;
20368:001;
20369:001;
20370:001;
20371:001;
20372:001;
20373:001;
20374:001;
20375:001;
20376:001;
20377:001;
20378:001;
20379:001;
20380:001;
20381:001;
20382:001;
20383:001;
20384:001;
20385:001;
20386:001;
20387:001;
20388:001;
20389:001;
20390:001;
20391:001;
20392:001;
20393:001;
20394:001;
20395:001;
20396:001;
20397:001;
20398:001;
20399:001;
20400:001;
20401:001;
20402:001;
20403:001;
20404:001;
20405:001;
20406:001;
20407:001;
20408:001;
20409:001;
20410:001;
20411:001;
20412:001;
20413:001;
20414:001;
20415:001;
20416:001;
20417:001;
20418:001;
20419:001;
20420:001;
20421:001;
20422:001;
20423:001;
20424:001;
20425:001;
20426:001;
20427:001;
20428:001;
20429:001;
20430:001;
20431:001;
20432:001;
20433:001;
20434:001;
20435:001;
20436:001;
20437:001;
20438:001;
20439:001;
20440:001;
20441:001;
20442:001;
20443:001;
20444:001;
20445:001;
20446:001;
20447:001;
20448:001;
20449:001;
20450:001;
20451:001;
20452:001;
20453:001;
20454:001;
20455:001;
20456:001;
20457:001;
20458:001;
20459:001;
20460:001;
20461:001;
20462:001;
20463:001;
20464:001;
20465:001;
20466:001;
20467:001;
20468:001;
20469:001;
20470:001;
20471:001;
20472:001;
20473:001;
20474:001;
20475:001;
20476:001;
20477:001;
20478:001;
20479:000;
20480:002;
20481:001;
20482:002;
20483:001;
20484:002;
20485:001;
20486:002;
20487:001;
20488:002;
20489:001;
20490:002;
20491:001;
20492:002;
20493:001;
20494:002;
20495:001;
20496:002;
20497:001;
20498:002;
20499:001;
20500:002;
20501:001;
20502:002;
20503:001;
20504:002;
20505:001;
20506:002;
20507:001;
20508:002;
20509:001;
20510:002;
20511:001;
20512:002;
20513:001;
20514:002;
20515:001;
20516:002;
20517:001;
20518:002;
20519:001;
20520:002;
20521:001;
20522:002;
20523:001;
20524:002;
20525:001;
20526:002;
20527:001;
20528:002;
20529:001;
20530:002;
20531:001;
20532:002;
20533:001;
20534:002;
20535:001;
20536:002;
20537:001;
20538:002;
20539:001;
20540:002;
20541:001;
20542:002;
20543:001;
20544:002;
20545:001;
20546:002;
20547:001;
20548:002;
20549:001;
20550:002;
20551:001;
20552:002;
20553:001;
20554:002;
20555:001;
20556:002;
20557:001;
20558:002;
20559:001;
20560:002;
20561:001;
20562:002;
20563:001;
20564:002;
20565:001;
20566:002;
20567:001;
20568:002;
20569:001;
20570:002;
20571:001;
20572:002;
20573:001;
20574:002;
20575:001;
20576:002;
20577:001;
20578:002;
20579:001;
20580:002;
20581:001;
20582:002;
20583:001;
20584:002;
20585:001;
20586:002;
20587:001;
20588:002;
20589:001;
20590:002;
20591:001;
20592:002;
20593:001;
20594:002;
20595:001;
20596:002;
20597:001;
20598:002;
20599:001;
20600:002;
20601:001;
20602:002;
20603:001;
20604:002;
20605:001;
20606:002;
20607:000;
20608:001;
20609:001;
20610:001;
20611:001;
20612:001;
20613:001;
20614:001;
20615:001;
20616:001;
20617:001;
20618:001;
20619:001;
20620:001;
20621:001;
20622:001;
20623:001;
20624:001;
20625:001;
20626:001;
20627:001;
20628:001;
20629:001;
20630:001;
20631:001;
20632:001;
20633:001;
20634:001;
20635:001;
20636:001;
20637:001;
20638:001;
20639:001;
20640:001;
20641:001;
20642:001;
20643:001;
20644:001;
20645:001;
20646:001;
20647:001;
20648:001;
20649:001;
20650:001;
20651:001;
20652:001;
20653:001;
20654:001;
20655:001;
20656:001;
20657:001;
20658:001;
20659:001;
20660:001;
20661:001;
20662:001;
20663:001;
20664:001;
20665:001;
20666:001;
20667:001;
20668:001;
20669:001;
20670:001;
20671:001;
20672:001;
20673:001;
20674:001;
20675:001;
20676:001;
20677:001;
20678:001;
20679:001;
20680:001;
20681:001;
20682:001;
20683:001;
20684:001;
20685:001;
20686:001;
20687:001;
20688:001;
20689:001;
20690:001;
20691:001;
20692:001;
20693:001;
20694:001;
20695:001;
20696:001;
20697:001;
20698:001;
20699:001;
20700:001;
20701:001;
20702:001;
20703:001;
20704:001;
20705:001;
20706:001;
20707:001;
20708:001;
20709:001;
20710:001;
20711:001;
20712:001;
20713:001;
20714:001;
20715:001;
20716:001;
20717:001;
20718:001;
20719:001;
20720:001;
20721:001;
20722:001;
20723:001;
20724:001;
20725:001;
20726:001;
20727:001;
20728:001;
20729:001;
20730:001;
20731:001;
20732:001;
20733:001;
20734:001;
20735:000;
20736:000;
20737:000;
20738:000;
20739:000;
20740:000;
20741:000;
20742:000;
20743:000;
20744:000;
20745:000;
20746:000;
20747:000;
20748:000;
20749:000;
20750:000;
20751:000;
20752:000;
20753:000;
20754:000;
20755:000;
20756:000;
20757:000;
20758:000;
20759:000;
20760:000;
20761:000;
20762:000;
20763:000;
20764:000;
20765:000;
20766:000;
20767:000;
20768:000;
20769:000;
20770:000;
20771:000;
20772:000;
20773:000;
20774:000;
20775:000;
20776:000;
20777:000;
20778:000;
20779:000;
20780:000;
20781:000;
20782:000;
20783:000;
20784:000;
20785:000;
20786:000;
20787:000;
20788:000;
20789:000;
20790:000;
20791:000;
20792:000;
20793:000;
20794:000;
20795:000;
20796:000;
20797:000;
20798:000;
20799:000;
20800:000;
20801:000;
20802:000;
20803:000;
20804:000;
20805:000;
20806:000;
20807:000;
20808:000;
20809:000;
20810:000;
20811:000;
20812:000;
20813:000;
20814:000;
20815:000;
20816:000;
20817:000;
20818:000;
20819:000;
20820:000;
20821:000;
20822:000;
20823:000;
20824:000;
20825:000;
20826:000;
20827:000;
20828:000;
20829:000;
20830:000;
20831:000;
20832:000;
20833:000;
20834:000;
20835:000;
20836:000;
20837:000;
20838:000;
20839:000;
20840:000;
20841:000;
20842:000;
20843:000;
20844:000;
20845:000;
20846:000;
20847:000;
20848:000;
20849:000;
20850:000;
20851:000;
20852:000;
20853:000;
20854:000;
20855:000;
20856:000;
20857:000;
20858:000;
20859:000;
20860:000;
20861:000;
20862:000;
20863:000;
20864:001;
20865:001;
20866:001;
20867:001;
20868:001;
20869:001;
20870:001;
20871:001;
20872:001;
20873:001;
20874:001;
20875:001;
20876:001;
20877:001;
20878:001;
20879:001;
20880:001;
20881:001;
20882:001;
20883:001;
20884:001;
20885:001;
20886:001;
20887:001;
20888:001;
20889:001;
20890:001;
20891:001;
20892:001;
20893:001;
20894:001;
20895:001;
20896:001;
20897:001;
20898:001;
20899:001;
20900:001;
20901:001;
20902:001;
20903:001;
20904:001;
20905:001;
20906:001;
20907:001;
20908:001;
20909:001;
20910:001;
20911:001;
20912:001;
20913:001;
20914:001;
20915:001;
20916:001;
20917:001;
20918:001;
20919:001;
20920:001;
20921:001;
20922:001;
20923:001;
20924:001;
20925:001;
20926:001;
20927:001;
20928:001;
20929:001;
20930:001;
20931:001;
20932:001;
20933:001;
20934:001;
20935:001;
20936:001;
20937:001;
20938:001;
20939:001;
20940:001;
20941:001;
20942:001;
20943:001;
20944:001;
20945:001;
20946:001;
20947:001;
20948:001;
20949:001;
20950:001;
20951:001;
20952:001;
20953:001;
20954:001;
20955:001;
20956:001;
20957:001;
20958:001;
20959:001;
20960:001;
20961:001;
20962:001;
20963:001;
20964:001;
20965:001;
20966:001;
20967:001;
20968:001;
20969:001;
20970:001;
20971:001;
20972:001;
20973:001;
20974:001;
20975:001;
20976:001;
20977:001;
20978:001;
20979:001;
20980:001;
20981:001;
20982:001;
20983:001;
20984:001;
20985:001;
20986:001;
20987:001;
20988:001;
20989:001;
20990:001;
20991:000;
20992:002;
20993:001;
20994:002;
20995:001;
20996:002;
20997:001;
20998:002;
20999:001;
21000:002;
21001:001;
21002:002;
21003:001;
21004:002;
21005:001;
21006:002;
21007:001;
21008:002;
21009:001;
21010:002;
21011:001;
21012:002;
21013:001;
21014:002;
21015:001;
21016:002;
21017:001;
21018:002;
21019:001;
21020:002;
21021:001;
21022:002;
21023:001;
21024:002;
21025:001;
21026:002;
21027:001;
21028:002;
21029:001;
21030:002;
21031:001;
21032:002;
21033:001;
21034:002;
21035:001;
21036:002;
21037:001;
21038:002;
21039:001;
21040:002;
21041:001;
21042:002;
21043:001;
21044:002;
21045:001;
21046:002;
21047:001;
21048:002;
21049:001;
21050:002;
21051:001;
21052:002;
21053:001;
21054:002;
21055:001;
21056:002;
21057:001;
21058:002;
21059:001;
21060:002;
21061:001;
21062:002;
21063:001;
21064:002;
21065:001;
21066:002;
21067:001;
21068:002;
21069:001;
21070:002;
21071:001;
21072:002;
21073:001;
21074:002;
21075:001;
21076:002;
21077:001;
21078:002;
21079:001;
21080:002;
21081:001;
21082:002;
21083:001;
21084:002;
21085:001;
21086:002;
21087:001;
21088:002;
21089:001;
21090:002;
21091:001;
21092:002;
21093:001;
21094:002;
21095:001;
21096:002;
21097:001;
21098:002;
21099:001;
21100:002;
21101:001;
21102:002;
21103:001;
21104:002;
21105:001;
21106:002;
21107:001;
21108:002;
21109:001;
21110:002;
21111:001;
21112:002;
21113:001;
21114:002;
21115:001;
21116:002;
21117:001;
21118:002;
21119:000;
21120:001;
21121:001;
21122:001;
21123:001;
21124:001;
21125:001;
21126:001;
21127:001;
21128:001;
21129:001;
21130:001;
21131:001;
21132:001;
21133:001;
21134:001;
21135:001;
21136:001;
21137:001;
21138:001;
21139:001;
21140:001;
21141:001;
21142:001;
21143:001;
21144:001;
21145:001;
21146:001;
21147:001;
21148:001;
21149:001;
21150:001;
21151:001;
21152:001;
21153:001;
21154:001;
21155:001;
21156:001;
21157:001;
21158:001;
21159:001;
21160:001;
21161:001;
21162:001;
21163:001;
21164:001;
21165:001;
21166:001;
21167:001;
21168:001;
21169:001;
21170:001;
21171:001;
21172:001;
21173:001;
21174:001;
21175:001;
21176:001;
21177:001;
21178:001;
21179:001;
21180:001;
21181:001;
21182:001;
21183:001;
21184:001;
21185:001;
21186:001;
21187:001;
21188:001;
21189:001;
21190:001;
21191:001;
21192:001;
21193:001;
21194:001;
21195:001;
21196:001;
21197:001;
21198:001;
21199:001;
21200:001;
21201:001;
21202:001;
21203:001;
21204:001;
21205:001;
21206:001;
21207:001;
21208:001;
21209:001;
21210:001;
21211:001;
21212:001;
21213:001;
21214:001;
21215:001;
21216:001;
21217:001;
21218:001;
21219:001;
21220:001;
21221:001;
21222:001;
21223:001;
21224:001;
21225:001;
21226:001;
21227:001;
21228:001;
21229:001;
21230:001;
21231:001;
21232:001;
21233:001;
21234:001;
21235:001;
21236:001;
21237:001;
21238:001;
21239:001;
21240:001;
21241:001;
21242:001;
21243:001;
21244:001;
21245:001;
21246:001;
21247:000;
21248:002;
21249:001;
21250:002;
21251:001;
21252:002;
21253:001;
21254:002;
21255:001;
21256:002;
21257:001;
21258:002;
21259:001;
21260:002;
21261:001;
21262:002;
21263:001;
21264:002;
21265:001;
21266:002;
21267:001;
21268:002;
21269:001;
21270:002;
21271:001;
21272:002;
21273:001;
21274:002;
21275:001;
21276:002;
21277:001;
21278:002;
21279:001;
21280:002;
21281:001;
21282:002;
21283:001;
21284:002;
21285:001;
21286:002;
21287:001;
21288:002;
21289:001;
21290:002;
21291:001;
21292:002;
21293:001;
21294:002;
21295:001;
21296:002;
21297:001;
21298:002;
21299:001;
21300:002;
21301:001;
21302:002;
21303:001;
21304:002;
21305:001;
21306:002;
21307:001;
21308:002;
21309:001;
21310:002;
21311:001;
21312:002;
21313:001;
21314:002;
21315:001;
21316:002;
21317:001;
21318:002;
21319:001;
21320:002;
21321:001;
21322:002;
21323:001;
21324:002;
21325:001;
21326:002;
21327:001;
21328:002;
21329:001;
21330:002;
21331:001;
21332:002;
21333:001;
21334:002;
21335:001;
21336:002;
21337:001;
21338:002;
21339:001;
21340:002;
21341:001;
21342:002;
21343:001;
21344:002;
21345:001;
21346:002;
21347:001;
21348:002;
21349:001;
21350:002;
21351:001;
21352:002;
21353:001;
21354:002;
21355:001;
21356:002;
21357:001;
21358:002;
21359:001;
21360:002;
21361:001;
21362:002;
21363:001;
21364:002;
21365:001;
21366:002;
21367:001;
21368:002;
21369:001;
21370:002;
21371:001;
21372:002;
21373:001;
21374:002;
21375:000;
21376:001;
21377:001;
21378:001;
21379:001;
21380:001;
21381:003;
21382:003;
21383:001;
21384:001;
21385:001;
21386:001;
21387:001;
21388:001;
21389:001;
21390:001;
21391:001;
21392:001;
21393:001;
21394:001;
21395:001;
21396:001;
21397:001;
21398:001;
21399:001;
21400:001;
21401:001;
21402:001;
21403:001;
21404:001;
21405:001;
21406:001;
21407:001;
21408:001;
21409:001;
21410:001;
21411:001;
21412:001;
21413:001;
21414:001;
21415:001;
21416:001;
21417:001;
21418:001;
21419:001;
21420:001;
21421:001;
21422:001;
21423:001;
21424:001;
21425:001;
21426:001;
21427:001;
21428:001;
21429:001;
21430:001;
21431:001;
21432:001;
21433:001;
21434:001;
21435:001;
21436:001;
21437:001;
21438:001;
21439:001;
21440:001;
21441:001;
21442:001;
21443:001;
21444:001;
21445:001;
21446:001;
21447:001;
21448:001;
21449:001;
21450:001;
21451:001;
21452:001;
21453:001;
21454:001;
21455:001;
21456:001;
21457:001;
21458:001;
21459:001;
21460:001;
21461:001;
21462:001;
21463:001;
21464:001;
21465:001;
21466:001;
21467:001;
21468:001;
21469:001;
21470:001;
21471:001;
21472:001;
21473:001;
21474:001;
21475:001;
21476:001;
21477:001;
21478:001;
21479:001;
21480:001;
21481:001;
21482:001;
21483:001;
21484:001;
21485:001;
21486:001;
21487:001;
21488:001;
21489:001;
21490:001;
21491:001;
21492:001;
21493:001;
21494:001;
21495:001;
21496:003;
21497:003;
21498:001;
21499:001;
21500:001;
21501:001;
21502:001;
21503:000;
21504:002;
21505:001;
21506:002;
21507:001;
21508:003;
21509:003;
21510:003;
21511:003;
21512:002;
21513:001;
21514:002;
21515:001;
21516:002;
21517:001;
21518:002;
21519:001;
21520:002;
21521:001;
21522:002;
21523:001;
21524:002;
21525:001;
21526:002;
21527:001;
21528:002;
21529:001;
21530:002;
21531:001;
21532:002;
21533:001;
21534:002;
21535:001;
21536:002;
21537:001;
21538:002;
21539:001;
21540:002;
21541:001;
21542:002;
21543:001;
21544:002;
21545:001;
21546:002;
21547:001;
21548:002;
21549:001;
21550:002;
21551:001;
21552:002;
21553:001;
21554:002;
21555:001;
21556:002;
21557:001;
21558:002;
21559:001;
21560:002;
21561:001;
21562:002;
21563:001;
21564:002;
21565:001;
21566:002;
21567:001;
21568:002;
21569:001;
21570:002;
21571:001;
21572:002;
21573:001;
21574:002;
21575:001;
21576:002;
21577:001;
21578:002;
21579:001;
21580:002;
21581:001;
21582:002;
21583:001;
21584:002;
21585:001;
21586:002;
21587:001;
21588:002;
21589:001;
21590:002;
21591:001;
21592:002;
21593:001;
21594:002;
21595:001;
21596:002;
21597:001;
21598:002;
21599:001;
21600:002;
21601:001;
21602:002;
21603:001;
21604:002;
21605:001;
21606:002;
21607:001;
21608:002;
21609:001;
21610:002;
21611:001;
21612:002;
21613:001;
21614:002;
21615:001;
21616:002;
21617:001;
21618:002;
21619:001;
21620:002;
21621:001;
21622:002;
21623:003;
21624:003;
21625:003;
21626:003;
21627:001;
21628:002;
21629:001;
21630:002;
21631:000;
21632:001;
21633:002;
21634:001;
21635:001;
21636:003;
21637:003;
21638:003;
21639:003;
21640:001;
21641:002;
21642:001;
21643:001;
21644:001;
21645:001;
21646:001;
21647:001;
21648:001;
21649:002;
21650:001;
21651:001;
21652:001;
21653:001;
21654:001;
21655:001;
21656:001;
21657:002;
21658:001;
21659:001;
21660:001;
21661:001;
21662:001;
21663:001;
21664:001;
21665:002;
21666:001;
21667:001;
21668:001;
21669:001;
21670:001;
21671:001;
21672:001;
21673:002;
21674:001;
21675:001;
21676:001;
21677:001;
21678:001;
21679:001;
21680:001;
21681:002;
21682:001;
21683:001;
21684:001;
21685:001;
21686:001;
21687:001;
21688:001;
21689:002;
21690:001;
21691:001;
21692:001;
21693:001;
21694:001;
21695:001;
21696:001;
21697:002;
21698:001;
21699:001;
21700:001;
21701:001;
21702:001;
21703:001;
21704:001;
21705:002;
21706:001;
21707:001;
21708:001;
21709:001;
21710:001;
21711:001;
21712:001;
21713:002;
21714:001;
21715:001;
21716:001;
21717:001;
21718:001;
21719:001;
21720:001;
21721:002;
21722:001;
21723:001;
21724:001;
21725:001;
21726:001;
21727:001;
21728:001;
21729:002;
21730:001;
21731:001;
21732:001;
21733:001;
21734:001;
21735:001;
21736:001;
21737:002;
21738:001;
21739:001;
21740:001;
21741:001;
21742:001;
21743:001;
21744:001;
21745:002;
21746:001;
21747:001;
21748:001;
21749:001;
21750:001;
21751:003;
21752:003;
21753:003;
21754:003;
21755:001;
21756:001;
21757:001;
21758:001;
21759:000;
21760:002;
21761:001;
21762:002;
21763:001;
21764:002;
21765:003;
21766:003;
21767:001;
21768:002;
21769:001;
21770:002;
21771:001;
21772:002;
21773:001;
21774:002;
21775:001;
21776:002;
21777:001;
21778:002;
21779:001;
21780:002;
21781:001;
21782:002;
21783:001;
21784:002;
21785:001;
21786:002;
21787:001;
21788:002;
21789:001;
21790:002;
21791:001;
21792:002;
21793:001;
21794:002;
21795:001;
21796:002;
21797:001;
21798:002;
21799:001;
21800:002;
21801:001;
21802:002;
21803:001;
21804:002;
21805:001;
21806:002;
21807:001;
21808:002;
21809:001;
21810:002;
21811:001;
21812:002;
21813:001;
21814:002;
21815:001;
21816:002;
21817:001;
21818:002;
21819:001;
21820:002;
21821:001;
21822:002;
21823:001;
21824:002;
21825:001;
21826:002;
21827:001;
21828:002;
21829:001;
21830:002;
21831:001;
21832:002;
21833:001;
21834:002;
21835:001;
21836:002;
21837:001;
21838:002;
21839:001;
21840:002;
21841:001;
21842:002;
21843:001;
21844:002;
21845:001;
21846:002;
21847:001;
21848:002;
21849:001;
21850:002;
21851:001;
21852:002;
21853:001;
21854:002;
21855:001;
21856:002;
21857:001;
21858:002;
21859:001;
21860:002;
21861:001;
21862:002;
21863:001;
21864:002;
21865:001;
21866:002;
21867:001;
21868:002;
21869:001;
21870:002;
21871:001;
21872:002;
21873:001;
21874:002;
21875:001;
21876:002;
21877:001;
21878:002;
21879:001;
21880:003;
21881:003;
21882:002;
21883:001;
21884:002;
21885:001;
21886:002;
21887:000;
21888:001;
21889:001;
21890:001;
21891:001;
21892:001;
21893:001;
21894:001;
21895:001;
21896:001;
21897:001;
21898:001;
21899:001;
21900:001;
21901:001;
21902:001;
21903:001;
21904:001;
21905:001;
21906:001;
21907:001;
21908:001;
21909:001;
21910:001;
21911:001;
21912:001;
21913:001;
21914:001;
21915:001;
21916:001;
21917:001;
21918:001;
21919:001;
21920:001;
21921:001;
21922:001;
21923:001;
21924:001;
21925:001;
21926:001;
21927:001;
21928:001;
21929:001;
21930:001;
21931:001;
21932:001;
21933:001;
21934:001;
21935:001;
21936:001;
21937:001;
21938:001;
21939:001;
21940:001;
21941:001;
21942:001;
21943:001;
21944:001;
21945:001;
21946:001;
21947:001;
21948:001;
21949:001;
21950:001;
21951:001;
21952:001;
21953:001;
21954:001;
21955:001;
21956:001;
21957:001;
21958:001;
21959:001;
21960:001;
21961:001;
21962:001;
21963:001;
21964:001;
21965:001;
21966:001;
21967:001;
21968:001;
21969:001;
21970:001;
21971:001;
21972:001;
21973:001;
21974:001;
21975:001;
21976:001;
21977:001;
21978:001;
21979:001;
21980:001;
21981:001;
21982:001;
21983:001;
21984:001;
21985:001;
21986:001;
21987:001;
21988:001;
21989:001;
21990:001;
21991:001;
21992:001;
21993:001;
21994:001;
21995:001;
21996:001;
21997:001;
21998:001;
21999:001;
22000:001;
22001:001;
22002:001;
22003:001;
22004:001;
22005:001;
22006:001;
22007:001;
22008:001;
22009:001;
22010:001;
22011:001;
22012:001;
22013:001;
22014:001;
22015:000;
22016:002;
22017:001;
22018:002;
22019:001;
22020:002;
22021:001;
22022:002;
22023:001;
22024:002;
22025:001;
22026:002;
22027:001;
22028:002;
22029:001;
22030:002;
22031:001;
22032:002;
22033:001;
22034:002;
22035:001;
22036:002;
22037:001;
22038:002;
22039:001;
22040:002;
22041:001;
22042:002;
22043:001;
22044:002;
22045:001;
22046:002;
22047:001;
22048:002;
22049:001;
22050:002;
22051:001;
22052:002;
22053:001;
22054:002;
22055:001;
22056:002;
22057:001;
22058:002;
22059:001;
22060:002;
22061:001;
22062:002;
22063:001;
22064:002;
22065:001;
22066:002;
22067:001;
22068:002;
22069:001;
22070:002;
22071:001;
22072:002;
22073:001;
22074:002;
22075:001;
22076:002;
22077:001;
22078:002;
22079:001;
22080:002;
22081:001;
22082:002;
22083:001;
22084:002;
22085:001;
22086:002;
22087:001;
22088:002;
22089:001;
22090:002;
22091:001;
22092:002;
22093:001;
22094:002;
22095:001;
22096:002;
22097:001;
22098:002;
22099:001;
22100:002;
22101:001;
22102:002;
22103:001;
22104:002;
22105:001;
22106:002;
22107:001;
22108:002;
22109:001;
22110:002;
22111:001;
22112:002;
22113:001;
22114:002;
22115:001;
22116:002;
22117:001;
22118:002;
22119:001;
22120:002;
22121:001;
22122:002;
22123:001;
22124:002;
22125:001;
22126:002;
22127:001;
22128:002;
22129:001;
22130:002;
22131:001;
22132:002;
22133:001;
22134:002;
22135:001;
22136:002;
22137:001;
22138:002;
22139:001;
22140:002;
22141:001;
22142:002;
22143:000;
22144:001;
22145:001;
22146:001;
22147:001;
22148:001;
22149:002;
22150:001;
22151:001;
22152:001;
22153:001;
22154:001;
22155:001;
22156:001;
22157:002;
22158:001;
22159:001;
22160:001;
22161:001;
22162:001;
22163:001;
22164:001;
22165:002;
22166:001;
22167:001;
22168:001;
22169:001;
22170:001;
22171:001;
22172:001;
22173:002;
22174:001;
22175:001;
22176:001;
22177:001;
22178:001;
22179:001;
22180:001;
22181:002;
22182:001;
22183:001;
22184:001;
22185:001;
22186:001;
22187:001;
22188:001;
22189:002;
22190:001;
22191:001;
22192:001;
22193:001;
22194:001;
22195:001;
22196:001;
22197:002;
22198:001;
22199:001;
22200:001;
22201:001;
22202:001;
22203:001;
22204:001;
22205:002;
22206:001;
22207:001;
22208:001;
22209:001;
22210:001;
22211:001;
22212:001;
22213:002;
22214:001;
22215:001;
22216:001;
22217:001;
22218:001;
22219:001;
22220:001;
22221:002;
22222:001;
22223:001;
22224:001;
22225:001;
22226:001;
22227:001;
22228:001;
22229:002;
22230:001;
22231:001;
22232:001;
22233:001;
22234:001;
22235:001;
22236:001;
22237:002;
22238:001;
22239:001;
22240:001;
22241:001;
22242:001;
22243:001;
22244:001;
22245:002;
22246:001;
22247:001;
22248:001;
22249:001;
22250:001;
22251:001;
22252:001;
22253:002;
22254:001;
22255:001;
22256:001;
22257:001;
22258:001;
22259:001;
22260:001;
22261:002;
22262:001;
22263:001;
22264:001;
22265:001;
22266:001;
22267:001;
22268:001;
22269:002;
22270:001;
22271:000;
22272:002;
22273:001;
22274:002;
22275:001;
22276:002;
22277:001;
22278:002;
22279:001;
22280:002;
22281:001;
22282:002;
22283:001;
22284:002;
22285:001;
22286:002;
22287:001;
22288:002;
22289:001;
22290:002;
22291:001;
22292:002;
22293:001;
22294:002;
22295:001;
22296:002;
22297:001;
22298:002;
22299:001;
22300:002;
22301:001;
22302:002;
22303:001;
22304:002;
22305:001;
22306:002;
22307:001;
22308:002;
22309:001;
22310:002;
22311:001;
22312:002;
22313:001;
22314:002;
22315:001;
22316:002;
22317:001;
22318:002;
22319:001;
22320:002;
22321:001;
22322:002;
22323:001;
22324:002;
22325:001;
22326:002;
22327:001;
22328:002;
22329:001;
22330:002;
22331:001;
22332:002;
22333:001;
22334:002;
22335:001;
22336:002;
22337:001;
22338:002;
22339:001;
22340:002;
22341:001;
22342:002;
22343:001;
22344:002;
22345:001;
22346:002;
22347:001;
22348:002;
22349:001;
22350:002;
22351:001;
22352:002;
22353:001;
22354:002;
22355:001;
22356:002;
22357:001;
22358:002;
22359:001;
22360:002;
22361:001;
22362:002;
22363:001;
22364:002;
22365:001;
22366:002;
22367:001;
22368:002;
22369:001;
22370:002;
22371:001;
22372:002;
22373:001;
22374:002;
22375:001;
22376:002;
22377:001;
22378:002;
22379:001;
22380:002;
22381:001;
22382:002;
22383:001;
22384:002;
22385:001;
22386:002;
22387:001;
22388:002;
22389:001;
22390:002;
22391:001;
22392:002;
22393:001;
22394:002;
22395:001;
22396:002;
22397:001;
22398:002;
22399:000;
22400:001;
22401:001;
22402:001;
22403:001;
22404:001;
22405:001;
22406:001;
22407:001;
22408:001;
22409:001;
22410:001;
22411:001;
22412:001;
22413:001;
22414:001;
22415:001;
22416:001;
22417:001;
22418:001;
22419:001;
22420:001;
22421:001;
22422:001;
22423:001;
22424:001;
22425:001;
22426:001;
22427:001;
22428:001;
22429:001;
22430:001;
22431:001;
22432:001;
22433:001;
22434:001;
22435:001;
22436:001;
22437:001;
22438:001;
22439:001;
22440:001;
22441:001;
22442:001;
22443:001;
22444:001;
22445:001;
22446:001;
22447:001;
22448:001;
22449:001;
22450:001;
22451:001;
22452:001;
22453:001;
22454:001;
22455:001;
22456:001;
22457:001;
22458:001;
22459:001;
22460:001;
22461:001;
22462:001;
22463:001;
22464:001;
22465:001;
22466:001;
22467:001;
22468:001;
22469:001;
22470:001;
22471:001;
22472:001;
22473:001;
22474:001;
22475:001;
22476:001;
22477:001;
22478:001;
22479:001;
22480:001;
22481:001;
22482:001;
22483:001;
22484:001;
22485:001;
22486:001;
22487:001;
22488:001;
22489:001;
22490:001;
22491:001;
22492:001;
22493:001;
22494:001;
22495:001;
22496:001;
22497:001;
22498:001;
22499:001;
22500:001;
22501:001;
22502:001;
22503:001;
22504:001;
22505:001;
22506:001;
22507:001;
22508:001;
22509:001;
22510:001;
22511:001;
22512:001;
22513:001;
22514:001;
22515:001;
22516:001;
22517:001;
22518:001;
22519:001;
22520:001;
22521:001;
22522:001;
22523:001;
22524:001;
22525:001;
22526:001;
22527:000;
22528:002;
22529:001;
22530:002;
22531:001;
22532:002;
22533:001;
22534:002;
22535:001;
22536:002;
22537:001;
22538:002;
22539:001;
22540:002;
22541:001;
22542:002;
22543:001;
22544:002;
22545:001;
22546:002;
22547:001;
22548:002;
22549:001;
22550:002;
22551:001;
22552:002;
22553:001;
22554:002;
22555:001;
22556:002;
22557:001;
22558:002;
22559:001;
22560:002;
22561:001;
22562:002;
22563:001;
22564:002;
22565:001;
22566:002;
22567:001;
22568:002;
22569:001;
22570:002;
22571:001;
22572:002;
22573:001;
22574:002;
22575:001;
22576:002;
22577:001;
22578:002;
22579:001;
22580:002;
22581:001;
22582:002;
22583:001;
22584:002;
22585:001;
22586:002;
22587:001;
22588:002;
22589:001;
22590:002;
22591:001;
22592:002;
22593:001;
22594:002;
22595:001;
22596:002;
22597:001;
22598:002;
22599:001;
22600:002;
22601:001;
22602:002;
22603:001;
22604:002;
22605:001;
22606:002;
22607:001;
22608:002;
22609:001;
22610:002;
22611:001;
22612:002;
22613:001;
22614:002;
22615:001;
22616:002;
22617:001;
22618:002;
22619:001;
22620:002;
22621:001;
22622:002;
22623:001;
22624:002;
22625:001;
22626:002;
22627:001;
22628:002;
22629:001;
22630:002;
22631:001;
22632:002;
22633:001;
22634:002;
22635:001;
22636:002;
22637:001;
22638:002;
22639:001;
22640:002;
22641:001;
22642:002;
22643:001;
22644:002;
22645:001;
22646:002;
22647:001;
22648:002;
22649:001;
22650:002;
22651:001;
22652:002;
22653:001;
22654:002;
22655:000;
22656:001;
22657:002;
22658:001;
22659:001;
22660:001;
22661:002;
22662:001;
22663:001;
22664:001;
22665:002;
22666:001;
22667:001;
22668:001;
22669:002;
22670:001;
22671:001;
22672:001;
22673:002;
22674:001;
22675:001;
22676:001;
22677:002;
22678:001;
22679:001;
22680:001;
22681:002;
22682:001;
22683:001;
22684:001;
22685:002;
22686:001;
22687:001;
22688:001;
22689:002;
22690:001;
22691:001;
22692:001;
22693:002;
22694:001;
22695:001;
22696:001;
22697:002;
22698:001;
22699:001;
22700:001;
22701:002;
22702:001;
22703:001;
22704:001;
22705:002;
22706:001;
22707:001;
22708:001;
22709:002;
22710:001;
22711:001;
22712:001;
22713:002;
22714:001;
22715:001;
22716:001;
22717:002;
22718:001;
22719:001;
22720:001;
22721:002;
22722:001;
22723:001;
22724:001;
22725:002;
22726:001;
22727:001;
22728:001;
22729:002;
22730:001;
22731:001;
22732:001;
22733:002;
22734:001;
22735:001;
22736:001;
22737:002;
22738:001;
22739:001;
22740:001;
22741:002;
22742:001;
22743:001;
22744:001;
22745:002;
22746:001;
22747:001;
22748:001;
22749:002;
22750:001;
22751:001;
22752:001;
22753:002;
22754:001;
22755:001;
22756:001;
22757:002;
22758:001;
22759:001;
22760:001;
22761:002;
22762:001;
22763:001;
22764:001;
22765:002;
22766:001;
22767:001;
22768:001;
22769:002;
22770:001;
22771:001;
22772:001;
22773:002;
22774:001;
22775:001;
22776:001;
22777:002;
22778:001;
22779:001;
22780:001;
22781:002;
22782:001;
22783:000;
22784:002;
22785:001;
22786:002;
22787:001;
22788:002;
22789:001;
22790:002;
22791:001;
22792:002;
22793:001;
22794:002;
22795:001;
22796:002;
22797:001;
22798:002;
22799:001;
22800:002;
22801:001;
22802:002;
22803:001;
22804:002;
22805:001;
22806:002;
22807:001;
22808:002;
22809:001;
22810:002;
22811:001;
22812:002;
22813:001;
22814:002;
22815:001;
22816:002;
22817:001;
22818:002;
22819:001;
22820:002;
22821:001;
22822:002;
22823:001;
22824:002;
22825:001;
22826:002;
22827:001;
22828:002;
22829:001;
22830:002;
22831:001;
22832:002;
22833:001;
22834:002;
22835:001;
22836:002;
22837:001;
22838:002;
22839:001;
22840:002;
22841:001;
22842:002;
22843:001;
22844:002;
22845:001;
22846:002;
22847:001;
22848:002;
22849:001;
22850:002;
22851:001;
22852:002;
22853:001;
22854:002;
22855:001;
22856:002;
22857:001;
22858:002;
22859:001;
22860:002;
22861:001;
22862:002;
22863:001;
22864:002;
22865:001;
22866:002;
22867:001;
22868:002;
22869:001;
22870:002;
22871:001;
22872:002;
22873:001;
22874:002;
22875:001;
22876:002;
22877:001;
22878:002;
22879:001;
22880:002;
22881:001;
22882:002;
22883:001;
22884:002;
22885:001;
22886:002;
22887:001;
22888:002;
22889:001;
22890:002;
22891:001;
22892:002;
22893:001;
22894:002;
22895:001;
22896:002;
22897:001;
22898:002;
22899:001;
22900:002;
22901:001;
22902:002;
22903:001;
22904:002;
22905:001;
22906:002;
22907:001;
22908:002;
22909:001;
22910:002;
22911:000;
22912:001;
22913:001;
22914:001;
22915:001;
22916:001;
22917:001;
22918:001;
22919:001;
22920:001;
22921:001;
22922:001;
22923:001;
22924:001;
22925:001;
22926:001;
22927:001;
22928:001;
22929:001;
22930:001;
22931:001;
22932:001;
22933:001;
22934:001;
22935:001;
22936:001;
22937:001;
22938:001;
22939:001;
22940:001;
22941:001;
22942:001;
22943:001;
22944:001;
22945:001;
22946:001;
22947:001;
22948:001;
22949:001;
22950:001;
22951:001;
22952:001;
22953:001;
22954:001;
22955:001;
22956:001;
22957:001;
22958:001;
22959:001;
22960:001;
22961:001;
22962:001;
22963:001;
22964:001;
22965:001;
22966:001;
22967:001;
22968:001;
22969:001;
22970:001;
22971:001;
22972:001;
22973:001;
22974:001;
22975:001;
22976:001;
22977:001;
22978:001;
22979:001;
22980:001;
22981:001;
22982:001;
22983:001;
22984:001;
22985:001;
22986:001;
22987:001;
22988:001;
22989:001;
22990:001;
22991:001;
22992:001;
22993:001;
22994:001;
22995:001;
22996:001;
22997:001;
22998:001;
22999:001;
23000:001;
23001:001;
23002:001;
23003:001;
23004:001;
23005:001;
23006:001;
23007:001;
23008:001;
23009:001;
23010:001;
23011:001;
23012:001;
23013:001;
23014:001;
23015:001;
23016:001;
23017:001;
23018:001;
23019:001;
23020:001;
23021:001;
23022:001;
23023:001;
23024:001;
23025:001;
23026:001;
23027:001;
23028:001;
23029:001;
23030:001;
23031:001;
23032:001;
23033:001;
23034:001;
23035:001;
23036:001;
23037:001;
23038:001;
23039:000;
23040:002;
23041:001;
23042:002;
23043:001;
23044:002;
23045:001;
23046:002;
23047:001;
23048:002;
23049:001;
23050:002;
23051:001;
23052:002;
23053:001;
23054:002;
23055:001;
23056:002;
23057:001;
23058:002;
23059:001;
23060:002;
23061:001;
23062:002;
23063:001;
23064:002;
23065:001;
23066:002;
23067:001;
23068:002;
23069:001;
23070:002;
23071:001;
23072:002;
23073:001;
23074:002;
23075:001;
23076:002;
23077:001;
23078:002;
23079:001;
23080:002;
23081:001;
23082:002;
23083:001;
23084:002;
23085:001;
23086:002;
23087:001;
23088:002;
23089:001;
23090:002;
23091:001;
23092:002;
23093:001;
23094:002;
23095:001;
23096:002;
23097:001;
23098:002;
23099:001;
23100:002;
23101:001;
23102:002;
23103:001;
23104:002;
23105:001;
23106:002;
23107:001;
23108:002;
23109:001;
23110:002;
23111:001;
23112:002;
23113:001;
23114:002;
23115:001;
23116:002;
23117:001;
23118:002;
23119:001;
23120:002;
23121:001;
23122:002;
23123:001;
23124:002;
23125:001;
23126:002;
23127:001;
23128:002;
23129:001;
23130:002;
23131:001;
23132:002;
23133:001;
23134:002;
23135:001;
23136:002;
23137:001;
23138:002;
23139:001;
23140:002;
23141:001;
23142:002;
23143:001;
23144:002;
23145:001;
23146:002;
23147:001;
23148:002;
23149:001;
23150:002;
23151:001;
23152:002;
23153:001;
23154:002;
23155:001;
23156:002;
23157:001;
23158:002;
23159:001;
23160:002;
23161:001;
23162:002;
23163:001;
23164:002;
23165:001;
23166:002;
23167:000;
23168:001;
23169:002;
23170:001;
23171:001;
23172:001;
23173:002;
23174:001;
23175:001;
23176:001;
23177:002;
23178:001;
23179:001;
23180:001;
23181:002;
23182:001;
23183:001;
23184:001;
23185:002;
23186:001;
23187:001;
23188:001;
23189:002;
23190:001;
23191:001;
23192:001;
23193:002;
23194:001;
23195:001;
23196:001;
23197:002;
23198:001;
23199:001;
23200:001;
23201:002;
23202:001;
23203:001;
23204:001;
23205:002;
23206:001;
23207:001;
23208:001;
23209:002;
23210:001;
23211:001;
23212:001;
23213:002;
23214:001;
23215:001;
23216:001;
23217:002;
23218:001;
23219:001;
23220:001;
23221:002;
23222:001;
23223:001;
23224:001;
23225:002;
23226:001;
23227:001;
23228:001;
23229:002;
23230:001;
23231:001;
23232:001;
23233:002;
23234:001;
23235:001;
23236:001;
23237:002;
23238:001;
23239:001;
23240:001;
23241:002;
23242:001;
23243:001;
23244:001;
23245:002;
23246:001;
23247:001;
23248:001;
23249:002;
23250:001;
23251:001;
23252:001;
23253:002;
23254:001;
23255:001;
23256:001;
23257:002;
23258:001;
23259:001;
23260:001;
23261:002;
23262:001;
23263:001;
23264:001;
23265:002;
23266:001;
23267:001;
23268:001;
23269:002;
23270:001;
23271:001;
23272:001;
23273:002;
23274:001;
23275:001;
23276:001;
23277:002;
23278:001;
23279:001;
23280:001;
23281:002;
23282:001;
23283:001;
23284:001;
23285:002;
23286:001;
23287:001;
23288:001;
23289:002;
23290:001;
23291:001;
23292:001;
23293:002;
23294:001;
23295:000;
23296:002;
23297:001;
23298:002;
23299:001;
23300:002;
23301:001;
23302:002;
23303:001;
23304:002;
23305:001;
23306:002;
23307:001;
23308:002;
23309:001;
23310:002;
23311:001;
23312:002;
23313:001;
23314:002;
23315:001;
23316:002;
23317:001;
23318:002;
23319:001;
23320:002;
23321:001;
23322:002;
23323:001;
23324:002;
23325:001;
23326:002;
23327:001;
23328:002;
23329:001;
23330:002;
23331:001;
23332:002;
23333:001;
23334:002;
23335:001;
23336:002;
23337:001;
23338:002;
23339:001;
23340:002;
23341:001;
23342:002;
23343:001;
23344:002;
23345:001;
23346:002;
23347:001;
23348:002;
23349:001;
23350:002;
23351:001;
23352:002;
23353:001;
23354:002;
23355:001;
23356:002;
23357:001;
23358:002;
23359:001;
23360:002;
23361:001;
23362:002;
23363:001;
23364:002;
23365:001;
23366:002;
23367:001;
23368:002;
23369:001;
23370:002;
23371:001;
23372:002;
23373:001;
23374:002;
23375:001;
23376:002;
23377:001;
23378:002;
23379:001;
23380:002;
23381:001;
23382:002;
23383:001;
23384:002;
23385:001;
23386:002;
23387:001;
23388:002;
23389:001;
23390:002;
23391:001;
23392:002;
23393:001;
23394:002;
23395:001;
23396:002;
23397:001;
23398:002;
23399:001;
23400:002;
23401:001;
23402:002;
23403:001;
23404:002;
23405:001;
23406:002;
23407:001;
23408:002;
23409:001;
23410:002;
23411:001;
23412:002;
23413:001;
23414:002;
23415:001;
23416:002;
23417:001;
23418:002;
23419:001;
23420:002;
23421:001;
23422:002;
23423:000;
23424:001;
23425:001;
23426:001;
23427:001;
23428:001;
23429:001;
23430:001;
23431:001;
23432:001;
23433:001;
23434:001;
23435:001;
23436:001;
23437:001;
23438:001;
23439:001;
23440:001;
23441:001;
23442:001;
23443:001;
23444:001;
23445:001;
23446:001;
23447:001;
23448:001;
23449:001;
23450:001;
23451:001;
23452:001;
23453:001;
23454:001;
23455:001;
23456:001;
23457:001;
23458:001;
23459:001;
23460:001;
23461:001;
23462:001;
23463:001;
23464:001;
23465:001;
23466:001;
23467:001;
23468:001;
23469:001;
23470:001;
23471:001;
23472:001;
23473:001;
23474:001;
23475:001;
23476:001;
23477:001;
23478:001;
23479:001;
23480:001;
23481:001;
23482:001;
23483:001;
23484:001;
23485:001;
23486:001;
23487:001;
23488:001;
23489:001;
23490:001;
23491:001;
23492:001;
23493:001;
23494:001;
23495:001;
23496:001;
23497:001;
23498:001;
23499:001;
23500:001;
23501:001;
23502:001;
23503:001;
23504:001;
23505:001;
23506:001;
23507:001;
23508:001;
23509:001;
23510:001;
23511:001;
23512:001;
23513:001;
23514:001;
23515:001;
23516:001;
23517:001;
23518:001;
23519:001;
23520:001;
23521:001;
23522:001;
23523:001;
23524:001;
23525:001;
23526:001;
23527:001;
23528:001;
23529:001;
23530:001;
23531:001;
23532:001;
23533:001;
23534:001;
23535:001;
23536:001;
23537:001;
23538:001;
23539:001;
23540:001;
23541:001;
23542:001;
23543:001;
23544:001;
23545:001;
23546:001;
23547:001;
23548:001;
23549:001;
23550:001;
23551:000;
23552:002;
23553:001;
23554:002;
23555:001;
23556:002;
23557:001;
23558:002;
23559:001;
23560:002;
23561:001;
23562:002;
23563:001;
23564:002;
23565:001;
23566:002;
23567:001;
23568:002;
23569:001;
23570:002;
23571:001;
23572:002;
23573:001;
23574:002;
23575:001;
23576:002;
23577:001;
23578:002;
23579:001;
23580:002;
23581:001;
23582:002;
23583:001;
23584:002;
23585:001;
23586:002;
23587:001;
23588:002;
23589:001;
23590:002;
23591:001;
23592:002;
23593:001;
23594:002;
23595:001;
23596:002;
23597:001;
23598:002;
23599:001;
23600:002;
23601:001;
23602:002;
23603:001;
23604:002;
23605:001;
23606:002;
23607:001;
23608:002;
23609:001;
23610:002;
23611:001;
23612:002;
23613:001;
23614:002;
23615:001;
23616:002;
23617:001;
23618:002;
23619:001;
23620:002;
23621:001;
23622:002;
23623:001;
23624:002;
23625:001;
23626:002;
23627:001;
23628:002;
23629:001;
23630:002;
23631:001;
23632:002;
23633:001;
23634:002;
23635:001;
23636:002;
23637:001;
23638:002;
23639:001;
23640:002;
23641:001;
23642:002;
23643:001;
23644:002;
23645:001;
23646:002;
23647:001;
23648:002;
23649:001;
23650:002;
23651:001;
23652:002;
23653:001;
23654:002;
23655:001;
23656:002;
23657:001;
23658:002;
23659:001;
23660:002;
23661:001;
23662:002;
23663:001;
23664:002;
23665:001;
23666:002;
23667:001;
23668:002;
23669:001;
23670:002;
23671:001;
23672:002;
23673:001;
23674:002;
23675:001;
23676:002;
23677:001;
23678:002;
23679:000;
23680:001;
23681:002;
23682:001;
23683:001;
23684:001;
23685:002;
23686:001;
23687:001;
23688:001;
23689:002;
23690:001;
23691:001;
23692:001;
23693:002;
23694:001;
23695:001;
23696:001;
23697:002;
23698:001;
23699:001;
23700:001;
23701:002;
23702:001;
23703:001;
23704:001;
23705:002;
23706:001;
23707:001;
23708:001;
23709:002;
23710:001;
23711:001;
23712:001;
23713:002;
23714:001;
23715:001;
23716:001;
23717:002;
23718:001;
23719:001;
23720:001;
23721:002;
23722:001;
23723:001;
23724:001;
23725:002;
23726:001;
23727:001;
23728:001;
23729:002;
23730:001;
23731:001;
23732:001;
23733:002;
23734:001;
23735:001;
23736:001;
23737:002;
23738:001;
23739:001;
23740:001;
23741:002;
23742:001;
23743:001;
23744:001;
23745:002;
23746:001;
23747:001;
23748:001;
23749:002;
23750:001;
23751:001;
23752:001;
23753:002;
23754:001;
23755:001;
23756:001;
23757:002;
23758:001;
23759:001;
23760:001;
23761:002;
23762:001;
23763:001;
23764:001;
23765:002;
23766:001;
23767:001;
23768:001;
23769:002;
23770:001;
23771:001;
23772:001;
23773:002;
23774:001;
23775:001;
23776:001;
23777:002;
23778:001;
23779:001;
23780:001;
23781:002;
23782:001;
23783:001;
23784:001;
23785:002;
23786:001;
23787:001;
23788:001;
23789:002;
23790:001;
23791:001;
23792:001;
23793:002;
23794:001;
23795:001;
23796:001;
23797:002;
23798:001;
23799:001;
23800:001;
23801:002;
23802:001;
23803:001;
23804:001;
23805:002;
23806:001;
23807:000;
23808:002;
23809:001;
23810:002;
23811:001;
23812:002;
23813:001;
23814:002;
23815:001;
23816:002;
23817:001;
23818:002;
23819:001;
23820:002;
23821:001;
23822:002;
23823:001;
23824:002;
23825:001;
23826:002;
23827:001;
23828:002;
23829:001;
23830:002;
23831:001;
23832:002;
23833:001;
23834:002;
23835:001;
23836:002;
23837:001;
23838:002;
23839:001;
23840:002;
23841:001;
23842:002;
23843:001;
23844:002;
23845:001;
23846:002;
23847:001;
23848:002;
23849:001;
23850:002;
23851:001;
23852:002;
23853:001;
23854:002;
23855:001;
23856:002;
23857:001;
23858:002;
23859:001;
23860:002;
23861:001;
23862:002;
23863:001;
23864:002;
23865:001;
23866:002;
23867:001;
23868:002;
23869:001;
23870:002;
23871:001;
23872:002;
23873:001;
23874:002;
23875:001;
23876:002;
23877:001;
23878:002;
23879:001;
23880:002;
23881:001;
23882:002;
23883:001;
23884:002;
23885:001;
23886:002;
23887:001;
23888:002;
23889:001;
23890:002;
23891:001;
23892:002;
23893:001;
23894:002;
23895:001;
23896:002;
23897:001;
23898:002;
23899:001;
23900:002;
23901:001;
23902:002;
23903:001;
23904:002;
23905:001;
23906:002;
23907:001;
23908:002;
23909:001;
23910:002;
23911:001;
23912:002;
23913:001;
23914:002;
23915:001;
23916:002;
23917:001;
23918:002;
23919:001;
23920:002;
23921:001;
23922:002;
23923:001;
23924:002;
23925:001;
23926:002;
23927:001;
23928:002;
23929:001;
23930:002;
23931:001;
23932:002;
23933:001;
23934:002;
23935:000;
23936:001;
23937:001;
23938:001;
23939:002;
23940:001;
23941:001;
23942:001;
23943:001;
23944:001;
23945:001;
23946:001;
23947:002;
23948:001;
23949:001;
23950:001;
23951:001;
23952:001;
23953:001;
23954:001;
23955:002;
23956:001;
23957:001;
23958:001;
23959:001;
23960:001;
23961:001;
23962:001;
23963:002;
23964:001;
23965:001;
23966:001;
23967:001;
23968:001;
23969:001;
23970:001;
23971:002;
23972:001;
23973:001;
23974:001;
23975:001;
23976:001;
23977:001;
23978:001;
23979:002;
23980:001;
23981:001;
23982:001;
23983:001;
23984:001;
23985:001;
23986:001;
23987:002;
23988:001;
23989:001;
23990:001;
23991:001;
23992:001;
23993:001;
23994:001;
23995:002;
23996:001;
23997:001;
23998:001;
23999:001;
24000:001;
24001:001;
24002:001;
24003:002;
24004:001;
24005:001;
24006:001;
24007:001;
24008:001;
24009:001;
24010:001;
24011:002;
24012:001;
24013:001;
24014:001;
24015:001;
24016:001;
24017:001;
24018:001;
24019:002;
24020:001;
24021:001;
24022:001;
24023:001;
24024:001;
24025:001;
24026:001;
24027:002;
24028:001;
24029:001;
24030:001;
24031:001;
24032:001;
24033:001;
24034:001;
24035:002;
24036:001;
24037:001;
24038:001;
24039:001;
24040:001;
24041:001;
24042:001;
24043:002;
24044:001;
24045:001;
24046:001;
24047:001;
24048:001;
24049:001;
24050:001;
24051:002;
24052:001;
24053:001;
24054:001;
24055:001;
24056:001;
24057:001;
24058:001;
24059:002;
24060:001;
24061:001;
24062:001;
24063:000;
24064:002;
24065:001;
24066:002;
24067:001;
24068:002;
24069:001;
24070:002;
24071:001;
24072:002;
24073:001;
24074:002;
24075:001;
24076:002;
24077:001;
24078:002;
24079:001;
24080:002;
24081:001;
24082:002;
24083:001;
24084:002;
24085:001;
24086:002;
24087:001;
24088:002;
24089:001;
24090:002;
24091:001;
24092:002;
24093:001;
24094:002;
24095:001;
24096:002;
24097:001;
24098:002;
24099:001;
24100:002;
24101:001;
24102:002;
24103:001;
24104:002;
24105:001;
24106:002;
24107:001;
24108:002;
24109:001;
24110:002;
24111:001;
24112:002;
24113:001;
24114:002;
24115:001;
24116:002;
24117:001;
24118:002;
24119:001;
24120:002;
24121:001;
24122:002;
24123:001;
24124:002;
24125:001;
24126:002;
24127:001;
24128:002;
24129:001;
24130:002;
24131:001;
24132:002;
24133:001;
24134:002;
24135:001;
24136:002;
24137:001;
24138:002;
24139:001;
24140:002;
24141:001;
24142:002;
24143:001;
24144:002;
24145:001;
24146:002;
24147:001;
24148:002;
24149:001;
24150:002;
24151:001;
24152:002;
24153:001;
24154:002;
24155:001;
24156:002;
24157:001;
24158:002;
24159:001;
24160:002;
24161:001;
24162:002;
24163:001;
24164:002;
24165:001;
24166:002;
24167:001;
24168:002;
24169:001;
24170:002;
24171:001;
24172:002;
24173:001;
24174:002;
24175:001;
24176:002;
24177:001;
24178:002;
24179:001;
24180:002;
24181:001;
24182:002;
24183:001;
24184:002;
24185:001;
24186:002;
24187:001;
24188:002;
24189:001;
24190:002;
24191:000;
24192:001;
24193:002;
24194:001;
24195:001;
24196:001;
24197:002;
24198:001;
24199:001;
24200:001;
24201:002;
24202:001;
24203:001;
24204:001;
24205:002;
24206:001;
24207:001;
24208:001;
24209:002;
24210:001;
24211:001;
24212:001;
24213:002;
24214:001;
24215:001;
24216:001;
24217:002;
24218:001;
24219:001;
24220:001;
24221:002;
24222:001;
24223:001;
24224:001;
24225:002;
24226:001;
24227:001;
24228:001;
24229:002;
24230:001;
24231:001;
24232:001;
24233:002;
24234:001;
24235:001;
24236:001;
24237:002;
24238:001;
24239:001;
24240:001;
24241:002;
24242:001;
24243:001;
24244:001;
24245:002;
24246:001;
24247:001;
24248:001;
24249:002;
24250:001;
24251:001;
24252:001;
24253:002;
24254:001;
24255:001;
24256:001;
24257:002;
24258:001;
24259:001;
24260:001;
24261:002;
24262:001;
24263:001;
24264:001;
24265:002;
24266:001;
24267:001;
24268:001;
24269:002;
24270:001;
24271:001;
24272:001;
24273:002;
24274:001;
24275:001;
24276:001;
24277:002;
24278:001;
24279:001;
24280:001;
24281:002;
24282:001;
24283:001;
24284:001;
24285:002;
24286:001;
24287:001;
24288:001;
24289:002;
24290:001;
24291:001;
24292:001;
24293:002;
24294:001;
24295:001;
24296:001;
24297:002;
24298:001;
24299:001;
24300:001;
24301:002;
24302:001;
24303:001;
24304:001;
24305:002;
24306:001;
24307:001;
24308:001;
24309:002;
24310:001;
24311:001;
24312:001;
24313:002;
24314:001;
24315:001;
24316:001;
24317:002;
24318:001;
24319:000;
24320:002;
24321:001;
24322:002;
24323:001;
24324:002;
24325:001;
24326:002;
24327:001;
24328:002;
24329:001;
24330:002;
24331:001;
24332:002;
24333:001;
24334:002;
24335:001;
24336:002;
24337:001;
24338:002;
24339:001;
24340:002;
24341:001;
24342:002;
24343:001;
24344:002;
24345:001;
24346:002;
24347:001;
24348:002;
24349:001;
24350:002;
24351:001;
24352:002;
24353:001;
24354:002;
24355:001;
24356:002;
24357:001;
24358:002;
24359:001;
24360:002;
24361:001;
24362:002;
24363:001;
24364:002;
24365:001;
24366:002;
24367:001;
24368:002;
24369:001;
24370:002;
24371:001;
24372:002;
24373:001;
24374:002;
24375:001;
24376:002;
24377:001;
24378:002;
24379:001;
24380:002;
24381:001;
24382:002;
24383:001;
24384:002;
24385:001;
24386:002;
24387:001;
24388:002;
24389:001;
24390:002;
24391:001;
24392:002;
24393:001;
24394:002;
24395:001;
24396:002;
24397:001;
24398:002;
24399:001;
24400:002;
24401:001;
24402:002;
24403:001;
24404:002;
24405:001;
24406:002;
24407:001;
24408:002;
24409:001;
24410:002;
24411:001;
24412:002;
24413:001;
24414:002;
24415:001;
24416:002;
24417:001;
24418:002;
24419:001;
24420:002;
24421:001;
24422:002;
24423:001;
24424:002;
24425:001;
24426:002;
24427:001;
24428:002;
24429:001;
24430:002;
24431:001;
24432:002;
24433:001;
24434:002;
24435:001;
24436:002;
24437:001;
24438:002;
24439:001;
24440:002;
24441:001;
24442:002;
24443:001;
24444:002;
24445:001;
24446:002;
24447:000;
24448:001;
24449:001;
24450:001;
24451:001;
24452:001;
24453:001;
24454:001;
24455:002;
24456:001;
24457:001;
24458:001;
24459:001;
24460:001;
24461:001;
24462:001;
24463:002;
24464:001;
24465:001;
24466:001;
24467:001;
24468:001;
24469:001;
24470:001;
24471:002;
24472:001;
24473:001;
24474:001;
24475:001;
24476:001;
24477:001;
24478:001;
24479:002;
24480:001;
24481:001;
24482:001;
24483:001;
24484:001;
24485:001;
24486:001;
24487:002;
24488:001;
24489:001;
24490:001;
24491:001;
24492:001;
24493:001;
24494:001;
24495:002;
24496:001;
24497:001;
24498:001;
24499:001;
24500:001;
24501:001;
24502:001;
24503:002;
24504:001;
24505:001;
24506:001;
24507:001;
24508:001;
24509:001;
24510:001;
24511:002;
24512:001;
24513:001;
24514:001;
24515:001;
24516:001;
24517:001;
24518:001;
24519:002;
24520:001;
24521:001;
24522:001;
24523:001;
24524:001;
24525:001;
24526:001;
24527:002;
24528:001;
24529:001;
24530:001;
24531:001;
24532:001;
24533:001;
24534:001;
24535:002;
24536:001;
24537:001;
24538:001;
24539:001;
24540:001;
24541:001;
24542:001;
24543:002;
24544:001;
24545:001;
24546:001;
24547:001;
24548:001;
24549:001;
24550:001;
24551:002;
24552:001;
24553:001;
24554:001;
24555:001;
24556:001;
24557:001;
24558:001;
24559:002;
24560:001;
24561:001;
24562:001;
24563:001;
24564:001;
24565:001;
24566:001;
24567:002;
24568:001;
24569:001;
24570:001;
24571:001;
24572:001;
24573:001;
24574:001;
24575:000;
24576:002;
24577:001;
24578:002;
24579:001;
24580:002;
24581:001;
24582:002;
24583:001;
24584:002;
24585:001;
24586:002;
24587:001;
24588:002;
24589:001;
24590:002;
24591:001;
24592:002;
24593:001;
24594:002;
24595:001;
24596:002;
24597:001;
24598:002;
24599:001;
24600:002;
24601:001;
24602:002;
24603:001;
24604:002;
24605:001;
24606:002;
24607:001;
24608:002;
24609:001;
24610:002;
24611:001;
24612:002;
24613:001;
24614:002;
24615:001;
24616:002;
24617:001;
24618:002;
24619:001;
24620:002;
24621:001;
24622:002;
24623:001;
24624:002;
24625:001;
24626:002;
24627:001;
24628:002;
24629:001;
24630:002;
24631:001;
24632:002;
24633:001;
24634:002;
24635:001;
24636:002;
24637:001;
24638:002;
24639:001;
24640:002;
24641:001;
24642:002;
24643:001;
24644:002;
24645:001;
24646:002;
24647:001;
24648:002;
24649:001;
24650:002;
24651:001;
24652:002;
24653:001;
24654:002;
24655:001;
24656:002;
24657:001;
24658:002;
24659:001;
24660:002;
24661:001;
24662:002;
24663:001;
24664:002;
24665:001;
24666:002;
24667:001;
24668:002;
24669:001;
24670:002;
24671:001;
24672:002;
24673:001;
24674:002;
24675:001;
24676:002;
24677:001;
24678:002;
24679:001;
24680:002;
24681:001;
24682:002;
24683:001;
24684:002;
24685:001;
24686:002;
24687:001;
24688:002;
24689:001;
24690:002;
24691:001;
24692:002;
24693:001;
24694:002;
24695:001;
24696:002;
24697:001;
24698:002;
24699:001;
24700:002;
24701:001;
24702:002;
24703:000;
24704:001;
24705:002;
24706:001;
24707:001;
24708:001;
24709:002;
24710:001;
24711:001;
24712:001;
24713:002;
24714:001;
24715:001;
24716:001;
24717:002;
24718:001;
24719:001;
24720:001;
24721:002;
24722:001;
24723:001;
24724:001;
24725:002;
24726:001;
24727:001;
24728:001;
24729:002;
24730:001;
24731:001;
24732:001;
24733:002;
24734:001;
24735:001;
24736:001;
24737:002;
24738:001;
24739:001;
24740:001;
24741:002;
24742:001;
24743:001;
24744:001;
24745:002;
24746:001;
24747:001;
24748:001;
24749:002;
24750:001;
24751:001;
24752:001;
24753:002;
24754:001;
24755:001;
24756:001;
24757:002;
24758:001;
24759:001;
24760:001;
24761:002;
24762:001;
24763:001;
24764:001;
24765:002;
24766:001;
24767:001;
24768:001;
24769:002;
24770:001;
24771:001;
24772:001;
24773:002;
24774:001;
24775:001;
24776:001;
24777:002;
24778:001;
24779:001;
24780:001;
24781:002;
24782:001;
24783:001;
24784:001;
24785:002;
24786:001;
24787:001;
24788:001;
24789:002;
24790:001;
24791:001;
24792:001;
24793:002;
24794:001;
24795:001;
24796:001;
24797:002;
24798:001;
24799:001;
24800:001;
24801:002;
24802:001;
24803:001;
24804:001;
24805:002;
24806:001;
24807:001;
24808:001;
24809:002;
24810:001;
24811:001;
24812:001;
24813:002;
24814:001;
24815:001;
24816:001;
24817:002;
24818:001;
24819:001;
24820:001;
24821:002;
24822:001;
24823:001;
24824:001;
24825:002;
24826:001;
24827:001;
24828:001;
24829:002;
24830:001;
24831:000;
24832:002;
24833:001;
24834:002;
24835:001;
24836:002;
24837:001;
24838:002;
24839:001;
24840:002;
24841:001;
24842:002;
24843:001;
24844:002;
24845:001;
24846:002;
24847:001;
24848:002;
24849:001;
24850:002;
24851:001;
24852:002;
24853:001;
24854:002;
24855:001;
24856:002;
24857:001;
24858:002;
24859:001;
24860:002;
24861:001;
24862:002;
24863:001;
24864:002;
24865:001;
24866:002;
24867:001;
24868:002;
24869:001;
24870:002;
24871:001;
24872:002;
24873:001;
24874:002;
24875:001;
24876:002;
24877:001;
24878:002;
24879:001;
24880:002;
24881:001;
24882:002;
24883:001;
24884:002;
24885:001;
24886:002;
24887:001;
24888:002;
24889:001;
24890:002;
24891:001;
24892:002;
24893:001;
24894:002;
24895:001;
24896:002;
24897:001;
24898:002;
24899:001;
24900:002;
24901:001;
24902:002;
24903:001;
24904:002;
24905:001;
24906:002;
24907:001;
24908:002;
24909:001;
24910:002;
24911:001;
24912:002;
24913:001;
24914:002;
24915:001;
24916:002;
24917:001;
24918:002;
24919:001;
24920:002;
24921:001;
24922:002;
24923:001;
24924:002;
24925:001;
24926:002;
24927:001;
24928:002;
24929:001;
24930:002;
24931:001;
24932:002;
24933:001;
24934:002;
24935:001;
24936:002;
24937:001;
24938:002;
24939:001;
24940:002;
24941:001;
24942:002;
24943:001;
24944:002;
24945:001;
24946:002;
24947:001;
24948:002;
24949:001;
24950:002;
24951:001;
24952:002;
24953:001;
24954:002;
24955:001;
24956:002;
24957:001;
24958:002;
24959:000;
24960:001;
24961:001;
24962:001;
24963:002;
24964:001;
24965:001;
24966:001;
24967:002;
24968:001;
24969:001;
24970:001;
24971:002;
24972:001;
24973:001;
24974:001;
24975:002;
24976:001;
24977:001;
24978:001;
24979:002;
24980:001;
24981:001;
24982:001;
24983:002;
24984:001;
24985:001;
24986:001;
24987:002;
24988:001;
24989:001;
24990:001;
24991:002;
24992:001;
24993:001;
24994:001;
24995:002;
24996:001;
24997:001;
24998:001;
24999:002;
25000:001;
25001:001;
25002:001;
25003:002;
25004:001;
25005:001;
25006:001;
25007:002;
25008:001;
25009:001;
25010:001;
25011:002;
25012:001;
25013:001;
25014:001;
25015:002;
25016:001;
25017:001;
25018:001;
25019:002;
25020:001;
25021:001;
25022:001;
25023:002;
25024:001;
25025:001;
25026:001;
25027:002;
25028:001;
25029:001;
25030:001;
25031:002;
25032:001;
25033:001;
25034:001;
25035:002;
25036:001;
25037:001;
25038:001;
25039:002;
25040:001;
25041:001;
25042:001;
25043:002;
25044:001;
25045:001;
25046:001;
25047:002;
25048:001;
25049:001;
25050:001;
25051:002;
25052:001;
25053:001;
25054:001;
25055:002;
25056:001;
25057:001;
25058:001;
25059:002;
25060:001;
25061:001;
25062:001;
25063:002;
25064:001;
25065:001;
25066:001;
25067:002;
25068:001;
25069:001;
25070:001;
25071:002;
25072:001;
25073:001;
25074:001;
25075:002;
25076:001;
25077:001;
25078:001;
25079:002;
25080:001;
25081:001;
25082:001;
25083:002;
25084:001;
25085:001;
25086:001;
25087:000;
25088:002;
25089:001;
25090:002;
25091:001;
25092:002;
25093:001;
25094:002;
25095:001;
25096:002;
25097:001;
25098:002;
25099:001;
25100:002;
25101:001;
25102:002;
25103:001;
25104:002;
25105:001;
25106:002;
25107:001;
25108:002;
25109:001;
25110:002;
25111:001;
25112:002;
25113:001;
25114:002;
25115:001;
25116:002;
25117:001;
25118:002;
25119:001;
25120:002;
25121:001;
25122:002;
25123:001;
25124:002;
25125:001;
25126:002;
25127:001;
25128:002;
25129:001;
25130:002;
25131:001;
25132:002;
25133:001;
25134:002;
25135:001;
25136:002;
25137:001;
25138:002;
25139:001;
25140:002;
25141:001;
25142:002;
25143:001;
25144:002;
25145:001;
25146:002;
25147:001;
25148:002;
25149:001;
25150:002;
25151:001;
25152:002;
25153:001;
25154:002;
25155:001;
25156:002;
25157:001;
25158:002;
25159:001;
25160:002;
25161:001;
25162:002;
25163:001;
25164:002;
25165:001;
25166:002;
25167:001;
25168:002;
25169:001;
25170:002;
25171:001;
25172:002;
25173:001;
25174:002;
25175:001;
25176:002;
25177:001;
25178:002;
25179:001;
25180:002;
25181:001;
25182:002;
25183:001;
25184:002;
25185:001;
25186:002;
25187:001;
25188:002;
25189:001;
25190:002;
25191:001;
25192:002;
25193:001;
25194:002;
25195:001;
25196:002;
25197:001;
25198:002;
25199:001;
25200:002;
25201:001;
25202:002;
25203:001;
25204:002;
25205:001;
25206:002;
25207:001;
25208:002;
25209:001;
25210:002;
25211:001;
25212:002;
25213:001;
25214:002;
25215:000;
25216:001;
25217:002;
25218:001;
25219:001;
25220:001;
25221:002;
25222:001;
25223:001;
25224:001;
25225:002;
25226:001;
25227:001;
25228:001;
25229:002;
25230:001;
25231:001;
25232:001;
25233:002;
25234:001;
25235:001;
25236:001;
25237:002;
25238:001;
25239:001;
25240:001;
25241:002;
25242:001;
25243:001;
25244:001;
25245:002;
25246:001;
25247:001;
25248:001;
25249:002;
25250:001;
25251:001;
25252:001;
25253:002;
25254:001;
25255:001;
25256:001;
25257:002;
25258:001;
25259:001;
25260:001;
25261:002;
25262:001;
25263:001;
25264:001;
25265:002;
25266:001;
25267:001;
25268:001;
25269:002;
25270:001;
25271:001;
25272:001;
25273:002;
25274:001;
25275:001;
25276:001;
25277:002;
25278:001;
25279:001;
25280:001;
25281:002;
25282:001;
25283:001;
25284:001;
25285:002;
25286:001;
25287:001;
25288:001;
25289:002;
25290:001;
25291:001;
25292:001;
25293:002;
25294:001;
25295:001;
25296:001;
25297:002;
25298:001;
25299:001;
25300:001;
25301:002;
25302:001;
25303:001;
25304:001;
25305:002;
25306:001;
25307:001;
25308:001;
25309:002;
25310:001;
25311:001;
25312:001;
25313:002;
25314:001;
25315:001;
25316:001;
25317:002;
25318:001;
25319:001;
25320:001;
25321:002;
25322:001;
25323:001;
25324:001;
25325:002;
25326:001;
25327:001;
25328:001;
25329:002;
25330:001;
25331:001;
25332:001;
25333:002;
25334:001;
25335:001;
25336:001;
25337:002;
25338:001;
25339:001;
25340:001;
25341:002;
25342:001;
25343:000;
25344:002;
25345:001;
25346:002;
25347:001;
25348:002;
25349:001;
25350:002;
25351:001;
25352:002;
25353:001;
25354:002;
25355:001;
25356:002;
25357:001;
25358:002;
25359:001;
25360:002;
25361:001;
25362:002;
25363:001;
25364:002;
25365:001;
25366:002;
25367:001;
25368:002;
25369:001;
25370:002;
25371:001;
25372:002;
25373:001;
25374:002;
25375:001;
25376:002;
25377:001;
25378:002;
25379:001;
25380:002;
25381:001;
25382:002;
25383:001;
25384:002;
25385:001;
25386:002;
25387:001;
25388:002;
25389:001;
25390:002;
25391:001;
25392:002;
25393:001;
25394:002;
25395:001;
25396:002;
25397:001;
25398:002;
25399:001;
25400:002;
25401:001;
25402:002;
25403:001;
25404:002;
25405:001;
25406:002;
25407:001;
25408:002;
25409:001;
25410:002;
25411:001;
25412:002;
25413:001;
25414:002;
25415:001;
25416:002;
25417:001;
25418:002;
25419:001;
25420:002;
25421:001;
25422:002;
25423:001;
25424:002;
25425:001;
25426:002;
25427:001;
25428:002;
25429:001;
25430:002;
25431:001;
25432:002;
25433:001;
25434:002;
25435:001;
25436:002;
25437:001;
25438:002;
25439:001;
25440:002;
25441:001;
25442:002;
25443:001;
25444:002;
25445:001;
25446:002;
25447:001;
25448:002;
25449:001;
25450:002;
25451:001;
25452:002;
25453:001;
25454:002;
25455:001;
25456:002;
25457:001;
25458:002;
25459:001;
25460:002;
25461:001;
25462:002;
25463:001;
25464:002;
25465:001;
25466:002;
25467:001;
25468:002;
25469:001;
25470:002;
25471:000;
25472:001;
25473:001;
25474:001;
25475:001;
25476:001;
25477:001;
25478:001;
25479:002;
25480:001;
25481:001;
25482:001;
25483:001;
25484:001;
25485:001;
25486:001;
25487:002;
25488:001;
25489:001;
25490:001;
25491:001;
25492:001;
25493:001;
25494:001;
25495:002;
25496:001;
25497:001;
25498:001;
25499:001;
25500:001;
25501:001;
25502:001;
25503:002;
25504:001;
25505:001;
25506:001;
25507:001;
25508:001;
25509:001;
25510:001;
25511:002;
25512:001;
25513:001;
25514:001;
25515:001;
25516:001;
25517:001;
25518:001;
25519:002;
25520:001;
25521:001;
25522:001;
25523:001;
25524:001;
25525:001;
25526:001;
25527:002;
25528:001;
25529:001;
25530:001;
25531:001;
25532:001;
25533:001;
25534:001;
25535:002;
25536:001;
25537:001;
25538:001;
25539:001;
25540:001;
25541:001;
25542:001;
25543:002;
25544:001;
25545:001;
25546:001;
25547:001;
25548:001;
25549:001;
25550:001;
25551:002;
25552:001;
25553:001;
25554:001;
25555:001;
25556:001;
25557:001;
25558:001;
25559:002;
25560:001;
25561:001;
25562:001;
25563:001;
25564:001;
25565:001;
25566:001;
25567:002;
25568:001;
25569:001;
25570:001;
25571:001;
25572:001;
25573:001;
25574:001;
25575:002;
25576:001;
25577:001;
25578:001;
25579:001;
25580:001;
25581:001;
25582:001;
25583:002;
25584:001;
25585:001;
25586:001;
25587:001;
25588:001;
25589:001;
25590:001;
25591:002;
25592:001;
25593:001;
25594:001;
25595:001;
25596:001;
25597:001;
25598:001;
25599:000;
25600:002;
25601:001;
25602:002;
25603:001;
25604:002;
25605:001;
25606:002;
25607:001;
25608:002;
25609:001;
25610:002;
25611:001;
25612:002;
25613:001;
25614:002;
25615:001;
25616:002;
25617:001;
25618:002;
25619:001;
25620:002;
25621:001;
25622:002;
25623:001;
25624:002;
25625:001;
25626:002;
25627:001;
25628:002;
25629:001;
25630:002;
25631:001;
25632:002;
25633:001;
25634:002;
25635:001;
25636:002;
25637:001;
25638:002;
25639:001;
25640:002;
25641:001;
25642:002;
25643:001;
25644:002;
25645:001;
25646:002;
25647:001;
25648:002;
25649:001;
25650:002;
25651:001;
25652:002;
25653:001;
25654:002;
25655:001;
25656:002;
25657:001;
25658:002;
25659:001;
25660:002;
25661:001;
25662:002;
25663:001;
25664:002;
25665:001;
25666:002;
25667:001;
25668:002;
25669:001;
25670:002;
25671:001;
25672:002;
25673:001;
25674:002;
25675:001;
25676:002;
25677:001;
25678:002;
25679:001;
25680:002;
25681:001;
25682:002;
25683:001;
25684:002;
25685:001;
25686:002;
25687:001;
25688:002;
25689:001;
25690:002;
25691:001;
25692:002;
25693:001;
25694:002;
25695:001;
25696:002;
25697:001;
25698:002;
25699:001;
25700:002;
25701:001;
25702:002;
25703:001;
25704:002;
25705:001;
25706:002;
25707:001;
25708:002;
25709:001;
25710:002;
25711:001;
25712:002;
25713:001;
25714:002;
25715:001;
25716:002;
25717:001;
25718:002;
25719:001;
25720:002;
25721:001;
25722:002;
25723:001;
25724:002;
25725:001;
25726:002;
25727:000;
25728:001;
25729:002;
25730:001;
25731:001;
25732:001;
25733:002;
25734:001;
25735:001;
25736:001;
25737:002;
25738:001;
25739:001;
25740:001;
25741:002;
25742:001;
25743:001;
25744:001;
25745:002;
25746:001;
25747:001;
25748:001;
25749:002;
25750:001;
25751:001;
25752:001;
25753:002;
25754:001;
25755:001;
25756:001;
25757:002;
25758:001;
25759:001;
25760:001;
25761:002;
25762:001;
25763:001;
25764:001;
25765:002;
25766:001;
25767:001;
25768:001;
25769:002;
25770:001;
25771:001;
25772:001;
25773:002;
25774:001;
25775:001;
25776:001;
25777:002;
25778:001;
25779:001;
25780:001;
25781:002;
25782:001;
25783:001;
25784:001;
25785:002;
25786:001;
25787:001;
25788:001;
25789:002;
25790:001;
25791:001;
25792:001;
25793:002;
25794:001;
25795:001;
25796:001;
25797:002;
25798:001;
25799:001;
25800:001;
25801:002;
25802:001;
25803:001;
25804:001;
25805:002;
25806:001;
25807:001;
25808:001;
25809:002;
25810:001;
25811:001;
25812:001;
25813:002;
25814:001;
25815:001;
25816:001;
25817:002;
25818:001;
25819:001;
25820:001;
25821:002;
25822:001;
25823:001;
25824:001;
25825:002;
25826:001;
25827:001;
25828:001;
25829:002;
25830:001;
25831:001;
25832:001;
25833:002;
25834:001;
25835:001;
25836:001;
25837:002;
25838:001;
25839:001;
25840:001;
25841:002;
25842:001;
25843:001;
25844:001;
25845:002;
25846:001;
25847:001;
25848:001;
25849:002;
25850:001;
25851:001;
25852:001;
25853:002;
25854:001;
25855:000;
25856:002;
25857:001;
25858:002;
25859:001;
25860:002;
25861:001;
25862:002;
25863:001;
25864:002;
25865:001;
25866:002;
25867:001;
25868:002;
25869:001;
25870:002;
25871:001;
25872:002;
25873:001;
25874:002;
25875:001;
25876:002;
25877:001;
25878:002;
25879:001;
25880:002;
25881:001;
25882:002;
25883:001;
25884:002;
25885:001;
25886:002;
25887:001;
25888:002;
25889:001;
25890:002;
25891:001;
25892:002;
25893:001;
25894:002;
25895:001;
25896:002;
25897:001;
25898:002;
25899:001;
25900:002;
25901:001;
25902:002;
25903:001;
25904:002;
25905:001;
25906:002;
25907:001;
25908:002;
25909:001;
25910:002;
25911:001;
25912:002;
25913:001;
25914:002;
25915:001;
25916:002;
25917:001;
25918:002;
25919:001;
25920:002;
25921:001;
25922:002;
25923:001;
25924:002;
25925:001;
25926:002;
25927:001;
25928:002;
25929:001;
25930:002;
25931:001;
25932:002;
25933:001;
25934:002;
25935:001;
25936:002;
25937:001;
25938:002;
25939:001;
25940:002;
25941:001;
25942:002;
25943:001;
25944:002;
25945:001;
25946:002;
25947:001;
25948:002;
25949:001;
25950:002;
25951:001;
25952:002;
25953:001;
25954:002;
25955:001;
25956:002;
25957:001;
25958:002;
25959:001;
25960:002;
25961:001;
25962:002;
25963:001;
25964:002;
25965:001;
25966:002;
25967:001;
25968:002;
25969:001;
25970:002;
25971:001;
25972:002;
25973:001;
25974:002;
25975:001;
25976:002;
25977:001;
25978:002;
25979:001;
25980:002;
25981:001;
25982:002;
25983:000;
25984:001;
25985:001;
25986:001;
25987:002;
25988:001;
25989:001;
25990:001;
25991:002;
25992:001;
25993:001;
25994:001;
25995:002;
25996:001;
25997:001;
25998:001;
25999:002;
26000:001;
26001:001;
26002:001;
26003:002;
26004:001;
26005:001;
26006:001;
26007:002;
26008:001;
26009:001;
26010:001;
26011:002;
26012:001;
26013:001;
26014:001;
26015:002;
26016:001;
26017:001;
26018:001;
26019:002;
26020:001;
26021:001;
26022:001;
26023:002;
26024:001;
26025:001;
26026:001;
26027:002;
26028:001;
26029:001;
26030:001;
26031:002;
26032:001;
26033:001;
26034:001;
26035:002;
26036:001;
26037:001;
26038:001;
26039:002;
26040:001;
26041:001;
26042:001;
26043:002;
26044:001;
26045:001;
26046:001;
26047:002;
26048:001;
26049:001;
26050:001;
26051:002;
26052:001;
26053:001;
26054:001;
26055:002;
26056:001;
26057:001;
26058:001;
26059:002;
26060:001;
26061:001;
26062:001;
26063:002;
26064:001;
26065:001;
26066:001;
26067:002;
26068:001;
26069:001;
26070:001;
26071:002;
26072:001;
26073:001;
26074:001;
26075:002;
26076:001;
26077:001;
26078:001;
26079:002;
26080:001;
26081:001;
26082:001;
26083:002;
26084:001;
26085:001;
26086:001;
26087:002;
26088:001;
26089:001;
26090:001;
26091:002;
26092:001;
26093:001;
26094:001;
26095:002;
26096:001;
26097:001;
26098:001;
26099:002;
26100:001;
26101:001;
26102:001;
26103:002;
26104:001;
26105:001;
26106:001;
26107:002;
26108:001;
26109:001;
26110:001;
26111:000;
26112:002;
26113:001;
26114:002;
26115:001;
26116:002;
26117:001;
26118:002;
26119:001;
26120:002;
26121:001;
26122:002;
26123:001;
26124:002;
26125:001;
26126:002;
26127:001;
26128:002;
26129:001;
26130:002;
26131:001;
26132:002;
26133:001;
26134:002;
26135:001;
26136:002;
26137:001;
26138:002;
26139:001;
26140:002;
26141:001;
26142:002;
26143:001;
26144:002;
26145:001;
26146:002;
26147:001;
26148:002;
26149:001;
26150:002;
26151:001;
26152:002;
26153:001;
26154:002;
26155:001;
26156:002;
26157:001;
26158:002;
26159:001;
26160:002;
26161:001;
26162:002;
26163:001;
26164:002;
26165:001;
26166:002;
26167:001;
26168:002;
26169:001;
26170:002;
26171:001;
26172:002;
26173:001;
26174:002;
26175:001;
26176:002;
26177:001;
26178:002;
26179:001;
26180:002;
26181:001;
26182:002;
26183:001;
26184:002;
26185:001;
26186:002;
26187:001;
26188:002;
26189:001;
26190:002;
26191:001;
26192:002;
26193:001;
26194:002;
26195:001;
26196:002;
26197:001;
26198:002;
26199:001;
26200:002;
26201:001;
26202:002;
26203:001;
26204:002;
26205:001;
26206:002;
26207:001;
26208:002;
26209:001;
26210:002;
26211:001;
26212:002;
26213:001;
26214:002;
26215:001;
26216:002;
26217:001;
26218:002;
26219:001;
26220:002;
26221:001;
26222:002;
26223:001;
26224:002;
26225:001;
26226:002;
26227:001;
26228:002;
26229:001;
26230:002;
26231:001;
26232:002;
26233:001;
26234:002;
26235:001;
26236:002;
26237:001;
26238:002;
26239:000;
26240:001;
26241:002;
26242:001;
26243:001;
26244:001;
26245:002;
26246:001;
26247:001;
26248:001;
26249:002;
26250:001;
26251:001;
26252:001;
26253:002;
26254:001;
26255:001;
26256:001;
26257:002;
26258:001;
26259:001;
26260:001;
26261:002;
26262:001;
26263:001;
26264:001;
26265:002;
26266:001;
26267:001;
26268:001;
26269:002;
26270:001;
26271:001;
26272:001;
26273:002;
26274:001;
26275:001;
26276:001;
26277:002;
26278:001;
26279:001;
26280:001;
26281:002;
26282:001;
26283:001;
26284:001;
26285:002;
26286:001;
26287:001;
26288:001;
26289:002;
26290:001;
26291:001;
26292:001;
26293:002;
26294:001;
26295:001;
26296:001;
26297:002;
26298:001;
26299:001;
26300:001;
26301:002;
26302:001;
26303:001;
26304:001;
26305:002;
26306:001;
26307:001;
26308:001;
26309:002;
26310:001;
26311:001;
26312:001;
26313:002;
26314:001;
26315:001;
26316:001;
26317:002;
26318:001;
26319:001;
26320:001;
26321:002;
26322:001;
26323:001;
26324:001;
26325:002;
26326:001;
26327:001;
26328:001;
26329:002;
26330:001;
26331:001;
26332:001;
26333:002;
26334:001;
26335:001;
26336:001;
26337:002;
26338:001;
26339:001;
26340:001;
26341:002;
26342:001;
26343:001;
26344:001;
26345:002;
26346:001;
26347:001;
26348:001;
26349:002;
26350:001;
26351:001;
26352:001;
26353:002;
26354:001;
26355:001;
26356:001;
26357:002;
26358:001;
26359:001;
26360:001;
26361:002;
26362:001;
26363:001;
26364:001;
26365:002;
26366:001;
26367:000;
26368:002;
26369:001;
26370:002;
26371:001;
26372:002;
26373:001;
26374:002;
26375:001;
26376:002;
26377:001;
26378:002;
26379:001;
26380:002;
26381:001;
26382:002;
26383:001;
26384:002;
26385:001;
26386:002;
26387:001;
26388:002;
26389:001;
26390:002;
26391:001;
26392:002;
26393:001;
26394:002;
26395:001;
26396:002;
26397:001;
26398:002;
26399:001;
26400:002;
26401:001;
26402:002;
26403:001;
26404:002;
26405:001;
26406:002;
26407:001;
26408:002;
26409:001;
26410:002;
26411:001;
26412:002;
26413:001;
26414:002;
26415:001;
26416:002;
26417:001;
26418:002;
26419:001;
26420:002;
26421:001;
26422:002;
26423:001;
26424:002;
26425:001;
26426:002;
26427:001;
26428:002;
26429:001;
26430:002;
26431:001;
26432:002;
26433:001;
26434:002;
26435:001;
26436:002;
26437:001;
26438:002;
26439:001;
26440:002;
26441:001;
26442:002;
26443:001;
26444:002;
26445:001;
26446:002;
26447:001;
26448:002;
26449:001;
26450:002;
26451:001;
26452:002;
26453:001;
26454:002;
26455:001;
26456:002;
26457:001;
26458:002;
26459:001;
26460:002;
26461:001;
26462:002;
26463:001;
26464:002;
26465:001;
26466:002;
26467:001;
26468:002;
26469:001;
26470:002;
26471:001;
26472:002;
26473:001;
26474:002;
26475:001;
26476:002;
26477:001;
26478:002;
26479:001;
26480:002;
26481:001;
26482:002;
26483:001;
26484:002;
26485:001;
26486:002;
26487:001;
26488:002;
26489:001;
26490:002;
26491:001;
26492:002;
26493:001;
26494:002;
26495:000;
26496:001;
26497:001;
26498:001;
26499:002;
26500:001;
26501:001;
26502:001;
26503:002;
26504:001;
26505:001;
26506:001;
26507:002;
26508:001;
26509:001;
26510:001;
26511:002;
26512:001;
26513:001;
26514:001;
26515:002;
26516:001;
26517:001;
26518:001;
26519:002;
26520:001;
26521:001;
26522:001;
26523:002;
26524:001;
26525:001;
26526:001;
26527:002;
26528:001;
26529:001;
26530:001;
26531:002;
26532:001;
26533:001;
26534:001;
26535:002;
26536:001;
26537:001;
26538:001;
26539:002;
26540:001;
26541:001;
26542:001;
26543:002;
26544:001;
26545:001;
26546:001;
26547:002;
26548:001;
26549:001;
26550:001;
26551:002;
26552:001;
26553:001;
26554:001;
26555:002;
26556:001;
26557:001;
26558:001;
26559:002;
26560:001;
26561:001;
26562:001;
26563:002;
26564:001;
26565:001;
26566:001;
26567:002;
26568:001;
26569:001;
26570:001;
26571:002;
26572:001;
26573:001;
26574:001;
26575:002;
26576:001;
26577:001;
26578:001;
26579:002;
26580:001;
26581:001;
26582:001;
26583:002;
26584:001;
26585:001;
26586:001;
26587:002;
26588:001;
26589:001;
26590:001;
26591:002;
26592:001;
26593:001;
26594:001;
26595:002;
26596:001;
26597:001;
26598:001;
26599:002;
26600:001;
26601:001;
26602:001;
26603:002;
26604:001;
26605:001;
26606:001;
26607:002;
26608:001;
26609:001;
26610:001;
26611:002;
26612:001;
26613:001;
26614:001;
26615:002;
26616:001;
26617:001;
26618:001;
26619:002;
26620:001;
26621:001;
26622:001;
26623:000;
26624:002;
26625:001;
26626:002;
26627:001;
26628:002;
26629:001;
26630:002;
26631:001;
26632:002;
26633:001;
26634:002;
26635:001;
26636:002;
26637:001;
26638:002;
26639:001;
26640:002;
26641:001;
26642:002;
26643:001;
26644:002;
26645:001;
26646:002;
26647:001;
26648:002;
26649:001;
26650:002;
26651:001;
26652:002;
26653:001;
26654:002;
26655:001;
26656:002;
26657:001;
26658:002;
26659:001;
26660:002;
26661:001;
26662:002;
26663:001;
26664:002;
26665:001;
26666:002;
26667:001;
26668:002;
26669:001;
26670:002;
26671:001;
26672:002;
26673:001;
26674:002;
26675:001;
26676:002;
26677:001;
26678:002;
26679:001;
26680:002;
26681:001;
26682:002;
26683:001;
26684:002;
26685:001;
26686:002;
26687:001;
26688:002;
26689:001;
26690:002;
26691:001;
26692:002;
26693:001;
26694:002;
26695:001;
26696:002;
26697:001;
26698:002;
26699:001;
26700:002;
26701:001;
26702:002;
26703:001;
26704:002;
26705:001;
26706:002;
26707:001;
26708:002;
26709:001;
26710:002;
26711:001;
26712:002;
26713:001;
26714:002;
26715:001;
26716:002;
26717:001;
26718:002;
26719:001;
26720:002;
26721:001;
26722:002;
26723:001;
26724:002;
26725:001;
26726:002;
26727:001;
26728:002;
26729:001;
26730:002;
26731:001;
26732:002;
26733:001;
26734:002;
26735:001;
26736:002;
26737:001;
26738:002;
26739:001;
26740:002;
26741:001;
26742:002;
26743:001;
26744:002;
26745:001;
26746:002;
26747:001;
26748:002;
26749:001;
26750:002;
26751:000;
26752:001;
26753:002;
26754:001;
26755:002;
26756:001;
26757:002;
26758:001;
26759:001;
26760:001;
26761:002;
26762:001;
26763:002;
26764:001;
26765:002;
26766:001;
26767:001;
26768:001;
26769:002;
26770:001;
26771:002;
26772:001;
26773:002;
26774:001;
26775:001;
26776:001;
26777:002;
26778:001;
26779:002;
26780:001;
26781:002;
26782:001;
26783:001;
26784:001;
26785:002;
26786:001;
26787:002;
26788:001;
26789:002;
26790:001;
26791:001;
26792:001;
26793:002;
26794:001;
26795:002;
26796:001;
26797:002;
26798:001;
26799:001;
26800:001;
26801:002;
26802:001;
26803:002;
26804:001;
26805:002;
26806:001;
26807:001;
26808:001;
26809:002;
26810:001;
26811:002;
26812:001;
26813:002;
26814:001;
26815:001;
26816:001;
26817:002;
26818:001;
26819:002;
26820:001;
26821:002;
26822:001;
26823:001;
26824:001;
26825:002;
26826:001;
26827:002;
26828:001;
26829:002;
26830:001;
26831:001;
26832:001;
26833:002;
26834:001;
26835:002;
26836:001;
26837:002;
26838:001;
26839:001;
26840:001;
26841:002;
26842:001;
26843:002;
26844:001;
26845:002;
26846:001;
26847:001;
26848:001;
26849:002;
26850:001;
26851:002;
26852:001;
26853:002;
26854:001;
26855:001;
26856:001;
26857:002;
26858:001;
26859:002;
26860:001;
26861:002;
26862:001;
26863:001;
26864:001;
26865:002;
26866:001;
26867:002;
26868:001;
26869:002;
26870:001;
26871:001;
26872:001;
26873:002;
26874:001;
26875:002;
26876:001;
26877:002;
26878:001;
26879:000;
26880:002;
26881:001;
26882:002;
26883:001;
26884:002;
26885:001;
26886:002;
26887:001;
26888:002;
26889:001;
26890:002;
26891:001;
26892:002;
26893:001;
26894:002;
26895:001;
26896:002;
26897:001;
26898:002;
26899:001;
26900:002;
26901:001;
26902:002;
26903:001;
26904:002;
26905:001;
26906:002;
26907:001;
26908:002;
26909:001;
26910:002;
26911:001;
26912:002;
26913:001;
26914:002;
26915:001;
26916:002;
26917:001;
26918:002;
26919:001;
26920:002;
26921:001;
26922:002;
26923:001;
26924:002;
26925:001;
26926:002;
26927:001;
26928:002;
26929:001;
26930:002;
26931:001;
26932:002;
26933:001;
26934:002;
26935:001;
26936:002;
26937:001;
26938:002;
26939:001;
26940:002;
26941:001;
26942:002;
26943:001;
26944:002;
26945:001;
26946:002;
26947:001;
26948:002;
26949:001;
26950:002;
26951:001;
26952:002;
26953:001;
26954:002;
26955:001;
26956:002;
26957:001;
26958:002;
26959:001;
26960:002;
26961:001;
26962:002;
26963:001;
26964:002;
26965:001;
26966:002;
26967:001;
26968:002;
26969:001;
26970:002;
26971:001;
26972:002;
26973:001;
26974:002;
26975:001;
26976:002;
26977:001;
26978:002;
26979:001;
26980:002;
26981:001;
26982:002;
26983:001;
26984:002;
26985:001;
26986:002;
26987:001;
26988:002;
26989:001;
26990:002;
26991:001;
26992:002;
26993:001;
26994:002;
26995:001;
26996:002;
26997:001;
26998:002;
26999:001;
27000:002;
27001:001;
27002:002;
27003:001;
27004:002;
27005:001;
27006:002;
27007:000;
27008:001;
27009:001;
27010:001;
27011:002;
27012:001;
27013:001;
27014:001;
27015:002;
27016:001;
27017:001;
27018:001;
27019:002;
27020:001;
27021:001;
27022:001;
27023:002;
27024:001;
27025:001;
27026:001;
27027:002;
27028:001;
27029:001;
27030:001;
27031:002;
27032:001;
27033:001;
27034:001;
27035:002;
27036:001;
27037:001;
27038:001;
27039:002;
27040:001;
27041:001;
27042:001;
27043:002;
27044:001;
27045:001;
27046:001;
27047:002;
27048:001;
27049:001;
27050:001;
27051:002;
27052:001;
27053:001;
27054:001;
27055:002;
27056:001;
27057:001;
27058:001;
27059:002;
27060:001;
27061:001;
27062:001;
27063:002;
27064:001;
27065:001;
27066:001;
27067:002;
27068:001;
27069:001;
27070:001;
27071:002;
27072:001;
27073:001;
27074:001;
27075:002;
27076:001;
27077:001;
27078:001;
27079:002;
27080:001;
27081:001;
27082:001;
27083:002;
27084:001;
27085:001;
27086:001;
27087:002;
27088:001;
27089:001;
27090:001;
27091:002;
27092:001;
27093:001;
27094:001;
27095:002;
27096:001;
27097:001;
27098:001;
27099:002;
27100:001;
27101:001;
27102:001;
27103:002;
27104:001;
27105:001;
27106:001;
27107:002;
27108:001;
27109:001;
27110:001;
27111:002;
27112:001;
27113:001;
27114:001;
27115:002;
27116:001;
27117:001;
27118:001;
27119:002;
27120:001;
27121:001;
27122:001;
27123:002;
27124:001;
27125:001;
27126:001;
27127:002;
27128:001;
27129:001;
27130:001;
27131:002;
27132:001;
27133:001;
27134:001;
27135:000;
27136:002;
27137:001;
27138:002;
27139:001;
27140:002;
27141:001;
27142:002;
27143:001;
27144:002;
27145:001;
27146:002;
27147:001;
27148:002;
27149:001;
27150:002;
27151:001;
27152:002;
27153:001;
27154:002;
27155:001;
27156:002;
27157:001;
27158:002;
27159:001;
27160:002;
27161:001;
27162:002;
27163:001;
27164:002;
27165:001;
27166:002;
27167:001;
27168:002;
27169:001;
27170:002;
27171:001;
27172:002;
27173:001;
27174:002;
27175:001;
27176:002;
27177:001;
27178:002;
27179:001;
27180:002;
27181:001;
27182:002;
27183:001;
27184:002;
27185:001;
27186:002;
27187:001;
27188:002;
27189:001;
27190:002;
27191:001;
27192:002;
27193:001;
27194:002;
27195:001;
27196:002;
27197:001;
27198:002;
27199:001;
27200:002;
27201:001;
27202:002;
27203:001;
27204:002;
27205:001;
27206:002;
27207:001;
27208:002;
27209:001;
27210:002;
27211:001;
27212:002;
27213:001;
27214:002;
27215:001;
27216:002;
27217:001;
27218:002;
27219:001;
27220:002;
27221:001;
27222:002;
27223:001;
27224:002;
27225:001;
27226:002;
27227:001;
27228:002;
27229:001;
27230:002;
27231:001;
27232:002;
27233:001;
27234:002;
27235:001;
27236:002;
27237:001;
27238:002;
27239:001;
27240:002;
27241:001;
27242:002;
27243:001;
27244:002;
27245:001;
27246:002;
27247:001;
27248:002;
27249:001;
27250:002;
27251:001;
27252:002;
27253:001;
27254:002;
27255:001;
27256:002;
27257:001;
27258:002;
27259:001;
27260:002;
27261:001;
27262:002;
27263:000;
27264:001;
27265:002;
27266:001;
27267:001;
27268:001;
27269:002;
27270:001;
27271:002;
27272:001;
27273:002;
27274:001;
27275:001;
27276:001;
27277:002;
27278:001;
27279:002;
27280:001;
27281:002;
27282:001;
27283:001;
27284:001;
27285:002;
27286:001;
27287:002;
27288:001;
27289:002;
27290:001;
27291:001;
27292:001;
27293:002;
27294:001;
27295:002;
27296:001;
27297:002;
27298:001;
27299:001;
27300:001;
27301:002;
27302:001;
27303:002;
27304:001;
27305:002;
27306:001;
27307:001;
27308:001;
27309:002;
27310:001;
27311:002;
27312:001;
27313:002;
27314:001;
27315:001;
27316:001;
27317:002;
27318:001;
27319:002;
27320:001;
27321:002;
27322:001;
27323:001;
27324:001;
27325:002;
27326:001;
27327:002;
27328:001;
27329:002;
27330:001;
27331:001;
27332:001;
27333:002;
27334:001;
27335:002;
27336:001;
27337:002;
27338:001;
27339:001;
27340:001;
27341:002;
27342:001;
27343:002;
27344:001;
27345:002;
27346:001;
27347:001;
27348:001;
27349:002;
27350:001;
27351:002;
27352:001;
27353:002;
27354:001;
27355:001;
27356:001;
27357:002;
27358:001;
27359:002;
27360:001;
27361:002;
27362:001;
27363:001;
27364:001;
27365:002;
27366:001;
27367:002;
27368:001;
27369:002;
27370:001;
27371:001;
27372:001;
27373:002;
27374:001;
27375:002;
27376:001;
27377:002;
27378:001;
27379:001;
27380:001;
27381:002;
27382:001;
27383:002;
27384:001;
27385:002;
27386:001;
27387:001;
27388:001;
27389:002;
27390:001;
27391:000;
27392:002;
27393:001;
27394:002;
27395:001;
27396:002;
27397:001;
27398:002;
27399:001;
27400:002;
27401:001;
27402:002;
27403:001;
27404:002;
27405:001;
27406:002;
27407:001;
27408:002;
27409:001;
27410:002;
27411:001;
27412:002;
27413:001;
27414:002;
27415:001;
27416:002;
27417:001;
27418:002;
27419:001;
27420:002;
27421:001;
27422:002;
27423:001;
27424:002;
27425:001;
27426:002;
27427:001;
27428:002;
27429:001;
27430:002;
27431:001;
27432:002;
27433:001;
27434:002;
27435:001;
27436:002;
27437:001;
27438:002;
27439:001;
27440:002;
27441:001;
27442:002;
27443:001;
27444:002;
27445:001;
27446:002;
27447:001;
27448:002;
27449:001;
27450:002;
27451:001;
27452:002;
27453:001;
27454:002;
27455:001;
27456:002;
27457:001;
27458:002;
27459:001;
27460:002;
27461:001;
27462:002;
27463:001;
27464:002;
27465:001;
27466:002;
27467:001;
27468:002;
27469:001;
27470:002;
27471:001;
27472:002;
27473:001;
27474:002;
27475:001;
27476:002;
27477:001;
27478:002;
27479:001;
27480:002;
27481:001;
27482:002;
27483:001;
27484:002;
27485:001;
27486:002;
27487:001;
27488:002;
27489:001;
27490:002;
27491:001;
27492:002;
27493:001;
27494:002;
27495:001;
27496:002;
27497:001;
27498:002;
27499:001;
27500:002;
27501:001;
27502:002;
27503:001;
27504:002;
27505:001;
27506:002;
27507:001;
27508:002;
27509:001;
27510:002;
27511:001;
27512:002;
27513:001;
27514:002;
27515:001;
27516:002;
27517:001;
27518:002;
27519:000;
27520:001;
27521:001;
27522:001;
27523:002;
27524:001;
27525:001;
27526:001;
27527:002;
27528:001;
27529:001;
27530:001;
27531:002;
27532:001;
27533:001;
27534:001;
27535:002;
27536:001;
27537:001;
27538:001;
27539:002;
27540:001;
27541:001;
27542:001;
27543:002;
27544:001;
27545:001;
27546:001;
27547:002;
27548:001;
27549:001;
27550:001;
27551:002;
27552:001;
27553:001;
27554:001;
27555:002;
27556:001;
27557:001;
27558:001;
27559:002;
27560:001;
27561:001;
27562:001;
27563:002;
27564:001;
27565:001;
27566:001;
27567:002;
27568:001;
27569:001;
27570:001;
27571:002;
27572:001;
27573:001;
27574:001;
27575:002;
27576:001;
27577:001;
27578:001;
27579:002;
27580:001;
27581:001;
27582:001;
27583:002;
27584:001;
27585:001;
27586:001;
27587:002;
27588:001;
27589:001;
27590:001;
27591:002;
27592:001;
27593:001;
27594:001;
27595:002;
27596:001;
27597:001;
27598:001;
27599:002;
27600:001;
27601:001;
27602:001;
27603:002;
27604:001;
27605:001;
27606:001;
27607:002;
27608:001;
27609:001;
27610:001;
27611:002;
27612:001;
27613:001;
27614:001;
27615:002;
27616:001;
27617:001;
27618:001;
27619:002;
27620:001;
27621:001;
27622:001;
27623:002;
27624:001;
27625:001;
27626:001;
27627:002;
27628:001;
27629:001;
27630:001;
27631:002;
27632:001;
27633:001;
27634:001;
27635:002;
27636:001;
27637:001;
27638:001;
27639:002;
27640:001;
27641:001;
27642:001;
27643:002;
27644:001;
27645:001;
27646:001;
27647:000;
27648:002;
27649:001;
27650:002;
27651:001;
27652:002;
27653:001;
27654:002;
27655:001;
27656:002;
27657:001;
27658:002;
27659:001;
27660:002;
27661:001;
27662:002;
27663:001;
27664:002;
27665:001;
27666:002;
27667:001;
27668:002;
27669:001;
27670:002;
27671:001;
27672:002;
27673:001;
27674:002;
27675:001;
27676:002;
27677:001;
27678:002;
27679:001;
27680:002;
27681:001;
27682:002;
27683:001;
27684:002;
27685:001;
27686:002;
27687:001;
27688:002;
27689:001;
27690:002;
27691:001;
27692:002;
27693:001;
27694:002;
27695:001;
27696:002;
27697:001;
27698:002;
27699:001;
27700:002;
27701:001;
27702:002;
27703:001;
27704:002;
27705:001;
27706:002;
27707:001;
27708:002;
27709:001;
27710:002;
27711:001;
27712:002;
27713:001;
27714:002;
27715:001;
27716:002;
27717:001;
27718:002;
27719:001;
27720:002;
27721:001;
27722:002;
27723:001;
27724:002;
27725:001;
27726:002;
27727:001;
27728:002;
27729:001;
27730:002;
27731:001;
27732:002;
27733:001;
27734:002;
27735:001;
27736:002;
27737:001;
27738:002;
27739:001;
27740:002;
27741:001;
27742:002;
27743:001;
27744:002;
27745:001;
27746:002;
27747:001;
27748:002;
27749:001;
27750:002;
27751:001;
27752:002;
27753:001;
27754:002;
27755:001;
27756:002;
27757:001;
27758:002;
27759:001;
27760:002;
27761:001;
27762:002;
27763:001;
27764:002;
27765:001;
27766:002;
27767:001;
27768:002;
27769:001;
27770:002;
27771:001;
27772:002;
27773:001;
27774:002;
27775:000;
27776:005;
27777:005;
27778:005;
27779:005;
27780:005;
27781:005;
27782:005;
27783:005;
27784:005;
27785:005;
27786:005;
27787:005;
27788:005;
27789:005;
27790:005;
27791:005;
27792:005;
27793:005;
27794:005;
27795:005;
27796:005;
27797:005;
27798:005;
27799:005;
27800:005;
27801:005;
27802:005;
27803:005;
27804:005;
27805:005;
27806:005;
27807:005;
27808:005;
27809:005;
27810:005;
27811:005;
27812:005;
27813:005;
27814:005;
27815:005;
27816:005;
27817:005;
27818:005;
27819:005;
27820:005;
27821:005;
27822:005;
27823:005;
27824:005;
27825:005;
27826:005;
27827:005;
27828:005;
27829:005;
27830:005;
27831:005;
27832:005;
27833:005;
27834:005;
27835:005;
27836:005;
27837:005;
27838:005;
27839:005;
27840:005;
27841:005;
27842:005;
27843:005;
27844:005;
27845:005;
27846:005;
27847:005;
27848:005;
27849:005;
27850:005;
27851:005;
27852:005;
27853:005;
27854:005;
27855:005;
27856:005;
27857:005;
27858:005;
27859:005;
27860:005;
27861:005;
27862:005;
27863:005;
27864:005;
27865:005;
27866:005;
27867:005;
27868:005;
27869:005;
27870:005;
27871:005;
27872:005;
27873:005;
27874:005;
27875:005;
27876:005;
27877:005;
27878:005;
27879:005;
27880:005;
27881:005;
27882:005;
27883:005;
27884:005;
27885:005;
27886:005;
27887:005;
27888:005;
27889:005;
27890:005;
27891:005;
27892:005;
27893:005;
27894:005;
27895:005;
27896:005;
27897:005;
27898:005;
27899:005;
27900:005;
27901:005;
27902:005;
27903:000;
27904:005;
27905:005;
27906:005;
27907:005;
27908:005;
27909:005;
27910:005;
27911:005;
27912:005;
27913:005;
27914:005;
27915:005;
27916:005;
27917:005;
27918:005;
27919:005;
27920:005;
27921:005;
27922:005;
27923:005;
27924:005;
27925:005;
27926:005;
27927:005;
27928:005;
27929:005;
27930:005;
27931:005;
27932:005;
27933:005;
27934:005;
27935:005;
27936:005;
27937:005;
27938:005;
27939:005;
27940:005;
27941:005;
27942:005;
27943:005;
27944:005;
27945:005;
27946:005;
27947:005;
27948:005;
27949:005;
27950:005;
27951:005;
27952:005;
27953:005;
27954:005;
27955:005;
27956:005;
27957:005;
27958:005;
27959:005;
27960:005;
27961:005;
27962:005;
27963:005;
27964:005;
27965:005;
27966:005;
27967:005;
27968:005;
27969:005;
27970:005;
27971:005;
27972:005;
27973:005;
27974:005;
27975:005;
27976:005;
27977:005;
27978:005;
27979:005;
27980:005;
27981:005;
27982:005;
27983:005;
27984:005;
27985:005;
27986:005;
27987:005;
27988:005;
27989:005;
27990:005;
27991:005;
27992:005;
27993:005;
27994:005;
27995:005;
27996:005;
27997:005;
27998:005;
27999:005;
28000:005;
28001:005;
28002:005;
28003:005;
28004:005;
28005:005;
28006:005;
28007:005;
28008:005;
28009:005;
28010:005;
28011:005;
28012:005;
28013:005;
28014:005;
28015:005;
28016:005;
28017:005;
28018:005;
28019:005;
28020:005;
28021:005;
28022:005;
28023:005;
28024:005;
28025:005;
28026:005;
28027:005;
28028:005;
28029:005;
28030:005;
28031:000;
28032:005;
28033:005;
28034:005;
28035:005;
28036:005;
28037:005;
28038:005;
28039:005;
28040:005;
28041:005;
28042:005;
28043:005;
28044:005;
28045:005;
28046:005;
28047:005;
28048:005;
28049:005;
28050:005;
28051:005;
28052:005;
28053:005;
28054:005;
28055:005;
28056:005;
28057:005;
28058:005;
28059:005;
28060:005;
28061:005;
28062:005;
28063:005;
28064:005;
28065:005;
28066:005;
28067:005;
28068:005;
28069:005;
28070:005;
28071:005;
28072:005;
28073:005;
28074:005;
28075:005;
28076:005;
28077:005;
28078:005;
28079:005;
28080:005;
28081:005;
28082:005;
28083:005;
28084:005;
28085:005;
28086:005;
28087:005;
28088:005;
28089:005;
28090:005;
28091:005;
28092:005;
28093:005;
28094:005;
28095:005;
28096:005;
28097:005;
28098:005;
28099:005;
28100:005;
28101:005;
28102:005;
28103:005;
28104:005;
28105:005;
28106:005;
28107:005;
28108:005;
28109:005;
28110:005;
28111:005;
28112:005;
28113:005;
28114:005;
28115:005;
28116:005;
28117:005;
28118:005;
28119:005;
28120:005;
28121:005;
28122:005;
28123:005;
28124:005;
28125:005;
28126:005;
28127:005;
28128:005;
28129:005;
28130:005;
28131:005;
28132:005;
28133:005;
28134:005;
28135:005;
28136:005;
28137:005;
28138:005;
28139:005;
28140:005;
28141:005;
28142:005;
28143:005;
28144:005;
28145:005;
28146:005;
28147:005;
28148:005;
28149:005;
28150:005;
28151:005;
28152:005;
28153:005;
28154:005;
28155:005;
28156:005;
28157:005;
28158:005;
28159:000;
28160:006;
28161:005;
28162:006;
28163:005;
28164:006;
28165:005;
28166:006;
28167:005;
28168:006;
28169:005;
28170:006;
28171:005;
28172:006;
28173:005;
28174:006;
28175:005;
28176:006;
28177:005;
28178:006;
28179:005;
28180:006;
28181:005;
28182:006;
28183:005;
28184:006;
28185:005;
28186:006;
28187:005;
28188:006;
28189:005;
28190:006;
28191:005;
28192:006;
28193:005;
28194:006;
28195:005;
28196:006;
28197:005;
28198:006;
28199:005;
28200:006;
28201:005;
28202:006;
28203:005;
28204:006;
28205:005;
28206:006;
28207:005;
28208:006;
28209:005;
28210:006;
28211:005;
28212:006;
28213:005;
28214:006;
28215:005;
28216:006;
28217:005;
28218:006;
28219:005;
28220:006;
28221:005;
28222:006;
28223:005;
28224:006;
28225:005;
28226:006;
28227:005;
28228:006;
28229:005;
28230:006;
28231:005;
28232:006;
28233:005;
28234:006;
28235:005;
28236:006;
28237:005;
28238:006;
28239:005;
28240:006;
28241:005;
28242:006;
28243:005;
28244:006;
28245:005;
28246:006;
28247:005;
28248:006;
28249:005;
28250:006;
28251:005;
28252:006;
28253:005;
28254:006;
28255:005;
28256:006;
28257:005;
28258:006;
28259:005;
28260:006;
28261:005;
28262:006;
28263:005;
28264:006;
28265:005;
28266:006;
28267:005;
28268:006;
28269:005;
28270:006;
28271:005;
28272:006;
28273:005;
28274:006;
28275:005;
28276:006;
28277:005;
28278:006;
28279:005;
28280:006;
28281:005;
28282:006;
28283:005;
28284:006;
28285:005;
28286:006;
28287:000;
28288:001;
28289:002;
28290:001;
28291:002;
28292:001;
28293:002;
28294:001;
28295:002;
28296:001;
28297:002;
28298:001;
28299:002;
28300:001;
28301:002;
28302:001;
28303:002;
28304:001;
28305:002;
28306:001;
28307:002;
28308:001;
28309:002;
28310:001;
28311:002;
28312:001;
28313:002;
28314:001;
28315:002;
28316:001;
28317:002;
28318:001;
28319:002;
28320:001;
28321:002;
28322:001;
28323:002;
28324:001;
28325:002;
28326:001;
28327:002;
28328:001;
28329:002;
28330:001;
28331:002;
28332:001;
28333:002;
28334:001;
28335:002;
28336:001;
28337:002;
28338:001;
28339:002;
28340:001;
28341:002;
28342:001;
28343:002;
28344:001;
28345:002;
28346:001;
28347:002;
28348:001;
28349:002;
28350:001;
28351:002;
28352:001;
28353:002;
28354:001;
28355:002;
28356:001;
28357:002;
28358:001;
28359:002;
28360:001;
28361:002;
28362:001;
28363:002;
28364:001;
28365:002;
28366:001;
28367:002;
28368:001;
28369:002;
28370:001;
28371:002;
28372:001;
28373:002;
28374:001;
28375:002;
28376:001;
28377:002;
28378:001;
28379:002;
28380:001;
28381:002;
28382:001;
28383:002;
28384:001;
28385:002;
28386:001;
28387:002;
28388:001;
28389:002;
28390:001;
28391:002;
28392:001;
28393:002;
28394:001;
28395:002;
28396:001;
28397:002;
28398:001;
28399:002;
28400:001;
28401:002;
28402:001;
28403:002;
28404:001;
28405:002;
28406:001;
28407:002;
28408:001;
28409:002;
28410:001;
28411:002;
28412:001;
28413:002;
28414:001;
28415:000;
28416:002;
28417:001;
28418:002;
28419:001;
28420:002;
28421:001;
28422:002;
28423:001;
28424:002;
28425:001;
28426:002;
28427:001;
28428:002;
28429:001;
28430:002;
28431:001;
28432:002;
28433:001;
28434:002;
28435:001;
28436:002;
28437:001;
28438:002;
28439:001;
28440:002;
28441:001;
28442:002;
28443:001;
28444:002;
28445:001;
28446:002;
28447:001;
28448:002;
28449:001;
28450:002;
28451:001;
28452:002;
28453:001;
28454:002;
28455:001;
28456:002;
28457:001;
28458:002;
28459:001;
28460:002;
28461:001;
28462:002;
28463:001;
28464:002;
28465:001;
28466:002;
28467:001;
28468:002;
28469:001;
28470:002;
28471:001;
28472:002;
28473:001;
28474:002;
28475:001;
28476:002;
28477:001;
28478:002;
28479:001;
28480:002;
28481:001;
28482:002;
28483:001;
28484:002;
28485:001;
28486:002;
28487:001;
28488:002;
28489:001;
28490:002;
28491:001;
28492:002;
28493:001;
28494:002;
28495:001;
28496:002;
28497:001;
28498:002;
28499:001;
28500:002;
28501:001;
28502:002;
28503:001;
28504:002;
28505:001;
28506:002;
28507:001;
28508:002;
28509:001;
28510:002;
28511:001;
28512:002;
28513:001;
28514:002;
28515:001;
28516:002;
28517:001;
28518:002;
28519:001;
28520:002;
28521:001;
28522:002;
28523:001;
28524:002;
28525:001;
28526:002;
28527:001;
28528:002;
28529:001;
28530:002;
28531:001;
28532:002;
28533:001;
28534:002;
28535:001;
28536:002;
28537:001;
28538:002;
28539:001;
28540:002;
28541:001;
28542:002;
28543:000;
28544:005;
28545:005;
28546:005;
28547:006;
28548:005;
28549:005;
28550:005;
28551:006;
28552:005;
28553:005;
28554:005;
28555:006;
28556:005;
28557:005;
28558:005;
28559:006;
28560:005;
28561:005;
28562:005;
28563:006;
28564:005;
28565:005;
28566:005;
28567:006;
28568:005;
28569:005;
28570:005;
28571:006;
28572:005;
28573:005;
28574:005;
28575:006;
28576:005;
28577:005;
28578:005;
28579:006;
28580:005;
28581:005;
28582:005;
28583:006;
28584:005;
28585:005;
28586:005;
28587:006;
28588:005;
28589:005;
28590:005;
28591:006;
28592:005;
28593:005;
28594:005;
28595:006;
28596:005;
28597:005;
28598:005;
28599:006;
28600:005;
28601:005;
28602:005;
28603:006;
28604:005;
28605:005;
28606:005;
28607:006;
28608:005;
28609:005;
28610:005;
28611:006;
28612:005;
28613:005;
28614:005;
28615:006;
28616:005;
28617:005;
28618:005;
28619:006;
28620:005;
28621:005;
28622:005;
28623:006;
28624:005;
28625:005;
28626:005;
28627:006;
28628:005;
28629:005;
28630:005;
28631:006;
28632:005;
28633:005;
28634:005;
28635:006;
28636:005;
28637:005;
28638:005;
28639:006;
28640:005;
28641:005;
28642:005;
28643:006;
28644:005;
28645:005;
28646:005;
28647:006;
28648:005;
28649:005;
28650:005;
28651:006;
28652:005;
28653:005;
28654:005;
28655:006;
28656:005;
28657:005;
28658:005;
28659:006;
28660:005;
28661:005;
28662:005;
28663:006;
28664:005;
28665:005;
28666:005;
28667:006;
28668:005;
28669:005;
28670:005;
28671:000;
28672:006;
28673:005;
28674:006;
28675:005;
28676:006;
28677:005;
28678:006;
28679:005;
28680:006;
28681:005;
28682:006;
28683:005;
28684:006;
28685:005;
28686:006;
28687:005;
28688:006;
28689:005;
28690:006;
28691:005;
28692:006;
28693:005;
28694:006;
28695:005;
28696:006;
28697:005;
28698:006;
28699:005;
28700:006;
28701:005;
28702:006;
28703:005;
28704:006;
28705:005;
28706:006;
28707:005;
28708:006;
28709:005;
28710:006;
28711:005;
28712:006;
28713:005;
28714:006;
28715:005;
28716:006;
28717:005;
28718:006;
28719:005;
28720:006;
28721:005;
28722:006;
28723:005;
28724:006;
28725:005;
28726:006;
28727:005;
28728:006;
28729:005;
28730:006;
28731:005;
28732:006;
28733:005;
28734:006;
28735:005;
28736:006;
28737:005;
28738:006;
28739:005;
28740:006;
28741:005;
28742:006;
28743:005;
28744:006;
28745:005;
28746:006;
28747:005;
28748:006;
28749:005;
28750:006;
28751:005;
28752:006;
28753:005;
28754:006;
28755:005;
28756:006;
28757:005;
28758:006;
28759:005;
28760:006;
28761:005;
28762:006;
28763:005;
28764:006;
28765:005;
28766:006;
28767:005;
28768:006;
28769:005;
28770:006;
28771:005;
28772:006;
28773:005;
28774:006;
28775:005;
28776:006;
28777:005;
28778:006;
28779:005;
28780:006;
28781:005;
28782:006;
28783:005;
28784:006;
28785:005;
28786:006;
28787:005;
28788:006;
28789:005;
28790:006;
28791:005;
28792:006;
28793:005;
28794:006;
28795:005;
28796:006;
28797:005;
28798:006;
28799:000;
28800:005;
28801:006;
28802:005;
28803:006;
28804:005;
28805:006;
28806:005;
28807:006;
28808:005;
28809:006;
28810:005;
28811:006;
28812:005;
28813:006;
28814:005;
28815:006;
28816:005;
28817:006;
28818:005;
28819:006;
28820:005;
28821:006;
28822:005;
28823:006;
28824:005;
28825:006;
28826:005;
28827:006;
28828:005;
28829:006;
28830:005;
28831:006;
28832:005;
28833:006;
28834:005;
28835:006;
28836:005;
28837:006;
28838:005;
28839:006;
28840:005;
28841:006;
28842:005;
28843:006;
28844:005;
28845:006;
28846:005;
28847:006;
28848:005;
28849:006;
28850:005;
28851:006;
28852:005;
28853:006;
28854:005;
28855:006;
28856:005;
28857:006;
28858:005;
28859:006;
28860:005;
28861:006;
28862:005;
28863:006;
28864:005;
28865:006;
28866:005;
28867:006;
28868:005;
28869:006;
28870:005;
28871:006;
28872:005;
28873:006;
28874:005;
28875:006;
28876:005;
28877:006;
28878:005;
28879:006;
28880:005;
28881:006;
28882:005;
28883:006;
28884:005;
28885:006;
28886:005;
28887:006;
28888:005;
28889:006;
28890:005;
28891:006;
28892:005;
28893:006;
28894:005;
28895:006;
28896:005;
28897:006;
28898:005;
28899:006;
28900:005;
28901:006;
28902:005;
28903:006;
28904:005;
28905:006;
28906:005;
28907:006;
28908:005;
28909:006;
28910:005;
28911:006;
28912:005;
28913:006;
28914:005;
28915:006;
28916:005;
28917:006;
28918:005;
28919:006;
28920:005;
28921:006;
28922:005;
28923:006;
28924:005;
28925:006;
28926:005;
28927:000;
28928:006;
28929:005;
28930:006;
28931:006;
28932:006;
28933:005;
28934:006;
28935:006;
28936:006;
28937:005;
28938:006;
28939:006;
28940:006;
28941:005;
28942:006;
28943:006;
28944:006;
28945:005;
28946:006;
28947:006;
28948:006;
28949:005;
28950:006;
28951:006;
28952:006;
28953:005;
28954:006;
28955:006;
28956:006;
28957:005;
28958:006;
28959:006;
28960:006;
28961:005;
28962:006;
28963:006;
28964:006;
28965:005;
28966:006;
28967:006;
28968:006;
28969:005;
28970:006;
28971:006;
28972:006;
28973:005;
28974:006;
28975:006;
28976:006;
28977:005;
28978:006;
28979:006;
28980:006;
28981:005;
28982:006;
28983:006;
28984:006;
28985:005;
28986:006;
28987:006;
28988:006;
28989:005;
28990:006;
28991:006;
28992:006;
28993:005;
28994:006;
28995:006;
28996:006;
28997:005;
28998:006;
28999:006;
29000:006;
29001:005;
29002:006;
29003:006;
29004:006;
29005:005;
29006:006;
29007:006;
29008:006;
29009:005;
29010:006;
29011:006;
29012:006;
29013:005;
29014:006;
29015:006;
29016:006;
29017:005;
29018:006;
29019:006;
29020:006;
29021:005;
29022:006;
29023:006;
29024:006;
29025:005;
29026:006;
29027:006;
29028:006;
29029:005;
29030:006;
29031:006;
29032:006;
29033:005;
29034:006;
29035:006;
29036:006;
29037:005;
29038:006;
29039:006;
29040:006;
29041:005;
29042:006;
29043:006;
29044:006;
29045:005;
29046:006;
29047:006;
29048:006;
29049:005;
29050:006;
29051:006;
29052:006;
29053:005;
29054:006;
29055:000;
29056:005;
29057:006;
29058:005;
29059:006;
29060:005;
29061:006;
29062:005;
29063:006;
29064:005;
29065:006;
29066:005;
29067:006;
29068:005;
29069:006;
29070:005;
29071:006;
29072:005;
29073:006;
29074:005;
29075:006;
29076:005;
29077:006;
29078:005;
29079:006;
29080:005;
29081:006;
29082:005;
29083:006;
29084:005;
29085:006;
29086:005;
29087:006;
29088:005;
29089:006;
29090:005;
29091:006;
29092:005;
29093:006;
29094:005;
29095:006;
29096:005;
29097:006;
29098:005;
29099:006;
29100:005;
29101:006;
29102:005;
29103:006;
29104:005;
29105:006;
29106:005;
29107:006;
29108:005;
29109:006;
29110:005;
29111:006;
29112:005;
29113:006;
29114:005;
29115:006;
29116:005;
29117:006;
29118:005;
29119:006;
29120:005;
29121:006;
29122:005;
29123:006;
29124:005;
29125:006;
29126:005;
29127:006;
29128:005;
29129:006;
29130:005;
29131:006;
29132:005;
29133:006;
29134:005;
29135:006;
29136:005;
29137:006;
29138:005;
29139:006;
29140:005;
29141:006;
29142:005;
29143:006;
29144:005;
29145:006;
29146:005;
29147:006;
29148:005;
29149:006;
29150:005;
29151:006;
29152:005;
29153:006;
29154:005;
29155:006;
29156:005;
29157:006;
29158:005;
29159:006;
29160:005;
29161:006;
29162:005;
29163:006;
29164:005;
29165:006;
29166:005;
29167:006;
29168:005;
29169:006;
29170:005;
29171:006;
29172:005;
29173:006;
29174:005;
29175:006;
29176:005;
29177:006;
29178:005;
29179:006;
29180:005;
29181:006;
29182:005;
29183:000;
29184:006;
29185:006;
29186:006;
29187:006;
29188:006;
29189:006;
29190:006;
29191:006;
29192:006;
29193:006;
29194:006;
29195:006;
29196:006;
29197:006;
29198:006;
29199:006;
29200:006;
29201:006;
29202:006;
29203:006;
29204:006;
29205:006;
29206:006;
29207:006;
29208:006;
29209:006;
29210:006;
29211:006;
29212:006;
29213:006;
29214:006;
29215:006;
29216:006;
29217:006;
29218:006;
29219:006;
29220:006;
29221:006;
29222:006;
29223:006;
29224:006;
29225:006;
29226:006;
29227:006;
29228:006;
29229:006;
29230:006;
29231:006;
29232:006;
29233:006;
29234:006;
29235:006;
29236:006;
29237:006;
29238:006;
29239:006;
29240:006;
29241:006;
29242:006;
29243:006;
29244:006;
29245:006;
29246:006;
29247:006;
29248:006;
29249:006;
29250:006;
29251:006;
29252:006;
29253:006;
29254:006;
29255:006;
29256:006;
29257:006;
29258:006;
29259:006;
29260:006;
29261:006;
29262:006;
29263:006;
29264:006;
29265:006;
29266:006;
29267:006;
29268:006;
29269:006;
29270:006;
29271:006;
29272:006;
29273:006;
29274:006;
29275:006;
29276:006;
29277:006;
29278:006;
29279:006;
29280:006;
29281:006;
29282:006;
29283:006;
29284:006;
29285:006;
29286:006;
29287:006;
29288:006;
29289:006;
29290:006;
29291:006;
29292:006;
29293:006;
29294:006;
29295:006;
29296:006;
29297:006;
29298:006;
29299:006;
29300:006;
29301:006;
29302:006;
29303:006;
29304:006;
29305:006;
29306:006;
29307:006;
29308:006;
29309:006;
29310:006;
29311:000;
29312:006;
29313:006;
29314:005;
29315:006;
29316:006;
29317:006;
29318:005;
29319:006;
29320:006;
29321:006;
29322:005;
29323:006;
29324:006;
29325:006;
29326:005;
29327:006;
29328:006;
29329:006;
29330:005;
29331:006;
29332:006;
29333:006;
29334:005;
29335:006;
29336:006;
29337:006;
29338:005;
29339:006;
29340:006;
29341:006;
29342:005;
29343:006;
29344:006;
29345:006;
29346:005;
29347:006;
29348:006;
29349:006;
29350:005;
29351:006;
29352:006;
29353:006;
29354:005;
29355:006;
29356:006;
29357:006;
29358:005;
29359:006;
29360:006;
29361:006;
29362:005;
29363:006;
29364:006;
29365:006;
29366:005;
29367:006;
29368:006;
29369:006;
29370:005;
29371:006;
29372:006;
29373:006;
29374:005;
29375:006;
29376:006;
29377:006;
29378:005;
29379:006;
29380:006;
29381:006;
29382:005;
29383:006;
29384:006;
29385:006;
29386:005;
29387:006;
29388:006;
29389:006;
29390:005;
29391:006;
29392:006;
29393:006;
29394:005;
29395:006;
29396:006;
29397:006;
29398:005;
29399:006;
29400:006;
29401:006;
29402:005;
29403:006;
29404:006;
29405:006;
29406:005;
29407:006;
29408:006;
29409:006;
29410:005;
29411:006;
29412:006;
29413:006;
29414:005;
29415:006;
29416:006;
29417:006;
29418:005;
29419:006;
29420:006;
29421:006;
29422:005;
29423:006;
29424:006;
29425:006;
29426:005;
29427:006;
29428:006;
29429:006;
29430:005;
29431:006;
29432:006;
29433:006;
29434:005;
29435:006;
29436:006;
29437:006;
29438:005;
29439:000;
29440:006;
29441:006;
29442:006;
29443:006;
29444:006;
29445:006;
29446:006;
29447:006;
29448:006;
29449:006;
29450:006;
29451:006;
29452:006;
29453:006;
29454:006;
29455:006;
29456:006;
29457:006;
29458:006;
29459:006;
29460:006;
29461:006;
29462:006;
29463:006;
29464:006;
29465:006;
29466:006;
29467:006;
29468:006;
29469:006;
29470:006;
29471:006;
29472:006;
29473:006;
29474:006;
29475:006;
29476:006;
29477:006;
29478:006;
29479:006;
29480:006;
29481:006;
29482:006;
29483:006;
29484:006;
29485:006;
29486:006;
29487:006;
29488:006;
29489:006;
29490:006;
29491:006;
29492:006;
29493:006;
29494:006;
29495:006;
29496:006;
29497:006;
29498:006;
29499:006;
29500:006;
29501:006;
29502:006;
29503:006;
29504:006;
29505:006;
29506:006;
29507:006;
29508:006;
29509:006;
29510:006;
29511:006;
29512:006;
29513:006;
29514:006;
29515:006;
29516:006;
29517:006;
29518:006;
29519:006;
29520:006;
29521:006;
29522:006;
29523:006;
29524:006;
29525:006;
29526:006;
29527:006;
29528:006;
29529:006;
29530:006;
29531:006;
29532:006;
29533:006;
29534:006;
29535:006;
29536:006;
29537:006;
29538:006;
29539:006;
29540:006;
29541:006;
29542:006;
29543:006;
29544:006;
29545:006;
29546:006;
29547:006;
29548:006;
29549:006;
29550:006;
29551:006;
29552:006;
29553:006;
29554:006;
29555:006;
29556:006;
29557:006;
29558:006;
29559:006;
29560:006;
29561:006;
29562:006;
29563:006;
29564:006;
29565:006;
29566:006;
29567:000;
29568:005;
29569:006;
29570:006;
29571:006;
29572:005;
29573:006;
29574:006;
29575:006;
29576:005;
29577:006;
29578:006;
29579:006;
29580:005;
29581:006;
29582:006;
29583:006;
29584:005;
29585:006;
29586:006;
29587:006;
29588:005;
29589:006;
29590:006;
29591:006;
29592:005;
29593:006;
29594:006;
29595:006;
29596:005;
29597:006;
29598:006;
29599:006;
29600:005;
29601:006;
29602:006;
29603:006;
29604:005;
29605:006;
29606:006;
29607:006;
29608:005;
29609:006;
29610:006;
29611:006;
29612:005;
29613:006;
29614:006;
29615:006;
29616:005;
29617:006;
29618:006;
29619:006;
29620:005;
29621:006;
29622:006;
29623:006;
29624:005;
29625:006;
29626:006;
29627:006;
29628:005;
29629:006;
29630:006;
29631:006;
29632:005;
29633:006;
29634:006;
29635:006;
29636:005;
29637:006;
29638:006;
29639:006;
29640:005;
29641:006;
29642:006;
29643:006;
29644:005;
29645:006;
29646:006;
29647:006;
29648:005;
29649:006;
29650:006;
29651:006;
29652:005;
29653:006;
29654:006;
29655:006;
29656:005;
29657:006;
29658:006;
29659:006;
29660:005;
29661:006;
29662:006;
29663:006;
29664:005;
29665:006;
29666:006;
29667:006;
29668:005;
29669:006;
29670:006;
29671:006;
29672:005;
29673:006;
29674:006;
29675:006;
29676:005;
29677:006;
29678:006;
29679:006;
29680:005;
29681:006;
29682:006;
29683:006;
29684:005;
29685:006;
29686:006;
29687:006;
29688:005;
29689:006;
29690:006;
29691:006;
29692:005;
29693:006;
29694:006;
29695:000;
29696:006;
29697:006;
29698:006;
29699:006;
29700:006;
29701:006;
29702:006;
29703:006;
29704:006;
29705:006;
29706:006;
29707:006;
29708:006;
29709:006;
29710:006;
29711:006;
29712:006;
29713:006;
29714:006;
29715:006;
29716:006;
29717:006;
29718:006;
29719:006;
29720:006;
29721:006;
29722:006;
29723:006;
29724:006;
29725:006;
29726:006;
29727:006;
29728:006;
29729:006;
29730:006;
29731:006;
29732:006;
29733:006;
29734:006;
29735:006;
29736:006;
29737:006;
29738:006;
29739:006;
29740:006;
29741:006;
29742:006;
29743:006;
29744:006;
29745:006;
29746:006;
29747:006;
29748:006;
29749:006;
29750:006;
29751:006;
29752:006;
29753:006;
29754:006;
29755:006;
29756:006;
29757:006;
29758:006;
29759:006;
29760:006;
29761:006;
29762:006;
29763:006;
29764:006;
29765:006;
29766:006;
29767:006;
29768:006;
29769:006;
29770:006;
29771:006;
29772:006;
29773:006;
29774:006;
29775:006;
29776:006;
29777:006;
29778:006;
29779:006;
29780:006;
29781:006;
29782:006;
29783:006;
29784:006;
29785:006;
29786:006;
29787:006;
29788:006;
29789:006;
29790:006;
29791:006;
29792:006;
29793:006;
29794:006;
29795:006;
29796:006;
29797:006;
29798:006;
29799:006;
29800:006;
29801:006;
29802:006;
29803:006;
29804:006;
29805:006;
29806:006;
29807:006;
29808:006;
29809:006;
29810:006;
29811:006;
29812:006;
29813:006;
29814:006;
29815:006;
29816:006;
29817:006;
29818:006;
29819:006;
29820:006;
29821:006;
29822:006;
29823:000;
29824:001;
29825:002;
29826:001;
29827:002;
29828:001;
29829:002;
29830:001;
29831:002;
29832:001;
29833:002;
29834:001;
29835:002;
29836:001;
29837:002;
29838:001;
29839:002;
29840:001;
29841:002;
29842:001;
29843:002;
29844:001;
29845:002;
29846:001;
29847:002;
29848:001;
29849:002;
29850:001;
29851:002;
29852:001;
29853:002;
29854:001;
29855:002;
29856:001;
29857:002;
29858:001;
29859:002;
29860:001;
29861:002;
29862:001;
29863:002;
29864:001;
29865:002;
29866:001;
29867:002;
29868:001;
29869:002;
29870:001;
29871:002;
29872:001;
29873:002;
29874:001;
29875:002;
29876:001;
29877:002;
29878:001;
29879:002;
29880:001;
29881:002;
29882:001;
29883:002;
29884:001;
29885:002;
29886:001;
29887:002;
29888:001;
29889:002;
29890:001;
29891:002;
29892:001;
29893:002;
29894:001;
29895:002;
29896:001;
29897:002;
29898:001;
29899:002;
29900:001;
29901:002;
29902:001;
29903:002;
29904:001;
29905:002;
29906:001;
29907:002;
29908:001;
29909:002;
29910:001;
29911:002;
29912:001;
29913:002;
29914:001;
29915:002;
29916:001;
29917:002;
29918:001;
29919:002;
29920:001;
29921:002;
29922:001;
29923:002;
29924:001;
29925:002;
29926:001;
29927:002;
29928:001;
29929:002;
29930:001;
29931:002;
29932:001;
29933:002;
29934:001;
29935:002;
29936:001;
29937:002;
29938:001;
29939:002;
29940:001;
29941:002;
29942:001;
29943:002;
29944:001;
29945:002;
29946:001;
29947:002;
29948:001;
29949:002;
29950:001;
29951:000;
29952:002;
29953:001;
29954:002;
29955:001;
29956:002;
29957:001;
29958:002;
29959:001;
29960:002;
29961:001;
29962:002;
29963:001;
29964:002;
29965:001;
29966:002;
29967:001;
29968:002;
29969:001;
29970:002;
29971:001;
29972:002;
29973:001;
29974:002;
29975:001;
29976:002;
29977:001;
29978:002;
29979:001;
29980:002;
29981:001;
29982:002;
29983:001;
29984:002;
29985:001;
29986:002;
29987:001;
29988:002;
29989:001;
29990:002;
29991:001;
29992:002;
29993:001;
29994:002;
29995:001;
29996:002;
29997:001;
29998:002;
29999:001;
30000:002;
30001:001;
30002:002;
30003:001;
30004:002;
30005:001;
30006:002;
30007:001;
30008:002;
30009:001;
30010:002;
30011:001;
30012:002;
30013:001;
30014:002;
30015:001;
30016:002;
30017:001;
30018:002;
30019:001;
30020:002;
30021:001;
30022:002;
30023:001;
30024:002;
30025:001;
30026:002;
30027:001;
30028:002;
30029:001;
30030:002;
30031:001;
30032:002;
30033:001;
30034:002;
30035:001;
30036:002;
30037:001;
30038:002;
30039:001;
30040:002;
30041:001;
30042:002;
30043:001;
30044:002;
30045:001;
30046:002;
30047:001;
30048:002;
30049:001;
30050:002;
30051:001;
30052:002;
30053:001;
30054:002;
30055:001;
30056:002;
30057:001;
30058:002;
30059:001;
30060:002;
30061:001;
30062:002;
30063:001;
30064:002;
30065:001;
30066:002;
30067:001;
30068:002;
30069:001;
30070:002;
30071:001;
30072:002;
30073:001;
30074:002;
30075:001;
30076:002;
30077:001;
30078:002;
30079:000;
30080:001;
30081:002;
30082:001;
30083:002;
30084:001;
30085:002;
30086:001;
30087:002;
30088:001;
30089:002;
30090:001;
30091:002;
30092:001;
30093:002;
30094:001;
30095:002;
30096:001;
30097:002;
30098:001;
30099:002;
30100:001;
30101:002;
30102:001;
30103:002;
30104:001;
30105:002;
30106:001;
30107:002;
30108:001;
30109:002;
30110:001;
30111:002;
30112:001;
30113:002;
30114:001;
30115:002;
30116:001;
30117:002;
30118:001;
30119:002;
30120:001;
30121:002;
30122:001;
30123:002;
30124:001;
30125:002;
30126:001;
30127:002;
30128:001;
30129:002;
30130:001;
30131:002;
30132:001;
30133:002;
30134:001;
30135:002;
30136:001;
30137:002;
30138:001;
30139:002;
30140:001;
30141:002;
30142:001;
30143:002;
30144:001;
30145:002;
30146:001;
30147:002;
30148:001;
30149:002;
30150:001;
30151:002;
30152:001;
30153:002;
30154:001;
30155:002;
30156:001;
30157:002;
30158:001;
30159:002;
30160:001;
30161:002;
30162:001;
30163:002;
30164:001;
30165:002;
30166:001;
30167:002;
30168:001;
30169:002;
30170:001;
30171:002;
30172:001;
30173:002;
30174:001;
30175:002;
30176:001;
30177:002;
30178:001;
30179:002;
30180:001;
30181:002;
30182:001;
30183:002;
30184:001;
30185:002;
30186:001;
30187:002;
30188:001;
30189:002;
30190:001;
30191:002;
30192:001;
30193:002;
30194:001;
30195:002;
30196:001;
30197:002;
30198:001;
30199:002;
30200:001;
30201:002;
30202:001;
30203:002;
30204:001;
30205:002;
30206:001;
30207:000;
30208:002;
30209:001;
30210:002;
30211:001;
30212:002;
30213:001;
30214:002;
30215:001;
30216:002;
30217:001;
30218:002;
30219:001;
30220:002;
30221:001;
30222:002;
30223:001;
30224:002;
30225:001;
30226:002;
30227:001;
30228:002;
30229:001;
30230:002;
30231:001;
30232:002;
30233:001;
30234:002;
30235:001;
30236:002;
30237:001;
30238:002;
30239:001;
30240:002;
30241:001;
30242:002;
30243:001;
30244:002;
30245:001;
30246:002;
30247:001;
30248:002;
30249:001;
30250:002;
30251:001;
30252:002;
30253:001;
30254:002;
30255:001;
30256:002;
30257:001;
30258:002;
30259:001;
30260:002;
30261:001;
30262:002;
30263:001;
30264:002;
30265:001;
30266:002;
30267:001;
30268:002;
30269:001;
30270:002;
30271:001;
30272:002;
30273:001;
30274:002;
30275:001;
30276:002;
30277:001;
30278:002;
30279:001;
30280:002;
30281:001;
30282:002;
30283:001;
30284:002;
30285:001;
30286:002;
30287:001;
30288:002;
30289:001;
30290:002;
30291:001;
30292:002;
30293:001;
30294:002;
30295:001;
30296:002;
30297:001;
30298:002;
30299:001;
30300:002;
30301:001;
30302:002;
30303:001;
30304:002;
30305:001;
30306:002;
30307:001;
30308:002;
30309:001;
30310:002;
30311:001;
30312:002;
30313:001;
30314:002;
30315:001;
30316:002;
30317:001;
30318:002;
30319:001;
30320:002;
30321:001;
30322:002;
30323:001;
30324:002;
30325:001;
30326:002;
30327:001;
30328:002;
30329:001;
30330:002;
30331:001;
30332:002;
30333:001;
30334:002;
30335:000;
30336:001;
30337:002;
30338:001;
30339:002;
30340:001;
30341:002;
30342:001;
30343:002;
30344:001;
30345:002;
30346:001;
30347:002;
30348:001;
30349:002;
30350:001;
30351:002;
30352:001;
30353:002;
30354:001;
30355:002;
30356:001;
30357:002;
30358:001;
30359:002;
30360:001;
30361:002;
30362:001;
30363:002;
30364:001;
30365:002;
30366:001;
30367:002;
30368:001;
30369:002;
30370:001;
30371:002;
30372:001;
30373:002;
30374:001;
30375:002;
30376:001;
30377:002;
30378:001;
30379:002;
30380:001;
30381:002;
30382:001;
30383:002;
30384:001;
30385:002;
30386:001;
30387:002;
30388:001;
30389:002;
30390:001;
30391:002;
30392:001;
30393:002;
30394:001;
30395:002;
30396:001;
30397:002;
30398:001;
30399:002;
30400:001;
30401:002;
30402:001;
30403:002;
30404:001;
30405:002;
30406:001;
30407:002;
30408:001;
30409:002;
30410:001;
30411:002;
30412:001;
30413:002;
30414:001;
30415:002;
30416:001;
30417:002;
30418:001;
30419:002;
30420:001;
30421:002;
30422:001;
30423:002;
30424:001;
30425:002;
30426:001;
30427:002;
30428:001;
30429:002;
30430:001;
30431:002;
30432:001;
30433:002;
30434:001;
30435:002;
30436:001;
30437:002;
30438:001;
30439:002;
30440:001;
30441:002;
30442:001;
30443:002;
30444:001;
30445:002;
30446:001;
30447:002;
30448:001;
30449:002;
30450:001;
30451:002;
30452:001;
30453:002;
30454:001;
30455:002;
30456:001;
30457:002;
30458:001;
30459:002;
30460:001;
30461:002;
30462:001;
30463:000;
30464:002;
30465:001;
30466:002;
30467:001;
30468:002;
30469:001;
30470:002;
30471:001;
30472:002;
30473:001;
30474:002;
30475:001;
30476:002;
30477:001;
30478:002;
30479:001;
30480:002;
30481:001;
30482:002;
30483:001;
30484:002;
30485:001;
30486:002;
30487:001;
30488:002;
30489:001;
30490:002;
30491:001;
30492:002;
30493:001;
30494:002;
30495:001;
30496:002;
30497:001;
30498:002;
30499:001;
30500:002;
30501:001;
30502:002;
30503:001;
30504:002;
30505:001;
30506:002;
30507:001;
30508:002;
30509:001;
30510:002;
30511:001;
30512:002;
30513:001;
30514:002;
30515:001;
30516:002;
30517:001;
30518:002;
30519:001;
30520:002;
30521:001;
30522:002;
30523:001;
30524:002;
30525:001;
30526:002;
30527:001;
30528:002;
30529:001;
30530:002;
30531:001;
30532:002;
30533:001;
30534:002;
30535:001;
30536:002;
30537:001;
30538:002;
30539:001;
30540:002;
30541:001;
30542:002;
30543:001;
30544:002;
30545:001;
30546:002;
30547:001;
30548:002;
30549:001;
30550:002;
30551:001;
30552:002;
30553:001;
30554:002;
30555:001;
30556:002;
30557:001;
30558:002;
30559:001;
30560:002;
30561:001;
30562:002;
30563:001;
30564:002;
30565:001;
30566:002;
30567:001;
30568:002;
30569:001;
30570:002;
30571:001;
30572:002;
30573:001;
30574:002;
30575:001;
30576:002;
30577:001;
30578:002;
30579:001;
30580:002;
30581:001;
30582:002;
30583:001;
30584:002;
30585:001;
30586:002;
30587:001;
30588:002;
30589:001;
30590:002;
30591:000;
30592:001;
30593:002;
30594:001;
30595:002;
30596:001;
30597:002;
30598:001;
30599:002;
30600:001;
30601:002;
30602:001;
30603:002;
30604:001;
30605:002;
30606:001;
30607:002;
30608:001;
30609:002;
30610:001;
30611:002;
30612:001;
30613:002;
30614:001;
30615:002;
30616:001;
30617:002;
30618:001;
30619:002;
30620:001;
30621:002;
30622:001;
30623:002;
30624:001;
30625:002;
30626:001;
30627:002;
30628:001;
30629:002;
30630:001;
30631:002;
30632:001;
30633:002;
30634:001;
30635:002;
30636:001;
30637:002;
30638:001;
30639:002;
30640:001;
30641:002;
30642:001;
30643:002;
30644:001;
30645:002;
30646:001;
30647:002;
30648:001;
30649:002;
30650:001;
30651:002;
30652:001;
30653:002;
30654:001;
30655:002;
30656:001;
30657:002;
30658:001;
30659:002;
30660:001;
30661:002;
30662:001;
30663:002;
30664:001;
30665:002;
30666:001;
30667:002;
30668:001;
30669:002;
30670:001;
30671:002;
30672:001;
30673:002;
30674:001;
30675:002;
30676:001;
30677:002;
30678:001;
30679:002;
30680:001;
30681:002;
30682:001;
30683:002;
30684:001;
30685:002;
30686:001;
30687:002;
30688:001;
30689:002;
30690:001;
30691:002;
30692:001;
30693:002;
30694:001;
30695:002;
30696:001;
30697:002;
30698:001;
30699:002;
30700:001;
30701:002;
30702:001;
30703:002;
30704:001;
30705:002;
30706:001;
30707:002;
30708:001;
30709:002;
30710:001;
30711:002;
30712:001;
30713:002;
30714:001;
30715:002;
30716:001;
30717:002;
30718:001;
30719:000;
30720:002;
30721:001;
30722:002;
30723:001;
30724:002;
30725:001;
30726:002;
30727:001;
30728:002;
30729:001;
30730:002;
30731:001;
30732:002;
30733:001;
30734:002;
30735:001;
30736:002;
30737:001;
30738:002;
30739:001;
30740:002;
30741:001;
30742:002;
30743:001;
30744:002;
30745:001;
30746:002;
30747:001;
30748:002;
30749:001;
30750:002;
30751:001;
30752:002;
30753:001;
30754:002;
30755:001;
30756:002;
30757:001;
30758:002;
30759:001;
30760:002;
30761:001;
30762:002;
30763:001;
30764:002;
30765:001;
30766:002;
30767:001;
30768:002;
30769:001;
30770:002;
30771:001;
30772:002;
30773:001;
30774:002;
30775:001;
30776:002;
30777:001;
30778:002;
30779:001;
30780:002;
30781:001;
30782:002;
30783:001;
30784:002;
30785:001;
30786:002;
30787:001;
30788:002;
30789:001;
30790:002;
30791:001;
30792:002;
30793:001;
30794:002;
30795:001;
30796:002;
30797:001;
30798:002;
30799:001;
30800:002;
30801:001;
30802:002;
30803:001;
30804:002;
30805:001;
30806:002;
30807:001;
30808:002;
30809:001;
30810:002;
30811:001;
30812:002;
30813:001;
30814:002;
30815:001;
30816:002;
30817:001;
30818:002;
30819:001;
30820:002;
30821:001;
30822:002;
30823:001;
30824:002;
30825:001;
30826:002;
30827:001;
30828:002;
30829:001;
30830:002;
30831:001;
30832:002;
30833:001;
30834:002;
30835:001;
30836:002;
30837:001;
30838:002;
30839:001;
30840:002;
30841:001;
30842:002;
30843:001;
30844:002;
30845:001;
30846:002;
30847:000;
30848:001;
30849:002;
30850:001;
30851:002;
30852:001;
30853:002;
30854:001;
30855:002;
30856:001;
30857:002;
30858:001;
30859:002;
30860:001;
30861:002;
30862:001;
30863:002;
30864:001;
30865:002;
30866:001;
30867:002;
30868:001;
30869:002;
30870:001;
30871:002;
30872:001;
30873:002;
30874:001;
30875:002;
30876:001;
30877:002;
30878:001;
30879:002;
30880:001;
30881:002;
30882:001;
30883:002;
30884:001;
30885:002;
30886:001;
30887:002;
30888:001;
30889:002;
30890:001;
30891:002;
30892:001;
30893:002;
30894:001;
30895:002;
30896:001;
30897:002;
30898:001;
30899:002;
30900:001;
30901:002;
30902:001;
30903:002;
30904:001;
30905:002;
30906:001;
30907:002;
30908:001;
30909:002;
30910:001;
30911:002;
30912:001;
30913:002;
30914:001;
30915:002;
30916:001;
30917:002;
30918:001;
30919:002;
30920:001;
30921:002;
30922:001;
30923:002;
30924:001;
30925:002;
30926:001;
30927:002;
30928:001;
30929:002;
30930:001;
30931:002;
30932:001;
30933:002;
30934:001;
30935:002;
30936:001;
30937:002;
30938:001;
30939:002;
30940:001;
30941:002;
30942:001;
30943:002;
30944:001;
30945:002;
30946:001;
30947:002;
30948:001;
30949:002;
30950:001;
30951:002;
30952:001;
30953:002;
30954:001;
30955:002;
30956:001;
30957:002;
30958:001;
30959:002;
30960:001;
30961:002;
30962:001;
30963:002;
30964:001;
30965:002;
30966:001;
30967:002;
30968:001;
30969:002;
30970:001;
30971:002;
30972:001;
30973:002;
30974:001;
30975:000;
30976:002;
30977:001;
30978:002;
30979:001;
30980:002;
30981:001;
30982:002;
30983:001;
30984:002;
30985:001;
30986:002;
30987:001;
30988:002;
30989:001;
30990:002;
30991:001;
30992:002;
30993:001;
30994:002;
30995:001;
30996:002;
30997:001;
30998:002;
30999:001;
31000:002;
31001:001;
31002:002;
31003:001;
31004:002;
31005:001;
31006:002;
31007:001;
31008:002;
31009:001;
31010:002;
31011:001;
31012:002;
31013:001;
31014:002;
31015:001;
31016:002;
31017:001;
31018:002;
31019:001;
31020:002;
31021:001;
31022:002;
31023:001;
31024:002;
31025:001;
31026:002;
31027:001;
31028:002;
31029:001;
31030:002;
31031:001;
31032:002;
31033:001;
31034:002;
31035:001;
31036:002;
31037:001;
31038:002;
31039:001;
31040:002;
31041:001;
31042:002;
31043:001;
31044:002;
31045:001;
31046:002;
31047:001;
31048:002;
31049:001;
31050:002;
31051:001;
31052:002;
31053:001;
31054:002;
31055:001;
31056:002;
31057:001;
31058:002;
31059:001;
31060:002;
31061:001;
31062:002;
31063:001;
31064:002;
31065:001;
31066:002;
31067:001;
31068:002;
31069:001;
31070:002;
31071:001;
31072:002;
31073:001;
31074:002;
31075:001;
31076:002;
31077:001;
31078:002;
31079:001;
31080:002;
31081:001;
31082:002;
31083:001;
31084:002;
31085:001;
31086:002;
31087:001;
31088:002;
31089:001;
31090:002;
31091:001;
31092:002;
31093:001;
31094:002;
31095:001;
31096:002;
31097:001;
31098:002;
31099:001;
31100:002;
31101:001;
31102:002;
31103:000;
31104:001;
31105:002;
31106:001;
31107:002;
31108:001;
31109:002;
31110:001;
31111:002;
31112:001;
31113:002;
31114:001;
31115:002;
31116:001;
31117:002;
31118:001;
31119:002;
31120:001;
31121:002;
31122:001;
31123:002;
31124:001;
31125:002;
31126:001;
31127:002;
31128:001;
31129:002;
31130:001;
31131:002;
31132:001;
31133:002;
31134:001;
31135:002;
31136:001;
31137:002;
31138:001;
31139:002;
31140:001;
31141:002;
31142:001;
31143:002;
31144:001;
31145:002;
31146:001;
31147:002;
31148:001;
31149:002;
31150:001;
31151:002;
31152:001;
31153:002;
31154:001;
31155:002;
31156:001;
31157:002;
31158:001;
31159:002;
31160:001;
31161:002;
31162:001;
31163:002;
31164:001;
31165:002;
31166:001;
31167:002;
31168:001;
31169:002;
31170:001;
31171:002;
31172:001;
31173:002;
31174:001;
31175:002;
31176:001;
31177:002;
31178:001;
31179:002;
31180:001;
31181:002;
31182:001;
31183:002;
31184:001;
31185:002;
31186:001;
31187:002;
31188:001;
31189:002;
31190:001;
31191:002;
31192:001;
31193:002;
31194:001;
31195:002;
31196:001;
31197:002;
31198:001;
31199:002;
31200:001;
31201:002;
31202:001;
31203:002;
31204:001;
31205:002;
31206:001;
31207:002;
31208:001;
31209:002;
31210:001;
31211:002;
31212:001;
31213:002;
31214:001;
31215:002;
31216:001;
31217:002;
31218:001;
31219:002;
31220:001;
31221:002;
31222:001;
31223:002;
31224:001;
31225:002;
31226:001;
31227:002;
31228:001;
31229:002;
31230:001;
31231:000;
31232:002;
31233:001;
31234:002;
31235:001;
31236:002;
31237:001;
31238:002;
31239:001;
31240:002;
31241:001;
31242:002;
31243:001;
31244:002;
31245:001;
31246:002;
31247:001;
31248:002;
31249:001;
31250:002;
31251:001;
31252:002;
31253:001;
31254:002;
31255:001;
31256:002;
31257:001;
31258:002;
31259:001;
31260:002;
31261:001;
31262:002;
31263:001;
31264:002;
31265:001;
31266:002;
31267:001;
31268:002;
31269:001;
31270:002;
31271:001;
31272:002;
31273:001;
31274:002;
31275:001;
31276:002;
31277:001;
31278:002;
31279:001;
31280:002;
31281:001;
31282:002;
31283:001;
31284:002;
31285:001;
31286:002;
31287:001;
31288:002;
31289:001;
31290:002;
31291:001;
31292:002;
31293:001;
31294:002;
31295:001;
31296:002;
31297:001;
31298:002;
31299:001;
31300:002;
31301:001;
31302:002;
31303:001;
31304:002;
31305:001;
31306:002;
31307:001;
31308:002;
31309:001;
31310:002;
31311:001;
31312:002;
31313:001;
31314:002;
31315:001;
31316:002;
31317:001;
31318:002;
31319:001;
31320:002;
31321:001;
31322:002;
31323:001;
31324:002;
31325:001;
31326:002;
31327:001;
31328:002;
31329:001;
31330:002;
31331:001;
31332:002;
31333:001;
31334:002;
31335:001;
31336:002;
31337:001;
31338:002;
31339:001;
31340:002;
31341:001;
31342:002;
31343:001;
31344:002;
31345:001;
31346:002;
31347:001;
31348:002;
31349:001;
31350:002;
31351:001;
31352:002;
31353:001;
31354:002;
31355:001;
31356:002;
31357:001;
31358:002;
31359:000;
31360:001;
31361:002;
31362:001;
31363:002;
31364:001;
31365:002;
31366:001;
31367:002;
31368:001;
31369:002;
31370:001;
31371:002;
31372:001;
31373:002;
31374:001;
31375:002;
31376:001;
31377:002;
31378:001;
31379:002;
31380:001;
31381:002;
31382:001;
31383:002;
31384:001;
31385:002;
31386:001;
31387:002;
31388:001;
31389:002;
31390:001;
31391:002;
31392:001;
31393:002;
31394:001;
31395:002;
31396:001;
31397:002;
31398:001;
31399:002;
31400:001;
31401:002;
31402:001;
31403:002;
31404:001;
31405:002;
31406:001;
31407:002;
31408:001;
31409:002;
31410:001;
31411:002;
31412:001;
31413:002;
31414:001;
31415:002;
31416:001;
31417:002;
31418:001;
31419:002;
31420:001;
31421:002;
31422:001;
31423:002;
31424:001;
31425:002;
31426:001;
31427:002;
31428:001;
31429:002;
31430:001;
31431:002;
31432:001;
31433:002;
31434:001;
31435:002;
31436:001;
31437:002;
31438:001;
31439:002;
31440:001;
31441:002;
31442:001;
31443:002;
31444:001;
31445:002;
31446:001;
31447:002;
31448:001;
31449:002;
31450:001;
31451:002;
31452:001;
31453:002;
31454:001;
31455:002;
31456:001;
31457:002;
31458:001;
31459:002;
31460:001;
31461:002;
31462:001;
31463:002;
31464:001;
31465:002;
31466:001;
31467:002;
31468:001;
31469:002;
31470:001;
31471:002;
31472:001;
31473:002;
31474:001;
31475:002;
31476:001;
31477:002;
31478:001;
31479:002;
31480:001;
31481:002;
31482:001;
31483:002;
31484:001;
31485:002;
31486:001;
31487:000;
31488:002;
31489:001;
31490:002;
31491:001;
31492:002;
31493:001;
31494:002;
31495:001;
31496:002;
31497:001;
31498:002;
31499:001;
31500:002;
31501:001;
31502:002;
31503:001;
31504:002;
31505:001;
31506:002;
31507:001;
31508:002;
31509:001;
31510:002;
31511:001;
31512:002;
31513:001;
31514:002;
31515:001;
31516:002;
31517:001;
31518:002;
31519:001;
31520:002;
31521:001;
31522:002;
31523:001;
31524:002;
31525:001;
31526:002;
31527:001;
31528:002;
31529:001;
31530:002;
31531:001;
31532:002;
31533:001;
31534:002;
31535:001;
31536:002;
31537:001;
31538:002;
31539:001;
31540:002;
31541:001;
31542:002;
31543:001;
31544:002;
31545:001;
31546:002;
31547:001;
31548:002;
31549:001;
31550:002;
31551:001;
31552:002;
31553:001;
31554:002;
31555:001;
31556:002;
31557:001;
31558:002;
31559:001;
31560:002;
31561:001;
31562:002;
31563:001;
31564:002;
31565:001;
31566:002;
31567:001;
31568:002;
31569:001;
31570:002;
31571:001;
31572:002;
31573:001;
31574:002;
31575:001;
31576:002;
31577:001;
31578:002;
31579:001;
31580:002;
31581:001;
31582:002;
31583:001;
31584:002;
31585:001;
31586:002;
31587:001;
31588:002;
31589:001;
31590:002;
31591:001;
31592:002;
31593:001;
31594:002;
31595:001;
31596:002;
31597:001;
31598:002;
31599:001;
31600:002;
31601:001;
31602:002;
31603:001;
31604:002;
31605:001;
31606:002;
31607:001;
31608:002;
31609:001;
31610:002;
31611:001;
31612:002;
31613:001;
31614:002;
31615:000;
31616:001;
31617:002;
31618:001;
31619:002;
31620:001;
31621:002;
31622:001;
31623:002;
31624:001;
31625:002;
31626:001;
31627:002;
31628:001;
31629:002;
31630:001;
31631:002;
31632:001;
31633:002;
31634:001;
31635:002;
31636:001;
31637:002;
31638:001;
31639:002;
31640:001;
31641:002;
31642:001;
31643:002;
31644:001;
31645:002;
31646:001;
31647:002;
31648:001;
31649:002;
31650:001;
31651:002;
31652:001;
31653:002;
31654:001;
31655:002;
31656:001;
31657:002;
31658:001;
31659:002;
31660:001;
31661:002;
31662:001;
31663:002;
31664:001;
31665:002;
31666:001;
31667:002;
31668:001;
31669:002;
31670:001;
31671:002;
31672:001;
31673:002;
31674:001;
31675:002;
31676:001;
31677:002;
31678:001;
31679:002;
31680:001;
31681:002;
31682:001;
31683:002;
31684:001;
31685:002;
31686:001;
31687:002;
31688:001;
31689:002;
31690:001;
31691:002;
31692:001;
31693:002;
31694:001;
31695:002;
31696:001;
31697:002;
31698:001;
31699:002;
31700:001;
31701:002;
31702:001;
31703:002;
31704:001;
31705:002;
31706:001;
31707:002;
31708:001;
31709:002;
31710:001;
31711:002;
31712:001;
31713:002;
31714:001;
31715:002;
31716:001;
31717:002;
31718:001;
31719:002;
31720:001;
31721:002;
31722:001;
31723:002;
31724:001;
31725:002;
31726:001;
31727:002;
31728:001;
31729:002;
31730:001;
31731:002;
31732:001;
31733:002;
31734:001;
31735:002;
31736:001;
31737:002;
31738:001;
31739:002;
31740:001;
31741:002;
31742:001;
31743:000;
31744:002;
31745:002;
31746:002;
31747:001;
31748:002;
31749:001;
31750:002;
31751:001;
31752:002;
31753:002;
31754:002;
31755:001;
31756:002;
31757:001;
31758:002;
31759:001;
31760:002;
31761:002;
31762:002;
31763:001;
31764:002;
31765:001;
31766:002;
31767:001;
31768:002;
31769:002;
31770:002;
31771:001;
31772:002;
31773:001;
31774:002;
31775:001;
31776:002;
31777:002;
31778:002;
31779:001;
31780:002;
31781:001;
31782:002;
31783:001;
31784:002;
31785:002;
31786:002;
31787:001;
31788:002;
31789:001;
31790:002;
31791:001;
31792:002;
31793:002;
31794:002;
31795:001;
31796:002;
31797:001;
31798:002;
31799:001;
31800:002;
31801:002;
31802:002;
31803:001;
31804:002;
31805:001;
31806:002;
31807:001;
31808:002;
31809:002;
31810:002;
31811:001;
31812:002;
31813:001;
31814:002;
31815:001;
31816:002;
31817:002;
31818:002;
31819:001;
31820:002;
31821:001;
31822:002;
31823:001;
31824:002;
31825:002;
31826:002;
31827:001;
31828:002;
31829:001;
31830:002;
31831:001;
31832:002;
31833:002;
31834:002;
31835:001;
31836:002;
31837:001;
31838:002;
31839:001;
31840:002;
31841:002;
31842:002;
31843:001;
31844:002;
31845:001;
31846:002;
31847:001;
31848:002;
31849:002;
31850:002;
31851:001;
31852:002;
31853:001;
31854:002;
31855:001;
31856:002;
31857:002;
31858:002;
31859:001;
31860:002;
31861:001;
31862:002;
31863:001;
31864:002;
31865:002;
31866:002;
31867:001;
31868:002;
31869:001;
31870:002;
31871:000;
31872:001;
31873:002;
31874:001;
31875:002;
31876:001;
31877:002;
31878:001;
31879:002;
31880:001;
31881:002;
31882:001;
31883:002;
31884:001;
31885:002;
31886:001;
31887:002;
31888:001;
31889:002;
31890:001;
31891:002;
31892:001;
31893:002;
31894:001;
31895:002;
31896:001;
31897:002;
31898:001;
31899:002;
31900:001;
31901:002;
31902:001;
31903:002;
31904:001;
31905:002;
31906:001;
31907:002;
31908:001;
31909:002;
31910:001;
31911:002;
31912:001;
31913:002;
31914:001;
31915:002;
31916:001;
31917:002;
31918:001;
31919:002;
31920:001;
31921:002;
31922:001;
31923:002;
31924:001;
31925:002;
31926:001;
31927:002;
31928:001;
31929:002;
31930:001;
31931:002;
31932:001;
31933:002;
31934:001;
31935:002;
31936:001;
31937:002;
31938:001;
31939:002;
31940:001;
31941:002;
31942:001;
31943:002;
31944:001;
31945:002;
31946:001;
31947:002;
31948:001;
31949:002;
31950:001;
31951:002;
31952:001;
31953:002;
31954:001;
31955:002;
31956:001;
31957:002;
31958:001;
31959:002;
31960:001;
31961:002;
31962:001;
31963:002;
31964:001;
31965:002;
31966:001;
31967:002;
31968:001;
31969:002;
31970:001;
31971:002;
31972:001;
31973:002;
31974:001;
31975:002;
31976:001;
31977:002;
31978:001;
31979:002;
31980:001;
31981:002;
31982:001;
31983:002;
31984:001;
31985:002;
31986:001;
31987:002;
31988:001;
31989:002;
31990:001;
31991:002;
31992:001;
31993:002;
31994:001;
31995:002;
31996:001;
31997:002;
31998:001;
31999:000;
32000:002;
32001:001;
32002:002;
32003:001;
32004:002;
32005:001;
32006:002;
32007:001;
32008:002;
32009:001;
32010:002;
32011:001;
32012:002;
32013:001;
32014:002;
32015:001;
32016:002;
32017:001;
32018:002;
32019:001;
32020:002;
32021:001;
32022:002;
32023:001;
32024:002;
32025:001;
32026:002;
32027:001;
32028:002;
32029:001;
32030:002;
32031:001;
32032:002;
32033:001;
32034:002;
32035:001;
32036:002;
32037:001;
32038:002;
32039:001;
32040:002;
32041:001;
32042:002;
32043:001;
32044:002;
32045:001;
32046:002;
32047:001;
32048:002;
32049:001;
32050:002;
32051:001;
32052:002;
32053:001;
32054:002;
32055:001;
32056:002;
32057:001;
32058:002;
32059:001;
32060:002;
32061:001;
32062:002;
32063:001;
32064:002;
32065:001;
32066:002;
32067:001;
32068:002;
32069:001;
32070:002;
32071:001;
32072:002;
32073:001;
32074:002;
32075:001;
32076:002;
32077:001;
32078:002;
32079:001;
32080:002;
32081:001;
32082:002;
32083:001;
32084:002;
32085:001;
32086:002;
32087:001;
32088:002;
32089:001;
32090:002;
32091:001;
32092:002;
32093:001;
32094:002;
32095:001;
32096:002;
32097:001;
32098:002;
32099:001;
32100:002;
32101:001;
32102:002;
32103:001;
32104:002;
32105:001;
32106:002;
32107:001;
32108:002;
32109:001;
32110:002;
32111:001;
32112:002;
32113:001;
32114:002;
32115:001;
32116:002;
32117:001;
32118:002;
32119:001;
32120:002;
32121:001;
32122:002;
32123:001;
32124:002;
32125:001;
32126:002;
32127:000;
32128:001;
32129:002;
32130:001;
32131:002;
32132:001;
32133:002;
32134:001;
32135:002;
32136:001;
32137:002;
32138:001;
32139:002;
32140:001;
32141:002;
32142:001;
32143:002;
32144:001;
32145:002;
32146:001;
32147:002;
32148:001;
32149:002;
32150:001;
32151:002;
32152:001;
32153:002;
32154:001;
32155:002;
32156:001;
32157:002;
32158:001;
32159:002;
32160:001;
32161:002;
32162:001;
32163:002;
32164:001;
32165:002;
32166:001;
32167:002;
32168:001;
32169:002;
32170:001;
32171:002;
32172:001;
32173:002;
32174:001;
32175:002;
32176:001;
32177:002;
32178:001;
32179:002;
32180:001;
32181:002;
32182:001;
32183:002;
32184:001;
32185:002;
32186:001;
32187:002;
32188:001;
32189:002;
32190:001;
32191:002;
32192:001;
32193:002;
32194:001;
32195:002;
32196:001;
32197:002;
32198:001;
32199:002;
32200:001;
32201:002;
32202:001;
32203:002;
32204:001;
32205:002;
32206:001;
32207:002;
32208:001;
32209:002;
32210:001;
32211:002;
32212:001;
32213:002;
32214:001;
32215:002;
32216:001;
32217:002;
32218:001;
32219:002;
32220:001;
32221:002;
32222:001;
32223:002;
32224:001;
32225:002;
32226:001;
32227:002;
32228:001;
32229:002;
32230:001;
32231:002;
32232:001;
32233:002;
32234:001;
32235:002;
32236:001;
32237:002;
32238:001;
32239:002;
32240:001;
32241:002;
32242:001;
32243:002;
32244:001;
32245:002;
32246:001;
32247:002;
32248:001;
32249:002;
32250:001;
32251:002;
32252:001;
32253:002;
32254:001;
32255:000;
32256:002;
32257:001;
32258:002;
32259:001;
32260:002;
32261:002;
32262:002;
32263:001;
32264:002;
32265:001;
32266:002;
32267:001;
32268:002;
32269:002;
32270:002;
32271:001;
32272:002;
32273:001;
32274:002;
32275:001;
32276:002;
32277:002;
32278:002;
32279:001;
32280:002;
32281:001;
32282:002;
32283:001;
32284:002;
32285:002;
32286:002;
32287:001;
32288:002;
32289:001;
32290:002;
32291:001;
32292:002;
32293:002;
32294:002;
32295:001;
32296:002;
32297:001;
32298:002;
32299:001;
32300:002;
32301:002;
32302:002;
32303:001;
32304:002;
32305:001;
32306:002;
32307:001;
32308:002;
32309:002;
32310:002;
32311:001;
32312:002;
32313:001;
32314:002;
32315:001;
32316:002;
32317:002;
32318:002;
32319:001;
32320:002;
32321:001;
32322:002;
32323:001;
32324:002;
32325:002;
32326:002;
32327:001;
32328:002;
32329:001;
32330:002;
32331:001;
32332:002;
32333:002;
32334:002;
32335:001;
32336:002;
32337:001;
32338:002;
32339:001;
32340:002;
32341:002;
32342:002;
32343:001;
32344:002;
32345:001;
32346:002;
32347:001;
32348:002;
32349:002;
32350:002;
32351:001;
32352:002;
32353:001;
32354:002;
32355:001;
32356:002;
32357:002;
32358:002;
32359:001;
32360:002;
32361:001;
32362:002;
32363:001;
32364:002;
32365:002;
32366:002;
32367:001;
32368:002;
32369:001;
32370:002;
32371:001;
32372:002;
32373:002;
32374:002;
32375:001;
32376:002;
32377:001;
32378:002;
32379:001;
32380:002;
32381:002;
32382:002;
32383:000;
32384:001;
32385:002;
32386:001;
32387:002;
32388:001;
32389:002;
32390:001;
32391:002;
32392:001;
32393:002;
32394:001;
32395:002;
32396:001;
32397:002;
32398:001;
32399:002;
32400:001;
32401:002;
32402:001;
32403:002;
32404:001;
32405:002;
32406:001;
32407:002;
32408:001;
32409:002;
32410:001;
32411:002;
32412:001;
32413:002;
32414:001;
32415:002;
32416:001;
32417:002;
32418:001;
32419:002;
32420:001;
32421:002;
32422:001;
32423:002;
32424:001;
32425:002;
32426:001;
32427:002;
32428:001;
32429:002;
32430:001;
32431:002;
32432:001;
32433:002;
32434:001;
32435:002;
32436:001;
32437:002;
32438:001;
32439:002;
32440:001;
32441:002;
32442:001;
32443:002;
32444:001;
32445:002;
32446:001;
32447:002;
32448:001;
32449:002;
32450:001;
32451:002;
32452:001;
32453:002;
32454:001;
32455:002;
32456:001;
32457:002;
32458:001;
32459:002;
32460:001;
32461:002;
32462:001;
32463:002;
32464:001;
32465:002;
32466:001;
32467:002;
32468:001;
32469:002;
32470:001;
32471:002;
32472:001;
32473:002;
32474:001;
32475:002;
32476:001;
32477:002;
32478:001;
32479:002;
32480:001;
32481:002;
32482:001;
32483:002;
32484:001;
32485:002;
32486:001;
32487:002;
32488:001;
32489:002;
32490:001;
32491:002;
32492:001;
32493:002;
32494:001;
32495:002;
32496:001;
32497:002;
32498:001;
32499:002;
32500:001;
32501:002;
32502:001;
32503:002;
32504:001;
32505:002;
32506:001;
32507:002;
32508:001;
32509:002;
32510:001;
32511:000;
32512:002;
32513:001;
32514:002;
32515:001;
32516:002;
32517:001;
32518:002;
32519:001;
32520:002;
32521:001;
32522:002;
32523:001;
32524:002;
32525:001;
32526:002;
32527:001;
32528:002;
32529:001;
32530:002;
32531:001;
32532:002;
32533:001;
32534:002;
32535:001;
32536:002;
32537:001;
32538:002;
32539:001;
32540:002;
32541:001;
32542:002;
32543:001;
32544:002;
32545:001;
32546:002;
32547:001;
32548:002;
32549:001;
32550:002;
32551:001;
32552:002;
32553:001;
32554:002;
32555:001;
32556:002;
32557:001;
32558:002;
32559:001;
32560:002;
32561:001;
32562:002;
32563:001;
32564:002;
32565:001;
32566:002;
32567:001;
32568:002;
32569:001;
32570:002;
32571:001;
32572:002;
32573:001;
32574:002;
32575:001;
32576:002;
32577:001;
32578:002;
32579:001;
32580:002;
32581:001;
32582:002;
32583:001;
32584:002;
32585:001;
32586:002;
32587:001;
32588:002;
32589:001;
32590:002;
32591:001;
32592:002;
32593:001;
32594:002;
32595:001;
32596:002;
32597:001;
32598:002;
32599:001;
32600:002;
32601:001;
32602:002;
32603:001;
32604:002;
32605:001;
32606:002;
32607:001;
32608:002;
32609:001;
32610:002;
32611:001;
32612:002;
32613:001;
32614:002;
32615:001;
32616:002;
32617:001;
32618:002;
32619:001;
32620:002;
32621:001;
32622:002;
32623:001;
32624:002;
32625:001;
32626:002;
32627:001;
32628:002;
32629:001;
32630:002;
32631:001;
32632:002;
32633:001;
32634:002;
32635:001;
32636:002;
32637:001;
32638:002;
32639:000;
32640:001;
32641:002;
32642:001;
32643:002;
32644:001;
32645:002;
32646:001;
32647:002;
32648:001;
32649:002;
32650:001;
32651:002;
32652:001;
32653:002;
32654:001;
32655:002;
32656:001;
32657:002;
32658:001;
32659:002;
32660:001;
32661:002;
32662:001;
32663:002;
32664:001;
32665:002;
32666:001;
32667:002;
32668:001;
32669:002;
32670:001;
32671:002;
32672:001;
32673:002;
32674:001;
32675:002;
32676:001;
32677:002;
32678:001;
32679:002;
32680:001;
32681:002;
32682:001;
32683:002;
32684:001;
32685:002;
32686:001;
32687:002;
32688:001;
32689:002;
32690:001;
32691:002;
32692:001;
32693:002;
32694:001;
32695:002;
32696:001;
32697:002;
32698:001;
32699:002;
32700:001;
32701:002;
32702:001;
32703:002;
32704:001;
32705:002;
32706:001;
32707:002;
32708:001;
32709:002;
32710:001;
32711:002;
32712:001;
32713:002;
32714:001;
32715:002;
32716:001;
32717:002;
32718:001;
32719:002;
32720:001;
32721:002;
32722:001;
32723:002;
32724:001;
32725:002;
32726:001;
32727:002;
32728:001;
32729:002;
32730:001;
32731:002;
32732:001;
32733:002;
32734:001;
32735:002;
32736:001;
32737:002;
32738:001;
32739:002;
32740:001;
32741:002;
32742:001;
32743:002;
32744:001;
32745:002;
32746:001;
32747:002;
32748:001;
32749:002;
32750:001;
32751:002;
32752:001;
32753:002;
32754:001;
32755:002;
32756:001;
32757:002;
32758:001;
32759:002;
32760:001;
32761:002;
32762:001;
32763:002;
32764:001;
32765:002;
32766:001;
32767:000;
32768:002;
32769:002;
32770:002;
32771:001;
32772:002;
32773:002;
32774:002;
32775:001;
32776:002;
32777:002;
32778:002;
32779:001;
32780:002;
32781:002;
32782:002;
32783:001;
32784:002;
32785:002;
32786:002;
32787:001;
32788:002;
32789:002;
32790:002;
32791:001;
32792:002;
32793:002;
32794:002;
32795:001;
32796:002;
32797:002;
32798:002;
32799:001;
32800:002;
32801:002;
32802:002;
32803:001;
32804:002;
32805:002;
32806:002;
32807:001;
32808:002;
32809:002;
32810:002;
32811:001;
32812:002;
32813:002;
32814:002;
32815:001;
32816:002;
32817:002;
32818:002;
32819:001;
32820:002;
32821:002;
32822:002;
32823:001;
32824:002;
32825:002;
32826:002;
32827:001;
32828:002;
32829:002;
32830:002;
32831:001;
32832:002;
32833:002;
32834:002;
32835:001;
32836:002;
32837:002;
32838:002;
32839:001;
32840:002;
32841:002;
32842:002;
32843:001;
32844:002;
32845:002;
32846:002;
32847:001;
32848:002;
32849:002;
32850:002;
32851:001;
32852:002;
32853:002;
32854:002;
32855:001;
32856:002;
32857:002;
32858:002;
32859:001;
32860:002;
32861:002;
32862:002;
32863:001;
32864:002;
32865:002;
32866:002;
32867:001;
32868:002;
32869:002;
32870:002;
32871:001;
32872:002;
32873:002;
32874:002;
32875:001;
32876:002;
32877:002;
32878:002;
32879:001;
32880:002;
32881:002;
32882:002;
32883:001;
32884:002;
32885:002;
32886:002;
32887:001;
32888:002;
32889:002;
32890:002;
32891:001;
32892:002;
32893:002;
32894:002;
32895:000;
32896:001;
32897:002;
32898:001;
32899:002;
32900:001;
32901:002;
32902:001;
32903:002;
32904:001;
32905:002;
32906:001;
32907:002;
32908:001;
32909:002;
32910:001;
32911:002;
32912:001;
32913:002;
32914:001;
32915:002;
32916:001;
32917:002;
32918:001;
32919:002;
32920:001;
32921:002;
32922:001;
32923:002;
32924:001;
32925:002;
32926:001;
32927:002;
32928:001;
32929:002;
32930:001;
32931:002;
32932:001;
32933:002;
32934:001;
32935:002;
32936:001;
32937:002;
32938:001;
32939:002;
32940:001;
32941:002;
32942:001;
32943:002;
32944:001;
32945:002;
32946:001;
32947:002;
32948:001;
32949:002;
32950:001;
32951:002;
32952:001;
32953:002;
32954:001;
32955:002;
32956:001;
32957:002;
32958:001;
32959:002;
32960:001;
32961:002;
32962:001;
32963:002;
32964:001;
32965:002;
32966:001;
32967:002;
32968:001;
32969:002;
32970:001;
32971:002;
32972:001;
32973:002;
32974:001;
32975:002;
32976:001;
32977:002;
32978:001;
32979:002;
32980:001;
32981:002;
32982:001;
32983:002;
32984:001;
32985:002;
32986:001;
32987:002;
32988:001;
32989:002;
32990:001;
32991:002;
32992:001;
32993:002;
32994:001;
32995:002;
32996:001;
32997:002;
32998:001;
32999:002;
33000:001;
33001:002;
33002:001;
33003:002;
33004:001;
33005:002;
33006:001;
33007:002;
33008:001;
33009:002;
33010:001;
33011:002;
33012:001;
33013:002;
33014:001;
33015:002;
33016:001;
33017:002;
33018:001;
33019:002;
33020:001;
33021:002;
33022:001;
33023:000;
33024:002;
33025:001;
33026:002;
33027:001;
33028:002;
33029:001;
33030:002;
33031:001;
33032:002;
33033:001;
33034:002;
33035:001;
33036:002;
33037:001;
33038:002;
33039:001;
33040:002;
33041:001;
33042:002;
33043:001;
33044:002;
33045:001;
33046:002;
33047:001;
33048:002;
33049:001;
33050:002;
33051:001;
33052:002;
33053:001;
33054:002;
33055:001;
33056:002;
33057:001;
33058:002;
33059:001;
33060:002;
33061:001;
33062:002;
33063:001;
33064:002;
33065:001;
33066:002;
33067:001;
33068:002;
33069:001;
33070:002;
33071:001;
33072:002;
33073:001;
33074:002;
33075:001;
33076:002;
33077:001;
33078:002;
33079:001;
33080:002;
33081:001;
33082:002;
33083:001;
33084:002;
33085:001;
33086:002;
33087:001;
33088:002;
33089:001;
33090:002;
33091:001;
33092:002;
33093:001;
33094:002;
33095:001;
33096:002;
33097:001;
33098:002;
33099:001;
33100:002;
33101:001;
33102:002;
33103:001;
33104:002;
33105:001;
33106:002;
33107:001;
33108:002;
33109:001;
33110:002;
33111:001;
33112:002;
33113:001;
33114:002;
33115:001;
33116:002;
33117:001;
33118:002;
33119:001;
33120:002;
33121:001;
33122:002;
33123:001;
33124:002;
33125:001;
33126:002;
33127:001;
33128:002;
33129:001;
33130:002;
33131:001;
33132:002;
33133:001;
33134:002;
33135:001;
33136:002;
33137:001;
33138:002;
33139:001;
33140:002;
33141:001;
33142:002;
33143:001;
33144:002;
33145:001;
33146:002;
33147:001;
33148:002;
33149:001;
33150:002;
33151:000;
33152:001;
33153:002;
33154:001;
33155:002;
33156:001;
33157:002;
33158:001;
33159:002;
33160:001;
33161:002;
33162:001;
33163:002;
33164:001;
33165:002;
33166:001;
33167:002;
33168:001;
33169:002;
33170:001;
33171:002;
33172:001;
33173:002;
33174:001;
33175:002;
33176:001;
33177:002;
33178:001;
33179:002;
33180:001;
33181:002;
33182:001;
33183:002;
33184:001;
33185:002;
33186:001;
33187:002;
33188:001;
33189:002;
33190:001;
33191:002;
33192:001;
33193:002;
33194:001;
33195:002;
33196:001;
33197:002;
33198:001;
33199:002;
33200:001;
33201:002;
33202:001;
33203:002;
33204:001;
33205:002;
33206:001;
33207:002;
33208:001;
33209:002;
33210:001;
33211:002;
33212:001;
33213:002;
33214:001;
33215:002;
33216:001;
33217:002;
33218:001;
33219:002;
33220:001;
33221:002;
33222:001;
33223:002;
33224:001;
33225:002;
33226:001;
33227:002;
33228:001;
33229:002;
33230:001;
33231:002;
33232:001;
33233:002;
33234:001;
33235:002;
33236:001;
33237:002;
33238:001;
33239:002;
33240:001;
33241:002;
33242:001;
33243:002;
33244:001;
33245:002;
33246:001;
33247:002;
33248:001;
33249:002;
33250:001;
33251:002;
33252:001;
33253:002;
33254:001;
33255:002;
33256:001;
33257:002;
33258:001;
33259:002;
33260:001;
33261:002;
33262:001;
33263:002;
33264:001;
33265:002;
33266:001;
33267:002;
33268:001;
33269:002;
33270:001;
33271:002;
33272:001;
33273:002;
33274:001;
33275:002;
33276:001;
33277:002;
33278:001;
33279:000;
33280:002;
33281:002;
33282:002;
33283:001;
33284:002;
33285:002;
33286:002;
33287:001;
33288:002;
33289:002;
33290:002;
33291:001;
33292:002;
33293:002;
33294:002;
33295:001;
33296:002;
33297:002;
33298:002;
33299:001;
33300:002;
33301:002;
33302:002;
33303:001;
33304:002;
33305:002;
33306:002;
33307:001;
33308:002;
33309:002;
33310:002;
33311:001;
33312:002;
33313:002;
33314:002;
33315:001;
33316:002;
33317:002;
33318:002;
33319:001;
33320:002;
33321:002;
33322:002;
33323:001;
33324:002;
33325:002;
33326:002;
33327:001;
33328:002;
33329:002;
33330:002;
33331:001;
33332:002;
33333:002;
33334:002;
33335:001;
33336:002;
33337:002;
33338:002;
33339:001;
33340:002;
33341:002;
33342:002;
33343:001;
33344:002;
33345:002;
33346:002;
33347:001;
33348:002;
33349:002;
33350:002;
33351:001;
33352:002;
33353:002;
33354:002;
33355:001;
33356:002;
33357:002;
33358:002;
33359:001;
33360:002;
33361:002;
33362:002;
33363:001;
33364:002;
33365:002;
33366:002;
33367:001;
33368:002;
33369:002;
33370:002;
33371:001;
33372:002;
33373:002;
33374:002;
33375:001;
33376:002;
33377:002;
33378:002;
33379:001;
33380:002;
33381:002;
33382:002;
33383:001;
33384:002;
33385:002;
33386:002;
33387:001;
33388:002;
33389:002;
33390:002;
33391:001;
33392:002;
33393:002;
33394:002;
33395:001;
33396:002;
33397:002;
33398:002;
33399:001;
33400:002;
33401:002;
33402:002;
33403:001;
33404:002;
33405:002;
33406:002;
33407:000;
33408:001;
33409:002;
33410:001;
33411:002;
33412:001;
33413:002;
33414:001;
33415:002;
33416:001;
33417:002;
33418:001;
33419:002;
33420:001;
33421:002;
33422:001;
33423:002;
33424:001;
33425:002;
33426:001;
33427:002;
33428:001;
33429:002;
33430:001;
33431:002;
33432:001;
33433:002;
33434:001;
33435:002;
33436:001;
33437:002;
33438:001;
33439:002;
33440:001;
33441:002;
33442:001;
33443:002;
33444:001;
33445:002;
33446:001;
33447:002;
33448:001;
33449:002;
33450:001;
33451:002;
33452:001;
33453:002;
33454:001;
33455:002;
33456:001;
33457:002;
33458:001;
33459:002;
33460:001;
33461:002;
33462:001;
33463:002;
33464:001;
33465:002;
33466:001;
33467:002;
33468:001;
33469:002;
33470:001;
33471:002;
33472:001;
33473:002;
33474:001;
33475:002;
33476:001;
33477:002;
33478:001;
33479:002;
33480:001;
33481:002;
33482:001;
33483:002;
33484:001;
33485:002;
33486:001;
33487:002;
33488:001;
33489:002;
33490:001;
33491:002;
33492:001;
33493:002;
33494:001;
33495:002;
33496:001;
33497:002;
33498:001;
33499:002;
33500:001;
33501:002;
33502:001;
33503:002;
33504:001;
33505:002;
33506:001;
33507:002;
33508:001;
33509:002;
33510:001;
33511:002;
33512:001;
33513:002;
33514:001;
33515:002;
33516:001;
33517:002;
33518:001;
33519:002;
33520:001;
33521:002;
33522:001;
33523:002;
33524:001;
33525:002;
33526:001;
33527:002;
33528:001;
33529:002;
33530:001;
33531:002;
33532:001;
33533:002;
33534:001;
33535:000;
33536:002;
33537:001;
33538:002;
33539:001;
33540:002;
33541:001;
33542:002;
33543:001;
33544:002;
33545:001;
33546:002;
33547:001;
33548:002;
33549:001;
33550:002;
33551:001;
33552:002;
33553:001;
33554:002;
33555:001;
33556:002;
33557:001;
33558:002;
33559:001;
33560:002;
33561:001;
33562:002;
33563:001;
33564:002;
33565:001;
33566:002;
33567:001;
33568:002;
33569:001;
33570:002;
33571:001;
33572:002;
33573:001;
33574:002;
33575:001;
33576:002;
33577:001;
33578:002;
33579:001;
33580:002;
33581:001;
33582:002;
33583:001;
33584:002;
33585:001;
33586:002;
33587:001;
33588:002;
33589:001;
33590:002;
33591:001;
33592:002;
33593:001;
33594:002;
33595:001;
33596:002;
33597:001;
33598:002;
33599:001;
33600:002;
33601:001;
33602:002;
33603:001;
33604:002;
33605:001;
33606:002;
33607:001;
33608:002;
33609:001;
33610:002;
33611:001;
33612:002;
33613:001;
33614:002;
33615:001;
33616:002;
33617:001;
33618:002;
33619:001;
33620:002;
33621:001;
33622:002;
33623:001;
33624:002;
33625:001;
33626:002;
33627:001;
33628:002;
33629:001;
33630:002;
33631:001;
33632:002;
33633:001;
33634:002;
33635:001;
33636:002;
33637:001;
33638:002;
33639:001;
33640:002;
33641:001;
33642:002;
33643:001;
33644:002;
33645:001;
33646:002;
33647:001;
33648:002;
33649:001;
33650:002;
33651:001;
33652:002;
33653:001;
33654:002;
33655:001;
33656:002;
33657:001;
33658:002;
33659:001;
33660:002;
33661:001;
33662:002;
33663:000;
33664:001;
33665:002;
33666:001;
33667:002;
33668:001;
33669:002;
33670:001;
33671:002;
33672:001;
33673:002;
33674:001;
33675:002;
33676:001;
33677:002;
33678:001;
33679:002;
33680:001;
33681:002;
33682:001;
33683:002;
33684:001;
33685:002;
33686:001;
33687:002;
33688:001;
33689:002;
33690:001;
33691:002;
33692:001;
33693:002;
33694:001;
33695:002;
33696:001;
33697:002;
33698:001;
33699:002;
33700:001;
33701:002;
33702:001;
33703:002;
33704:001;
33705:002;
33706:001;
33707:002;
33708:001;
33709:002;
33710:001;
33711:002;
33712:001;
33713:002;
33714:001;
33715:002;
33716:001;
33717:002;
33718:001;
33719:002;
33720:001;
33721:002;
33722:001;
33723:002;
33724:001;
33725:002;
33726:001;
33727:002;
33728:001;
33729:002;
33730:001;
33731:002;
33732:001;
33733:002;
33734:001;
33735:002;
33736:001;
33737:002;
33738:001;
33739:002;
33740:001;
33741:002;
33742:001;
33743:002;
33744:001;
33745:002;
33746:001;
33747:002;
33748:001;
33749:002;
33750:001;
33751:002;
33752:001;
33753:002;
33754:001;
33755:002;
33756:001;
33757:002;
33758:001;
33759:002;
33760:001;
33761:002;
33762:001;
33763:002;
33764:001;
33765:002;
33766:001;
33767:002;
33768:001;
33769:002;
33770:001;
33771:002;
33772:001;
33773:002;
33774:001;
33775:002;
33776:001;
33777:002;
33778:001;
33779:002;
33780:001;
33781:002;
33782:001;
33783:002;
33784:001;
33785:002;
33786:001;
33787:002;
33788:001;
33789:002;
33790:001;
33791:000;
33792:002;
33793:002;
33794:002;
33795:001;
33796:002;
33797:002;
33798:002;
33799:001;
33800:002;
33801:002;
33802:002;
33803:001;
33804:002;
33805:002;
33806:002;
33807:001;
33808:002;
33809:002;
33810:002;
33811:001;
33812:002;
33813:002;
33814:002;
33815:001;
33816:002;
33817:002;
33818:002;
33819:001;
33820:002;
33821:002;
33822:002;
33823:001;
33824:002;
33825:002;
33826:002;
33827:001;
33828:002;
33829:002;
33830:002;
33831:001;
33832:002;
33833:002;
33834:002;
33835:001;
33836:002;
33837:002;
33838:002;
33839:001;
33840:002;
33841:002;
33842:002;
33843:001;
33844:002;
33845:002;
33846:002;
33847:001;
33848:002;
33849:002;
33850:002;
33851:001;
33852:002;
33853:002;
33854:002;
33855:001;
33856:002;
33857:002;
33858:002;
33859:001;
33860:002;
33861:002;
33862:002;
33863:001;
33864:002;
33865:002;
33866:002;
33867:001;
33868:002;
33869:002;
33870:002;
33871:001;
33872:002;
33873:002;
33874:002;
33875:001;
33876:002;
33877:002;
33878:002;
33879:001;
33880:002;
33881:002;
33882:002;
33883:001;
33884:002;
33885:002;
33886:002;
33887:001;
33888:002;
33889:002;
33890:002;
33891:001;
33892:002;
33893:002;
33894:002;
33895:001;
33896:002;
33897:002;
33898:002;
33899:001;
33900:002;
33901:002;
33902:002;
33903:001;
33904:002;
33905:002;
33906:002;
33907:001;
33908:002;
33909:002;
33910:002;
33911:001;
33912:002;
33913:002;
33914:002;
33915:001;
33916:002;
33917:002;
33918:002;
33919:000;
33920:001;
33921:002;
33922:001;
33923:002;
33924:001;
33925:002;
33926:001;
33927:002;
33928:001;
33929:002;
33930:001;
33931:002;
33932:001;
33933:002;
33934:001;
33935:002;
33936:001;
33937:002;
33938:001;
33939:002;
33940:001;
33941:002;
33942:001;
33943:002;
33944:001;
33945:002;
33946:001;
33947:002;
33948:001;
33949:002;
33950:001;
33951:002;
33952:001;
33953:002;
33954:001;
33955:002;
33956:001;
33957:002;
33958:001;
33959:002;
33960:001;
33961:002;
33962:001;
33963:002;
33964:001;
33965:002;
33966:001;
33967:002;
33968:001;
33969:002;
33970:001;
33971:002;
33972:001;
33973:002;
33974:001;
33975:002;
33976:001;
33977:002;
33978:001;
33979:002;
33980:001;
33981:002;
33982:001;
33983:002;
33984:001;
33985:002;
33986:001;
33987:002;
33988:001;
33989:002;
33990:001;
33991:002;
33992:001;
33993:002;
33994:001;
33995:002;
33996:001;
33997:002;
33998:001;
33999:002;
34000:001;
34001:002;
34002:001;
34003:002;
34004:001;
34005:002;
34006:001;
34007:002;
34008:001;
34009:002;
34010:001;
34011:002;
34012:001;
34013:002;
34014:001;
34015:002;
34016:001;
34017:002;
34018:001;
34019:002;
34020:001;
34021:002;
34022:001;
34023:002;
34024:001;
34025:002;
34026:001;
34027:002;
34028:001;
34029:002;
34030:001;
34031:002;
34032:001;
34033:002;
34034:001;
34035:002;
34036:001;
34037:002;
34038:001;
34039:002;
34040:001;
34041:002;
34042:001;
34043:002;
34044:001;
34045:002;
34046:001;
34047:000;
34048:002;
34049:001;
34050:002;
34051:002;
34052:002;
34053:001;
34054:002;
34055:001;
34056:002;
34057:001;
34058:002;
34059:002;
34060:002;
34061:001;
34062:002;
34063:001;
34064:002;
34065:001;
34066:002;
34067:002;
34068:002;
34069:001;
34070:002;
34071:001;
34072:002;
34073:001;
34074:002;
34075:002;
34076:002;
34077:001;
34078:002;
34079:001;
34080:002;
34081:001;
34082:002;
34083:002;
34084:002;
34085:001;
34086:002;
34087:001;
34088:002;
34089:001;
34090:002;
34091:002;
34092:002;
34093:001;
34094:002;
34095:001;
34096:002;
34097:001;
34098:002;
34099:002;
34100:002;
34101:001;
34102:002;
34103:001;
34104:002;
34105:001;
34106:002;
34107:002;
34108:002;
34109:001;
34110:002;
34111:001;
34112:002;
34113:001;
34114:002;
34115:002;
34116:002;
34117:001;
34118:002;
34119:001;
34120:002;
34121:001;
34122:002;
34123:002;
34124:002;
34125:001;
34126:002;
34127:001;
34128:002;
34129:001;
34130:002;
34131:002;
34132:002;
34133:001;
34134:002;
34135:001;
34136:002;
34137:001;
34138:002;
34139:002;
34140:002;
34141:001;
34142:002;
34143:001;
34144:002;
34145:001;
34146:002;
34147:002;
34148:002;
34149:001;
34150:002;
34151:001;
34152:002;
34153:001;
34154:002;
34155:002;
34156:002;
34157:001;
34158:002;
34159:001;
34160:002;
34161:001;
34162:002;
34163:002;
34164:002;
34165:001;
34166:002;
34167:001;
34168:002;
34169:001;
34170:002;
34171:002;
34172:002;
34173:001;
34174:002;
34175:000;
34176:001;
34177:002;
34178:001;
34179:002;
34180:001;
34181:002;
34182:001;
34183:002;
34184:001;
34185:002;
34186:001;
34187:002;
34188:001;
34189:002;
34190:001;
34191:002;
34192:001;
34193:002;
34194:001;
34195:002;
34196:001;
34197:002;
34198:001;
34199:002;
34200:001;
34201:002;
34202:001;
34203:002;
34204:001;
34205:002;
34206:001;
34207:002;
34208:001;
34209:002;
34210:001;
34211:002;
34212:001;
34213:002;
34214:001;
34215:002;
34216:001;
34217:002;
34218:001;
34219:002;
34220:001;
34221:002;
34222:001;
34223:002;
34224:001;
34225:002;
34226:001;
34227:002;
34228:001;
34229:002;
34230:001;
34231:002;
34232:001;
34233:002;
34234:001;
34235:002;
34236:001;
34237:002;
34238:001;
34239:002;
34240:001;
34241:002;
34242:001;
34243:002;
34244:001;
34245:002;
34246:001;
34247:002;
34248:001;
34249:002;
34250:001;
34251:002;
34252:001;
34253:002;
34254:001;
34255:002;
34256:001;
34257:002;
34258:001;
34259:002;
34260:001;
34261:002;
34262:001;
34263:002;
34264:001;
34265:002;
34266:001;
34267:002;
34268:001;
34269:002;
34270:001;
34271:002;
34272:001;
34273:002;
34274:001;
34275:002;
34276:001;
34277:002;
34278:001;
34279:002;
34280:001;
34281:002;
34282:001;
34283:002;
34284:001;
34285:002;
34286:001;
34287:002;
34288:001;
34289:002;
34290:001;
34291:002;
34292:001;
34293:002;
34294:001;
34295:002;
34296:001;
34297:002;
34298:001;
34299:002;
34300:001;
34301:002;
34302:001;
34303:000;
34304:002;
34305:002;
34306:002;
34307:001;
34308:002;
34309:002;
34310:002;
34311:001;
34312:002;
34313:002;
34314:002;
34315:001;
34316:002;
34317:002;
34318:002;
34319:001;
34320:002;
34321:002;
34322:002;
34323:001;
34324:002;
34325:002;
34326:002;
34327:001;
34328:002;
34329:002;
34330:002;
34331:001;
34332:002;
34333:002;
34334:002;
34335:001;
34336:002;
34337:002;
34338:002;
34339:001;
34340:002;
34341:002;
34342:002;
34343:001;
34344:002;
34345:002;
34346:002;
34347:001;
34348:002;
34349:002;
34350:002;
34351:001;
34352:002;
34353:002;
34354:002;
34355:001;
34356:002;
34357:002;
34358:002;
34359:001;
34360:002;
34361:002;
34362:002;
34363:001;
34364:002;
34365:002;
34366:002;
34367:001;
34368:002;
34369:002;
34370:002;
34371:001;
34372:002;
34373:002;
34374:002;
34375:001;
34376:002;
34377:002;
34378:002;
34379:001;
34380:002;
34381:002;
34382:002;
34383:001;
34384:002;
34385:002;
34386:002;
34387:001;
34388:002;
34389:002;
34390:002;
34391:001;
34392:002;
34393:002;
34394:002;
34395:001;
34396:002;
34397:002;
34398:002;
34399:001;
34400:002;
34401:002;
34402:002;
34403:001;
34404:002;
34405:002;
34406:002;
34407:001;
34408:002;
34409:002;
34410:002;
34411:001;
34412:002;
34413:002;
34414:002;
34415:001;
34416:002;
34417:002;
34418:002;
34419:001;
34420:002;
34421:002;
34422:002;
34423:001;
34424:002;
34425:002;
34426:002;
34427:001;
34428:002;
34429:002;
34430:002;
34431:000;
34432:001;
34433:002;
34434:001;
34435:002;
34436:001;
34437:002;
34438:001;
34439:002;
34440:001;
34441:002;
34442:001;
34443:002;
34444:001;
34445:002;
34446:001;
34447:002;
34448:001;
34449:002;
34450:001;
34451:002;
34452:001;
34453:002;
34454:001;
34455:002;
34456:001;
34457:002;
34458:001;
34459:002;
34460:001;
34461:002;
34462:001;
34463:002;
34464:001;
34465:002;
34466:001;
34467:002;
34468:001;
34469:002;
34470:001;
34471:002;
34472:001;
34473:002;
34474:001;
34475:002;
34476:001;
34477:002;
34478:001;
34479:002;
34480:001;
34481:002;
34482:001;
34483:002;
34484:001;
34485:002;
34486:001;
34487:002;
34488:001;
34489:002;
34490:001;
34491:002;
34492:001;
34493:002;
34494:001;
34495:002;
34496:001;
34497:002;
34498:001;
34499:002;
34500:001;
34501:002;
34502:001;
34503:002;
34504:001;
34505:002;
34506:001;
34507:002;
34508:001;
34509:002;
34510:001;
34511:002;
34512:001;
34513:002;
34514:001;
34515:002;
34516:001;
34517:002;
34518:001;
34519:002;
34520:001;
34521:002;
34522:001;
34523:002;
34524:001;
34525:002;
34526:001;
34527:002;
34528:001;
34529:002;
34530:001;
34531:002;
34532:001;
34533:002;
34534:001;
34535:002;
34536:001;
34537:002;
34538:001;
34539:002;
34540:001;
34541:002;
34542:001;
34543:002;
34544:001;
34545:002;
34546:001;
34547:002;
34548:001;
34549:002;
34550:001;
34551:002;
34552:001;
34553:002;
34554:001;
34555:002;
34556:001;
34557:002;
34558:001;
34559:000;
34560:002;
34561:001;
34562:002;
34563:001;
34564:002;
34565:001;
34566:002;
34567:002;
34568:002;
34569:001;
34570:002;
34571:001;
34572:002;
34573:001;
34574:002;
34575:002;
34576:002;
34577:001;
34578:002;
34579:001;
34580:002;
34581:001;
34582:002;
34583:002;
34584:002;
34585:001;
34586:002;
34587:001;
34588:002;
34589:001;
34590:002;
34591:002;
34592:002;
34593:001;
34594:002;
34595:001;
34596:002;
34597:001;
34598:002;
34599:002;
34600:002;
34601:001;
34602:002;
34603:001;
34604:002;
34605:001;
34606:002;
34607:002;
34608:002;
34609:001;
34610:002;
34611:001;
34612:002;
34613:001;
34614:002;
34615:002;
34616:002;
34617:001;
34618:002;
34619:001;
34620:002;
34621:001;
34622:002;
34623:002;
34624:002;
34625:001;
34626:002;
34627:001;
34628:002;
34629:001;
34630:002;
34631:002;
34632:002;
34633:001;
34634:002;
34635:001;
34636:002;
34637:001;
34638:002;
34639:002;
34640:002;
34641:001;
34642:002;
34643:001;
34644:002;
34645:001;
34646:002;
34647:002;
34648:002;
34649:001;
34650:002;
34651:001;
34652:002;
34653:001;
34654:002;
34655:002;
34656:002;
34657:001;
34658:002;
34659:001;
34660:002;
34661:001;
34662:002;
34663:002;
34664:002;
34665:001;
34666:002;
34667:001;
34668:002;
34669:001;
34670:002;
34671:002;
34672:002;
34673:001;
34674:002;
34675:001;
34676:002;
34677:001;
34678:002;
34679:002;
34680:002;
34681:001;
34682:002;
34683:001;
34684:002;
34685:001;
34686:002;
34687:000;
34688:001;
34689:002;
34690:001;
34691:002;
34692:001;
34693:002;
34694:001;
34695:002;
34696:001;
34697:002;
34698:001;
34699:002;
34700:001;
34701:002;
34702:001;
34703:002;
34704:001;
34705:002;
34706:001;
34707:002;
34708:001;
34709:002;
34710:001;
34711:002;
34712:001;
34713:002;
34714:001;
34715:002;
34716:001;
34717:002;
34718:001;
34719:002;
34720:001;
34721:002;
34722:001;
34723:002;
34724:001;
34725:002;
34726:001;
34727:002;
34728:001;
34729:002;
34730:001;
34731:002;
34732:001;
34733:002;
34734:001;
34735:002;
34736:001;
34737:002;
34738:001;
34739:002;
34740:001;
34741:002;
34742:001;
34743:002;
34744:001;
34745:002;
34746:001;
34747:002;
34748:001;
34749:002;
34750:001;
34751:002;
34752:001;
34753:002;
34754:001;
34755:002;
34756:001;
34757:002;
34758:001;
34759:002;
34760:001;
34761:002;
34762:001;
34763:002;
34764:001;
34765:002;
34766:001;
34767:002;
34768:001;
34769:002;
34770:001;
34771:002;
34772:001;
34773:002;
34774:001;
34775:002;
34776:001;
34777:002;
34778:001;
34779:002;
34780:001;
34781:002;
34782:001;
34783:002;
34784:001;
34785:002;
34786:001;
34787:002;
34788:001;
34789:002;
34790:001;
34791:002;
34792:001;
34793:002;
34794:001;
34795:002;
34796:001;
34797:002;
34798:001;
34799:002;
34800:001;
34801:002;
34802:001;
34803:002;
34804:001;
34805:002;
34806:001;
34807:002;
34808:001;
34809:002;
34810:001;
34811:002;
34812:001;
34813:002;
34814:001;
34815:000;
34816:002;
34817:002;
34818:002;
34819:001;
34820:002;
34821:002;
34822:002;
34823:001;
34824:002;
34825:002;
34826:002;
34827:001;
34828:002;
34829:002;
34830:002;
34831:001;
34832:002;
34833:002;
34834:002;
34835:001;
34836:002;
34837:002;
34838:002;
34839:001;
34840:002;
34841:002;
34842:002;
34843:001;
34844:002;
34845:002;
34846:002;
34847:001;
34848:002;
34849:002;
34850:002;
34851:001;
34852:002;
34853:002;
34854:002;
34855:001;
34856:002;
34857:002;
34858:002;
34859:001;
34860:002;
34861:002;
34862:002;
34863:001;
34864:002;
34865:002;
34866:002;
34867:001;
34868:002;
34869:002;
34870:002;
34871:001;
34872:002;
34873:002;
34874:002;
34875:001;
34876:002;
34877:002;
34878:002;
34879:001;
34880:002;
34881:002;
34882:002;
34883:001;
34884:002;
34885:002;
34886:002;
34887:001;
34888:002;
34889:002;
34890:002;
34891:001;
34892:002;
34893:002;
34894:002;
34895:001;
34896:002;
34897:002;
34898:002;
34899:001;
34900:002;
34901:002;
34902:002;
34903:001;
34904:002;
34905:002;
34906:002;
34907:001;
34908:002;
34909:002;
34910:002;
34911:001;
34912:002;
34913:002;
34914:002;
34915:001;
34916:002;
34917:002;
34918:002;
34919:001;
34920:002;
34921:002;
34922:002;
34923:001;
34924:002;
34925:002;
34926:002;
34927:001;
34928:002;
34929:002;
34930:002;
34931:001;
34932:002;
34933:002;
34934:002;
34935:001;
34936:002;
34937:002;
34938:002;
34939:001;
34940:002;
34941:002;
34942:002;
34943:000;
34944:001;
34945:002;
34946:001;
34947:002;
34948:001;
34949:002;
34950:001;
34951:002;
34952:001;
34953:002;
34954:001;
34955:002;
34956:001;
34957:002;
34958:001;
34959:002;
34960:001;
34961:002;
34962:001;
34963:002;
34964:001;
34965:002;
34966:001;
34967:002;
34968:001;
34969:002;
34970:001;
34971:002;
34972:001;
34973:002;
34974:001;
34975:002;
34976:001;
34977:002;
34978:001;
34979:002;
34980:001;
34981:002;
34982:001;
34983:002;
34984:001;
34985:002;
34986:001;
34987:002;
34988:001;
34989:002;
34990:001;
34991:002;
34992:001;
34993:002;
34994:001;
34995:002;
34996:001;
34997:002;
34998:001;
34999:002;
35000:001;
35001:002;
35002:001;
35003:002;
35004:001;
35005:002;
35006:001;
35007:002;
35008:001;
35009:002;
35010:001;
35011:002;
35012:001;
35013:002;
35014:001;
35015:002;
35016:001;
35017:002;
35018:001;
35019:002;
35020:001;
35021:002;
35022:001;
35023:002;
35024:001;
35025:002;
35026:001;
35027:002;
35028:001;
35029:002;
35030:001;
35031:002;
35032:001;
35033:002;
35034:001;
35035:002;
35036:001;
35037:002;
35038:001;
35039:002;
35040:001;
35041:002;
35042:001;
35043:002;
35044:001;
35045:002;
35046:001;
35047:002;
35048:001;
35049:002;
35050:001;
35051:002;
35052:001;
35053:002;
35054:001;
35055:002;
35056:001;
35057:002;
35058:001;
35059:002;
35060:001;
35061:002;
35062:001;
35063:002;
35064:001;
35065:002;
35066:001;
35067:002;
35068:001;
35069:002;
35070:001;
35071:000;
35072:002;
35073:001;
35074:002;
35075:002;
35076:002;
35077:001;
35078:002;
35079:002;
35080:002;
35081:001;
35082:002;
35083:002;
35084:002;
35085:001;
35086:002;
35087:002;
35088:002;
35089:001;
35090:002;
35091:002;
35092:002;
35093:001;
35094:002;
35095:002;
35096:002;
35097:001;
35098:002;
35099:002;
35100:002;
35101:001;
35102:002;
35103:002;
35104:002;
35105:001;
35106:002;
35107:002;
35108:002;
35109:001;
35110:002;
35111:002;
35112:002;
35113:001;
35114:002;
35115:002;
35116:002;
35117:001;
35118:002;
35119:002;
35120:002;
35121:001;
35122:002;
35123:002;
35124:002;
35125:001;
35126:002;
35127:002;
35128:002;
35129:001;
35130:002;
35131:002;
35132:002;
35133:001;
35134:002;
35135:002;
35136:002;
35137:001;
35138:002;
35139:002;
35140:002;
35141:001;
35142:002;
35143:002;
35144:002;
35145:001;
35146:002;
35147:002;
35148:002;
35149:001;
35150:002;
35151:002;
35152:002;
35153:001;
35154:002;
35155:002;
35156:002;
35157:001;
35158:002;
35159:002;
35160:002;
35161:001;
35162:002;
35163:002;
35164:002;
35165:001;
35166:002;
35167:002;
35168:002;
35169:001;
35170:002;
35171:002;
35172:002;
35173:001;
35174:002;
35175:002;
35176:002;
35177:001;
35178:002;
35179:002;
35180:002;
35181:001;
35182:002;
35183:002;
35184:002;
35185:001;
35186:002;
35187:002;
35188:002;
35189:001;
35190:002;
35191:002;
35192:002;
35193:001;
35194:002;
35195:002;
35196:002;
35197:001;
35198:002;
35199:000;
35200:001;
35201:002;
35202:001;
35203:002;
35204:001;
35205:002;
35206:001;
35207:002;
35208:001;
35209:002;
35210:001;
35211:002;
35212:001;
35213:002;
35214:001;
35215:002;
35216:001;
35217:002;
35218:001;
35219:002;
35220:001;
35221:002;
35222:001;
35223:002;
35224:001;
35225:002;
35226:001;
35227:002;
35228:001;
35229:002;
35230:001;
35231:002;
35232:001;
35233:002;
35234:001;
35235:002;
35236:001;
35237:002;
35238:001;
35239:002;
35240:001;
35241:002;
35242:001;
35243:002;
35244:001;
35245:002;
35246:001;
35247:002;
35248:001;
35249:002;
35250:001;
35251:002;
35252:001;
35253:002;
35254:001;
35255:002;
35256:001;
35257:002;
35258:001;
35259:002;
35260:001;
35261:002;
35262:001;
35263:002;
35264:001;
35265:002;
35266:001;
35267:002;
35268:001;
35269:002;
35270:001;
35271:002;
35272:001;
35273:002;
35274:001;
35275:002;
35276:001;
35277:002;
35278:001;
35279:002;
35280:001;
35281:002;
35282:001;
35283:002;
35284:001;
35285:002;
35286:001;
35287:002;
35288:001;
35289:002;
35290:001;
35291:002;
35292:001;
35293:002;
35294:001;
35295:002;
35296:001;
35297:002;
35298:001;
35299:002;
35300:001;
35301:002;
35302:001;
35303:002;
35304:001;
35305:002;
35306:001;
35307:002;
35308:001;
35309:002;
35310:001;
35311:002;
35312:001;
35313:002;
35314:001;
35315:002;
35316:001;
35317:002;
35318:001;
35319:002;
35320:001;
35321:002;
35322:001;
35323:002;
35324:001;
35325:002;
35326:001;
35327:000;
35328:002;
35329:002;
35330:002;
35331:001;
35332:002;
35333:002;
35334:002;
35335:001;
35336:002;
35337:002;
35338:002;
35339:001;
35340:002;
35341:002;
35342:002;
35343:001;
35344:002;
35345:002;
35346:002;
35347:001;
35348:002;
35349:002;
35350:002;
35351:001;
35352:002;
35353:002;
35354:002;
35355:001;
35356:002;
35357:002;
35358:002;
35359:001;
35360:002;
35361:002;
35362:002;
35363:001;
35364:002;
35365:002;
35366:002;
35367:001;
35368:002;
35369:002;
35370:002;
35371:001;
35372:002;
35373:002;
35374:002;
35375:001;
35376:002;
35377:002;
35378:002;
35379:001;
35380:002;
35381:002;
35382:002;
35383:001;
35384:002;
35385:002;
35386:002;
35387:001;
35388:002;
35389:002;
35390:002;
35391:001;
35392:002;
35393:002;
35394:002;
35395:001;
35396:002;
35397:002;
35398:002;
35399:001;
35400:002;
35401:002;
35402:002;
35403:001;
35404:002;
35405:002;
35406:002;
35407:001;
35408:002;
35409:002;
35410:002;
35411:001;
35412:002;
35413:002;
35414:002;
35415:001;
35416:002;
35417:002;
35418:002;
35419:001;
35420:002;
35421:002;
35422:002;
35423:001;
35424:002;
35425:002;
35426:002;
35427:001;
35428:002;
35429:002;
35430:002;
35431:001;
35432:002;
35433:002;
35434:002;
35435:001;
35436:002;
35437:002;
35438:002;
35439:001;
35440:002;
35441:002;
35442:002;
35443:001;
35444:002;
35445:002;
35446:002;
35447:001;
35448:002;
35449:002;
35450:002;
35451:001;
35452:002;
35453:002;
35454:002;
35455:000;
35456:001;
35457:002;
35458:001;
35459:002;
35460:001;
35461:002;
35462:001;
35463:002;
35464:001;
35465:002;
35466:001;
35467:002;
35468:001;
35469:002;
35470:001;
35471:002;
35472:001;
35473:002;
35474:001;
35475:002;
35476:001;
35477:002;
35478:001;
35479:002;
35480:001;
35481:002;
35482:001;
35483:002;
35484:001;
35485:002;
35486:001;
35487:002;
35488:001;
35489:002;
35490:001;
35491:002;
35492:001;
35493:002;
35494:001;
35495:002;
35496:001;
35497:002;
35498:001;
35499:002;
35500:001;
35501:002;
35502:001;
35503:002;
35504:001;
35505:002;
35506:001;
35507:002;
35508:001;
35509:002;
35510:001;
35511:002;
35512:001;
35513:002;
35514:001;
35515:002;
35516:001;
35517:002;
35518:001;
35519:002;
35520:001;
35521:002;
35522:001;
35523:002;
35524:001;
35525:002;
35526:001;
35527:002;
35528:001;
35529:002;
35530:001;
35531:002;
35532:001;
35533:002;
35534:001;
35535:002;
35536:001;
35537:002;
35538:001;
35539:002;
35540:001;
35541:002;
35542:001;
35543:002;
35544:001;
35545:002;
35546:001;
35547:002;
35548:001;
35549:002;
35550:001;
35551:002;
35552:001;
35553:002;
35554:001;
35555:002;
35556:001;
35557:002;
35558:001;
35559:002;
35560:001;
35561:002;
35562:001;
35563:002;
35564:001;
35565:002;
35566:001;
35567:002;
35568:001;
35569:002;
35570:001;
35571:002;
35572:001;
35573:002;
35574:001;
35575:002;
35576:001;
35577:002;
35578:001;
35579:002;
35580:001;
35581:002;
35582:001;
35583:000;
35584:002;
35585:001;
35586:002;
35587:002;
35588:002;
35589:001;
35590:002;
35591:002;
35592:002;
35593:001;
35594:002;
35595:002;
35596:002;
35597:001;
35598:002;
35599:002;
35600:002;
35601:001;
35602:002;
35603:002;
35604:002;
35605:001;
35606:002;
35607:002;
35608:002;
35609:001;
35610:002;
35611:002;
35612:002;
35613:001;
35614:002;
35615:002;
35616:002;
35617:001;
35618:002;
35619:002;
35620:002;
35621:001;
35622:002;
35623:002;
35624:002;
35625:001;
35626:002;
35627:002;
35628:002;
35629:001;
35630:002;
35631:002;
35632:002;
35633:001;
35634:002;
35635:002;
35636:002;
35637:001;
35638:002;
35639:002;
35640:002;
35641:001;
35642:002;
35643:002;
35644:002;
35645:001;
35646:002;
35647:002;
35648:002;
35649:001;
35650:002;
35651:002;
35652:002;
35653:001;
35654:002;
35655:002;
35656:002;
35657:001;
35658:002;
35659:002;
35660:002;
35661:001;
35662:002;
35663:002;
35664:002;
35665:001;
35666:002;
35667:002;
35668:002;
35669:001;
35670:002;
35671:002;
35672:002;
35673:001;
35674:002;
35675:002;
35676:002;
35677:001;
35678:002;
35679:002;
35680:002;
35681:001;
35682:002;
35683:002;
35684:002;
35685:001;
35686:002;
35687:002;
35688:002;
35689:001;
35690:002;
35691:002;
35692:002;
35693:001;
35694:002;
35695:002;
35696:002;
35697:001;
35698:002;
35699:002;
35700:002;
35701:001;
35702:002;
35703:002;
35704:002;
35705:001;
35706:002;
35707:002;
35708:002;
35709:001;
35710:002;
35711:000;
35712:001;
35713:002;
35714:001;
35715:002;
35716:001;
35717:002;
35718:001;
35719:002;
35720:001;
35721:002;
35722:001;
35723:002;
35724:001;
35725:002;
35726:001;
35727:002;
35728:001;
35729:002;
35730:001;
35731:002;
35732:001;
35733:002;
35734:001;
35735:002;
35736:001;
35737:002;
35738:001;
35739:002;
35740:001;
35741:002;
35742:001;
35743:002;
35744:001;
35745:002;
35746:001;
35747:002;
35748:001;
35749:002;
35750:001;
35751:002;
35752:001;
35753:002;
35754:001;
35755:002;
35756:001;
35757:002;
35758:001;
35759:002;
35760:001;
35761:002;
35762:001;
35763:002;
35764:001;
35765:002;
35766:001;
35767:002;
35768:001;
35769:002;
35770:001;
35771:002;
35772:001;
35773:002;
35774:001;
35775:002;
35776:001;
35777:002;
35778:001;
35779:002;
35780:001;
35781:002;
35782:001;
35783:002;
35784:001;
35785:002;
35786:001;
35787:002;
35788:001;
35789:002;
35790:001;
35791:002;
35792:001;
35793:002;
35794:001;
35795:002;
35796:001;
35797:002;
35798:001;
35799:002;
35800:001;
35801:002;
35802:001;
35803:002;
35804:001;
35805:002;
35806:001;
35807:002;
35808:001;
35809:002;
35810:001;
35811:002;
35812:001;
35813:002;
35814:001;
35815:002;
35816:001;
35817:002;
35818:001;
35819:002;
35820:001;
35821:002;
35822:001;
35823:002;
35824:001;
35825:002;
35826:001;
35827:002;
35828:001;
35829:002;
35830:001;
35831:002;
35832:001;
35833:002;
35834:001;
35835:002;
35836:001;
35837:002;
35838:001;
35839:000;
35840:002;
35841:002;
35842:002;
35843:002;
35844:002;
35845:002;
35846:002;
35847:001;
35848:002;
35849:002;
35850:002;
35851:002;
35852:002;
35853:002;
35854:002;
35855:001;
35856:002;
35857:002;
35858:002;
35859:002;
35860:002;
35861:002;
35862:002;
35863:001;
35864:002;
35865:002;
35866:002;
35867:002;
35868:002;
35869:002;
35870:002;
35871:001;
35872:002;
35873:002;
35874:002;
35875:002;
35876:002;
35877:002;
35878:002;
35879:001;
35880:002;
35881:002;
35882:002;
35883:002;
35884:002;
35885:002;
35886:002;
35887:001;
35888:002;
35889:002;
35890:002;
35891:002;
35892:002;
35893:002;
35894:002;
35895:001;
35896:002;
35897:002;
35898:002;
35899:002;
35900:002;
35901:002;
35902:002;
35903:001;
35904:002;
35905:002;
35906:002;
35907:002;
35908:002;
35909:002;
35910:002;
35911:001;
35912:002;
35913:002;
35914:002;
35915:002;
35916:002;
35917:002;
35918:002;
35919:001;
35920:002;
35921:002;
35922:002;
35923:002;
35924:002;
35925:002;
35926:002;
35927:001;
35928:002;
35929:002;
35930:002;
35931:002;
35932:002;
35933:002;
35934:002;
35935:001;
35936:002;
35937:002;
35938:002;
35939:002;
35940:002;
35941:002;
35942:002;
35943:001;
35944:002;
35945:002;
35946:002;
35947:002;
35948:002;
35949:002;
35950:002;
35951:001;
35952:002;
35953:002;
35954:002;
35955:002;
35956:002;
35957:002;
35958:002;
35959:001;
35960:002;
35961:002;
35962:002;
35963:002;
35964:002;
35965:002;
35966:002;
35967:000;
35968:001;
35969:002;
35970:001;
35971:002;
35972:001;
35973:002;
35974:001;
35975:002;
35976:001;
35977:002;
35978:001;
35979:002;
35980:001;
35981:002;
35982:001;
35983:002;
35984:001;
35985:002;
35986:001;
35987:002;
35988:001;
35989:002;
35990:001;
35991:002;
35992:001;
35993:002;
35994:001;
35995:002;
35996:001;
35997:002;
35998:001;
35999:002;
36000:001;
36001:002;
36002:001;
36003:002;
36004:001;
36005:002;
36006:001;
36007:002;
36008:001;
36009:002;
36010:001;
36011:002;
36012:001;
36013:002;
36014:001;
36015:002;
36016:001;
36017:002;
36018:001;
36019:002;
36020:001;
36021:002;
36022:001;
36023:002;
36024:001;
36025:002;
36026:001;
36027:002;
36028:001;
36029:002;
36030:001;
36031:002;
36032:001;
36033:002;
36034:001;
36035:002;
36036:001;
36037:002;
36038:001;
36039:002;
36040:001;
36041:002;
36042:001;
36043:002;
36044:001;
36045:002;
36046:001;
36047:002;
36048:001;
36049:002;
36050:001;
36051:002;
36052:001;
36053:002;
36054:001;
36055:002;
36056:001;
36057:002;
36058:001;
36059:002;
36060:001;
36061:002;
36062:001;
36063:002;
36064:001;
36065:002;
36066:001;
36067:002;
36068:001;
36069:002;
36070:001;
36071:002;
36072:001;
36073:002;
36074:001;
36075:002;
36076:001;
36077:002;
36078:001;
36079:002;
36080:001;
36081:002;
36082:001;
36083:002;
36084:001;
36085:002;
36086:001;
36087:002;
36088:001;
36089:002;
36090:001;
36091:002;
36092:001;
36093:002;
36094:001;
36095:000;
36096:002;
36097:001;
36098:002;
36099:002;
36100:002;
36101:001;
36102:002;
36103:002;
36104:002;
36105:001;
36106:002;
36107:002;
36108:002;
36109:001;
36110:002;
36111:002;
36112:002;
36113:001;
36114:002;
36115:002;
36116:002;
36117:001;
36118:002;
36119:002;
36120:002;
36121:001;
36122:002;
36123:002;
36124:002;
36125:001;
36126:002;
36127:002;
36128:002;
36129:001;
36130:002;
36131:002;
36132:002;
36133:001;
36134:002;
36135:002;
36136:002;
36137:001;
36138:002;
36139:002;
36140:002;
36141:001;
36142:002;
36143:002;
36144:002;
36145:001;
36146:002;
36147:002;
36148:002;
36149:001;
36150:002;
36151:002;
36152:002;
36153:001;
36154:002;
36155:002;
36156:002;
36157:001;
36158:002;
36159:002;
36160:002;
36161:001;
36162:002;
36163:002;
36164:002;
36165:001;
36166:002;
36167:002;
36168:002;
36169:001;
36170:002;
36171:002;
36172:002;
36173:001;
36174:002;
36175:002;
36176:002;
36177:001;
36178:002;
36179:002;
36180:002;
36181:001;
36182:002;
36183:002;
36184:002;
36185:001;
36186:002;
36187:002;
36188:002;
36189:001;
36190:002;
36191:002;
36192:002;
36193:001;
36194:002;
36195:002;
36196:002;
36197:001;
36198:002;
36199:002;
36200:002;
36201:001;
36202:002;
36203:002;
36204:002;
36205:001;
36206:002;
36207:002;
36208:002;
36209:001;
36210:002;
36211:002;
36212:002;
36213:001;
36214:002;
36215:002;
36216:002;
36217:001;
36218:002;
36219:002;
36220:002;
36221:001;
36222:002;
36223:000;
36224:001;
36225:002;
36226:001;
36227:002;
36228:001;
36229:002;
36230:001;
36231:002;
36232:001;
36233:002;
36234:001;
36235:002;
36236:001;
36237:002;
36238:001;
36239:002;
36240:001;
36241:002;
36242:001;
36243:002;
36244:001;
36245:002;
36246:001;
36247:002;
36248:001;
36249:002;
36250:001;
36251:002;
36252:001;
36253:002;
36254:001;
36255:002;
36256:001;
36257:002;
36258:001;
36259:002;
36260:001;
36261:002;
36262:001;
36263:002;
36264:001;
36265:002;
36266:001;
36267:002;
36268:001;
36269:002;
36270:001;
36271:002;
36272:001;
36273:002;
36274:001;
36275:002;
36276:001;
36277:002;
36278:001;
36279:002;
36280:001;
36281:002;
36282:001;
36283:002;
36284:001;
36285:002;
36286:001;
36287:002;
36288:001;
36289:002;
36290:001;
36291:002;
36292:001;
36293:002;
36294:001;
36295:002;
36296:001;
36297:002;
36298:001;
36299:002;
36300:001;
36301:002;
36302:001;
36303:002;
36304:001;
36305:002;
36306:001;
36307:002;
36308:001;
36309:002;
36310:001;
36311:002;
36312:001;
36313:002;
36314:001;
36315:002;
36316:001;
36317:002;
36318:001;
36319:002;
36320:001;
36321:002;
36322:001;
36323:002;
36324:001;
36325:002;
36326:001;
36327:002;
36328:001;
36329:002;
36330:001;
36331:002;
36332:001;
36333:002;
36334:001;
36335:002;
36336:001;
36337:002;
36338:001;
36339:002;
36340:001;
36341:002;
36342:001;
36343:002;
36344:001;
36345:002;
36346:001;
36347:002;
36348:001;
36349:002;
36350:001;
36351:000;
36352:002;
36353:002;
36354:002;
36355:001;
36356:002;
36357:002;
36358:002;
36359:001;
36360:002;
36361:002;
36362:002;
36363:001;
36364:002;
36365:002;
36366:002;
36367:001;
36368:002;
36369:002;
36370:002;
36371:001;
36372:002;
36373:002;
36374:002;
36375:001;
36376:002;
36377:002;
36378:002;
36379:001;
36380:002;
36381:002;
36382:002;
36383:001;
36384:002;
36385:002;
36386:002;
36387:001;
36388:002;
36389:002;
36390:002;
36391:001;
36392:002;
36393:002;
36394:002;
36395:001;
36396:002;
36397:002;
36398:002;
36399:001;
36400:002;
36401:002;
36402:002;
36403:001;
36404:002;
36405:002;
36406:002;
36407:001;
36408:002;
36409:002;
36410:002;
36411:001;
36412:002;
36413:002;
36414:002;
36415:001;
36416:002;
36417:002;
36418:002;
36419:001;
36420:002;
36421:002;
36422:002;
36423:001;
36424:002;
36425:002;
36426:002;
36427:001;
36428:002;
36429:002;
36430:002;
36431:001;
36432:002;
36433:002;
36434:002;
36435:001;
36436:002;
36437:002;
36438:002;
36439:001;
36440:002;
36441:002;
36442:002;
36443:001;
36444:002;
36445:002;
36446:002;
36447:001;
36448:002;
36449:002;
36450:002;
36451:001;
36452:002;
36453:002;
36454:002;
36455:001;
36456:002;
36457:002;
36458:002;
36459:001;
36460:002;
36461:002;
36462:002;
36463:001;
36464:002;
36465:002;
36466:002;
36467:001;
36468:002;
36469:002;
36470:002;
36471:001;
36472:002;
36473:002;
36474:002;
36475:001;
36476:002;
36477:002;
36478:002;
36479:000;
36480:001;
36481:002;
36482:001;
36483:002;
36484:001;
36485:002;
36486:001;
36487:002;
36488:001;
36489:002;
36490:001;
36491:002;
36492:001;
36493:002;
36494:001;
36495:002;
36496:001;
36497:002;
36498:001;
36499:002;
36500:001;
36501:002;
36502:001;
36503:002;
36504:001;
36505:002;
36506:001;
36507:002;
36508:001;
36509:002;
36510:001;
36511:002;
36512:001;
36513:002;
36514:001;
36515:002;
36516:001;
36517:002;
36518:001;
36519:002;
36520:001;
36521:002;
36522:001;
36523:002;
36524:001;
36525:002;
36526:001;
36527:002;
36528:001;
36529:002;
36530:001;
36531:002;
36532:001;
36533:002;
36534:001;
36535:002;
36536:001;
36537:002;
36538:001;
36539:002;
36540:001;
36541:002;
36542:001;
36543:002;
36544:001;
36545:002;
36546:001;
36547:002;
36548:001;
36549:002;
36550:001;
36551:002;
36552:001;
36553:002;
36554:001;
36555:002;
36556:001;
36557:002;
36558:001;
36559:002;
36560:001;
36561:002;
36562:001;
36563:002;
36564:001;
36565:002;
36566:001;
36567:002;
36568:001;
36569:002;
36570:001;
36571:002;
36572:001;
36573:002;
36574:001;
36575:002;
36576:001;
36577:002;
36578:001;
36579:002;
36580:001;
36581:002;
36582:001;
36583:002;
36584:001;
36585:002;
36586:001;
36587:002;
36588:001;
36589:002;
36590:001;
36591:002;
36592:001;
36593:002;
36594:001;
36595:002;
36596:001;
36597:002;
36598:001;
36599:002;
36600:001;
36601:002;
36602:001;
36603:002;
36604:001;
36605:002;
36606:001;
36607:000;
36608:002;
36609:001;
36610:002;
36611:002;
36612:002;
36613:001;
36614:002;
36615:002;
36616:002;
36617:001;
36618:002;
36619:002;
36620:002;
36621:001;
36622:002;
36623:002;
36624:002;
36625:001;
36626:002;
36627:002;
36628:002;
36629:001;
36630:002;
36631:002;
36632:002;
36633:001;
36634:002;
36635:002;
36636:002;
36637:001;
36638:002;
36639:002;
36640:002;
36641:001;
36642:002;
36643:002;
36644:002;
36645:001;
36646:002;
36647:002;
36648:002;
36649:001;
36650:002;
36651:002;
36652:002;
36653:001;
36654:002;
36655:002;
36656:002;
36657:001;
36658:002;
36659:002;
36660:002;
36661:001;
36662:002;
36663:002;
36664:002;
36665:001;
36666:002;
36667:002;
36668:002;
36669:001;
36670:002;
36671:002;
36672:002;
36673:001;
36674:002;
36675:002;
36676:002;
36677:001;
36678:002;
36679:002;
36680:002;
36681:001;
36682:002;
36683:002;
36684:002;
36685:001;
36686:002;
36687:002;
36688:002;
36689:001;
36690:002;
36691:002;
36692:002;
36693:001;
36694:002;
36695:002;
36696:002;
36697:001;
36698:002;
36699:002;
36700:002;
36701:001;
36702:002;
36703:002;
36704:002;
36705:001;
36706:002;
36707:002;
36708:002;
36709:001;
36710:002;
36711:002;
36712:002;
36713:001;
36714:002;
36715:002;
36716:002;
36717:001;
36718:002;
36719:002;
36720:002;
36721:001;
36722:002;
36723:002;
36724:002;
36725:001;
36726:002;
36727:002;
36728:002;
36729:001;
36730:002;
36731:002;
36732:002;
36733:001;
36734:002;
36735:000;
36736:001;
36737:002;
36738:001;
36739:002;
36740:001;
36741:002;
36742:001;
36743:002;
36744:001;
36745:002;
36746:001;
36747:002;
36748:001;
36749:002;
36750:001;
36751:002;
36752:001;
36753:002;
36754:001;
36755:002;
36756:001;
36757:002;
36758:001;
36759:002;
36760:001;
36761:002;
36762:001;
36763:002;
36764:001;
36765:002;
36766:001;
36767:002;
36768:001;
36769:002;
36770:001;
36771:002;
36772:001;
36773:002;
36774:001;
36775:002;
36776:001;
36777:002;
36778:001;
36779:002;
36780:001;
36781:002;
36782:001;
36783:002;
36784:001;
36785:002;
36786:001;
36787:002;
36788:001;
36789:002;
36790:001;
36791:002;
36792:001;
36793:002;
36794:001;
36795:002;
36796:001;
36797:002;
36798:001;
36799:002;
36800:001;
36801:002;
36802:001;
36803:002;
36804:001;
36805:002;
36806:001;
36807:002;
36808:001;
36809:002;
36810:001;
36811:002;
36812:001;
36813:002;
36814:001;
36815:002;
36816:001;
36817:002;
36818:001;
36819:002;
36820:001;
36821:002;
36822:001;
36823:002;
36824:001;
36825:002;
36826:001;
36827:002;
36828:001;
36829:002;
36830:001;
36831:002;
36832:001;
36833:002;
36834:001;
36835:002;
36836:001;
36837:002;
36838:001;
36839:002;
36840:001;
36841:002;
36842:001;
36843:002;
36844:001;
36845:002;
36846:001;
36847:002;
36848:001;
36849:002;
36850:001;
36851:002;
36852:001;
36853:002;
36854:001;
36855:002;
36856:001;
36857:002;
36858:001;
36859:002;
36860:001;
36861:002;
36862:001;
36863:000;
36864:002;
36865:002;
36866:002;
36867:002;
36868:002;
36869:002;
36870:002;
36871:001;
36872:002;
36873:002;
36874:002;
36875:002;
36876:002;
36877:002;
36878:002;
36879:001;
36880:002;
36881:002;
36882:002;
36883:002;
36884:002;
36885:002;
36886:002;
36887:001;
36888:002;
36889:002;
36890:002;
36891:002;
36892:002;
36893:002;
36894:002;
36895:001;
36896:002;
36897:002;
36898:002;
36899:002;
36900:002;
36901:002;
36902:002;
36903:001;
36904:002;
36905:002;
36906:002;
36907:002;
36908:002;
36909:002;
36910:002;
36911:001;
36912:002;
36913:002;
36914:002;
36915:002;
36916:002;
36917:002;
36918:002;
36919:001;
36920:002;
36921:002;
36922:002;
36923:002;
36924:002;
36925:002;
36926:002;
36927:001;
36928:002;
36929:002;
36930:002;
36931:002;
36932:002;
36933:002;
36934:002;
36935:001;
36936:002;
36937:002;
36938:002;
36939:002;
36940:002;
36941:002;
36942:002;
36943:001;
36944:002;
36945:002;
36946:002;
36947:002;
36948:002;
36949:002;
36950:002;
36951:001;
36952:002;
36953:002;
36954:002;
36955:002;
36956:002;
36957:002;
36958:002;
36959:001;
36960:002;
36961:002;
36962:002;
36963:002;
36964:002;
36965:002;
36966:002;
36967:001;
36968:002;
36969:002;
36970:002;
36971:002;
36972:002;
36973:002;
36974:002;
36975:001;
36976:002;
36977:002;
36978:002;
36979:002;
36980:002;
36981:002;
36982:002;
36983:001;
36984:002;
36985:002;
36986:002;
36987:002;
36988:002;
36989:002;
36990:002;
36991:000;
36992:001;
36993:002;
36994:001;
36995:002;
36996:001;
36997:002;
36998:001;
36999:002;
37000:001;
37001:002;
37002:001;
37003:002;
37004:001;
37005:002;
37006:001;
37007:002;
37008:001;
37009:002;
37010:001;
37011:002;
37012:001;
37013:002;
37014:001;
37015:002;
37016:001;
37017:002;
37018:001;
37019:002;
37020:001;
37021:002;
37022:001;
37023:002;
37024:001;
37025:002;
37026:001;
37027:002;
37028:001;
37029:002;
37030:001;
37031:002;
37032:001;
37033:002;
37034:001;
37035:002;
37036:001;
37037:002;
37038:001;
37039:002;
37040:001;
37041:002;
37042:001;
37043:002;
37044:001;
37045:002;
37046:001;
37047:002;
37048:001;
37049:002;
37050:001;
37051:002;
37052:001;
37053:002;
37054:001;
37055:002;
37056:001;
37057:002;
37058:001;
37059:002;
37060:001;
37061:002;
37062:001;
37063:002;
37064:001;
37065:002;
37066:001;
37067:002;
37068:001;
37069:002;
37070:001;
37071:002;
37072:001;
37073:002;
37074:001;
37075:002;
37076:001;
37077:002;
37078:001;
37079:002;
37080:001;
37081:002;
37082:001;
37083:002;
37084:001;
37085:002;
37086:001;
37087:002;
37088:001;
37089:002;
37090:001;
37091:002;
37092:001;
37093:002;
37094:001;
37095:002;
37096:001;
37097:002;
37098:001;
37099:002;
37100:001;
37101:002;
37102:001;
37103:002;
37104:001;
37105:002;
37106:001;
37107:002;
37108:001;
37109:002;
37110:001;
37111:002;
37112:001;
37113:002;
37114:001;
37115:002;
37116:001;
37117:002;
37118:001;
37119:000;
37120:002;
37121:001;
37122:002;
37123:002;
37124:002;
37125:001;
37126:002;
37127:002;
37128:002;
37129:001;
37130:002;
37131:002;
37132:002;
37133:001;
37134:002;
37135:002;
37136:002;
37137:001;
37138:002;
37139:002;
37140:002;
37141:001;
37142:002;
37143:002;
37144:002;
37145:001;
37146:002;
37147:002;
37148:002;
37149:001;
37150:002;
37151:002;
37152:002;
37153:001;
37154:002;
37155:002;
37156:002;
37157:001;
37158:002;
37159:002;
37160:002;
37161:001;
37162:002;
37163:002;
37164:002;
37165:001;
37166:002;
37167:002;
37168:002;
37169:001;
37170:002;
37171:002;
37172:002;
37173:001;
37174:002;
37175:002;
37176:002;
37177:001;
37178:002;
37179:002;
37180:002;
37181:001;
37182:002;
37183:002;
37184:002;
37185:001;
37186:002;
37187:002;
37188:002;
37189:001;
37190:002;
37191:002;
37192:002;
37193:001;
37194:002;
37195:002;
37196:002;
37197:001;
37198:002;
37199:002;
37200:002;
37201:001;
37202:002;
37203:002;
37204:002;
37205:001;
37206:002;
37207:002;
37208:002;
37209:001;
37210:002;
37211:002;
37212:002;
37213:001;
37214:002;
37215:002;
37216:002;
37217:001;
37218:002;
37219:002;
37220:002;
37221:001;
37222:002;
37223:002;
37224:002;
37225:001;
37226:002;
37227:002;
37228:002;
37229:001;
37230:002;
37231:002;
37232:002;
37233:001;
37234:002;
37235:002;
37236:002;
37237:001;
37238:002;
37239:002;
37240:002;
37241:001;
37242:002;
37243:002;
37244:002;
37245:001;
37246:002;
37247:000;
37248:001;
37249:002;
37250:001;
37251:002;
37252:001;
37253:002;
37254:001;
37255:002;
37256:001;
37257:002;
37258:001;
37259:002;
37260:001;
37261:002;
37262:001;
37263:002;
37264:001;
37265:002;
37266:001;
37267:002;
37268:001;
37269:002;
37270:001;
37271:002;
37272:001;
37273:002;
37274:001;
37275:002;
37276:001;
37277:002;
37278:001;
37279:002;
37280:001;
37281:002;
37282:001;
37283:002;
37284:001;
37285:002;
37286:001;
37287:002;
37288:001;
37289:002;
37290:001;
37291:002;
37292:001;
37293:002;
37294:001;
37295:002;
37296:001;
37297:002;
37298:001;
37299:002;
37300:001;
37301:002;
37302:001;
37303:002;
37304:001;
37305:002;
37306:001;
37307:002;
37308:001;
37309:002;
37310:001;
37311:002;
37312:001;
37313:002;
37314:001;
37315:002;
37316:001;
37317:002;
37318:001;
37319:002;
37320:001;
37321:002;
37322:001;
37323:002;
37324:001;
37325:002;
37326:001;
37327:002;
37328:001;
37329:002;
37330:001;
37331:002;
37332:001;
37333:002;
37334:001;
37335:002;
37336:001;
37337:002;
37338:001;
37339:002;
37340:001;
37341:002;
37342:001;
37343:002;
37344:001;
37345:002;
37346:001;
37347:002;
37348:001;
37349:002;
37350:001;
37351:002;
37352:001;
37353:002;
37354:001;
37355:002;
37356:001;
37357:002;
37358:001;
37359:002;
37360:001;
37361:002;
37362:001;
37363:002;
37364:001;
37365:002;
37366:001;
37367:002;
37368:001;
37369:002;
37370:001;
37371:002;
37372:001;
37373:002;
37374:001;
37375:000;
37376:002;
37377:002;
37378:002;
37379:001;
37380:002;
37381:003;
37382:003;
37383:002;
37384:002;
37385:002;
37386:002;
37387:001;
37388:002;
37389:002;
37390:002;
37391:002;
37392:002;
37393:002;
37394:002;
37395:001;
37396:002;
37397:002;
37398:002;
37399:002;
37400:002;
37401:002;
37402:002;
37403:001;
37404:002;
37405:002;
37406:002;
37407:002;
37408:002;
37409:002;
37410:002;
37411:001;
37412:002;
37413:002;
37414:002;
37415:002;
37416:002;
37417:002;
37418:002;
37419:001;
37420:002;
37421:002;
37422:002;
37423:002;
37424:002;
37425:002;
37426:002;
37427:001;
37428:002;
37429:002;
37430:002;
37431:002;
37432:002;
37433:002;
37434:002;
37435:001;
37436:002;
37437:002;
37438:002;
37439:002;
37440:002;
37441:002;
37442:002;
37443:001;
37444:002;
37445:002;
37446:002;
37447:002;
37448:002;
37449:002;
37450:002;
37451:001;
37452:002;
37453:002;
37454:002;
37455:002;
37456:002;
37457:002;
37458:002;
37459:001;
37460:002;
37461:002;
37462:002;
37463:002;
37464:002;
37465:002;
37466:002;
37467:001;
37468:002;
37469:002;
37470:002;
37471:002;
37472:002;
37473:002;
37474:002;
37475:001;
37476:002;
37477:002;
37478:002;
37479:002;
37480:002;
37481:002;
37482:002;
37483:001;
37484:002;
37485:002;
37486:002;
37487:002;
37488:002;
37489:002;
37490:002;
37491:001;
37492:002;
37493:002;
37494:002;
37495:002;
37496:003;
37497:003;
37498:002;
37499:001;
37500:002;
37501:002;
37502:002;
37503:000;
37504:001;
37505:002;
37506:001;
37507:002;
37508:003;
37509:003;
37510:003;
37511:003;
37512:001;
37513:002;
37514:001;
37515:002;
37516:001;
37517:002;
37518:001;
37519:002;
37520:001;
37521:002;
37522:001;
37523:002;
37524:001;
37525:002;
37526:001;
37527:002;
37528:001;
37529:002;
37530:001;
37531:002;
37532:001;
37533:002;
37534:001;
37535:002;
37536:001;
37537:002;
37538:001;
37539:002;
37540:001;
37541:002;
37542:001;
37543:002;
37544:001;
37545:002;
37546:001;
37547:002;
37548:001;
37549:002;
37550:001;
37551:002;
37552:001;
37553:002;
37554:001;
37555:002;
37556:001;
37557:002;
37558:001;
37559:002;
37560:001;
37561:002;
37562:001;
37563:002;
37564:001;
37565:002;
37566:001;
37567:002;
37568:001;
37569:002;
37570:001;
37571:002;
37572:001;
37573:002;
37574:001;
37575:002;
37576:001;
37577:002;
37578:001;
37579:002;
37580:001;
37581:002;
37582:001;
37583:002;
37584:001;
37585:002;
37586:001;
37587:002;
37588:001;
37589:002;
37590:001;
37591:002;
37592:001;
37593:002;
37594:001;
37595:002;
37596:001;
37597:002;
37598:001;
37599:002;
37600:001;
37601:002;
37602:001;
37603:002;
37604:001;
37605:002;
37606:001;
37607:002;
37608:001;
37609:002;
37610:001;
37611:002;
37612:001;
37613:002;
37614:001;
37615:002;
37616:001;
37617:002;
37618:001;
37619:002;
37620:001;
37621:002;
37622:001;
37623:003;
37624:003;
37625:003;
37626:003;
37627:002;
37628:001;
37629:002;
37630:001;
37631:000;
37632:002;
37633:001;
37634:002;
37635:002;
37636:003;
37637:003;
37638:003;
37639:003;
37640:002;
37641:001;
37642:002;
37643:002;
37644:002;
37645:001;
37646:002;
37647:002;
37648:002;
37649:001;
37650:002;
37651:002;
37652:002;
37653:001;
37654:002;
37655:002;
37656:002;
37657:001;
37658:002;
37659:002;
37660:002;
37661:001;
37662:002;
37663:002;
37664:002;
37665:001;
37666:002;
37667:002;
37668:002;
37669:001;
37670:002;
37671:002;
37672:002;
37673:001;
37674:002;
37675:002;
37676:002;
37677:001;
37678:002;
37679:002;
37680:002;
37681:001;
37682:002;
37683:002;
37684:002;
37685:001;
37686:002;
37687:002;
37688:002;
37689:001;
37690:002;
37691:002;
37692:002;
37693:001;
37694:002;
37695:002;
37696:002;
37697:001;
37698:002;
37699:002;
37700:002;
37701:001;
37702:002;
37703:002;
37704:002;
37705:001;
37706:002;
37707:002;
37708:002;
37709:001;
37710:002;
37711:002;
37712:002;
37713:001;
37714:002;
37715:002;
37716:002;
37717:001;
37718:002;
37719:002;
37720:002;
37721:001;
37722:002;
37723:002;
37724:002;
37725:001;
37726:002;
37727:002;
37728:002;
37729:001;
37730:002;
37731:002;
37732:002;
37733:001;
37734:002;
37735:002;
37736:002;
37737:001;
37738:002;
37739:002;
37740:002;
37741:001;
37742:002;
37743:002;
37744:002;
37745:001;
37746:002;
37747:002;
37748:002;
37749:001;
37750:002;
37751:003;
37752:003;
37753:003;
37754:003;
37755:002;
37756:002;
37757:001;
37758:002;
37759:000;
37760:001;
37761:002;
37762:001;
37763:002;
37764:001;
37765:003;
37766:003;
37767:002;
37768:001;
37769:002;
37770:001;
37771:002;
37772:001;
37773:002;
37774:001;
37775:002;
37776:001;
37777:002;
37778:001;
37779:002;
37780:001;
37781:002;
37782:001;
37783:002;
37784:001;
37785:002;
37786:001;
37787:002;
37788:001;
37789:002;
37790:001;
37791:002;
37792:001;
37793:002;
37794:001;
37795:002;
37796:001;
37797:002;
37798:001;
37799:002;
37800:001;
37801:002;
37802:001;
37803:002;
37804:001;
37805:002;
37806:001;
37807:002;
37808:001;
37809:002;
37810:001;
37811:002;
37812:001;
37813:002;
37814:001;
37815:002;
37816:001;
37817:002;
37818:001;
37819:002;
37820:001;
37821:002;
37822:001;
37823:002;
37824:001;
37825:002;
37826:001;
37827:002;
37828:001;
37829:002;
37830:001;
37831:002;
37832:001;
37833:002;
37834:001;
37835:002;
37836:001;
37837:002;
37838:001;
37839:002;
37840:001;
37841:002;
37842:001;
37843:002;
37844:001;
37845:002;
37846:001;
37847:002;
37848:001;
37849:002;
37850:001;
37851:002;
37852:001;
37853:002;
37854:001;
37855:002;
37856:001;
37857:002;
37858:001;
37859:002;
37860:001;
37861:002;
37862:001;
37863:002;
37864:001;
37865:002;
37866:001;
37867:002;
37868:001;
37869:002;
37870:001;
37871:002;
37872:001;
37873:002;
37874:001;
37875:002;
37876:001;
37877:002;
37878:001;
37879:002;
37880:003;
37881:003;
37882:001;
37883:002;
37884:001;
37885:002;
37886:001;
37887:000;
37888:002;
37889:002;
37890:002;
37891:002;
37892:002;
37893:002;
37894:002;
37895:002;
37896:002;
37897:002;
37898:002;
37899:002;
37900:002;
37901:002;
37902:002;
37903:002;
37904:002;
37905:002;
37906:002;
37907:002;
37908:002;
37909:002;
37910:002;
37911:002;
37912:002;
37913:002;
37914:002;
37915:002;
37916:002;
37917:002;
37918:002;
37919:002;
37920:002;
37921:002;
37922:002;
37923:002;
37924:002;
37925:002;
37926:002;
37927:002;
37928:002;
37929:002;
37930:002;
37931:002;
37932:002;
37933:002;
37934:002;
37935:002;
37936:002;
37937:002;
37938:002;
37939:002;
37940:002;
37941:002;
37942:002;
37943:002;
37944:002;
37945:002;
37946:002;
37947:002;
37948:002;
37949:002;
37950:002;
37951:002;
37952:002;
37953:002;
37954:002;
37955:002;
37956:002;
37957:002;
37958:002;
37959:002;
37960:002;
37961:002;
37962:002;
37963:002;
37964:002;
37965:002;
37966:002;
37967:002;
37968:002;
37969:002;
37970:002;
37971:002;
37972:002;
37973:002;
37974:002;
37975:002;
37976:002;
37977:002;
37978:002;
37979:002;
37980:002;
37981:002;
37982:002;
37983:002;
37984:002;
37985:002;
37986:002;
37987:002;
37988:002;
37989:002;
37990:002;
37991:002;
37992:002;
37993:002;
37994:002;
37995:002;
37996:002;
37997:002;
37998:002;
37999:002;
38000:002;
38001:002;
38002:002;
38003:002;
38004:002;
38005:002;
38006:002;
38007:002;
38008:002;
38009:002;
38010:002;
38011:002;
38012:002;
38013:002;
38014:002;
38015:000;
38016:001;
38017:002;
38018:001;
38019:002;
38020:001;
38021:002;
38022:001;
38023:002;
38024:001;
38025:002;
38026:001;
38027:002;
38028:001;
38029:002;
38030:001;
38031:002;
38032:001;
38033:002;
38034:001;
38035:002;
38036:001;
38037:002;
38038:001;
38039:002;
38040:001;
38041:002;
38042:001;
38043:002;
38044:001;
38045:002;
38046:001;
38047:002;
38048:001;
38049:002;
38050:001;
38051:002;
38052:001;
38053:002;
38054:001;
38055:002;
38056:001;
38057:002;
38058:001;
38059:002;
38060:001;
38061:002;
38062:001;
38063:002;
38064:001;
38065:002;
38066:001;
38067:002;
38068:001;
38069:002;
38070:001;
38071:002;
38072:001;
38073:002;
38074:001;
38075:002;
38076:001;
38077:002;
38078:001;
38079:002;
38080:001;
38081:002;
38082:001;
38083:002;
38084:001;
38085:002;
38086:001;
38087:002;
38088:001;
38089:002;
38090:001;
38091:002;
38092:001;
38093:002;
38094:001;
38095:002;
38096:001;
38097:002;
38098:001;
38099:002;
38100:001;
38101:002;
38102:001;
38103:002;
38104:001;
38105:002;
38106:001;
38107:002;
38108:001;
38109:002;
38110:001;
38111:002;
38112:001;
38113:002;
38114:001;
38115:002;
38116:001;
38117:002;
38118:001;
38119:002;
38120:001;
38121:002;
38122:001;
38123:002;
38124:001;
38125:002;
38126:001;
38127:002;
38128:001;
38129:002;
38130:001;
38131:002;
38132:001;
38133:002;
38134:001;
38135:002;
38136:001;
38137:002;
38138:001;
38139:002;
38140:001;
38141:002;
38142:001;
38143:000;
38144:002;
38145:001;
38146:002;
38147:002;
38148:002;
38149:001;
38150:002;
38151:002;
38152:002;
38153:001;
38154:002;
38155:002;
38156:002;
38157:001;
38158:002;
38159:002;
38160:002;
38161:001;
38162:002;
38163:002;
38164:002;
38165:001;
38166:002;
38167:002;
38168:002;
38169:001;
38170:002;
38171:002;
38172:002;
38173:001;
38174:002;
38175:002;
38176:002;
38177:001;
38178:002;
38179:002;
38180:002;
38181:001;
38182:002;
38183:002;
38184:002;
38185:001;
38186:002;
38187:002;
38188:002;
38189:001;
38190:002;
38191:002;
38192:002;
38193:001;
38194:002;
38195:002;
38196:002;
38197:001;
38198:002;
38199:002;
38200:002;
38201:001;
38202:002;
38203:002;
38204:002;
38205:001;
38206:002;
38207:002;
38208:002;
38209:001;
38210:002;
38211:002;
38212:002;
38213:001;
38214:002;
38215:002;
38216:002;
38217:001;
38218:002;
38219:002;
38220:002;
38221:001;
38222:002;
38223:002;
38224:002;
38225:001;
38226:002;
38227:002;
38228:002;
38229:001;
38230:002;
38231:002;
38232:002;
38233:001;
38234:002;
38235:002;
38236:002;
38237:001;
38238:002;
38239:002;
38240:002;
38241:001;
38242:002;
38243:002;
38244:002;
38245:001;
38246:002;
38247:002;
38248:002;
38249:001;
38250:002;
38251:002;
38252:002;
38253:001;
38254:002;
38255:002;
38256:002;
38257:001;
38258:002;
38259:002;
38260:002;
38261:001;
38262:002;
38263:002;
38264:002;
38265:001;
38266:002;
38267:002;
38268:002;
38269:001;
38270:002;
38271:000;
38272:001;
38273:002;
38274:001;
38275:002;
38276:001;
38277:002;
38278:001;
38279:002;
38280:001;
38281:002;
38282:001;
38283:002;
38284:001;
38285:002;
38286:001;
38287:002;
38288:001;
38289:002;
38290:001;
38291:002;
38292:001;
38293:002;
38294:001;
38295:002;
38296:001;
38297:002;
38298:001;
38299:002;
38300:001;
38301:002;
38302:001;
38303:002;
38304:001;
38305:002;
38306:001;
38307:002;
38308:001;
38309:002;
38310:001;
38311:002;
38312:001;
38313:002;
38314:001;
38315:002;
38316:001;
38317:002;
38318:001;
38319:002;
38320:001;
38321:002;
38322:001;
38323:002;
38324:001;
38325:002;
38326:001;
38327:002;
38328:001;
38329:002;
38330:001;
38331:002;
38332:001;
38333:002;
38334:001;
38335:002;
38336:001;
38337:002;
38338:001;
38339:002;
38340:001;
38341:002;
38342:001;
38343:002;
38344:001;
38345:002;
38346:001;
38347:002;
38348:001;
38349:002;
38350:001;
38351:002;
38352:001;
38353:002;
38354:001;
38355:002;
38356:001;
38357:002;
38358:001;
38359:002;
38360:001;
38361:002;
38362:001;
38363:002;
38364:001;
38365:002;
38366:001;
38367:002;
38368:001;
38369:002;
38370:001;
38371:002;
38372:001;
38373:002;
38374:001;
38375:002;
38376:001;
38377:002;
38378:001;
38379:002;
38380:001;
38381:002;
38382:001;
38383:002;
38384:001;
38385:002;
38386:001;
38387:002;
38388:001;
38389:002;
38390:001;
38391:002;
38392:001;
38393:002;
38394:001;
38395:002;
38396:001;
38397:002;
38398:001;
38399:000;
38400:000;
38401:000;
38402:000;
38403:000;
38404:000;
38405:000;
38406:000;
38407:000;
38408:000;
38409:000;
38410:000;
38411:000;
38412:000;
38413:000;
38414:000;
38415:000;
38416:000;
38417:000;
38418:000;
38419:000;
38420:000;
38421:000;
38422:000;
38423:000;
38424:000;
38425:000;
38426:000;
38427:000;
38428:000;
38429:000;
38430:000;
38431:000;
38432:000;
38433:000;
38434:000;
38435:000;
38436:000;
38437:000;
38438:000;
38439:000;
38440:000;
38441:000;
38442:000;
38443:000;
38444:000;
38445:000;
38446:000;
38447:000;
38448:000;
38449:000;
38450:000;
38451:000;
38452:000;
38453:000;
38454:000;
38455:000;
38456:000;
38457:000;
38458:000;
38459:000;
38460:000;
38461:000;
38462:000;
38463:000;
38464:000;
38465:000;
38466:000;
38467:000;
38468:000;
38469:000;
38470:000;
38471:000;
38472:000;
38473:000;
38474:000;
38475:000;
38476:000;
38477:000;
38478:000;
38479:000;
38480:000;
38481:000;
38482:000;
38483:000;
38484:000;
38485:000;
38486:000;
38487:000;
38488:000;
38489:000;
38490:000;
38491:000;
38492:000;
38493:000;
38494:000;
38495:000;
38496:000;
38497:000;
38498:000;
38499:000;
38500:000;
38501:000;
38502:000;
38503:000;
38504:000;
38505:000;
38506:000;
38507:000;
38508:000;
38509:000;
38510:000;
38511:000;
38512:000;
38513:000;
38514:000;
38515:000;
38516:000;
38517:000;
38518:000;
38519:000;
38520:000;
38521:000;
38522:000;
38523:000;
38524:000;
38525:000;
38526:000;
38527:000;
38528:001;
38529:002;
38530:001;
38531:002;
38532:001;
38533:002;
38534:001;
38535:002;
38536:001;
38537:002;
38538:001;
38539:002;
38540:001;
38541:002;
38542:001;
38543:002;
38544:001;
38545:002;
38546:001;
38547:002;
38548:001;
38549:002;
38550:001;
38551:002;
38552:001;
38553:002;
38554:001;
38555:002;
38556:001;
38557:002;
38558:001;
38559:002;
38560:001;
38561:002;
38562:001;
38563:002;
38564:001;
38565:002;
38566:001;
38567:002;
38568:001;
38569:002;
38570:001;
38571:002;
38572:001;
38573:002;
38574:001;
38575:002;
38576:001;
38577:002;
38578:001;
38579:002;
38580:001;
38581:002;
38582:001;
38583:002;
38584:001;
38585:002;
38586:001;
38587:002;
38588:001;
38589:002;
38590:001;
38591:002;
38592:001;
38593:002;
38594:001;
38595:002;
38596:001;
38597:002;
38598:001;
38599:002;
38600:001;
38601:002;
38602:001;
38603:002;
38604:001;
38605:002;
38606:001;
38607:002;
38608:001;
38609:002;
38610:001;
38611:002;
38612:001;
38613:002;
38614:001;
38615:002;
38616:001;
38617:002;
38618:001;
38619:002;
38620:001;
38621:002;
38622:001;
38623:002;
38624:001;
38625:002;
38626:001;
38627:002;
38628:001;
38629:002;
38630:001;
38631:002;
38632:001;
38633:002;
38634:001;
38635:002;
38636:001;
38637:002;
38638:001;
38639:002;
38640:001;
38641:002;
38642:001;
38643:002;
38644:001;
38645:002;
38646:001;
38647:002;
38648:001;
38649:002;
38650:001;
38651:002;
38652:001;
38653:002;
38654:001;
38655:000;
38656:002;
38657:001;
38658:002;
38659:002;
38660:002;
38661:001;
38662:002;
38663:002;
38664:002;
38665:001;
38666:002;
38667:002;
38668:002;
38669:001;
38670:002;
38671:002;
38672:002;
38673:001;
38674:002;
38675:002;
38676:002;
38677:001;
38678:002;
38679:002;
38680:002;
38681:001;
38682:002;
38683:002;
38684:002;
38685:001;
38686:002;
38687:002;
38688:002;
38689:001;
38690:002;
38691:002;
38692:002;
38693:001;
38694:002;
38695:002;
38696:002;
38697:001;
38698:002;
38699:002;
38700:002;
38701:001;
38702:002;
38703:002;
38704:002;
38705:001;
38706:002;
38707:002;
38708:002;
38709:001;
38710:002;
38711:002;
38712:002;
38713:001;
38714:002;
38715:002;
38716:002;
38717:001;
38718:002;
38719:002;
38720:002;
38721:001;
38722:002;
38723:002;
38724:002;
38725:001;
38726:002;
38727:002;
38728:002;
38729:001;
38730:002;
38731:002;
38732:002;
38733:001;
38734:002;
38735:002;
38736:002;
38737:001;
38738:002;
38739:002;
38740:002;
38741:001;
38742:002;
38743:002;
38744:002;
38745:001;
38746:002;
38747:002;
38748:002;
38749:001;
38750:002;
38751:002;
38752:002;
38753:001;
38754:002;
38755:002;
38756:002;
38757:001;
38758:002;
38759:002;
38760:002;
38761:001;
38762:002;
38763:002;
38764:002;
38765:001;
38766:002;
38767:002;
38768:002;
38769:001;
38770:002;
38771:002;
38772:002;
38773:001;
38774:002;
38775:002;
38776:002;
38777:001;
38778:002;
38779:002;
38780:002;
38781:001;
38782:002;
38783:000;
38784:001;
38785:002;
38786:001;
38787:002;
38788:001;
38789:002;
38790:001;
38791:002;
38792:001;
38793:002;
38794:001;
38795:002;
38796:001;
38797:002;
38798:001;
38799:002;
38800:001;
38801:002;
38802:001;
38803:002;
38804:001;
38805:002;
38806:001;
38807:002;
38808:001;
38809:002;
38810:001;
38811:002;
38812:001;
38813:002;
38814:001;
38815:002;
38816:001;
38817:002;
38818:001;
38819:002;
38820:001;
38821:002;
38822:001;
38823:002;
38824:001;
38825:002;
38826:001;
38827:002;
38828:001;
38829:002;
38830:001;
38831:002;
38832:001;
38833:002;
38834:001;
38835:002;
38836:001;
38837:002;
38838:001;
38839:002;
38840:001;
38841:002;
38842:001;
38843:002;
38844:001;
38845:002;
38846:001;
38847:002;
38848:001;
38849:002;
38850:001;
38851:002;
38852:001;
38853:002;
38854:001;
38855:002;
38856:001;
38857:002;
38858:001;
38859:002;
38860:001;
38861:002;
38862:001;
38863:002;
38864:001;
38865:002;
38866:001;
38867:002;
38868:001;
38869:002;
38870:001;
38871:002;
38872:001;
38873:002;
38874:001;
38875:002;
38876:001;
38877:002;
38878:001;
38879:002;
38880:001;
38881:002;
38882:001;
38883:002;
38884:001;
38885:002;
38886:001;
38887:002;
38888:001;
38889:002;
38890:001;
38891:002;
38892:001;
38893:002;
38894:001;
38895:002;
38896:001;
38897:002;
38898:001;
38899:002;
38900:001;
38901:002;
38902:001;
38903:002;
38904:001;
38905:002;
38906:001;
38907:002;
38908:001;
38909:002;
38910:001;
38911:000;
38912:002;
38913:002;
38914:002;
38915:002;
38916:002;
38917:002;
38918:002;
38919:002;
38920:002;
38921:002;
38922:002;
38923:002;
38924:002;
38925:002;
38926:002;
38927:002;
38928:002;
38929:002;
38930:002;
38931:002;
38932:002;
38933:002;
38934:002;
38935:002;
38936:002;
38937:002;
38938:002;
38939:002;
38940:002;
38941:002;
38942:002;
38943:002;
38944:002;
38945:002;
38946:002;
38947:002;
38948:002;
38949:002;
38950:002;
38951:002;
38952:002;
38953:002;
38954:002;
38955:002;
38956:002;
38957:002;
38958:002;
38959:002;
38960:002;
38961:002;
38962:002;
38963:002;
38964:002;
38965:002;
38966:002;
38967:002;
38968:002;
38969:002;
38970:002;
38971:002;
38972:002;
38973:002;
38974:002;
38975:002;
38976:002;
38977:002;
38978:002;
38979:002;
38980:002;
38981:002;
38982:002;
38983:002;
38984:002;
38985:002;
38986:002;
38987:002;
38988:002;
38989:002;
38990:002;
38991:002;
38992:002;
38993:002;
38994:002;
38995:002;
38996:002;
38997:002;
38998:002;
38999:002;
39000:002;
39001:002;
39002:002;
39003:002;
39004:002;
39005:002;
39006:002;
39007:002;
39008:002;
39009:002;
39010:002;
39011:002;
39012:002;
39013:002;
39014:002;
39015:002;
39016:002;
39017:002;
39018:002;
39019:002;
39020:002;
39021:002;
39022:002;
39023:002;
39024:002;
39025:002;
39026:002;
39027:002;
39028:002;
39029:002;
39030:002;
39031:002;
39032:002;
39033:002;
39034:002;
39035:002;
39036:002;
39037:002;
39038:002;
39039:000;
39040:001;
39041:002;
39042:001;
39043:002;
39044:001;
39045:003;
39046:003;
39047:002;
39048:001;
39049:002;
39050:001;
39051:002;
39052:001;
39053:002;
39054:001;
39055:002;
39056:001;
39057:002;
39058:001;
39059:002;
39060:001;
39061:002;
39062:001;
39063:002;
39064:001;
39065:002;
39066:001;
39067:002;
39068:001;
39069:002;
39070:001;
39071:002;
39072:001;
39073:002;
39074:001;
39075:002;
39076:001;
39077:002;
39078:001;
39079:002;
39080:001;
39081:002;
39082:001;
39083:002;
39084:001;
39085:002;
39086:001;
39087:002;
39088:001;
39089:002;
39090:001;
39091:002;
39092:001;
39093:002;
39094:001;
39095:002;
39096:001;
39097:002;
39098:001;
39099:002;
39100:001;
39101:002;
39102:001;
39103:002;
39104:001;
39105:002;
39106:001;
39107:002;
39108:001;
39109:002;
39110:001;
39111:002;
39112:001;
39113:002;
39114:001;
39115:002;
39116:001;
39117:002;
39118:001;
39119:002;
39120:001;
39121:002;
39122:001;
39123:002;
39124:001;
39125:002;
39126:001;
39127:002;
39128:001;
39129:002;
39130:001;
39131:002;
39132:001;
39133:002;
39134:001;
39135:002;
39136:001;
39137:002;
39138:001;
39139:002;
39140:001;
39141:002;
39142:001;
39143:002;
39144:001;
39145:002;
39146:001;
39147:002;
39148:001;
39149:002;
39150:001;
39151:002;
39152:001;
39153:002;
39154:001;
39155:002;
39156:001;
39157:002;
39158:001;
39159:002;
39160:003;
39161:003;
39162:001;
39163:002;
39164:001;
39165:002;
39166:001;
39167:000;
39168:002;
39169:002;
39170:002;
39171:002;
39172:003;
39173:003;
39174:003;
39175:003;
39176:002;
39177:002;
39178:002;
39179:002;
39180:002;
39181:001;
39182:002;
39183:002;
39184:002;
39185:002;
39186:002;
39187:002;
39188:002;
39189:001;
39190:002;
39191:002;
39192:002;
39193:002;
39194:002;
39195:002;
39196:002;
39197:001;
39198:002;
39199:002;
39200:002;
39201:002;
39202:002;
39203:002;
39204:002;
39205:001;
39206:002;
39207:002;
39208:002;
39209:002;
39210:002;
39211:002;
39212:002;
39213:001;
39214:002;
39215:002;
39216:002;
39217:002;
39218:002;
39219:002;
39220:002;
39221:001;
39222:002;
39223:002;
39224:002;
39225:002;
39226:002;
39227:002;
39228:002;
39229:001;
39230:002;
39231:002;
39232:002;
39233:002;
39234:002;
39235:002;
39236:002;
39237:001;
39238:002;
39239:002;
39240:002;
39241:002;
39242:002;
39243:002;
39244:002;
39245:001;
39246:002;
39247:002;
39248:002;
39249:002;
39250:002;
39251:002;
39252:002;
39253:001;
39254:002;
39255:002;
39256:002;
39257:002;
39258:002;
39259:002;
39260:002;
39261:001;
39262:002;
39263:002;
39264:002;
39265:002;
39266:002;
39267:002;
39268:002;
39269:001;
39270:002;
39271:002;
39272:002;
39273:002;
39274:002;
39275:002;
39276:002;
39277:001;
39278:002;
39279:002;
39280:002;
39281:002;
39282:002;
39283:002;
39284:002;
39285:001;
39286:002;
39287:003;
39288:003;
39289:003;
39290:003;
39291:002;
39292:002;
39293:001;
39294:002;
39295:000;
39296:001;
39297:002;
39298:001;
39299:002;
39300:003;
39301:003;
39302:003;
39303:003;
39304:001;
39305:002;
39306:001;
39307:002;
39308:001;
39309:002;
39310:001;
39311:002;
39312:001;
39313:002;
39314:001;
39315:002;
39316:001;
39317:002;
39318:001;
39319:002;
39320:001;
39321:002;
39322:001;
39323:002;
39324:001;
39325:002;
39326:001;
39327:002;
39328:001;
39329:002;
39330:001;
39331:002;
39332:001;
39333:002;
39334:001;
39335:002;
39336:001;
39337:002;
39338:001;
39339:002;
39340:001;
39341:002;
39342:001;
39343:002;
39344:001;
39345:002;
39346:001;
39347:002;
39348:001;
39349:002;
39350:001;
39351:002;
39352:001;
39353:002;
39354:001;
39355:002;
39356:001;
39357:002;
39358:001;
39359:002;
39360:001;
39361:002;
39362:001;
39363:002;
39364:001;
39365:002;
39366:001;
39367:002;
39368:001;
39369:002;
39370:001;
39371:002;
39372:001;
39373:002;
39374:001;
39375:002;
39376:001;
39377:002;
39378:001;
39379:002;
39380:001;
39381:002;
39382:001;
39383:002;
39384:001;
39385:002;
39386:001;
39387:002;
39388:001;
39389:002;
39390:001;
39391:002;
39392:001;
39393:002;
39394:001;
39395:002;
39396:001;
39397:002;
39398:001;
39399:002;
39400:001;
39401:002;
39402:001;
39403:002;
39404:001;
39405:002;
39406:001;
39407:002;
39408:001;
39409:002;
39410:001;
39411:002;
39412:001;
39413:002;
39414:001;
39415:003;
39416:003;
39417:003;
39418:003;
39419:002;
39420:001;
39421:002;
39422:001;
39423:000;
39424:002;
39425:002;
39426:002;
39427:002;
39428:002;
39429:003;
39430:003;
39431:002;
39432:002;
39433:002;
39434:002;
39435:002;
39436:002;
39437:002;
39438:002;
39439:002;
39440:002;
39441:002;
39442:002;
39443:002;
39444:002;
39445:002;
39446:002;
39447:002;
39448:002;
39449:002;
39450:002;
39451:002;
39452:002;
39453:002;
39454:002;
39455:002;
39456:002;
39457:002;
39458:002;
39459:002;
39460:002;
39461:002;
39462:002;
39463:002;
39464:002;
39465:002;
39466:002;
39467:002;
39468:002;
39469:002;
39470:002;
39471:002;
39472:002;
39473:002;
39474:002;
39475:002;
39476:002;
39477:002;
39478:002;
39479:002;
39480:002;
39481:002;
39482:002;
39483:002;
39484:002;
39485:002;
39486:002;
39487:002;
39488:002;
39489:002;
39490:002;
39491:002;
39492:002;
39493:002;
39494:002;
39495:002;
39496:002;
39497:002;
39498:002;
39499:002;
39500:002;
39501:002;
39502:002;
39503:002;
39504:002;
39505:002;
39506:002;
39507:002;
39508:002;
39509:002;
39510:002;
39511:002;
39512:002;
39513:002;
39514:002;
39515:002;
39516:002;
39517:002;
39518:002;
39519:002;
39520:002;
39521:002;
39522:002;
39523:002;
39524:002;
39525:002;
39526:002;
39527:002;
39528:002;
39529:002;
39530:002;
39531:002;
39532:002;
39533:002;
39534:002;
39535:002;
39536:002;
39537:002;
39538:002;
39539:002;
39540:002;
39541:002;
39542:002;
39543:002;
39544:003;
39545:003;
39546:002;
39547:002;
39548:002;
39549:002;
39550:002;
39551:000;
39552:001;
39553:002;
39554:001;
39555:002;
39556:001;
39557:002;
39558:001;
39559:002;
39560:001;
39561:002;
39562:001;
39563:002;
39564:001;
39565:002;
39566:001;
39567:002;
39568:001;
39569:002;
39570:001;
39571:002;
39572:001;
39573:002;
39574:001;
39575:002;
39576:001;
39577:002;
39578:001;
39579:002;
39580:001;
39581:002;
39582:001;
39583:002;
39584:001;
39585:002;
39586:001;
39587:002;
39588:001;
39589:002;
39590:001;
39591:002;
39592:001;
39593:002;
39594:001;
39595:002;
39596:001;
39597:002;
39598:001;
39599:002;
39600:001;
39601:002;
39602:001;
39603:002;
39604:001;
39605:002;
39606:001;
39607:002;
39608:001;
39609:002;
39610:001;
39611:002;
39612:001;
39613:002;
39614:001;
39615:002;
39616:001;
39617:002;
39618:001;
39619:002;
39620:001;
39621:002;
39622:001;
39623:002;
39624:001;
39625:002;
39626:001;
39627:002;
39628:001;
39629:002;
39630:001;
39631:002;
39632:001;
39633:002;
39634:001;
39635:002;
39636:001;
39637:002;
39638:001;
39639:002;
39640:001;
39641:002;
39642:001;
39643:002;
39644:001;
39645:002;
39646:001;
39647:002;
39648:001;
39649:002;
39650:001;
39651:002;
39652:001;
39653:002;
39654:001;
39655:002;
39656:001;
39657:002;
39658:001;
39659:002;
39660:001;
39661:002;
39662:001;
39663:002;
39664:001;
39665:002;
39666:001;
39667:002;
39668:001;
39669:002;
39670:001;
39671:002;
39672:001;
39673:002;
39674:001;
39675:002;
39676:001;
39677:002;
39678:001;
39679:000;
39680:002;
39681:001;
39682:002;
39683:002;
39684:002;
39685:002;
39686:002;
39687:002;
39688:002;
39689:001;
39690:002;
39691:002;
39692:002;
39693:002;
39694:002;
39695:002;
39696:002;
39697:001;
39698:002;
39699:002;
39700:002;
39701:002;
39702:002;
39703:002;
39704:002;
39705:001;
39706:002;
39707:002;
39708:002;
39709:002;
39710:002;
39711:002;
39712:002;
39713:001;
39714:002;
39715:002;
39716:002;
39717:002;
39718:002;
39719:002;
39720:002;
39721:001;
39722:002;
39723:002;
39724:002;
39725:002;
39726:002;
39727:002;
39728:002;
39729:001;
39730:002;
39731:002;
39732:002;
39733:002;
39734:002;
39735:002;
39736:002;
39737:001;
39738:002;
39739:002;
39740:002;
39741:002;
39742:002;
39743:002;
39744:002;
39745:001;
39746:002;
39747:002;
39748:002;
39749:002;
39750:002;
39751:002;
39752:002;
39753:001;
39754:002;
39755:002;
39756:002;
39757:002;
39758:002;
39759:002;
39760:002;
39761:001;
39762:002;
39763:002;
39764:002;
39765:002;
39766:002;
39767:002;
39768:002;
39769:001;
39770:002;
39771:002;
39772:002;
39773:002;
39774:002;
39775:002;
39776:002;
39777:001;
39778:002;
39779:002;
39780:002;
39781:002;
39782:002;
39783:002;
39784:002;
39785:001;
39786:002;
39787:002;
39788:002;
39789:002;
39790:002;
39791:002;
39792:002;
39793:001;
39794:002;
39795:002;
39796:002;
39797:002;
39798:002;
39799:002;
39800:002;
39801:001;
39802:002;
39803:002;
39804:002;
39805:002;
39806:002;
39807:000;
39808:001;
39809:002;
39810:001;
39811:002;
39812:001;
39813:002;
39814:001;
39815:002;
39816:001;
39817:002;
39818:001;
39819:002;
39820:001;
39821:002;
39822:001;
39823:002;
39824:001;
39825:002;
39826:001;
39827:002;
39828:001;
39829:002;
39830:001;
39831:002;
39832:001;
39833:002;
39834:001;
39835:002;
39836:001;
39837:002;
39838:001;
39839:002;
39840:001;
39841:002;
39842:001;
39843:002;
39844:001;
39845:002;
39846:001;
39847:002;
39848:001;
39849:002;
39850:001;
39851:002;
39852:001;
39853:002;
39854:001;
39855:002;
39856:001;
39857:002;
39858:001;
39859:002;
39860:001;
39861:002;
39862:001;
39863:002;
39864:001;
39865:002;
39866:001;
39867:002;
39868:001;
39869:002;
39870:001;
39871:002;
39872:001;
39873:002;
39874:001;
39875:002;
39876:001;
39877:002;
39878:001;
39879:002;
39880:001;
39881:002;
39882:001;
39883:002;
39884:001;
39885:002;
39886:001;
39887:002;
39888:001;
39889:002;
39890:001;
39891:002;
39892:001;
39893:002;
39894:001;
39895:002;
39896:001;
39897:002;
39898:001;
39899:002;
39900:001;
39901:002;
39902:001;
39903:002;
39904:001;
39905:002;
39906:001;
39907:002;
39908:001;
39909:002;
39910:001;
39911:002;
39912:001;
39913:002;
39914:001;
39915:002;
39916:001;
39917:002;
39918:001;
39919:002;
39920:001;
39921:002;
39922:001;
39923:002;
39924:001;
39925:002;
39926:001;
39927:002;
39928:001;
39929:002;
39930:001;
39931:002;
39932:001;
39933:002;
39934:001;
39935:000;
39936:002;
39937:002;
39938:002;
39939:002;
39940:002;
39941:002;
39942:002;
39943:002;
39944:002;
39945:002;
39946:002;
39947:002;
39948:002;
39949:002;
39950:002;
39951:002;
39952:002;
39953:002;
39954:002;
39955:002;
39956:002;
39957:002;
39958:002;
39959:002;
39960:002;
39961:002;
39962:002;
39963:002;
39964:002;
39965:002;
39966:002;
39967:002;
39968:002;
39969:002;
39970:002;
39971:002;
39972:002;
39973:002;
39974:002;
39975:002;
39976:002;
39977:002;
39978:002;
39979:002;
39980:002;
39981:002;
39982:002;
39983:002;
39984:002;
39985:002;
39986:002;
39987:002;
39988:002;
39989:002;
39990:002;
39991:002;
39992:002;
39993:002;
39994:002;
39995:002;
39996:002;
39997:002;
39998:002;
39999:002;
40000:002;
40001:002;
40002:002;
40003:002;
40004:002;
40005:002;
40006:002;
40007:002;
40008:002;
40009:002;
40010:002;
40011:002;
40012:002;
40013:002;
40014:002;
40015:002;
40016:002;
40017:002;
40018:002;
40019:002;
40020:002;
40021:002;
40022:002;
40023:002;
40024:002;
40025:002;
40026:002;
40027:002;
40028:002;
40029:002;
40030:002;
40031:002;
40032:002;
40033:002;
40034:002;
40035:002;
40036:002;
40037:002;
40038:002;
40039:002;
40040:002;
40041:002;
40042:002;
40043:002;
40044:002;
40045:002;
40046:002;
40047:002;
40048:002;
40049:002;
40050:002;
40051:002;
40052:002;
40053:002;
40054:002;
40055:002;
40056:002;
40057:002;
40058:002;
40059:002;
40060:002;
40061:002;
40062:002;
40063:000;
40064:001;
40065:002;
40066:001;
40067:002;
40068:001;
40069:002;
40070:001;
40071:002;
40072:001;
40073:002;
40074:001;
40075:002;
40076:001;
40077:002;
40078:001;
40079:002;
40080:001;
40081:002;
40082:001;
40083:002;
40084:001;
40085:002;
40086:001;
40087:002;
40088:001;
40089:002;
40090:001;
40091:002;
40092:001;
40093:002;
40094:001;
40095:002;
40096:001;
40097:002;
40098:001;
40099:002;
40100:001;
40101:002;
40102:001;
40103:002;
40104:001;
40105:002;
40106:001;
40107:002;
40108:001;
40109:002;
40110:001;
40111:002;
40112:001;
40113:002;
40114:001;
40115:002;
40116:001;
40117:002;
40118:001;
40119:002;
40120:001;
40121:002;
40122:001;
40123:002;
40124:001;
40125:002;
40126:001;
40127:002;
40128:001;
40129:002;
40130:001;
40131:002;
40132:001;
40133:002;
40134:001;
40135:002;
40136:001;
40137:002;
40138:001;
40139:002;
40140:001;
40141:002;
40142:001;
40143:002;
40144:001;
40145:002;
40146:001;
40147:002;
40148:001;
40149:002;
40150:001;
40151:002;
40152:001;
40153:002;
40154:001;
40155:002;
40156:001;
40157:002;
40158:001;
40159:002;
40160:001;
40161:002;
40162:001;
40163:002;
40164:001;
40165:002;
40166:001;
40167:002;
40168:001;
40169:002;
40170:001;
40171:002;
40172:001;
40173:002;
40174:001;
40175:002;
40176:001;
40177:002;
40178:001;
40179:002;
40180:001;
40181:002;
40182:001;
40183:002;
40184:001;
40185:002;
40186:001;
40187:002;
40188:001;
40189:002;
40190:001;
40191:000;
40192:002;
40193:002;
40194:002;
40195:002;
40196:002;
40197:002;
40198:002;
40199:002;
40200:002;
40201:002;
40202:002;
40203:002;
40204:002;
40205:002;
40206:002;
40207:002;
40208:002;
40209:002;
40210:002;
40211:002;
40212:002;
40213:002;
40214:002;
40215:002;
40216:002;
40217:002;
40218:002;
40219:002;
40220:002;
40221:002;
40222:002;
40223:002;
40224:002;
40225:002;
40226:002;
40227:002;
40228:002;
40229:002;
40230:002;
40231:002;
40232:002;
40233:002;
40234:002;
40235:002;
40236:002;
40237:002;
40238:002;
40239:002;
40240:002;
40241:002;
40242:002;
40243:002;
40244:002;
40245:002;
40246:002;
40247:002;
40248:002;
40249:002;
40250:002;
40251:002;
40252:002;
40253:002;
40254:002;
40255:002;
40256:002;
40257:002;
40258:002;
40259:002;
40260:002;
40261:002;
40262:002;
40263:002;
40264:002;
40265:002;
40266:002;
40267:002;
40268:002;
40269:002;
40270:002;
40271:002;
40272:002;
40273:002;
40274:002;
40275:002;
40276:002;
40277:002;
40278:002;
40279:002;
40280:002;
40281:002;
40282:002;
40283:002;
40284:002;
40285:002;
40286:002;
40287:002;
40288:002;
40289:002;
40290:002;
40291:002;
40292:002;
40293:002;
40294:002;
40295:002;
40296:002;
40297:002;
40298:002;
40299:002;
40300:002;
40301:002;
40302:002;
40303:002;
40304:002;
40305:002;
40306:002;
40307:002;
40308:002;
40309:002;
40310:002;
40311:002;
40312:002;
40313:002;
40314:002;
40315:002;
40316:002;
40317:002;
40318:002;
40319:000;
40320:001;
40321:002;
40322:001;
40323:002;
40324:001;
40325:002;
40326:001;
40327:002;
40328:001;
40329:002;
40330:001;
40331:002;
40332:001;
40333:002;
40334:001;
40335:002;
40336:001;
40337:002;
40338:001;
40339:002;
40340:001;
40341:002;
40342:001;
40343:002;
40344:001;
40345:002;
40346:001;
40347:002;
40348:001;
40349:002;
40350:001;
40351:002;
40352:001;
40353:002;
40354:001;
40355:002;
40356:001;
40357:002;
40358:001;
40359:002;
40360:001;
40361:002;
40362:001;
40363:002;
40364:001;
40365:002;
40366:001;
40367:002;
40368:001;
40369:002;
40370:001;
40371:002;
40372:001;
40373:002;
40374:001;
40375:002;
40376:001;
40377:002;
40378:001;
40379:002;
40380:001;
40381:002;
40382:001;
40383:002;
40384:001;
40385:002;
40386:001;
40387:002;
40388:001;
40389:002;
40390:001;
40391:002;
40392:001;
40393:002;
40394:001;
40395:002;
40396:001;
40397:002;
40398:001;
40399:002;
40400:001;
40401:002;
40402:001;
40403:002;
40404:001;
40405:002;
40406:001;
40407:002;
40408:001;
40409:002;
40410:001;
40411:002;
40412:001;
40413:002;
40414:001;
40415:002;
40416:001;
40417:002;
40418:001;
40419:002;
40420:001;
40421:002;
40422:001;
40423:002;
40424:001;
40425:002;
40426:001;
40427:002;
40428:001;
40429:002;
40430:001;
40431:002;
40432:001;
40433:002;
40434:001;
40435:002;
40436:001;
40437:002;
40438:001;
40439:002;
40440:001;
40441:002;
40442:001;
40443:002;
40444:001;
40445:002;
40446:001;
40447:000;
40448:002;
40449:002;
40450:002;
40451:002;
40452:002;
40453:002;
40454:002;
40455:002;
40456:002;
40457:002;
40458:002;
40459:002;
40460:002;
40461:002;
40462:002;
40463:002;
40464:002;
40465:002;
40466:002;
40467:002;
40468:002;
40469:002;
40470:002;
40471:002;
40472:002;
40473:002;
40474:002;
40475:002;
40476:002;
40477:002;
40478:002;
40479:002;
40480:002;
40481:002;
40482:002;
40483:002;
40484:002;
40485:002;
40486:002;
40487:002;
40488:002;
40489:002;
40490:002;
40491:002;
40492:002;
40493:002;
40494:002;
40495:002;
40496:002;
40497:002;
40498:002;
40499:002;
40500:002;
40501:002;
40502:002;
40503:002;
40504:002;
40505:002;
40506:002;
40507:002;
40508:002;
40509:002;
40510:002;
40511:002;
40512:002;
40513:002;
40514:002;
40515:002;
40516:002;
40517:002;
40518:002;
40519:002;
40520:002;
40521:002;
40522:002;
40523:002;
40524:002;
40525:002;
40526:002;
40527:002;
40528:002;
40529:002;
40530:002;
40531:002;
40532:002;
40533:002;
40534:002;
40535:002;
40536:002;
40537:002;
40538:002;
40539:002;
40540:002;
40541:002;
40542:002;
40543:002;
40544:002;
40545:002;
40546:002;
40547:002;
40548:002;
40549:002;
40550:002;
40551:002;
40552:002;
40553:002;
40554:002;
40555:002;
40556:002;
40557:002;
40558:002;
40559:002;
40560:002;
40561:002;
40562:002;
40563:002;
40564:002;
40565:002;
40566:002;
40567:002;
40568:002;
40569:002;
40570:002;
40571:002;
40572:002;
40573:002;
40574:002;
40575:000;
40576:001;
40577:002;
40578:001;
40579:002;
40580:001;
40581:002;
40582:001;
40583:002;
40584:001;
40585:002;
40586:001;
40587:002;
40588:001;
40589:002;
40590:001;
40591:002;
40592:001;
40593:002;
40594:001;
40595:002;
40596:001;
40597:002;
40598:001;
40599:002;
40600:001;
40601:002;
40602:001;
40603:002;
40604:001;
40605:002;
40606:001;
40607:002;
40608:001;
40609:002;
40610:001;
40611:002;
40612:001;
40613:002;
40614:001;
40615:002;
40616:001;
40617:002;
40618:001;
40619:002;
40620:001;
40621:002;
40622:001;
40623:002;
40624:001;
40625:002;
40626:001;
40627:002;
40628:001;
40629:002;
40630:001;
40631:002;
40632:001;
40633:002;
40634:001;
40635:002;
40636:001;
40637:002;
40638:001;
40639:002;
40640:001;
40641:002;
40642:001;
40643:002;
40644:001;
40645:002;
40646:001;
40647:002;
40648:001;
40649:002;
40650:001;
40651:002;
40652:001;
40653:002;
40654:001;
40655:002;
40656:001;
40657:002;
40658:001;
40659:002;
40660:001;
40661:002;
40662:001;
40663:002;
40664:001;
40665:002;
40666:001;
40667:002;
40668:001;
40669:002;
40670:001;
40671:002;
40672:001;
40673:002;
40674:001;
40675:002;
40676:001;
40677:002;
40678:001;
40679:002;
40680:001;
40681:002;
40682:001;
40683:002;
40684:001;
40685:002;
40686:001;
40687:002;
40688:001;
40689:002;
40690:001;
40691:002;
40692:001;
40693:002;
40694:001;
40695:002;
40696:001;
40697:002;
40698:001;
40699:002;
40700:001;
40701:002;
40702:001;
40703:000;
40704:002;
40705:002;
40706:002;
40707:002;
40708:002;
40709:002;
40710:002;
40711:002;
40712:002;
40713:002;
40714:002;
40715:002;
40716:002;
40717:002;
40718:002;
40719:002;
40720:002;
40721:002;
40722:002;
40723:002;
40724:002;
40725:002;
40726:002;
40727:002;
40728:002;
40729:002;
40730:002;
40731:002;
40732:002;
40733:002;
40734:002;
40735:002;
40736:002;
40737:002;
40738:002;
40739:002;
40740:002;
40741:002;
40742:002;
40743:002;
40744:002;
40745:002;
40746:002;
40747:002;
40748:002;
40749:002;
40750:002;
40751:002;
40752:002;
40753:002;
40754:002;
40755:002;
40756:002;
40757:002;
40758:002;
40759:002;
40760:002;
40761:002;
40762:002;
40763:002;
40764:002;
40765:002;
40766:002;
40767:002;
40768:002;
40769:002;
40770:002;
40771:002;
40772:002;
40773:002;
40774:002;
40775:002;
40776:002;
40777:002;
40778:002;
40779:002;
40780:002;
40781:002;
40782:002;
40783:002;
40784:002;
40785:002;
40786:002;
40787:002;
40788:002;
40789:002;
40790:002;
40791:002;
40792:002;
40793:002;
40794:002;
40795:002;
40796:002;
40797:002;
40798:002;
40799:002;
40800:002;
40801:002;
40802:002;
40803:002;
40804:002;
40805:002;
40806:002;
40807:002;
40808:002;
40809:002;
40810:002;
40811:002;
40812:002;
40813:002;
40814:002;
40815:002;
40816:002;
40817:002;
40818:002;
40819:002;
40820:002;
40821:002;
40822:002;
40823:002;
40824:002;
40825:002;
40826:002;
40827:002;
40828:002;
40829:002;
40830:002;
40831:000;
40832:001;
40833:002;
40834:001;
40835:002;
40836:001;
40837:002;
40838:001;
40839:002;
40840:001;
40841:002;
40842:001;
40843:002;
40844:001;
40845:002;
40846:001;
40847:002;
40848:001;
40849:002;
40850:001;
40851:002;
40852:001;
40853:002;
40854:001;
40855:002;
40856:001;
40857:002;
40858:001;
40859:002;
40860:001;
40861:002;
40862:001;
40863:002;
40864:001;
40865:002;
40866:001;
40867:002;
40868:001;
40869:002;
40870:001;
40871:002;
40872:001;
40873:002;
40874:001;
40875:002;
40876:001;
40877:002;
40878:001;
40879:002;
40880:001;
40881:002;
40882:001;
40883:002;
40884:001;
40885:002;
40886:001;
40887:002;
40888:001;
40889:002;
40890:001;
40891:002;
40892:001;
40893:002;
40894:001;
40895:002;
40896:001;
40897:002;
40898:001;
40899:002;
40900:001;
40901:002;
40902:001;
40903:002;
40904:001;
40905:002;
40906:001;
40907:002;
40908:001;
40909:002;
40910:001;
40911:002;
40912:001;
40913:002;
40914:001;
40915:002;
40916:001;
40917:002;
40918:001;
40919:002;
40920:001;
40921:002;
40922:001;
40923:002;
40924:001;
40925:002;
40926:001;
40927:002;
40928:001;
40929:002;
40930:001;
40931:002;
40932:001;
40933:002;
40934:001;
40935:002;
40936:001;
40937:002;
40938:001;
40939:002;
40940:001;
40941:002;
40942:001;
40943:002;
40944:001;
40945:002;
40946:001;
40947:002;
40948:001;
40949:002;
40950:001;
40951:002;
40952:001;
40953:002;
40954:001;
40955:002;
40956:001;
40957:002;
40958:001;
40959:000;
40960:002;
40961:002;
40962:002;
40963:002;
40964:002;
40965:002;
40966:002;
40967:002;
40968:002;
40969:002;
40970:002;
40971:002;
40972:002;
40973:002;
40974:002;
40975:002;
40976:002;
40977:002;
40978:002;
40979:002;
40980:002;
40981:002;
40982:002;
40983:002;
40984:002;
40985:002;
40986:002;
40987:002;
40988:002;
40989:002;
40990:002;
40991:002;
40992:002;
40993:002;
40994:002;
40995:002;
40996:002;
40997:002;
40998:002;
40999:002;
41000:002;
41001:002;
41002:002;
41003:002;
41004:002;
41005:002;
41006:002;
41007:002;
41008:002;
41009:002;
41010:002;
41011:002;
41012:002;
41013:002;
41014:002;
41015:002;
41016:002;
41017:002;
41018:002;
41019:002;
41020:002;
41021:002;
41022:002;
41023:002;
41024:002;
41025:002;
41026:002;
41027:002;
41028:002;
41029:002;
41030:002;
41031:002;
41032:002;
41033:002;
41034:002;
41035:002;
41036:002;
41037:002;
41038:002;
41039:002;
41040:002;
41041:002;
41042:002;
41043:002;
41044:002;
41045:002;
41046:002;
41047:002;
41048:002;
41049:002;
41050:002;
41051:002;
41052:002;
41053:002;
41054:002;
41055:002;
41056:002;
41057:002;
41058:002;
41059:002;
41060:002;
41061:002;
41062:002;
41063:002;
41064:002;
41065:002;
41066:002;
41067:002;
41068:002;
41069:002;
41070:002;
41071:002;
41072:002;
41073:002;
41074:002;
41075:002;
41076:002;
41077:002;
41078:002;
41079:002;
41080:002;
41081:002;
41082:002;
41083:002;
41084:002;
41085:002;
41086:002;
41087:000;
41088:002;
41089:002;
41090:001;
41091:002;
41092:001;
41093:002;
41094:001;
41095:002;
41096:002;
41097:002;
41098:001;
41099:002;
41100:001;
41101:002;
41102:001;
41103:002;
41104:002;
41105:002;
41106:001;
41107:002;
41108:001;
41109:002;
41110:001;
41111:002;
41112:002;
41113:002;
41114:001;
41115:002;
41116:001;
41117:002;
41118:001;
41119:002;
41120:002;
41121:002;
41122:001;
41123:002;
41124:001;
41125:002;
41126:001;
41127:002;
41128:002;
41129:002;
41130:001;
41131:002;
41132:001;
41133:002;
41134:001;
41135:002;
41136:002;
41137:002;
41138:001;
41139:002;
41140:001;
41141:002;
41142:001;
41143:002;
41144:002;
41145:002;
41146:001;
41147:002;
41148:001;
41149:002;
41150:001;
41151:002;
41152:002;
41153:002;
41154:001;
41155:002;
41156:001;
41157:002;
41158:001;
41159:002;
41160:002;
41161:002;
41162:001;
41163:002;
41164:001;
41165:002;
41166:001;
41167:002;
41168:002;
41169:002;
41170:001;
41171:002;
41172:001;
41173:002;
41174:001;
41175:002;
41176:002;
41177:002;
41178:001;
41179:002;
41180:001;
41181:002;
41182:001;
41183:002;
41184:002;
41185:002;
41186:001;
41187:002;
41188:001;
41189:002;
41190:001;
41191:002;
41192:002;
41193:002;
41194:001;
41195:002;
41196:001;
41197:002;
41198:001;
41199:002;
41200:002;
41201:002;
41202:001;
41203:002;
41204:001;
41205:002;
41206:001;
41207:002;
41208:002;
41209:002;
41210:001;
41211:002;
41212:001;
41213:002;
41214:001;
41215:000;
41216:002;
41217:002;
41218:002;
41219:002;
41220:002;
41221:002;
41222:002;
41223:002;
41224:002;
41225:002;
41226:002;
41227:002;
41228:002;
41229:002;
41230:002;
41231:002;
41232:002;
41233:002;
41234:002;
41235:002;
41236:002;
41237:002;
41238:002;
41239:002;
41240:002;
41241:002;
41242:002;
41243:002;
41244:002;
41245:002;
41246:002;
41247:002;
41248:002;
41249:002;
41250:002;
41251:002;
41252:002;
41253:002;
41254:002;
41255:002;
41256:002;
41257:002;
41258:002;
41259:002;
41260:002;
41261:002;
41262:002;
41263:002;
41264:002;
41265:002;
41266:002;
41267:002;
41268:002;
41269:002;
41270:002;
41271:002;
41272:002;
41273:002;
41274:002;
41275:002;
41276:002;
41277:002;
41278:002;
41279:002;
41280:002;
41281:002;
41282:002;
41283:002;
41284:002;
41285:002;
41286:002;
41287:002;
41288:002;
41289:002;
41290:002;
41291:002;
41292:002;
41293:002;
41294:002;
41295:002;
41296:002;
41297:002;
41298:002;
41299:002;
41300:002;
41301:002;
41302:002;
41303:002;
41304:002;
41305:002;
41306:002;
41307:002;
41308:002;
41309:002;
41310:002;
41311:002;
41312:002;
41313:002;
41314:002;
41315:002;
41316:002;
41317:002;
41318:002;
41319:002;
41320:002;
41321:002;
41322:002;
41323:002;
41324:002;
41325:002;
41326:002;
41327:002;
41328:002;
41329:002;
41330:002;
41331:002;
41332:002;
41333:002;
41334:002;
41335:002;
41336:002;
41337:002;
41338:002;
41339:002;
41340:002;
41341:002;
41342:002;
41343:000;
41344:001;
41345:002;
41346:001;
41347:002;
41348:001;
41349:002;
41350:001;
41351:002;
41352:001;
41353:002;
41354:001;
41355:002;
41356:001;
41357:002;
41358:001;
41359:002;
41360:001;
41361:002;
41362:001;
41363:002;
41364:001;
41365:002;
41366:001;
41367:002;
41368:001;
41369:002;
41370:001;
41371:002;
41372:001;
41373:002;
41374:001;
41375:002;
41376:001;
41377:002;
41378:001;
41379:002;
41380:001;
41381:002;
41382:001;
41383:002;
41384:001;
41385:002;
41386:001;
41387:002;
41388:001;
41389:002;
41390:001;
41391:002;
41392:001;
41393:002;
41394:001;
41395:002;
41396:001;
41397:002;
41398:001;
41399:002;
41400:001;
41401:002;
41402:001;
41403:002;
41404:001;
41405:002;
41406:001;
41407:002;
41408:001;
41409:002;
41410:001;
41411:002;
41412:001;
41413:002;
41414:001;
41415:002;
41416:001;
41417:002;
41418:001;
41419:002;
41420:001;
41421:002;
41422:001;
41423:002;
41424:001;
41425:002;
41426:001;
41427:002;
41428:001;
41429:002;
41430:001;
41431:002;
41432:001;
41433:002;
41434:001;
41435:002;
41436:001;
41437:002;
41438:001;
41439:002;
41440:001;
41441:002;
41442:001;
41443:002;
41444:001;
41445:002;
41446:001;
41447:002;
41448:001;
41449:002;
41450:001;
41451:002;
41452:001;
41453:002;
41454:001;
41455:002;
41456:001;
41457:002;
41458:001;
41459:002;
41460:001;
41461:002;
41462:001;
41463:002;
41464:001;
41465:002;
41466:001;
41467:002;
41468:001;
41469:002;
41470:001;
41471:000;
41472:002;
41473:002;
41474:002;
41475:002;
41476:002;
41477:002;
41478:002;
41479:002;
41480:002;
41481:002;
41482:002;
41483:002;
41484:002;
41485:002;
41486:002;
41487:002;
41488:002;
41489:002;
41490:002;
41491:002;
41492:002;
41493:002;
41494:002;
41495:002;
41496:002;
41497:002;
41498:002;
41499:002;
41500:002;
41501:002;
41502:002;
41503:002;
41504:002;
41505:002;
41506:002;
41507:002;
41508:002;
41509:002;
41510:002;
41511:002;
41512:002;
41513:002;
41514:002;
41515:002;
41516:002;
41517:002;
41518:002;
41519:002;
41520:002;
41521:002;
41522:002;
41523:002;
41524:002;
41525:002;
41526:002;
41527:002;
41528:002;
41529:002;
41530:002;
41531:002;
41532:002;
41533:002;
41534:002;
41535:002;
41536:002;
41537:002;
41538:002;
41539:002;
41540:002;
41541:002;
41542:002;
41543:002;
41544:002;
41545:002;
41546:002;
41547:002;
41548:002;
41549:002;
41550:002;
41551:002;
41552:002;
41553:002;
41554:002;
41555:002;
41556:002;
41557:002;
41558:002;
41559:002;
41560:002;
41561:002;
41562:002;
41563:002;
41564:002;
41565:002;
41566:002;
41567:002;
41568:002;
41569:002;
41570:002;
41571:002;
41572:002;
41573:002;
41574:002;
41575:002;
41576:002;
41577:002;
41578:002;
41579:002;
41580:002;
41581:002;
41582:002;
41583:002;
41584:002;
41585:002;
41586:002;
41587:002;
41588:002;
41589:002;
41590:002;
41591:002;
41592:002;
41593:002;
41594:002;
41595:002;
41596:002;
41597:002;
41598:002;
41599:000;
41600:001;
41601:002;
41602:001;
41603:002;
41604:002;
41605:002;
41606:001;
41607:002;
41608:001;
41609:002;
41610:001;
41611:002;
41612:002;
41613:002;
41614:001;
41615:002;
41616:001;
41617:002;
41618:001;
41619:002;
41620:002;
41621:002;
41622:001;
41623:002;
41624:001;
41625:002;
41626:001;
41627:002;
41628:002;
41629:002;
41630:001;
41631:002;
41632:001;
41633:002;
41634:001;
41635:002;
41636:002;
41637:002;
41638:001;
41639:002;
41640:001;
41641:002;
41642:001;
41643:002;
41644:002;
41645:002;
41646:001;
41647:002;
41648:001;
41649:002;
41650:001;
41651:002;
41652:002;
41653:002;
41654:001;
41655:002;
41656:001;
41657:002;
41658:001;
41659:002;
41660:002;
41661:002;
41662:001;
41663:002;
41664:001;
41665:002;
41666:001;
41667:002;
41668:002;
41669:002;
41670:001;
41671:002;
41672:001;
41673:002;
41674:001;
41675:002;
41676:002;
41677:002;
41678:001;
41679:002;
41680:001;
41681:002;
41682:001;
41683:002;
41684:002;
41685:002;
41686:001;
41687:002;
41688:001;
41689:002;
41690:001;
41691:002;
41692:002;
41693:002;
41694:001;
41695:002;
41696:001;
41697:002;
41698:001;
41699:002;
41700:002;
41701:002;
41702:001;
41703:002;
41704:001;
41705:002;
41706:001;
41707:002;
41708:002;
41709:002;
41710:001;
41711:002;
41712:001;
41713:002;
41714:001;
41715:002;
41716:002;
41717:002;
41718:001;
41719:002;
41720:001;
41721:002;
41722:001;
41723:002;
41724:002;
41725:002;
41726:001;
41727:000;
41728:002;
41729:002;
41730:002;
41731:002;
41732:002;
41733:002;
41734:002;
41735:002;
41736:002;
41737:002;
41738:002;
41739:002;
41740:002;
41741:002;
41742:002;
41743:002;
41744:002;
41745:002;
41746:002;
41747:002;
41748:002;
41749:002;
41750:002;
41751:002;
41752:002;
41753:002;
41754:002;
41755:002;
41756:002;
41757:002;
41758:002;
41759:002;
41760:002;
41761:002;
41762:002;
41763:002;
41764:002;
41765:002;
41766:002;
41767:002;
41768:002;
41769:002;
41770:002;
41771:002;
41772:002;
41773:002;
41774:002;
41775:002;
41776:002;
41777:002;
41778:002;
41779:002;
41780:002;
41781:002;
41782:002;
41783:002;
41784:002;
41785:002;
41786:002;
41787:002;
41788:002;
41789:002;
41790:002;
41791:002;
41792:002;
41793:002;
41794:002;
41795:002;
41796:002;
41797:002;
41798:002;
41799:002;
41800:002;
41801:002;
41802:002;
41803:002;
41804:002;
41805:002;
41806:002;
41807:002;
41808:002;
41809:002;
41810:002;
41811:002;
41812:002;
41813:002;
41814:002;
41815:002;
41816:002;
41817:002;
41818:002;
41819:002;
41820:002;
41821:002;
41822:002;
41823:002;
41824:002;
41825:002;
41826:002;
41827:002;
41828:002;
41829:002;
41830:002;
41831:002;
41832:002;
41833:002;
41834:002;
41835:002;
41836:002;
41837:002;
41838:002;
41839:002;
41840:002;
41841:002;
41842:002;
41843:002;
41844:002;
41845:002;
41846:002;
41847:002;
41848:002;
41849:002;
41850:002;
41851:002;
41852:002;
41853:002;
41854:002;
41855:000;
41856:001;
41857:002;
41858:001;
41859:002;
41860:001;
41861:002;
41862:001;
41863:002;
41864:001;
41865:002;
41866:001;
41867:002;
41868:001;
41869:002;
41870:001;
41871:002;
41872:001;
41873:002;
41874:001;
41875:002;
41876:001;
41877:002;
41878:001;
41879:002;
41880:001;
41881:002;
41882:001;
41883:002;
41884:001;
41885:002;
41886:001;
41887:002;
41888:001;
41889:002;
41890:001;
41891:002;
41892:001;
41893:002;
41894:001;
41895:002;
41896:001;
41897:002;
41898:001;
41899:002;
41900:001;
41901:002;
41902:001;
41903:002;
41904:001;
41905:002;
41906:001;
41907:002;
41908:001;
41909:002;
41910:001;
41911:002;
41912:001;
41913:002;
41914:001;
41915:002;
41916:001;
41917:002;
41918:001;
41919:002;
41920:001;
41921:002;
41922:001;
41923:002;
41924:001;
41925:002;
41926:001;
41927:002;
41928:001;
41929:002;
41930:001;
41931:002;
41932:001;
41933:002;
41934:001;
41935:002;
41936:001;
41937:002;
41938:001;
41939:002;
41940:001;
41941:002;
41942:001;
41943:002;
41944:001;
41945:002;
41946:001;
41947:002;
41948:001;
41949:002;
41950:001;
41951:002;
41952:001;
41953:002;
41954:001;
41955:002;
41956:001;
41957:002;
41958:001;
41959:002;
41960:001;
41961:002;
41962:001;
41963:002;
41964:001;
41965:002;
41966:001;
41967:002;
41968:001;
41969:002;
41970:001;
41971:002;
41972:001;
41973:002;
41974:001;
41975:002;
41976:001;
41977:002;
41978:001;
41979:002;
41980:001;
41981:002;
41982:001;
41983:000;
41984:002;
41985:002;
41986:002;
41987:002;
41988:002;
41989:002;
41990:002;
41991:002;
41992:002;
41993:002;
41994:002;
41995:002;
41996:002;
41997:002;
41998:002;
41999:002;
42000:002;
42001:002;
42002:002;
42003:002;
42004:002;
42005:002;
42006:002;
42007:002;
42008:002;
42009:002;
42010:002;
42011:002;
42012:002;
42013:002;
42014:002;
42015:002;
42016:002;
42017:002;
42018:002;
42019:002;
42020:002;
42021:002;
42022:002;
42023:002;
42024:002;
42025:002;
42026:002;
42027:002;
42028:002;
42029:002;
42030:002;
42031:002;
42032:002;
42033:002;
42034:002;
42035:002;
42036:002;
42037:002;
42038:002;
42039:002;
42040:002;
42041:002;
42042:002;
42043:002;
42044:002;
42045:002;
42046:002;
42047:002;
42048:002;
42049:002;
42050:002;
42051:002;
42052:002;
42053:002;
42054:002;
42055:002;
42056:002;
42057:002;
42058:002;
42059:002;
42060:002;
42061:002;
42062:002;
42063:002;
42064:002;
42065:002;
42066:002;
42067:002;
42068:002;
42069:002;
42070:002;
42071:002;
42072:002;
42073:002;
42074:002;
42075:002;
42076:002;
42077:002;
42078:002;
42079:002;
42080:002;
42081:002;
42082:002;
42083:002;
42084:002;
42085:002;
42086:002;
42087:002;
42088:002;
42089:002;
42090:002;
42091:002;
42092:002;
42093:002;
42094:002;
42095:002;
42096:002;
42097:002;
42098:002;
42099:002;
42100:002;
42101:002;
42102:002;
42103:002;
42104:002;
42105:002;
42106:002;
42107:002;
42108:002;
42109:002;
42110:002;
42111:000;
42112:002;
42113:002;
42114:001;
42115:002;
42116:002;
42117:002;
42118:001;
42119:002;
42120:002;
42121:002;
42122:001;
42123:002;
42124:002;
42125:002;
42126:001;
42127:002;
42128:002;
42129:002;
42130:001;
42131:002;
42132:002;
42133:002;
42134:001;
42135:002;
42136:002;
42137:002;
42138:001;
42139:002;
42140:002;
42141:002;
42142:001;
42143:002;
42144:002;
42145:002;
42146:001;
42147:002;
42148:002;
42149:002;
42150:001;
42151:002;
42152:002;
42153:002;
42154:001;
42155:002;
42156:002;
42157:002;
42158:001;
42159:002;
42160:002;
42161:002;
42162:001;
42163:002;
42164:002;
42165:002;
42166:001;
42167:002;
42168:002;
42169:002;
42170:001;
42171:002;
42172:002;
42173:002;
42174:001;
42175:002;
42176:002;
42177:002;
42178:001;
42179:002;
42180:002;
42181:002;
42182:001;
42183:002;
42184:002;
42185:002;
42186:001;
42187:002;
42188:002;
42189:002;
42190:001;
42191:002;
42192:002;
42193:002;
42194:001;
42195:002;
42196:002;
42197:002;
42198:001;
42199:002;
42200:002;
42201:002;
42202:001;
42203:002;
42204:002;
42205:002;
42206:001;
42207:002;
42208:002;
42209:002;
42210:001;
42211:002;
42212:002;
42213:002;
42214:001;
42215:002;
42216:002;
42217:002;
42218:001;
42219:002;
42220:002;
42221:002;
42222:001;
42223:002;
42224:002;
42225:002;
42226:001;
42227:002;
42228:002;
42229:002;
42230:001;
42231:002;
42232:002;
42233:002;
42234:001;
42235:002;
42236:002;
42237:002;
42238:001;
42239:000;
42240:002;
42241:002;
42242:002;
42243:002;
42244:002;
42245:002;
42246:002;
42247:002;
42248:002;
42249:002;
42250:002;
42251:002;
42252:002;
42253:002;
42254:002;
42255:002;
42256:002;
42257:002;
42258:002;
42259:002;
42260:002;
42261:002;
42262:002;
42263:002;
42264:002;
42265:002;
42266:002;
42267:002;
42268:002;
42269:002;
42270:002;
42271:002;
42272:002;
42273:002;
42274:002;
42275:002;
42276:002;
42277:002;
42278:002;
42279:002;
42280:002;
42281:002;
42282:002;
42283:002;
42284:002;
42285:002;
42286:002;
42287:002;
42288:002;
42289:002;
42290:002;
42291:002;
42292:002;
42293:002;
42294:002;
42295:002;
42296:002;
42297:002;
42298:002;
42299:002;
42300:002;
42301:002;
42302:002;
42303:002;
42304:002;
42305:002;
42306:002;
42307:002;
42308:002;
42309:002;
42310:002;
42311:002;
42312:002;
42313:002;
42314:002;
42315:002;
42316:002;
42317:002;
42318:002;
42319:002;
42320:002;
42321:002;
42322:002;
42323:002;
42324:002;
42325:002;
42326:002;
42327:002;
42328:002;
42329:002;
42330:002;
42331:002;
42332:002;
42333:002;
42334:002;
42335:002;
42336:002;
42337:002;
42338:002;
42339:002;
42340:002;
42341:002;
42342:002;
42343:002;
42344:002;
42345:002;
42346:002;
42347:002;
42348:002;
42349:002;
42350:002;
42351:002;
42352:002;
42353:002;
42354:002;
42355:002;
42356:002;
42357:002;
42358:002;
42359:002;
42360:002;
42361:002;
42362:002;
42363:002;
42364:002;
42365:002;
42366:002;
42367:000;
42368:001;
42369:002;
42370:001;
42371:002;
42372:001;
42373:002;
42374:001;
42375:002;
42376:001;
42377:002;
42378:001;
42379:002;
42380:001;
42381:002;
42382:001;
42383:002;
42384:001;
42385:002;
42386:001;
42387:002;
42388:001;
42389:002;
42390:001;
42391:002;
42392:001;
42393:002;
42394:001;
42395:002;
42396:001;
42397:002;
42398:001;
42399:002;
42400:001;
42401:002;
42402:001;
42403:002;
42404:001;
42405:002;
42406:001;
42407:002;
42408:001;
42409:002;
42410:001;
42411:002;
42412:001;
42413:002;
42414:001;
42415:002;
42416:001;
42417:002;
42418:001;
42419:002;
42420:001;
42421:002;
42422:001;
42423:002;
42424:001;
42425:002;
42426:001;
42427:002;
42428:001;
42429:002;
42430:001;
42431:002;
42432:001;
42433:002;
42434:001;
42435:002;
42436:001;
42437:002;
42438:001;
42439:002;
42440:001;
42441:002;
42442:001;
42443:002;
42444:001;
42445:002;
42446:001;
42447:002;
42448:001;
42449:002;
42450:001;
42451:002;
42452:001;
42453:002;
42454:001;
42455:002;
42456:001;
42457:002;
42458:001;
42459:002;
42460:001;
42461:002;
42462:001;
42463:002;
42464:001;
42465:002;
42466:001;
42467:002;
42468:001;
42469:002;
42470:001;
42471:002;
42472:001;
42473:002;
42474:001;
42475:002;
42476:001;
42477:002;
42478:001;
42479:002;
42480:001;
42481:002;
42482:001;
42483:002;
42484:001;
42485:002;
42486:001;
42487:002;
42488:001;
42489:002;
42490:001;
42491:002;
42492:001;
42493:002;
42494:001;
42495:000;
42496:002;
42497:002;
42498:002;
42499:002;
42500:002;
42501:002;
42502:002;
42503:002;
42504:002;
42505:002;
42506:002;
42507:002;
42508:002;
42509:002;
42510:002;
42511:002;
42512:002;
42513:002;
42514:002;
42515:002;
42516:002;
42517:002;
42518:002;
42519:002;
42520:002;
42521:002;
42522:002;
42523:002;
42524:002;
42525:002;
42526:002;
42527:002;
42528:002;
42529:002;
42530:002;
42531:002;
42532:002;
42533:002;
42534:002;
42535:002;
42536:002;
42537:002;
42538:002;
42539:002;
42540:002;
42541:002;
42542:002;
42543:002;
42544:002;
42545:002;
42546:002;
42547:002;
42548:002;
42549:002;
42550:002;
42551:002;
42552:002;
42553:002;
42554:002;
42555:002;
42556:002;
42557:002;
42558:002;
42559:002;
42560:002;
42561:002;
42562:002;
42563:002;
42564:002;
42565:002;
42566:002;
42567:002;
42568:002;
42569:002;
42570:002;
42571:002;
42572:002;
42573:002;
42574:002;
42575:002;
42576:002;
42577:002;
42578:002;
42579:002;
42580:002;
42581:002;
42582:002;
42583:002;
42584:002;
42585:002;
42586:002;
42587:002;
42588:002;
42589:002;
42590:002;
42591:002;
42592:002;
42593:002;
42594:002;
42595:002;
42596:002;
42597:002;
42598:002;
42599:002;
42600:002;
42601:002;
42602:002;
42603:002;
42604:002;
42605:002;
42606:002;
42607:002;
42608:002;
42609:002;
42610:002;
42611:002;
42612:002;
42613:002;
42614:002;
42615:002;
42616:002;
42617:002;
42618:002;
42619:002;
42620:002;
42621:002;
42622:002;
42623:000;
42624:002;
42625:002;
42626:001;
42627:002;
42628:002;
42629:002;
42630:001;
42631:002;
42632:002;
42633:002;
42634:001;
42635:002;
42636:002;
42637:002;
42638:001;
42639:002;
42640:002;
42641:002;
42642:001;
42643:002;
42644:002;
42645:002;
42646:001;
42647:002;
42648:002;
42649:002;
42650:001;
42651:002;
42652:002;
42653:002;
42654:001;
42655:002;
42656:002;
42657:002;
42658:001;
42659:002;
42660:002;
42661:002;
42662:001;
42663:002;
42664:002;
42665:002;
42666:001;
42667:002;
42668:002;
42669:002;
42670:001;
42671:002;
42672:002;
42673:002;
42674:001;
42675:002;
42676:002;
42677:002;
42678:001;
42679:002;
42680:002;
42681:002;
42682:001;
42683:002;
42684:002;
42685:002;
42686:001;
42687:002;
42688:002;
42689:002;
42690:001;
42691:002;
42692:002;
42693:002;
42694:001;
42695:002;
42696:002;
42697:002;
42698:001;
42699:002;
42700:002;
42701:002;
42702:001;
42703:002;
42704:002;
42705:002;
42706:001;
42707:002;
42708:002;
42709:002;
42710:001;
42711:002;
42712:002;
42713:002;
42714:001;
42715:002;
42716:002;
42717:002;
42718:001;
42719:002;
42720:002;
42721:002;
42722:001;
42723:002;
42724:002;
42725:002;
42726:001;
42727:002;
42728:002;
42729:002;
42730:001;
42731:002;
42732:002;
42733:002;
42734:001;
42735:002;
42736:002;
42737:002;
42738:001;
42739:002;
42740:002;
42741:002;
42742:001;
42743:002;
42744:002;
42745:002;
42746:001;
42747:002;
42748:002;
42749:002;
42750:001;
42751:000;
42752:002;
42753:002;
42754:002;
42755:002;
42756:002;
42757:002;
42758:002;
42759:002;
42760:002;
42761:002;
42762:002;
42763:002;
42764:002;
42765:002;
42766:002;
42767:002;
42768:002;
42769:002;
42770:002;
42771:002;
42772:002;
42773:002;
42774:002;
42775:002;
42776:002;
42777:002;
42778:002;
42779:002;
42780:002;
42781:002;
42782:002;
42783:002;
42784:002;
42785:002;
42786:002;
42787:002;
42788:002;
42789:002;
42790:002;
42791:002;
42792:002;
42793:002;
42794:002;
42795:002;
42796:002;
42797:002;
42798:002;
42799:002;
42800:002;
42801:002;
42802:002;
42803:002;
42804:002;
42805:002;
42806:002;
42807:002;
42808:002;
42809:002;
42810:002;
42811:002;
42812:002;
42813:002;
42814:002;
42815:002;
42816:002;
42817:002;
42818:002;
42819:002;
42820:002;
42821:002;
42822:002;
42823:002;
42824:002;
42825:002;
42826:002;
42827:002;
42828:002;
42829:002;
42830:002;
42831:002;
42832:002;
42833:002;
42834:002;
42835:002;
42836:002;
42837:002;
42838:002;
42839:002;
42840:002;
42841:002;
42842:002;
42843:002;
42844:002;
42845:002;
42846:002;
42847:002;
42848:002;
42849:002;
42850:002;
42851:002;
42852:002;
42853:002;
42854:002;
42855:002;
42856:002;
42857:002;
42858:002;
42859:002;
42860:002;
42861:002;
42862:002;
42863:002;
42864:002;
42865:002;
42866:002;
42867:002;
42868:002;
42869:002;
42870:002;
42871:002;
42872:002;
42873:002;
42874:002;
42875:002;
42876:002;
42877:002;
42878:002;
42879:000;
42880:001;
42881:002;
42882:001;
42883:002;
42884:001;
42885:002;
42886:001;
42887:002;
42888:001;
42889:002;
42890:001;
42891:002;
42892:001;
42893:002;
42894:001;
42895:002;
42896:001;
42897:002;
42898:001;
42899:002;
42900:001;
42901:002;
42902:001;
42903:002;
42904:001;
42905:002;
42906:001;
42907:002;
42908:001;
42909:002;
42910:001;
42911:002;
42912:001;
42913:002;
42914:001;
42915:002;
42916:001;
42917:002;
42918:001;
42919:002;
42920:001;
42921:002;
42922:001;
42923:002;
42924:001;
42925:002;
42926:001;
42927:002;
42928:001;
42929:002;
42930:001;
42931:002;
42932:001;
42933:002;
42934:001;
42935:002;
42936:001;
42937:002;
42938:001;
42939:002;
42940:001;
42941:002;
42942:001;
42943:002;
42944:001;
42945:002;
42946:001;
42947:002;
42948:001;
42949:002;
42950:001;
42951:002;
42952:001;
42953:002;
42954:001;
42955:002;
42956:001;
42957:002;
42958:001;
42959:002;
42960:001;
42961:002;
42962:001;
42963:002;
42964:001;
42965:002;
42966:001;
42967:002;
42968:001;
42969:002;
42970:001;
42971:002;
42972:001;
42973:002;
42974:001;
42975:002;
42976:001;
42977:002;
42978:001;
42979:002;
42980:001;
42981:002;
42982:001;
42983:002;
42984:001;
42985:002;
42986:001;
42987:002;
42988:001;
42989:002;
42990:001;
42991:002;
42992:001;
42993:002;
42994:001;
42995:002;
42996:001;
42997:002;
42998:001;
42999:002;
43000:001;
43001:002;
43002:001;
43003:002;
43004:001;
43005:002;
43006:001;
43007:000;
43008:002;
43009:002;
43010:002;
43011:002;
43012:002;
43013:002;
43014:002;
43015:002;
43016:002;
43017:002;
43018:002;
43019:002;
43020:002;
43021:002;
43022:002;
43023:002;
43024:002;
43025:002;
43026:002;
43027:002;
43028:002;
43029:002;
43030:002;
43031:002;
43032:002;
43033:002;
43034:002;
43035:002;
43036:002;
43037:002;
43038:002;
43039:002;
43040:002;
43041:002;
43042:002;
43043:002;
43044:002;
43045:002;
43046:002;
43047:002;
43048:002;
43049:002;
43050:002;
43051:002;
43052:002;
43053:002;
43054:002;
43055:002;
43056:002;
43057:002;
43058:002;
43059:002;
43060:002;
43061:002;
43062:002;
43063:002;
43064:002;
43065:002;
43066:002;
43067:002;
43068:002;
43069:002;
43070:002;
43071:002;
43072:002;
43073:002;
43074:002;
43075:002;
43076:002;
43077:002;
43078:002;
43079:002;
43080:002;
43081:002;
43082:002;
43083:002;
43084:002;
43085:002;
43086:002;
43087:002;
43088:002;
43089:002;
43090:002;
43091:002;
43092:002;
43093:002;
43094:002;
43095:002;
43096:002;
43097:002;
43098:002;
43099:002;
43100:002;
43101:002;
43102:002;
43103:002;
43104:002;
43105:002;
43106:002;
43107:002;
43108:002;
43109:002;
43110:002;
43111:002;
43112:002;
43113:002;
43114:002;
43115:002;
43116:002;
43117:002;
43118:002;
43119:002;
43120:002;
43121:002;
43122:002;
43123:002;
43124:002;
43125:002;
43126:002;
43127:002;
43128:002;
43129:002;
43130:002;
43131:002;
43132:002;
43133:002;
43134:002;
43135:000;
43136:002;
43137:002;
43138:001;
43139:002;
43140:002;
43141:002;
43142:001;
43143:002;
43144:002;
43145:002;
43146:001;
43147:002;
43148:002;
43149:002;
43150:001;
43151:002;
43152:002;
43153:002;
43154:001;
43155:002;
43156:002;
43157:002;
43158:001;
43159:002;
43160:002;
43161:002;
43162:001;
43163:002;
43164:002;
43165:002;
43166:001;
43167:002;
43168:002;
43169:002;
43170:001;
43171:002;
43172:002;
43173:002;
43174:001;
43175:002;
43176:002;
43177:002;
43178:001;
43179:002;
43180:002;
43181:002;
43182:001;
43183:002;
43184:002;
43185:002;
43186:001;
43187:002;
43188:002;
43189:002;
43190:001;
43191:002;
43192:002;
43193:002;
43194:001;
43195:002;
43196:002;
43197:002;
43198:001;
43199:002;
43200:002;
43201:002;
43202:001;
43203:002;
43204:002;
43205:002;
43206:001;
43207:002;
43208:002;
43209:002;
43210:001;
43211:002;
43212:002;
43213:002;
43214:001;
43215:002;
43216:002;
43217:002;
43218:001;
43219:002;
43220:002;
43221:002;
43222:001;
43223:002;
43224:002;
43225:002;
43226:001;
43227:002;
43228:002;
43229:002;
43230:001;
43231:002;
43232:002;
43233:002;
43234:001;
43235:002;
43236:002;
43237:002;
43238:001;
43239:002;
43240:002;
43241:002;
43242:001;
43243:002;
43244:002;
43245:002;
43246:001;
43247:002;
43248:002;
43249:002;
43250:001;
43251:002;
43252:002;
43253:002;
43254:001;
43255:002;
43256:002;
43257:002;
43258:001;
43259:002;
43260:002;
43261:002;
43262:001;
43263:000;
43264:002;
43265:002;
43266:002;
43267:002;
43268:002;
43269:002;
43270:002;
43271:002;
43272:002;
43273:002;
43274:002;
43275:002;
43276:002;
43277:002;
43278:002;
43279:002;
43280:002;
43281:002;
43282:002;
43283:002;
43284:002;
43285:002;
43286:002;
43287:002;
43288:002;
43289:002;
43290:002;
43291:002;
43292:002;
43293:002;
43294:002;
43295:002;
43296:002;
43297:002;
43298:002;
43299:002;
43300:002;
43301:002;
43302:002;
43303:002;
43304:002;
43305:002;
43306:002;
43307:002;
43308:002;
43309:002;
43310:002;
43311:002;
43312:002;
43313:002;
43314:002;
43315:002;
43316:002;
43317:002;
43318:002;
43319:002;
43320:002;
43321:002;
43322:002;
43323:002;
43324:002;
43325:002;
43326:002;
43327:002;
43328:002;
43329:002;
43330:002;
43331:002;
43332:002;
43333:002;
43334:002;
43335:002;
43336:002;
43337:002;
43338:002;
43339:002;
43340:002;
43341:002;
43342:002;
43343:002;
43344:002;
43345:002;
43346:002;
43347:002;
43348:002;
43349:002;
43350:002;
43351:002;
43352:002;
43353:002;
43354:002;
43355:002;
43356:002;
43357:002;
43358:002;
43359:002;
43360:002;
43361:002;
43362:002;
43363:002;
43364:002;
43365:002;
43366:002;
43367:002;
43368:002;
43369:002;
43370:002;
43371:002;
43372:002;
43373:002;
43374:002;
43375:002;
43376:002;
43377:002;
43378:002;
43379:002;
43380:002;
43381:002;
43382:002;
43383:002;
43384:002;
43385:002;
43386:002;
43387:002;
43388:002;
43389:002;
43390:002;
43391:000;
43392:001;
43393:002;
43394:002;
43395:002;
43396:001;
43397:002;
43398:001;
43399:002;
43400:001;
43401:002;
43402:002;
43403:002;
43404:001;
43405:002;
43406:001;
43407:002;
43408:001;
43409:002;
43410:002;
43411:002;
43412:001;
43413:002;
43414:001;
43415:002;
43416:001;
43417:002;
43418:002;
43419:002;
43420:001;
43421:002;
43422:001;
43423:002;
43424:001;
43425:002;
43426:002;
43427:002;
43428:001;
43429:002;
43430:001;
43431:002;
43432:001;
43433:002;
43434:002;
43435:002;
43436:001;
43437:002;
43438:001;
43439:002;
43440:001;
43441:002;
43442:002;
43443:002;
43444:001;
43445:002;
43446:001;
43447:002;
43448:001;
43449:002;
43450:002;
43451:002;
43452:001;
43453:002;
43454:001;
43455:002;
43456:001;
43457:002;
43458:002;
43459:002;
43460:001;
43461:002;
43462:001;
43463:002;
43464:001;
43465:002;
43466:002;
43467:002;
43468:001;
43469:002;
43470:001;
43471:002;
43472:001;
43473:002;
43474:002;
43475:002;
43476:001;
43477:002;
43478:001;
43479:002;
43480:001;
43481:002;
43482:002;
43483:002;
43484:001;
43485:002;
43486:001;
43487:002;
43488:001;
43489:002;
43490:002;
43491:002;
43492:001;
43493:002;
43494:001;
43495:002;
43496:001;
43497:002;
43498:002;
43499:002;
43500:001;
43501:002;
43502:001;
43503:002;
43504:001;
43505:002;
43506:002;
43507:002;
43508:001;
43509:002;
43510:001;
43511:002;
43512:001;
43513:002;
43514:002;
43515:002;
43516:001;
43517:002;
43518:001;
43519:000;
43520:002;
43521:002;
43522:002;
43523:002;
43524:002;
43525:002;
43526:002;
43527:002;
43528:002;
43529:002;
43530:002;
43531:002;
43532:002;
43533:002;
43534:002;
43535:002;
43536:002;
43537:002;
43538:002;
43539:002;
43540:002;
43541:002;
43542:002;
43543:002;
43544:002;
43545:002;
43546:002;
43547:002;
43548:002;
43549:002;
43550:002;
43551:002;
43552:002;
43553:002;
43554:002;
43555:002;
43556:002;
43557:002;
43558:002;
43559:002;
43560:002;
43561:002;
43562:002;
43563:002;
43564:002;
43565:002;
43566:002;
43567:002;
43568:002;
43569:002;
43570:002;
43571:002;
43572:002;
43573:002;
43574:002;
43575:002;
43576:002;
43577:002;
43578:002;
43579:002;
43580:002;
43581:002;
43582:002;
43583:002;
43584:002;
43585:002;
43586:002;
43587:002;
43588:002;
43589:002;
43590:002;
43591:002;
43592:002;
43593:002;
43594:002;
43595:002;
43596:002;
43597:002;
43598:002;
43599:002;
43600:002;
43601:002;
43602:002;
43603:002;
43604:002;
43605:002;
43606:002;
43607:002;
43608:002;
43609:002;
43610:002;
43611:002;
43612:002;
43613:002;
43614:002;
43615:002;
43616:002;
43617:002;
43618:002;
43619:002;
43620:002;
43621:002;
43622:002;
43623:002;
43624:002;
43625:002;
43626:002;
43627:002;
43628:002;
43629:002;
43630:002;
43631:002;
43632:002;
43633:002;
43634:002;
43635:002;
43636:002;
43637:002;
43638:002;
43639:002;
43640:002;
43641:002;
43642:002;
43643:002;
43644:002;
43645:002;
43646:002;
43647:000;
43648:002;
43649:002;
43650:001;
43651:002;
43652:002;
43653:002;
43654:001;
43655:002;
43656:002;
43657:002;
43658:001;
43659:002;
43660:002;
43661:002;
43662:001;
43663:002;
43664:002;
43665:002;
43666:001;
43667:002;
43668:002;
43669:002;
43670:001;
43671:002;
43672:002;
43673:002;
43674:001;
43675:002;
43676:002;
43677:002;
43678:001;
43679:002;
43680:002;
43681:002;
43682:001;
43683:002;
43684:002;
43685:002;
43686:001;
43687:002;
43688:002;
43689:002;
43690:001;
43691:002;
43692:002;
43693:002;
43694:001;
43695:002;
43696:002;
43697:002;
43698:001;
43699:002;
43700:002;
43701:002;
43702:001;
43703:002;
43704:002;
43705:002;
43706:001;
43707:002;
43708:002;
43709:002;
43710:001;
43711:002;
43712:002;
43713:002;
43714:001;
43715:002;
43716:002;
43717:002;
43718:001;
43719:002;
43720:002;
43721:002;
43722:001;
43723:002;
43724:002;
43725:002;
43726:001;
43727:002;
43728:002;
43729:002;
43730:001;
43731:002;
43732:002;
43733:002;
43734:001;
43735:002;
43736:002;
43737:002;
43738:001;
43739:002;
43740:002;
43741:002;
43742:001;
43743:002;
43744:002;
43745:002;
43746:001;
43747:002;
43748:002;
43749:002;
43750:001;
43751:002;
43752:002;
43753:002;
43754:001;
43755:002;
43756:002;
43757:002;
43758:001;
43759:002;
43760:002;
43761:002;
43762:001;
43763:002;
43764:002;
43765:002;
43766:001;
43767:002;
43768:002;
43769:002;
43770:001;
43771:002;
43772:002;
43773:002;
43774:001;
43775:000;
43776:002;
43777:002;
43778:002;
43779:002;
43780:002;
43781:002;
43782:002;
43783:002;
43784:002;
43785:002;
43786:002;
43787:002;
43788:002;
43789:002;
43790:002;
43791:002;
43792:002;
43793:002;
43794:002;
43795:002;
43796:002;
43797:002;
43798:002;
43799:002;
43800:002;
43801:002;
43802:002;
43803:002;
43804:002;
43805:002;
43806:002;
43807:002;
43808:002;
43809:002;
43810:002;
43811:002;
43812:002;
43813:002;
43814:002;
43815:002;
43816:002;
43817:002;
43818:002;
43819:002;
43820:002;
43821:002;
43822:002;
43823:002;
43824:002;
43825:002;
43826:002;
43827:002;
43828:002;
43829:002;
43830:002;
43831:002;
43832:002;
43833:002;
43834:002;
43835:002;
43836:002;
43837:002;
43838:002;
43839:002;
43840:002;
43841:002;
43842:002;
43843:002;
43844:002;
43845:002;
43846:002;
43847:002;
43848:002;
43849:002;
43850:002;
43851:002;
43852:002;
43853:002;
43854:002;
43855:002;
43856:002;
43857:002;
43858:002;
43859:002;
43860:002;
43861:002;
43862:002;
43863:002;
43864:002;
43865:002;
43866:002;
43867:002;
43868:002;
43869:002;
43870:002;
43871:002;
43872:002;
43873:002;
43874:002;
43875:002;
43876:002;
43877:002;
43878:002;
43879:002;
43880:002;
43881:002;
43882:002;
43883:002;
43884:002;
43885:002;
43886:002;
43887:002;
43888:002;
43889:002;
43890:002;
43891:002;
43892:002;
43893:002;
43894:002;
43895:002;
43896:002;
43897:002;
43898:002;
43899:002;
43900:002;
43901:002;
43902:002;
43903:000;
43904:001;
43905:002;
43906:001;
43907:002;
43908:001;
43909:002;
43910:002;
43911:002;
43912:001;
43913:002;
43914:001;
43915:002;
43916:001;
43917:002;
43918:002;
43919:002;
43920:001;
43921:002;
43922:001;
43923:002;
43924:001;
43925:002;
43926:002;
43927:002;
43928:001;
43929:002;
43930:001;
43931:002;
43932:001;
43933:002;
43934:002;
43935:002;
43936:001;
43937:002;
43938:001;
43939:002;
43940:001;
43941:002;
43942:002;
43943:002;
43944:001;
43945:002;
43946:001;
43947:002;
43948:001;
43949:002;
43950:002;
43951:002;
43952:001;
43953:002;
43954:001;
43955:002;
43956:001;
43957:002;
43958:002;
43959:002;
43960:001;
43961:002;
43962:001;
43963:002;
43964:001;
43965:002;
43966:002;
43967:002;
43968:001;
43969:002;
43970:001;
43971:002;
43972:001;
43973:002;
43974:002;
43975:002;
43976:001;
43977:002;
43978:001;
43979:002;
43980:001;
43981:002;
43982:002;
43983:002;
43984:001;
43985:002;
43986:001;
43987:002;
43988:001;
43989:002;
43990:002;
43991:002;
43992:001;
43993:002;
43994:001;
43995:002;
43996:001;
43997:002;
43998:002;
43999:002;
44000:001;
44001:002;
44002:001;
44003:002;
44004:001;
44005:002;
44006:002;
44007:002;
44008:001;
44009:002;
44010:001;
44011:002;
44012:001;
44013:002;
44014:002;
44015:002;
44016:001;
44017:002;
44018:001;
44019:002;
44020:001;
44021:002;
44022:002;
44023:002;
44024:001;
44025:002;
44026:001;
44027:002;
44028:001;
44029:002;
44030:002;
44031:000;
44032:002;
44033:002;
44034:002;
44035:002;
44036:002;
44037:002;
44038:002;
44039:002;
44040:002;
44041:002;
44042:002;
44043:002;
44044:002;
44045:002;
44046:002;
44047:002;
44048:002;
44049:002;
44050:002;
44051:002;
44052:002;
44053:002;
44054:002;
44055:002;
44056:002;
44057:002;
44058:002;
44059:002;
44060:002;
44061:002;
44062:002;
44063:002;
44064:002;
44065:002;
44066:002;
44067:002;
44068:002;
44069:002;
44070:002;
44071:002;
44072:002;
44073:002;
44074:002;
44075:002;
44076:002;
44077:002;
44078:002;
44079:002;
44080:002;
44081:002;
44082:002;
44083:002;
44084:002;
44085:002;
44086:002;
44087:002;
44088:002;
44089:002;
44090:002;
44091:002;
44092:002;
44093:002;
44094:002;
44095:002;
44096:002;
44097:002;
44098:002;
44099:002;
44100:002;
44101:002;
44102:002;
44103:002;
44104:002;
44105:002;
44106:002;
44107:002;
44108:002;
44109:002;
44110:002;
44111:002;
44112:002;
44113:002;
44114:002;
44115:002;
44116:002;
44117:002;
44118:002;
44119:002;
44120:002;
44121:002;
44122:002;
44123:002;
44124:002;
44125:002;
44126:002;
44127:002;
44128:002;
44129:002;
44130:002;
44131:002;
44132:002;
44133:002;
44134:002;
44135:002;
44136:002;
44137:002;
44138:002;
44139:002;
44140:002;
44141:002;
44142:002;
44143:002;
44144:002;
44145:002;
44146:002;
44147:002;
44148:002;
44149:002;
44150:002;
44151:002;
44152:002;
44153:002;
44154:002;
44155:002;
44156:002;
44157:002;
44158:002;
44159:000;
44160:002;
44161:002;
44162:001;
44163:002;
44164:002;
44165:002;
44166:001;
44167:002;
44168:002;
44169:002;
44170:001;
44171:002;
44172:002;
44173:002;
44174:001;
44175:002;
44176:002;
44177:002;
44178:001;
44179:002;
44180:002;
44181:002;
44182:001;
44183:002;
44184:002;
44185:002;
44186:001;
44187:002;
44188:002;
44189:002;
44190:001;
44191:002;
44192:002;
44193:002;
44194:001;
44195:002;
44196:002;
44197:002;
44198:001;
44199:002;
44200:002;
44201:002;
44202:001;
44203:002;
44204:002;
44205:002;
44206:001;
44207:002;
44208:002;
44209:002;
44210:001;
44211:002;
44212:002;
44213:002;
44214:001;
44215:002;
44216:002;
44217:002;
44218:001;
44219:002;
44220:002;
44221:002;
44222:001;
44223:002;
44224:002;
44225:002;
44226:001;
44227:002;
44228:002;
44229:002;
44230:001;
44231:002;
44232:002;
44233:002;
44234:001;
44235:002;
44236:002;
44237:002;
44238:001;
44239:002;
44240:002;
44241:002;
44242:001;
44243:002;
44244:002;
44245:002;
44246:001;
44247:002;
44248:002;
44249:002;
44250:001;
44251:002;
44252:002;
44253:002;
44254:001;
44255:002;
44256:002;
44257:002;
44258:001;
44259:002;
44260:002;
44261:002;
44262:001;
44263:002;
44264:002;
44265:002;
44266:001;
44267:002;
44268:002;
44269:002;
44270:001;
44271:002;
44272:002;
44273:002;
44274:001;
44275:002;
44276:002;
44277:002;
44278:001;
44279:002;
44280:002;
44281:002;
44282:001;
44283:002;
44284:002;
44285:002;
44286:001;
44287:000;
44288:002;
44289:002;
44290:002;
44291:002;
44292:002;
44293:002;
44294:002;
44295:002;
44296:002;
44297:002;
44298:002;
44299:002;
44300:002;
44301:002;
44302:002;
44303:002;
44304:002;
44305:002;
44306:002;
44307:002;
44308:002;
44309:002;
44310:002;
44311:002;
44312:002;
44313:002;
44314:002;
44315:002;
44316:002;
44317:002;
44318:002;
44319:002;
44320:002;
44321:002;
44322:002;
44323:002;
44324:002;
44325:002;
44326:002;
44327:002;
44328:002;
44329:002;
44330:002;
44331:002;
44332:002;
44333:002;
44334:002;
44335:002;
44336:002;
44337:002;
44338:002;
44339:002;
44340:002;
44341:002;
44342:002;
44343:002;
44344:002;
44345:002;
44346:002;
44347:002;
44348:002;
44349:002;
44350:002;
44351:002;
44352:002;
44353:002;
44354:002;
44355:002;
44356:002;
44357:002;
44358:002;
44359:002;
44360:002;
44361:002;
44362:002;
44363:002;
44364:002;
44365:002;
44366:002;
44367:002;
44368:002;
44369:002;
44370:002;
44371:002;
44372:002;
44373:002;
44374:002;
44375:002;
44376:002;
44377:002;
44378:002;
44379:002;
44380:002;
44381:002;
44382:002;
44383:002;
44384:002;
44385:002;
44386:002;
44387:002;
44388:002;
44389:002;
44390:002;
44391:002;
44392:002;
44393:002;
44394:002;
44395:002;
44396:002;
44397:002;
44398:002;
44399:002;
44400:002;
44401:002;
44402:002;
44403:002;
44404:002;
44405:002;
44406:002;
44407:002;
44408:002;
44409:002;
44410:002;
44411:002;
44412:002;
44413:002;
44414:002;
44415:000;
44416:001;
44417:002;
44418:002;
44419:002;
44420:001;
44421:002;
44422:002;
44423:002;
44424:001;
44425:002;
44426:002;
44427:002;
44428:001;
44429:002;
44430:002;
44431:002;
44432:001;
44433:002;
44434:002;
44435:002;
44436:001;
44437:002;
44438:002;
44439:002;
44440:001;
44441:002;
44442:002;
44443:002;
44444:001;
44445:002;
44446:002;
44447:002;
44448:001;
44449:002;
44450:002;
44451:002;
44452:001;
44453:002;
44454:002;
44455:002;
44456:001;
44457:002;
44458:002;
44459:002;
44460:001;
44461:002;
44462:002;
44463:002;
44464:001;
44465:002;
44466:002;
44467:002;
44468:001;
44469:002;
44470:002;
44471:002;
44472:001;
44473:002;
44474:002;
44475:002;
44476:001;
44477:002;
44478:002;
44479:002;
44480:001;
44481:002;
44482:002;
44483:002;
44484:001;
44485:002;
44486:002;
44487:002;
44488:001;
44489:002;
44490:002;
44491:002;
44492:001;
44493:002;
44494:002;
44495:002;
44496:001;
44497:002;
44498:002;
44499:002;
44500:001;
44501:002;
44502:002;
44503:002;
44504:001;
44505:002;
44506:002;
44507:002;
44508:001;
44509:002;
44510:002;
44511:002;
44512:001;
44513:002;
44514:002;
44515:002;
44516:001;
44517:002;
44518:002;
44519:002;
44520:001;
44521:002;
44522:002;
44523:002;
44524:001;
44525:002;
44526:002;
44527:002;
44528:001;
44529:002;
44530:002;
44531:002;
44532:001;
44533:002;
44534:002;
44535:002;
44536:001;
44537:002;
44538:002;
44539:002;
44540:001;
44541:002;
44542:002;
44543:000;
44544:002;
44545:002;
44546:002;
44547:002;
44548:002;
44549:002;
44550:002;
44551:002;
44552:002;
44553:002;
44554:002;
44555:002;
44556:002;
44557:002;
44558:002;
44559:002;
44560:002;
44561:002;
44562:002;
44563:002;
44564:002;
44565:002;
44566:002;
44567:002;
44568:002;
44569:002;
44570:002;
44571:002;
44572:002;
44573:002;
44574:002;
44575:002;
44576:002;
44577:002;
44578:002;
44579:002;
44580:002;
44581:002;
44582:002;
44583:002;
44584:002;
44585:002;
44586:002;
44587:002;
44588:002;
44589:002;
44590:002;
44591:002;
44592:002;
44593:002;
44594:002;
44595:002;
44596:002;
44597:002;
44598:002;
44599:002;
44600:002;
44601:002;
44602:002;
44603:002;
44604:002;
44605:002;
44606:002;
44607:002;
44608:002;
44609:002;
44610:002;
44611:002;
44612:002;
44613:002;
44614:002;
44615:002;
44616:002;
44617:002;
44618:002;
44619:002;
44620:002;
44621:002;
44622:002;
44623:002;
44624:002;
44625:002;
44626:002;
44627:002;
44628:002;
44629:002;
44630:002;
44631:002;
44632:002;
44633:002;
44634:002;
44635:002;
44636:002;
44637:002;
44638:002;
44639:002;
44640:002;
44641:002;
44642:002;
44643:002;
44644:002;
44645:002;
44646:002;
44647:002;
44648:002;
44649:002;
44650:002;
44651:002;
44652:002;
44653:002;
44654:002;
44655:002;
44656:002;
44657:002;
44658:002;
44659:002;
44660:002;
44661:002;
44662:002;
44663:002;
44664:002;
44665:002;
44666:002;
44667:002;
44668:002;
44669:002;
44670:002;
44671:000;
44672:002;
44673:002;
44674:001;
44675:002;
44676:002;
44677:002;
44678:001;
44679:002;
44680:002;
44681:002;
44682:001;
44683:002;
44684:002;
44685:002;
44686:001;
44687:002;
44688:002;
44689:002;
44690:001;
44691:002;
44692:002;
44693:002;
44694:001;
44695:002;
44696:002;
44697:002;
44698:001;
44699:002;
44700:002;
44701:002;
44702:001;
44703:002;
44704:002;
44705:002;
44706:001;
44707:002;
44708:002;
44709:002;
44710:001;
44711:002;
44712:002;
44713:002;
44714:001;
44715:002;
44716:002;
44717:002;
44718:001;
44719:002;
44720:002;
44721:002;
44722:001;
44723:002;
44724:002;
44725:002;
44726:001;
44727:002;
44728:002;
44729:002;
44730:001;
44731:002;
44732:002;
44733:002;
44734:001;
44735:002;
44736:002;
44737:002;
44738:001;
44739:002;
44740:002;
44741:002;
44742:001;
44743:002;
44744:002;
44745:002;
44746:001;
44747:002;
44748:002;
44749:002;
44750:001;
44751:002;
44752:002;
44753:002;
44754:001;
44755:002;
44756:002;
44757:002;
44758:001;
44759:002;
44760:002;
44761:002;
44762:001;
44763:002;
44764:002;
44765:002;
44766:001;
44767:002;
44768:002;
44769:002;
44770:001;
44771:002;
44772:002;
44773:002;
44774:001;
44775:002;
44776:002;
44777:002;
44778:001;
44779:002;
44780:002;
44781:002;
44782:001;
44783:002;
44784:002;
44785:002;
44786:001;
44787:002;
44788:002;
44789:002;
44790:001;
44791:002;
44792:002;
44793:002;
44794:001;
44795:002;
44796:002;
44797:002;
44798:001;
44799:000;
44800:002;
44801:002;
44802:002;
44803:002;
44804:002;
44805:002;
44806:002;
44807:002;
44808:002;
44809:002;
44810:002;
44811:002;
44812:002;
44813:002;
44814:002;
44815:002;
44816:002;
44817:002;
44818:002;
44819:002;
44820:002;
44821:002;
44822:002;
44823:002;
44824:002;
44825:002;
44826:002;
44827:002;
44828:002;
44829:002;
44830:002;
44831:002;
44832:002;
44833:002;
44834:002;
44835:002;
44836:002;
44837:002;
44838:002;
44839:002;
44840:002;
44841:002;
44842:002;
44843:002;
44844:002;
44845:002;
44846:002;
44847:002;
44848:002;
44849:002;
44850:002;
44851:002;
44852:002;
44853:002;
44854:002;
44855:002;
44856:002;
44857:002;
44858:002;
44859:002;
44860:002;
44861:002;
44862:002;
44863:002;
44864:002;
44865:002;
44866:002;
44867:002;
44868:002;
44869:002;
44870:002;
44871:002;
44872:002;
44873:002;
44874:002;
44875:002;
44876:002;
44877:002;
44878:002;
44879:002;
44880:002;
44881:002;
44882:002;
44883:002;
44884:002;
44885:002;
44886:002;
44887:002;
44888:002;
44889:002;
44890:002;
44891:002;
44892:002;
44893:002;
44894:002;
44895:002;
44896:002;
44897:002;
44898:002;
44899:002;
44900:002;
44901:002;
44902:002;
44903:002;
44904:002;
44905:002;
44906:002;
44907:002;
44908:002;
44909:002;
44910:002;
44911:002;
44912:002;
44913:002;
44914:002;
44915:002;
44916:002;
44917:002;
44918:002;
44919:002;
44920:002;
44921:002;
44922:002;
44923:002;
44924:002;
44925:002;
44926:002;
44927:000;
44928:001;
44929:002;
44930:002;
44931:002;
44932:001;
44933:002;
44934:002;
44935:002;
44936:001;
44937:002;
44938:002;
44939:002;
44940:001;
44941:002;
44942:002;
44943:002;
44944:001;
44945:002;
44946:002;
44947:002;
44948:001;
44949:002;
44950:002;
44951:002;
44952:001;
44953:002;
44954:002;
44955:002;
44956:001;
44957:002;
44958:002;
44959:002;
44960:001;
44961:002;
44962:002;
44963:002;
44964:001;
44965:002;
44966:002;
44967:002;
44968:001;
44969:002;
44970:002;
44971:002;
44972:001;
44973:002;
44974:002;
44975:002;
44976:001;
44977:002;
44978:002;
44979:002;
44980:001;
44981:002;
44982:002;
44983:002;
44984:001;
44985:002;
44986:002;
44987:002;
44988:001;
44989:002;
44990:002;
44991:002;
44992:001;
44993:002;
44994:002;
44995:002;
44996:001;
44997:002;
44998:002;
44999:002;
45000:001;
45001:002;
45002:002;
45003:002;
45004:001;
45005:002;
45006:002;
45007:002;
45008:001;
45009:002;
45010:002;
45011:002;
45012:001;
45013:002;
45014:002;
45015:002;
45016:001;
45017:002;
45018:002;
45019:002;
45020:001;
45021:002;
45022:002;
45023:002;
45024:001;
45025:002;
45026:002;
45027:002;
45028:001;
45029:002;
45030:002;
45031:002;
45032:001;
45033:002;
45034:002;
45035:002;
45036:001;
45037:002;
45038:002;
45039:002;
45040:001;
45041:002;
45042:002;
45043:002;
45044:001;
45045:002;
45046:002;
45047:002;
45048:001;
45049:002;
45050:002;
45051:002;
45052:001;
45053:002;
45054:002;
45055:000;
45056:002;
45057:002;
45058:002;
45059:002;
45060:002;
45061:002;
45062:002;
45063:002;
45064:002;
45065:002;
45066:002;
45067:002;
45068:002;
45069:002;
45070:002;
45071:002;
45072:002;
45073:002;
45074:002;
45075:002;
45076:002;
45077:002;
45078:002;
45079:002;
45080:002;
45081:002;
45082:002;
45083:002;
45084:002;
45085:002;
45086:002;
45087:002;
45088:002;
45089:002;
45090:002;
45091:002;
45092:002;
45093:002;
45094:002;
45095:002;
45096:002;
45097:002;
45098:002;
45099:002;
45100:002;
45101:002;
45102:002;
45103:002;
45104:002;
45105:002;
45106:002;
45107:002;
45108:002;
45109:002;
45110:002;
45111:002;
45112:002;
45113:002;
45114:002;
45115:002;
45116:002;
45117:002;
45118:002;
45119:002;
45120:002;
45121:002;
45122:002;
45123:002;
45124:002;
45125:002;
45126:002;
45127:002;
45128:002;
45129:002;
45130:002;
45131:002;
45132:002;
45133:002;
45134:002;
45135:002;
45136:002;
45137:002;
45138:002;
45139:002;
45140:002;
45141:002;
45142:002;
45143:002;
45144:002;
45145:002;
45146:002;
45147:002;
45148:002;
45149:002;
45150:002;
45151:002;
45152:002;
45153:002;
45154:002;
45155:002;
45156:002;
45157:002;
45158:002;
45159:002;
45160:002;
45161:002;
45162:002;
45163:002;
45164:002;
45165:002;
45166:002;
45167:002;
45168:002;
45169:002;
45170:002;
45171:002;
45172:002;
45173:002;
45174:002;
45175:002;
45176:002;
45177:002;
45178:002;
45179:002;
45180:002;
45181:002;
45182:002;
45183:000;
45184:002;
45185:002;
45186:001;
45187:002;
45188:002;
45189:002;
45190:001;
45191:002;
45192:002;
45193:002;
45194:001;
45195:002;
45196:002;
45197:002;
45198:001;
45199:002;
45200:002;
45201:002;
45202:001;
45203:002;
45204:002;
45205:002;
45206:001;
45207:002;
45208:002;
45209:002;
45210:001;
45211:002;
45212:002;
45213:002;
45214:001;
45215:002;
45216:002;
45217:002;
45218:001;
45219:002;
45220:002;
45221:002;
45222:001;
45223:002;
45224:002;
45225:002;
45226:001;
45227:002;
45228:002;
45229:002;
45230:001;
45231:002;
45232:002;
45233:002;
45234:001;
45235:002;
45236:002;
45237:002;
45238:001;
45239:002;
45240:002;
45241:002;
45242:001;
45243:002;
45244:002;
45245:002;
45246:001;
45247:002;
45248:002;
45249:002;
45250:001;
45251:002;
45252:002;
45253:002;
45254:001;
45255:002;
45256:002;
45257:002;
45258:001;
45259:002;
45260:002;
45261:002;
45262:001;
45263:002;
45264:002;
45265:002;
45266:001;
45267:002;
45268:002;
45269:002;
45270:001;
45271:002;
45272:002;
45273:002;
45274:001;
45275:002;
45276:002;
45277:002;
45278:001;
45279:002;
45280:002;
45281:002;
45282:001;
45283:002;
45284:002;
45285:002;
45286:001;
45287:002;
45288:002;
45289:002;
45290:001;
45291:002;
45292:002;
45293:002;
45294:001;
45295:002;
45296:002;
45297:002;
45298:001;
45299:002;
45300:002;
45301:002;
45302:001;
45303:002;
45304:002;
45305:002;
45306:001;
45307:002;
45308:002;
45309:002;
45310:001;
45311:000;
45312:002;
45313:002;
45314:002;
45315:002;
45316:002;
45317:002;
45318:002;
45319:002;
45320:002;
45321:002;
45322:002;
45323:002;
45324:002;
45325:002;
45326:002;
45327:002;
45328:002;
45329:002;
45330:002;
45331:002;
45332:002;
45333:002;
45334:002;
45335:002;
45336:002;
45337:002;
45338:002;
45339:002;
45340:002;
45341:002;
45342:002;
45343:002;
45344:002;
45345:002;
45346:002;
45347:002;
45348:002;
45349:002;
45350:002;
45351:002;
45352:002;
45353:002;
45354:002;
45355:002;
45356:002;
45357:002;
45358:002;
45359:002;
45360:002;
45361:002;
45362:002;
45363:002;
45364:002;
45365:002;
45366:002;
45367:002;
45368:002;
45369:002;
45370:002;
45371:002;
45372:002;
45373:002;
45374:002;
45375:002;
45376:002;
45377:002;
45378:002;
45379:002;
45380:002;
45381:002;
45382:002;
45383:002;
45384:002;
45385:002;
45386:002;
45387:002;
45388:002;
45389:002;
45390:002;
45391:002;
45392:002;
45393:002;
45394:002;
45395:002;
45396:002;
45397:002;
45398:002;
45399:002;
45400:002;
45401:002;
45402:002;
45403:002;
45404:002;
45405:002;
45406:002;
45407:002;
45408:002;
45409:002;
45410:002;
45411:002;
45412:002;
45413:002;
45414:002;
45415:002;
45416:002;
45417:002;
45418:002;
45419:002;
45420:002;
45421:002;
45422:002;
45423:002;
45424:002;
45425:002;
45426:002;
45427:002;
45428:002;
45429:002;
45430:002;
45431:002;
45432:002;
45433:002;
45434:002;
45435:002;
45436:002;
45437:002;
45438:002;
45439:000;
45440:001;
45441:002;
45442:002;
45443:002;
45444:001;
45445:002;
45446:002;
45447:002;
45448:001;
45449:002;
45450:002;
45451:002;
45452:001;
45453:002;
45454:002;
45455:002;
45456:001;
45457:002;
45458:002;
45459:002;
45460:001;
45461:002;
45462:002;
45463:002;
45464:001;
45465:002;
45466:002;
45467:002;
45468:001;
45469:002;
45470:002;
45471:002;
45472:001;
45473:002;
45474:002;
45475:002;
45476:001;
45477:002;
45478:002;
45479:002;
45480:001;
45481:002;
45482:002;
45483:002;
45484:001;
45485:002;
45486:002;
45487:002;
45488:001;
45489:002;
45490:002;
45491:002;
45492:001;
45493:002;
45494:002;
45495:002;
45496:001;
45497:002;
45498:002;
45499:002;
45500:001;
45501:002;
45502:002;
45503:002;
45504:001;
45505:002;
45506:002;
45507:002;
45508:001;
45509:002;
45510:002;
45511:002;
45512:001;
45513:002;
45514:002;
45515:002;
45516:001;
45517:002;
45518:002;
45519:002;
45520:001;
45521:002;
45522:002;
45523:002;
45524:001;
45525:002;
45526:002;
45527:002;
45528:001;
45529:002;
45530:002;
45531:002;
45532:001;
45533:002;
45534:002;
45535:002;
45536:001;
45537:002;
45538:002;
45539:002;
45540:001;
45541:002;
45542:002;
45543:002;
45544:001;
45545:002;
45546:002;
45547:002;
45548:001;
45549:002;
45550:002;
45551:002;
45552:001;
45553:002;
45554:002;
45555:002;
45556:001;
45557:002;
45558:002;
45559:002;
45560:001;
45561:002;
45562:002;
45563:002;
45564:001;
45565:002;
45566:002;
45567:000;
45568:002;
45569:002;
45570:002;
45571:002;
45572:002;
45573:002;
45574:002;
45575:002;
45576:002;
45577:002;
45578:002;
45579:002;
45580:002;
45581:002;
45582:002;
45583:002;
45584:002;
45585:002;
45586:002;
45587:002;
45588:002;
45589:002;
45590:002;
45591:002;
45592:002;
45593:002;
45594:002;
45595:002;
45596:002;
45597:002;
45598:002;
45599:002;
45600:002;
45601:002;
45602:002;
45603:002;
45604:002;
45605:002;
45606:002;
45607:002;
45608:002;
45609:002;
45610:002;
45611:002;
45612:002;
45613:002;
45614:002;
45615:002;
45616:002;
45617:002;
45618:002;
45619:002;
45620:002;
45621:002;
45622:002;
45623:002;
45624:002;
45625:002;
45626:002;
45627:002;
45628:002;
45629:002;
45630:002;
45631:002;
45632:002;
45633:002;
45634:002;
45635:002;
45636:002;
45637:002;
45638:002;
45639:002;
45640:002;
45641:002;
45642:002;
45643:002;
45644:002;
45645:002;
45646:002;
45647:002;
45648:002;
45649:002;
45650:002;
45651:002;
45652:002;
45653:002;
45654:002;
45655:002;
45656:002;
45657:002;
45658:002;
45659:002;
45660:002;
45661:002;
45662:002;
45663:002;
45664:002;
45665:002;
45666:002;
45667:002;
45668:002;
45669:002;
45670:002;
45671:002;
45672:002;
45673:002;
45674:002;
45675:002;
45676:002;
45677:002;
45678:002;
45679:002;
45680:002;
45681:002;
45682:002;
45683:002;
45684:002;
45685:002;
45686:002;
45687:002;
45688:002;
45689:002;
45690:002;
45691:002;
45692:002;
45693:002;
45694:002;
45695:000;
45696:002;
45697:002;
45698:001;
45699:002;
45700:002;
45701:002;
45702:001;
45703:002;
45704:002;
45705:002;
45706:001;
45707:002;
45708:002;
45709:002;
45710:001;
45711:002;
45712:002;
45713:002;
45714:001;
45715:002;
45716:002;
45717:002;
45718:001;
45719:002;
45720:002;
45721:002;
45722:001;
45723:002;
45724:002;
45725:002;
45726:001;
45727:002;
45728:002;
45729:002;
45730:001;
45731:002;
45732:002;
45733:002;
45734:001;
45735:002;
45736:002;
45737:002;
45738:001;
45739:002;
45740:002;
45741:002;
45742:001;
45743:002;
45744:002;
45745:002;
45746:001;
45747:002;
45748:002;
45749:002;
45750:001;
45751:002;
45752:002;
45753:002;
45754:001;
45755:002;
45756:002;
45757:002;
45758:001;
45759:002;
45760:002;
45761:002;
45762:001;
45763:002;
45764:002;
45765:002;
45766:001;
45767:002;
45768:002;
45769:002;
45770:001;
45771:002;
45772:002;
45773:002;
45774:001;
45775:002;
45776:002;
45777:002;
45778:001;
45779:002;
45780:002;
45781:002;
45782:001;
45783:002;
45784:002;
45785:002;
45786:001;
45787:002;
45788:002;
45789:002;
45790:001;
45791:002;
45792:002;
45793:002;
45794:001;
45795:002;
45796:002;
45797:002;
45798:001;
45799:002;
45800:002;
45801:002;
45802:001;
45803:002;
45804:002;
45805:002;
45806:001;
45807:002;
45808:002;
45809:002;
45810:001;
45811:002;
45812:002;
45813:002;
45814:001;
45815:002;
45816:002;
45817:002;
45818:001;
45819:002;
45820:002;
45821:002;
45822:001;
45823:000;
45824:002;
45825:002;
45826:002;
45827:002;
45828:002;
45829:002;
45830:002;
45831:002;
45832:002;
45833:002;
45834:002;
45835:002;
45836:002;
45837:002;
45838:002;
45839:002;
45840:002;
45841:002;
45842:002;
45843:002;
45844:002;
45845:002;
45846:002;
45847:002;
45848:002;
45849:002;
45850:002;
45851:002;
45852:002;
45853:002;
45854:002;
45855:002;
45856:002;
45857:002;
45858:002;
45859:002;
45860:002;
45861:002;
45862:002;
45863:002;
45864:002;
45865:002;
45866:002;
45867:002;
45868:002;
45869:002;
45870:002;
45871:002;
45872:002;
45873:002;
45874:002;
45875:002;
45876:002;
45877:002;
45878:002;
45879:002;
45880:002;
45881:002;
45882:002;
45883:002;
45884:002;
45885:002;
45886:002;
45887:002;
45888:002;
45889:002;
45890:002;
45891:002;
45892:002;
45893:002;
45894:002;
45895:002;
45896:002;
45897:002;
45898:002;
45899:002;
45900:002;
45901:002;
45902:002;
45903:002;
45904:002;
45905:002;
45906:002;
45907:002;
45908:002;
45909:002;
45910:002;
45911:002;
45912:002;
45913:002;
45914:002;
45915:002;
45916:002;
45917:002;
45918:002;
45919:002;
45920:002;
45921:002;
45922:002;
45923:002;
45924:002;
45925:002;
45926:002;
45927:002;
45928:002;
45929:002;
45930:002;
45931:002;
45932:002;
45933:002;
45934:002;
45935:002;
45936:002;
45937:002;
45938:002;
45939:002;
45940:002;
45941:002;
45942:002;
45943:002;
45944:002;
45945:002;
45946:002;
45947:002;
45948:002;
45949:002;
45950:002;
45951:000;
45952:001;
45953:002;
45954:002;
45955:002;
45956:001;
45957:002;
45958:002;
45959:002;
45960:001;
45961:002;
45962:002;
45963:002;
45964:001;
45965:002;
45966:002;
45967:002;
45968:001;
45969:002;
45970:002;
45971:002;
45972:001;
45973:002;
45974:002;
45975:002;
45976:001;
45977:002;
45978:002;
45979:002;
45980:001;
45981:002;
45982:002;
45983:002;
45984:001;
45985:002;
45986:002;
45987:002;
45988:001;
45989:002;
45990:002;
45991:002;
45992:001;
45993:002;
45994:002;
45995:002;
45996:001;
45997:002;
45998:002;
45999:002;
46000:001;
46001:002;
46002:002;
46003:002;
46004:001;
46005:002;
46006:002;
46007:002;
46008:001;
46009:002;
46010:002;
46011:002;
46012:001;
46013:002;
46014:002;
46015:002;
46016:001;
46017:002;
46018:002;
46019:002;
46020:001;
46021:002;
46022:002;
46023:002;
46024:001;
46025:002;
46026:002;
46027:002;
46028:001;
46029:002;
46030:002;
46031:002;
46032:001;
46033:002;
46034:002;
46035:002;
46036:001;
46037:002;
46038:002;
46039:002;
46040:001;
46041:002;
46042:002;
46043:002;
46044:001;
46045:002;
46046:002;
46047:002;
46048:001;
46049:002;
46050:002;
46051:002;
46052:001;
46053:002;
46054:002;
46055:002;
46056:001;
46057:002;
46058:002;
46059:002;
46060:001;
46061:002;
46062:002;
46063:002;
46064:001;
46065:002;
46066:002;
46067:002;
46068:001;
46069:002;
46070:002;
46071:002;
46072:001;
46073:002;
46074:002;
46075:002;
46076:001;
46077:002;
46078:002;
46079:000;
46080:002;
46081:002;
46082:002;
46083:002;
46084:002;
46085:002;
46086:002;
46087:002;
46088:002;
46089:002;
46090:002;
46091:002;
46092:002;
46093:002;
46094:002;
46095:002;
46096:002;
46097:002;
46098:002;
46099:002;
46100:002;
46101:002;
46102:002;
46103:002;
46104:002;
46105:002;
46106:002;
46107:002;
46108:002;
46109:002;
46110:002;
46111:002;
46112:002;
46113:002;
46114:002;
46115:002;
46116:002;
46117:002;
46118:002;
46119:002;
46120:002;
46121:002;
46122:002;
46123:002;
46124:002;
46125:002;
46126:002;
46127:002;
46128:002;
46129:002;
46130:002;
46131:002;
46132:002;
46133:002;
46134:002;
46135:002;
46136:002;
46137:002;
46138:002;
46139:002;
46140:002;
46141:002;
46142:002;
46143:002;
46144:002;
46145:002;
46146:002;
46147:002;
46148:002;
46149:002;
46150:002;
46151:002;
46152:002;
46153:002;
46154:002;
46155:002;
46156:002;
46157:002;
46158:002;
46159:002;
46160:002;
46161:002;
46162:002;
46163:002;
46164:002;
46165:002;
46166:002;
46167:002;
46168:002;
46169:002;
46170:002;
46171:002;
46172:002;
46173:002;
46174:002;
46175:002;
46176:002;
46177:002;
46178:002;
46179:002;
46180:002;
46181:002;
46182:002;
46183:002;
46184:002;
46185:002;
46186:002;
46187:002;
46188:002;
46189:002;
46190:002;
46191:002;
46192:002;
46193:002;
46194:002;
46195:002;
46196:002;
46197:002;
46198:002;
46199:002;
46200:002;
46201:002;
46202:002;
46203:002;
46204:002;
46205:002;
46206:002;
46207:000;
46208:002;
46209:002;
46210:002;
46211:002;
46212:002;
46213:002;
46214:001;
46215:002;
46216:002;
46217:002;
46218:002;
46219:002;
46220:002;
46221:002;
46222:001;
46223:002;
46224:002;
46225:002;
46226:002;
46227:002;
46228:002;
46229:002;
46230:001;
46231:002;
46232:002;
46233:002;
46234:002;
46235:002;
46236:002;
46237:002;
46238:001;
46239:002;
46240:002;
46241:002;
46242:002;
46243:002;
46244:002;
46245:002;
46246:001;
46247:002;
46248:002;
46249:002;
46250:002;
46251:002;
46252:002;
46253:002;
46254:001;
46255:002;
46256:002;
46257:002;
46258:002;
46259:002;
46260:002;
46261:002;
46262:001;
46263:002;
46264:002;
46265:002;
46266:002;
46267:002;
46268:002;
46269:002;
46270:001;
46271:002;
46272:002;
46273:002;
46274:002;
46275:002;
46276:002;
46277:002;
46278:001;
46279:002;
46280:002;
46281:002;
46282:002;
46283:002;
46284:002;
46285:002;
46286:001;
46287:002;
46288:002;
46289:002;
46290:002;
46291:002;
46292:002;
46293:002;
46294:001;
46295:002;
46296:002;
46297:002;
46298:002;
46299:002;
46300:002;
46301:002;
46302:001;
46303:002;
46304:002;
46305:002;
46306:002;
46307:002;
46308:002;
46309:002;
46310:001;
46311:002;
46312:002;
46313:002;
46314:002;
46315:002;
46316:002;
46317:002;
46318:001;
46319:002;
46320:002;
46321:002;
46322:002;
46323:002;
46324:002;
46325:002;
46326:001;
46327:002;
46328:002;
46329:002;
46330:002;
46331:002;
46332:002;
46333:002;
46334:001;
46335:000;
46336:002;
46337:002;
46338:002;
46339:002;
46340:002;
46341:002;
46342:002;
46343:002;
46344:002;
46345:002;
46346:002;
46347:002;
46348:002;
46349:002;
46350:002;
46351:002;
46352:002;
46353:002;
46354:002;
46355:002;
46356:002;
46357:002;
46358:002;
46359:002;
46360:002;
46361:002;
46362:002;
46363:002;
46364:002;
46365:002;
46366:002;
46367:002;
46368:002;
46369:002;
46370:002;
46371:002;
46372:002;
46373:002;
46374:002;
46375:002;
46376:002;
46377:002;
46378:002;
46379:002;
46380:002;
46381:002;
46382:002;
46383:002;
46384:002;
46385:002;
46386:002;
46387:002;
46388:002;
46389:002;
46390:002;
46391:002;
46392:002;
46393:002;
46394:002;
46395:002;
46396:002;
46397:002;
46398:002;
46399:002;
46400:002;
46401:002;
46402:002;
46403:002;
46404:002;
46405:002;
46406:002;
46407:002;
46408:002;
46409:002;
46410:002;
46411:002;
46412:002;
46413:002;
46414:002;
46415:002;
46416:002;
46417:002;
46418:002;
46419:002;
46420:002;
46421:002;
46422:002;
46423:002;
46424:002;
46425:002;
46426:002;
46427:002;
46428:002;
46429:002;
46430:002;
46431:002;
46432:002;
46433:002;
46434:002;
46435:002;
46436:002;
46437:002;
46438:002;
46439:002;
46440:002;
46441:002;
46442:002;
46443:002;
46444:002;
46445:002;
46446:002;
46447:002;
46448:002;
46449:002;
46450:002;
46451:002;
46452:002;
46453:002;
46454:002;
46455:002;
46456:002;
46457:002;
46458:002;
46459:002;
46460:002;
46461:002;
46462:002;
46463:000;
46464:001;
46465:002;
46466:002;
46467:002;
46468:001;
46469:002;
46470:002;
46471:002;
46472:001;
46473:002;
46474:002;
46475:002;
46476:001;
46477:002;
46478:002;
46479:002;
46480:001;
46481:002;
46482:002;
46483:002;
46484:001;
46485:002;
46486:002;
46487:002;
46488:001;
46489:002;
46490:002;
46491:002;
46492:001;
46493:002;
46494:002;
46495:002;
46496:001;
46497:002;
46498:002;
46499:002;
46500:001;
46501:002;
46502:002;
46503:002;
46504:001;
46505:002;
46506:002;
46507:002;
46508:001;
46509:002;
46510:002;
46511:002;
46512:001;
46513:002;
46514:002;
46515:002;
46516:001;
46517:002;
46518:002;
46519:002;
46520:001;
46521:002;
46522:002;
46523:002;
46524:001;
46525:002;
46526:002;
46527:002;
46528:001;
46529:002;
46530:002;
46531:002;
46532:001;
46533:002;
46534:002;
46535:002;
46536:001;
46537:002;
46538:002;
46539:002;
46540:001;
46541:002;
46542:002;
46543:002;
46544:001;
46545:002;
46546:002;
46547:002;
46548:001;
46549:002;
46550:002;
46551:002;
46552:001;
46553:002;
46554:002;
46555:002;
46556:001;
46557:002;
46558:002;
46559:002;
46560:001;
46561:002;
46562:002;
46563:002;
46564:001;
46565:002;
46566:002;
46567:002;
46568:001;
46569:002;
46570:002;
46571:002;
46572:001;
46573:002;
46574:002;
46575:002;
46576:001;
46577:002;
46578:002;
46579:002;
46580:001;
46581:002;
46582:002;
46583:002;
46584:001;
46585:002;
46586:002;
46587:002;
46588:001;
46589:002;
46590:002;
46591:000;
46592:002;
46593:002;
46594:002;
46595:002;
46596:002;
46597:002;
46598:002;
46599:002;
46600:002;
46601:002;
46602:002;
46603:002;
46604:002;
46605:002;
46606:002;
46607:002;
46608:002;
46609:002;
46610:002;
46611:002;
46612:002;
46613:002;
46614:002;
46615:002;
46616:002;
46617:002;
46618:002;
46619:002;
46620:002;
46621:002;
46622:002;
46623:002;
46624:002;
46625:002;
46626:002;
46627:002;
46628:002;
46629:002;
46630:002;
46631:002;
46632:002;
46633:002;
46634:002;
46635:002;
46636:002;
46637:002;
46638:002;
46639:002;
46640:002;
46641:002;
46642:002;
46643:002;
46644:002;
46645:002;
46646:002;
46647:002;
46648:002;
46649:002;
46650:002;
46651:002;
46652:002;
46653:002;
46654:002;
46655:002;
46656:002;
46657:002;
46658:002;
46659:002;
46660:002;
46661:002;
46662:002;
46663:002;
46664:002;
46665:002;
46666:002;
46667:002;
46668:002;
46669:002;
46670:002;
46671:002;
46672:002;
46673:002;
46674:002;
46675:002;
46676:002;
46677:002;
46678:002;
46679:002;
46680:002;
46681:002;
46682:002;
46683:002;
46684:002;
46685:002;
46686:002;
46687:002;
46688:002;
46689:002;
46690:002;
46691:002;
46692:002;
46693:002;
46694:002;
46695:002;
46696:002;
46697:002;
46698:002;
46699:002;
46700:002;
46701:002;
46702:002;
46703:002;
46704:002;
46705:002;
46706:002;
46707:002;
46708:002;
46709:002;
46710:002;
46711:002;
46712:002;
46713:002;
46714:002;
46715:002;
46716:002;
46717:002;
46718:002;
46719:000;
46720:002;
46721:002;
46722:001;
46723:002;
46724:002;
46725:002;
46726:002;
46727:002;
46728:002;
46729:002;
46730:001;
46731:002;
46732:002;
46733:002;
46734:002;
46735:002;
46736:002;
46737:002;
46738:001;
46739:002;
46740:002;
46741:002;
46742:002;
46743:002;
46744:002;
46745:002;
46746:001;
46747:002;
46748:002;
46749:002;
46750:002;
46751:002;
46752:002;
46753:002;
46754:001;
46755:002;
46756:002;
46757:002;
46758:002;
46759:002;
46760:002;
46761:002;
46762:001;
46763:002;
46764:002;
46765:002;
46766:002;
46767:002;
46768:002;
46769:002;
46770:001;
46771:002;
46772:002;
46773:002;
46774:002;
46775:002;
46776:002;
46777:002;
46778:001;
46779:002;
46780:002;
46781:002;
46782:002;
46783:002;
46784:002;
46785:002;
46786:001;
46787:002;
46788:002;
46789:002;
46790:002;
46791:002;
46792:002;
46793:002;
46794:001;
46795:002;
46796:002;
46797:002;
46798:002;
46799:002;
46800:002;
46801:002;
46802:001;
46803:002;
46804:002;
46805:002;
46806:002;
46807:002;
46808:002;
46809:002;
46810:001;
46811:002;
46812:002;
46813:002;
46814:002;
46815:002;
46816:002;
46817:002;
46818:001;
46819:002;
46820:002;
46821:002;
46822:002;
46823:002;
46824:002;
46825:002;
46826:001;
46827:002;
46828:002;
46829:002;
46830:002;
46831:002;
46832:002;
46833:002;
46834:001;
46835:002;
46836:002;
46837:002;
46838:002;
46839:002;
46840:002;
46841:002;
46842:001;
46843:002;
46844:002;
46845:002;
46846:002;
46847:000;
46848:002;
46849:002;
46850:002;
46851:002;
46852:002;
46853:002;
46854:002;
46855:002;
46856:002;
46857:002;
46858:002;
46859:002;
46860:002;
46861:002;
46862:002;
46863:002;
46864:002;
46865:002;
46866:002;
46867:002;
46868:002;
46869:002;
46870:002;
46871:002;
46872:002;
46873:002;
46874:002;
46875:002;
46876:002;
46877:002;
46878:002;
46879:002;
46880:002;
46881:002;
46882:002;
46883:002;
46884:002;
46885:002;
46886:002;
46887:002;
46888:002;
46889:002;
46890:002;
46891:002;
46892:002;
46893:002;
46894:002;
46895:002;
46896:002;
46897:002;
46898:002;
46899:002;
46900:002;
46901:002;
46902:002;
46903:002;
46904:002;
46905:002;
46906:002;
46907:002;
46908:002;
46909:002;
46910:002;
46911:002;
46912:002;
46913:002;
46914:002;
46915:002;
46916:002;
46917:002;
46918:002;
46919:002;
46920:002;
46921:002;
46922:002;
46923:002;
46924:002;
46925:002;
46926:002;
46927:002;
46928:002;
46929:002;
46930:002;
46931:002;
46932:002;
46933:002;
46934:002;
46935:002;
46936:002;
46937:002;
46938:002;
46939:002;
46940:002;
46941:002;
46942:002;
46943:002;
46944:002;
46945:002;
46946:002;
46947:002;
46948:002;
46949:002;
46950:002;
46951:002;
46952:002;
46953:002;
46954:002;
46955:002;
46956:002;
46957:002;
46958:002;
46959:002;
46960:002;
46961:002;
46962:002;
46963:002;
46964:002;
46965:002;
46966:002;
46967:002;
46968:002;
46969:002;
46970:002;
46971:002;
46972:002;
46973:002;
46974:002;
46975:000;
46976:001;
46977:002;
46978:002;
46979:002;
46980:001;
46981:002;
46982:002;
46983:002;
46984:001;
46985:002;
46986:002;
46987:002;
46988:001;
46989:002;
46990:002;
46991:002;
46992:001;
46993:002;
46994:002;
46995:002;
46996:001;
46997:002;
46998:002;
46999:002;
47000:001;
47001:002;
47002:002;
47003:002;
47004:001;
47005:002;
47006:002;
47007:002;
47008:001;
47009:002;
47010:002;
47011:002;
47012:001;
47013:002;
47014:002;
47015:002;
47016:001;
47017:002;
47018:002;
47019:002;
47020:001;
47021:002;
47022:002;
47023:002;
47024:001;
47025:002;
47026:002;
47027:002;
47028:001;
47029:002;
47030:002;
47031:002;
47032:001;
47033:002;
47034:002;
47035:002;
47036:001;
47037:002;
47038:002;
47039:002;
47040:001;
47041:002;
47042:002;
47043:002;
47044:001;
47045:002;
47046:002;
47047:002;
47048:001;
47049:002;
47050:002;
47051:002;
47052:001;
47053:002;
47054:002;
47055:002;
47056:001;
47057:002;
47058:002;
47059:002;
47060:001;
47061:002;
47062:002;
47063:002;
47064:001;
47065:002;
47066:002;
47067:002;
47068:001;
47069:002;
47070:002;
47071:002;
47072:001;
47073:002;
47074:002;
47075:002;
47076:001;
47077:002;
47078:002;
47079:002;
47080:001;
47081:002;
47082:002;
47083:002;
47084:001;
47085:002;
47086:002;
47087:002;
47088:001;
47089:002;
47090:002;
47091:002;
47092:001;
47093:002;
47094:002;
47095:002;
47096:001;
47097:002;
47098:002;
47099:002;
47100:001;
47101:002;
47102:002;
47103:000;
47104:002;
47105:002;
47106:002;
47107:002;
47108:002;
47109:002;
47110:002;
47111:002;
47112:002;
47113:002;
47114:002;
47115:002;
47116:002;
47117:002;
47118:002;
47119:002;
47120:002;
47121:002;
47122:002;
47123:002;
47124:002;
47125:002;
47126:002;
47127:002;
47128:002;
47129:002;
47130:002;
47131:002;
47132:002;
47133:002;
47134:002;
47135:002;
47136:002;
47137:002;
47138:002;
47139:002;
47140:002;
47141:002;
47142:002;
47143:002;
47144:002;
47145:002;
47146:002;
47147:002;
47148:002;
47149:002;
47150:002;
47151:002;
47152:002;
47153:002;
47154:002;
47155:002;
47156:002;
47157:002;
47158:002;
47159:002;
47160:002;
47161:002;
47162:002;
47163:002;
47164:002;
47165:002;
47166:002;
47167:002;
47168:002;
47169:002;
47170:002;
47171:002;
47172:002;
47173:002;
47174:002;
47175:002;
47176:002;
47177:002;
47178:002;
47179:002;
47180:002;
47181:002;
47182:002;
47183:002;
47184:002;
47185:002;
47186:002;
47187:002;
47188:002;
47189:002;
47190:002;
47191:002;
47192:002;
47193:002;
47194:002;
47195:002;
47196:002;
47197:002;
47198:002;
47199:002;
47200:002;
47201:002;
47202:002;
47203:002;
47204:002;
47205:002;
47206:002;
47207:002;
47208:002;
47209:002;
47210:002;
47211:002;
47212:002;
47213:002;
47214:002;
47215:002;
47216:002;
47217:002;
47218:002;
47219:002;
47220:002;
47221:002;
47222:002;
47223:002;
47224:002;
47225:002;
47226:002;
47227:002;
47228:002;
47229:002;
47230:002;
47231:000;
47232:002;
47233:002;
47234:002;
47235:002;
47236:002;
47237:002;
47238:002;
47239:002;
47240:002;
47241:002;
47242:002;
47243:002;
47244:002;
47245:002;
47246:002;
47247:002;
47248:002;
47249:002;
47250:002;
47251:002;
47252:002;
47253:002;
47254:002;
47255:002;
47256:002;
47257:002;
47258:002;
47259:002;
47260:002;
47261:002;
47262:002;
47263:002;
47264:002;
47265:002;
47266:002;
47267:002;
47268:002;
47269:002;
47270:002;
47271:002;
47272:002;
47273:002;
47274:002;
47275:002;
47276:002;
47277:002;
47278:002;
47279:002;
47280:002;
47281:002;
47282:002;
47283:002;
47284:002;
47285:002;
47286:002;
47287:002;
47288:002;
47289:002;
47290:002;
47291:002;
47292:002;
47293:002;
47294:002;
47295:002;
47296:002;
47297:002;
47298:002;
47299:002;
47300:002;
47301:002;
47302:002;
47303:002;
47304:002;
47305:002;
47306:002;
47307:002;
47308:002;
47309:002;
47310:002;
47311:002;
47312:002;
47313:002;
47314:002;
47315:002;
47316:002;
47317:002;
47318:002;
47319:002;
47320:002;
47321:002;
47322:002;
47323:002;
47324:002;
47325:002;
47326:002;
47327:002;
47328:002;
47329:002;
47330:002;
47331:002;
47332:002;
47333:002;
47334:002;
47335:002;
47336:002;
47337:002;
47338:002;
47339:002;
47340:002;
47341:002;
47342:002;
47343:002;
47344:002;
47345:002;
47346:002;
47347:002;
47348:002;
47349:002;
47350:002;
47351:002;
47352:002;
47353:002;
47354:002;
47355:002;
47356:002;
47357:002;
47358:002;
47359:000;
47360:002;
47361:002;
47362:002;
47363:002;
47364:002;
47365:002;
47366:002;
47367:002;
47368:002;
47369:002;
47370:002;
47371:002;
47372:002;
47373:002;
47374:002;
47375:002;
47376:002;
47377:002;
47378:002;
47379:002;
47380:002;
47381:002;
47382:002;
47383:002;
47384:002;
47385:002;
47386:002;
47387:002;
47388:002;
47389:002;
47390:002;
47391:002;
47392:002;
47393:002;
47394:002;
47395:002;
47396:002;
47397:002;
47398:002;
47399:002;
47400:002;
47401:002;
47402:002;
47403:002;
47404:002;
47405:002;
47406:002;
47407:002;
47408:002;
47409:002;
47410:002;
47411:002;
47412:002;
47413:002;
47414:002;
47415:002;
47416:002;
47417:002;
47418:002;
47419:002;
47420:002;
47421:002;
47422:002;
47423:002;
47424:002;
47425:002;
47426:002;
47427:002;
47428:002;
47429:002;
47430:002;
47431:002;
47432:002;
47433:002;
47434:002;
47435:002;
47436:002;
47437:002;
47438:002;
47439:002;
47440:002;
47441:002;
47442:002;
47443:002;
47444:002;
47445:002;
47446:002;
47447:002;
47448:002;
47449:002;
47450:002;
47451:002;
47452:002;
47453:002;
47454:002;
47455:002;
47456:002;
47457:002;
47458:002;
47459:002;
47460:002;
47461:002;
47462:002;
47463:002;
47464:002;
47465:002;
47466:002;
47467:002;
47468:002;
47469:002;
47470:002;
47471:002;
47472:002;
47473:002;
47474:002;
47475:002;
47476:002;
47477:002;
47478:002;
47479:002;
47480:002;
47481:002;
47482:002;
47483:002;
47484:002;
47485:002;
47486:002;
47487:000;
47488:001;
47489:002;
47490:002;
47491:002;
47492:001;
47493:002;
47494:002;
47495:002;
47496:001;
47497:002;
47498:002;
47499:002;
47500:001;
47501:002;
47502:002;
47503:002;
47504:001;
47505:002;
47506:002;
47507:002;
47508:001;
47509:002;
47510:002;
47511:002;
47512:001;
47513:002;
47514:002;
47515:002;
47516:001;
47517:002;
47518:002;
47519:002;
47520:001;
47521:002;
47522:002;
47523:002;
47524:001;
47525:002;
47526:002;
47527:002;
47528:001;
47529:002;
47530:002;
47531:002;
47532:001;
47533:002;
47534:002;
47535:002;
47536:001;
47537:002;
47538:002;
47539:002;
47540:001;
47541:002;
47542:002;
47543:002;
47544:001;
47545:002;
47546:002;
47547:002;
47548:001;
47549:002;
47550:002;
47551:002;
47552:001;
47553:002;
47554:002;
47555:002;
47556:001;
47557:002;
47558:002;
47559:002;
47560:001;
47561:002;
47562:002;
47563:002;
47564:001;
47565:002;
47566:002;
47567:002;
47568:001;
47569:002;
47570:002;
47571:002;
47572:001;
47573:002;
47574:002;
47575:002;
47576:001;
47577:002;
47578:002;
47579:002;
47580:001;
47581:002;
47582:002;
47583:002;
47584:001;
47585:002;
47586:002;
47587:002;
47588:001;
47589:002;
47590:002;
47591:002;
47592:001;
47593:002;
47594:002;
47595:002;
47596:001;
47597:002;
47598:002;
47599:002;
47600:001;
47601:002;
47602:002;
47603:002;
47604:001;
47605:002;
47606:002;
47607:002;
47608:001;
47609:002;
47610:002;
47611:002;
47612:001;
47613:002;
47614:002;
47615:000;
47616:002;
47617:002;
47618:002;
47619:002;
47620:002;
47621:002;
47622:002;
47623:002;
47624:002;
47625:002;
47626:002;
47627:002;
47628:002;
47629:002;
47630:002;
47631:002;
47632:002;
47633:002;
47634:002;
47635:002;
47636:002;
47637:002;
47638:002;
47639:002;
47640:002;
47641:002;
47642:002;
47643:002;
47644:002;
47645:002;
47646:002;
47647:002;
47648:002;
47649:002;
47650:002;
47651:002;
47652:002;
47653:002;
47654:002;
47655:002;
47656:002;
47657:002;
47658:002;
47659:002;
47660:002;
47661:002;
47662:002;
47663:002;
47664:002;
47665:002;
47666:002;
47667:002;
47668:002;
47669:002;
47670:002;
47671:002;
47672:002;
47673:002;
47674:002;
47675:002;
47676:002;
47677:002;
47678:002;
47679:002;
47680:002;
47681:002;
47682:002;
47683:002;
47684:002;
47685:002;
47686:002;
47687:002;
47688:002;
47689:002;
47690:002;
47691:002;
47692:002;
47693:002;
47694:002;
47695:002;
47696:002;
47697:002;
47698:002;
47699:002;
47700:002;
47701:002;
47702:002;
47703:002;
47704:002;
47705:002;
47706:002;
47707:002;
47708:002;
47709:002;
47710:002;
47711:002;
47712:002;
47713:002;
47714:002;
47715:002;
47716:002;
47717:002;
47718:002;
47719:002;
47720:002;
47721:002;
47722:002;
47723:002;
47724:002;
47725:002;
47726:002;
47727:002;
47728:002;
47729:002;
47730:002;
47731:002;
47732:002;
47733:002;
47734:002;
47735:002;
47736:002;
47737:002;
47738:002;
47739:002;
47740:002;
47741:002;
47742:002;
47743:000;
47744:002;
47745:002;
47746:002;
47747:002;
47748:002;
47749:002;
47750:002;
47751:002;
47752:002;
47753:002;
47754:002;
47755:002;
47756:002;
47757:002;
47758:002;
47759:002;
47760:002;
47761:002;
47762:002;
47763:002;
47764:002;
47765:002;
47766:002;
47767:002;
47768:002;
47769:002;
47770:002;
47771:002;
47772:002;
47773:002;
47774:002;
47775:002;
47776:002;
47777:002;
47778:002;
47779:002;
47780:002;
47781:002;
47782:002;
47783:002;
47784:002;
47785:002;
47786:002;
47787:002;
47788:002;
47789:002;
47790:002;
47791:002;
47792:002;
47793:002;
47794:002;
47795:002;
47796:002;
47797:002;
47798:002;
47799:002;
47800:002;
47801:002;
47802:002;
47803:002;
47804:002;
47805:002;
47806:002;
47807:002;
47808:002;
47809:002;
47810:002;
47811:002;
47812:002;
47813:002;
47814:002;
47815:002;
47816:002;
47817:002;
47818:002;
47819:002;
47820:002;
47821:002;
47822:002;
47823:002;
47824:002;
47825:002;
47826:002;
47827:002;
47828:002;
47829:002;
47830:002;
47831:002;
47832:002;
47833:002;
47834:002;
47835:002;
47836:002;
47837:002;
47838:002;
47839:002;
47840:002;
47841:002;
47842:002;
47843:002;
47844:002;
47845:002;
47846:002;
47847:002;
47848:002;
47849:002;
47850:002;
47851:002;
47852:002;
47853:002;
47854:002;
47855:002;
47856:002;
47857:002;
47858:002;
47859:002;
47860:002;
47861:002;
47862:002;
47863:002;
47864:002;
47865:002;
47866:002;
47867:002;
47868:002;
47869:002;
47870:002;
47871:000;
47872:002;
47873:002;
47874:002;
47875:002;
47876:002;
47877:002;
47878:002;
47879:002;
47880:002;
47881:002;
47882:002;
47883:002;
47884:002;
47885:002;
47886:002;
47887:002;
47888:002;
47889:002;
47890:002;
47891:002;
47892:002;
47893:002;
47894:002;
47895:002;
47896:002;
47897:002;
47898:002;
47899:002;
47900:002;
47901:002;
47902:002;
47903:002;
47904:002;
47905:002;
47906:002;
47907:002;
47908:002;
47909:002;
47910:002;
47911:002;
47912:002;
47913:002;
47914:002;
47915:002;
47916:002;
47917:002;
47918:002;
47919:002;
47920:002;
47921:002;
47922:002;
47923:002;
47924:002;
47925:002;
47926:002;
47927:002;
47928:002;
47929:002;
47930:002;
47931:002;
47932:002;
47933:002;
47934:002;
47935:002;
47936:002;
47937:002;
47938:002;
47939:002;
47940:002;
47941:002;
47942:002;
47943:002;
47944:002;
47945:002;
47946:002;
47947:002;
47948:002;
47949:002;
47950:002;
47951:002;
47952:002;
47953:002;
47954:002;
47955:002;
47956:002;
47957:002;
47958:002;
47959:002;
47960:002;
47961:002;
47962:002;
47963:002;
47964:002;
47965:002;
47966:002;
47967:002;
47968:002;
47969:002;
47970:002;
47971:002;
47972:002;
47973:002;
47974:002;
47975:002;
47976:002;
47977:002;
47978:002;
47979:002;
47980:002;
47981:002;
47982:002;
47983:002;
47984:002;
47985:002;
47986:002;
47987:002;
47988:002;
47989:002;
47990:002;
47991:002;
47992:002;
47993:002;
47994:002;
47995:002;
47996:002;
47997:002;
47998:002;
47999:000;
48000:001;
48001:002;
48002:002;
48003:002;
48004:001;
48005:002;
48006:002;
48007:002;
48008:001;
48009:002;
48010:002;
48011:002;
48012:001;
48013:002;
48014:002;
48015:002;
48016:001;
48017:002;
48018:002;
48019:002;
48020:001;
48021:002;
48022:002;
48023:002;
48024:001;
48025:002;
48026:002;
48027:002;
48028:001;
48029:002;
48030:002;
48031:002;
48032:001;
48033:002;
48034:002;
48035:002;
48036:001;
48037:002;
48038:002;
48039:002;
48040:001;
48041:002;
48042:002;
48043:002;
48044:001;
48045:002;
48046:002;
48047:002;
48048:001;
48049:002;
48050:002;
48051:002;
48052:001;
48053:002;
48054:002;
48055:002;
48056:001;
48057:002;
48058:002;
48059:002;
48060:001;
48061:002;
48062:002;
48063:002;
48064:001;
48065:002;
48066:002;
48067:002;
48068:001;
48069:002;
48070:002;
48071:002;
48072:001;
48073:002;
48074:002;
48075:002;
48076:001;
48077:002;
48078:002;
48079:002;
48080:001;
48081:002;
48082:002;
48083:002;
48084:001;
48085:002;
48086:002;
48087:002;
48088:001;
48089:002;
48090:002;
48091:002;
48092:001;
48093:002;
48094:002;
48095:002;
48096:001;
48097:002;
48098:002;
48099:002;
48100:001;
48101:002;
48102:002;
48103:002;
48104:001;
48105:002;
48106:002;
48107:002;
48108:001;
48109:002;
48110:002;
48111:002;
48112:001;
48113:002;
48114:002;
48115:002;
48116:001;
48117:002;
48118:002;
48119:002;
48120:001;
48121:002;
48122:002;
48123:002;
48124:001;
48125:002;
48126:002;
48127:000;
48128:002;
48129:002;
48130:002;
48131:002;
48132:002;
48133:002;
48134:002;
48135:002;
48136:002;
48137:002;
48138:002;
48139:002;
48140:002;
48141:002;
48142:002;
48143:002;
48144:002;
48145:002;
48146:002;
48147:002;
48148:002;
48149:002;
48150:002;
48151:002;
48152:002;
48153:002;
48154:002;
48155:002;
48156:002;
48157:002;
48158:002;
48159:002;
48160:002;
48161:002;
48162:002;
48163:002;
48164:002;
48165:002;
48166:002;
48167:002;
48168:002;
48169:002;
48170:002;
48171:002;
48172:002;
48173:002;
48174:002;
48175:002;
48176:002;
48177:002;
48178:002;
48179:002;
48180:002;
48181:002;
48182:002;
48183:002;
48184:002;
48185:002;
48186:002;
48187:002;
48188:002;
48189:002;
48190:002;
48191:002;
48192:002;
48193:002;
48194:002;
48195:002;
48196:002;
48197:002;
48198:002;
48199:002;
48200:002;
48201:002;
48202:002;
48203:002;
48204:002;
48205:002;
48206:002;
48207:002;
48208:002;
48209:002;
48210:002;
48211:002;
48212:002;
48213:002;
48214:002;
48215:002;
48216:002;
48217:002;
48218:002;
48219:002;
48220:002;
48221:002;
48222:002;
48223:002;
48224:002;
48225:002;
48226:002;
48227:002;
48228:002;
48229:002;
48230:002;
48231:002;
48232:002;
48233:002;
48234:002;
48235:002;
48236:002;
48237:002;
48238:002;
48239:002;
48240:002;
48241:002;
48242:002;
48243:002;
48244:002;
48245:002;
48246:002;
48247:002;
48248:002;
48249:002;
48250:002;
48251:002;
48252:002;
48253:002;
48254:002;
48255:000;
48256:002;
48257:002;
48258:002;
48259:002;
48260:002;
48261:002;
48262:002;
48263:002;
48264:002;
48265:002;
48266:002;
48267:002;
48268:002;
48269:002;
48270:002;
48271:002;
48272:002;
48273:002;
48274:002;
48275:002;
48276:002;
48277:002;
48278:002;
48279:002;
48280:002;
48281:002;
48282:002;
48283:002;
48284:002;
48285:002;
48286:002;
48287:002;
48288:002;
48289:002;
48290:002;
48291:002;
48292:002;
48293:002;
48294:002;
48295:002;
48296:002;
48297:002;
48298:002;
48299:002;
48300:002;
48301:002;
48302:002;
48303:002;
48304:002;
48305:002;
48306:002;
48307:002;
48308:002;
48309:002;
48310:002;
48311:002;
48312:002;
48313:002;
48314:002;
48315:002;
48316:002;
48317:002;
48318:002;
48319:002;
48320:002;
48321:002;
48322:002;
48323:002;
48324:002;
48325:002;
48326:002;
48327:002;
48328:002;
48329:002;
48330:002;
48331:002;
48332:002;
48333:002;
48334:002;
48335:002;
48336:002;
48337:002;
48338:002;
48339:002;
48340:002;
48341:002;
48342:002;
48343:002;
48344:002;
48345:002;
48346:002;
48347:002;
48348:002;
48349:002;
48350:002;
48351:002;
48352:002;
48353:002;
48354:002;
48355:002;
48356:002;
48357:002;
48358:002;
48359:002;
48360:002;
48361:002;
48362:002;
48363:002;
48364:002;
48365:002;
48366:002;
48367:002;
48368:002;
48369:002;
48370:002;
48371:002;
48372:002;
48373:002;
48374:002;
48375:002;
48376:002;
48377:002;
48378:002;
48379:002;
48380:002;
48381:002;
48382:002;
48383:000;
48384:002;
48385:002;
48386:002;
48387:002;
48388:002;
48389:002;
48390:002;
48391:002;
48392:002;
48393:002;
48394:002;
48395:002;
48396:002;
48397:002;
48398:002;
48399:002;
48400:002;
48401:002;
48402:002;
48403:002;
48404:002;
48405:002;
48406:002;
48407:002;
48408:002;
48409:002;
48410:002;
48411:002;
48412:002;
48413:002;
48414:002;
48415:002;
48416:002;
48417:002;
48418:002;
48419:002;
48420:002;
48421:002;
48422:002;
48423:002;
48424:002;
48425:002;
48426:002;
48427:002;
48428:002;
48429:002;
48430:002;
48431:002;
48432:002;
48433:002;
48434:002;
48435:002;
48436:002;
48437:002;
48438:002;
48439:002;
48440:002;
48441:002;
48442:002;
48443:002;
48444:002;
48445:002;
48446:002;
48447:002;
48448:002;
48449:002;
48450:002;
48451:002;
48452:002;
48453:002;
48454:002;
48455:002;
48456:002;
48457:002;
48458:002;
48459:002;
48460:002;
48461:002;
48462:002;
48463:002;
48464:002;
48465:002;
48466:002;
48467:002;
48468:002;
48469:002;
48470:002;
48471:002;
48472:002;
48473:002;
48474:002;
48475:002;
48476:002;
48477:002;
48478:002;
48479:002;
48480:002;
48481:002;
48482:002;
48483:002;
48484:002;
48485:002;
48486:002;
48487:002;
48488:002;
48489:002;
48490:002;
48491:002;
48492:002;
48493:002;
48494:002;
48495:002;
48496:002;
48497:002;
48498:002;
48499:002;
48500:002;
48501:002;
48502:002;
48503:002;
48504:002;
48505:002;
48506:002;
48507:002;
48508:002;
48509:002;
48510:002;
48511:000;
48512:002;
48513:002;
48514:002;
48515:002;
48516:001;
48517:002;
48518:002;
48519:002;
48520:002;
48521:002;
48522:002;
48523:002;
48524:001;
48525:002;
48526:002;
48527:002;
48528:002;
48529:002;
48530:002;
48531:002;
48532:001;
48533:002;
48534:002;
48535:002;
48536:002;
48537:002;
48538:002;
48539:002;
48540:001;
48541:002;
48542:002;
48543:002;
48544:002;
48545:002;
48546:002;
48547:002;
48548:001;
48549:002;
48550:002;
48551:002;
48552:002;
48553:002;
48554:002;
48555:002;
48556:001;
48557:002;
48558:002;
48559:002;
48560:002;
48561:002;
48562:002;
48563:002;
48564:001;
48565:002;
48566:002;
48567:002;
48568:002;
48569:002;
48570:002;
48571:002;
48572:001;
48573:002;
48574:002;
48575:002;
48576:002;
48577:002;
48578:002;
48579:002;
48580:001;
48581:002;
48582:002;
48583:002;
48584:002;
48585:002;
48586:002;
48587:002;
48588:001;
48589:002;
48590:002;
48591:002;
48592:002;
48593:002;
48594:002;
48595:002;
48596:001;
48597:002;
48598:002;
48599:002;
48600:002;
48601:002;
48602:002;
48603:002;
48604:001;
48605:002;
48606:002;
48607:002;
48608:002;
48609:002;
48610:002;
48611:002;
48612:001;
48613:002;
48614:002;
48615:002;
48616:002;
48617:002;
48618:002;
48619:002;
48620:001;
48621:002;
48622:002;
48623:002;
48624:002;
48625:002;
48626:002;
48627:002;
48628:001;
48629:002;
48630:002;
48631:002;
48632:002;
48633:002;
48634:002;
48635:002;
48636:001;
48637:002;
48638:002;
48639:000;
48640:002;
48641:002;
48642:002;
48643:002;
48644:002;
48645:002;
48646:002;
48647:002;
48648:002;
48649:002;
48650:002;
48651:002;
48652:002;
48653:002;
48654:002;
48655:002;
48656:002;
48657:002;
48658:002;
48659:002;
48660:002;
48661:002;
48662:002;
48663:002;
48664:002;
48665:002;
48666:002;
48667:002;
48668:002;
48669:002;
48670:002;
48671:002;
48672:002;
48673:002;
48674:002;
48675:002;
48676:002;
48677:002;
48678:002;
48679:002;
48680:002;
48681:002;
48682:002;
48683:002;
48684:002;
48685:002;
48686:002;
48687:002;
48688:002;
48689:002;
48690:002;
48691:002;
48692:002;
48693:002;
48694:002;
48695:002;
48696:002;
48697:002;
48698:002;
48699:002;
48700:002;
48701:002;
48702:002;
48703:002;
48704:002;
48705:002;
48706:002;
48707:002;
48708:002;
48709:002;
48710:002;
48711:002;
48712:002;
48713:002;
48714:002;
48715:002;
48716:002;
48717:002;
48718:002;
48719:002;
48720:002;
48721:002;
48722:002;
48723:002;
48724:002;
48725:002;
48726:002;
48727:002;
48728:002;
48729:002;
48730:002;
48731:002;
48732:002;
48733:002;
48734:002;
48735:002;
48736:002;
48737:002;
48738:002;
48739:002;
48740:002;
48741:002;
48742:002;
48743:002;
48744:002;
48745:002;
48746:002;
48747:002;
48748:002;
48749:002;
48750:002;
48751:002;
48752:002;
48753:002;
48754:002;
48755:002;
48756:002;
48757:002;
48758:002;
48759:002;
48760:002;
48761:002;
48762:002;
48763:002;
48764:002;
48765:002;
48766:002;
48767:000;
48768:002;
48769:002;
48770:002;
48771:002;
48772:002;
48773:002;
48774:002;
48775:002;
48776:002;
48777:002;
48778:002;
48779:002;
48780:002;
48781:002;
48782:002;
48783:002;
48784:002;
48785:002;
48786:002;
48787:002;
48788:002;
48789:002;
48790:002;
48791:002;
48792:002;
48793:002;
48794:002;
48795:002;
48796:002;
48797:002;
48798:002;
48799:002;
48800:002;
48801:002;
48802:002;
48803:002;
48804:002;
48805:002;
48806:002;
48807:002;
48808:002;
48809:002;
48810:002;
48811:002;
48812:002;
48813:002;
48814:002;
48815:002;
48816:002;
48817:002;
48818:002;
48819:002;
48820:002;
48821:002;
48822:002;
48823:002;
48824:002;
48825:002;
48826:002;
48827:002;
48828:002;
48829:002;
48830:002;
48831:002;
48832:002;
48833:002;
48834:002;
48835:002;
48836:002;
48837:002;
48838:002;
48839:002;
48840:002;
48841:002;
48842:002;
48843:002;
48844:002;
48845:002;
48846:002;
48847:002;
48848:002;
48849:002;
48850:002;
48851:002;
48852:002;
48853:002;
48854:002;
48855:002;
48856:002;
48857:002;
48858:002;
48859:002;
48860:002;
48861:002;
48862:002;
48863:002;
48864:002;
48865:002;
48866:002;
48867:002;
48868:002;
48869:002;
48870:002;
48871:002;
48872:002;
48873:002;
48874:002;
48875:002;
48876:002;
48877:002;
48878:002;
48879:002;
48880:002;
48881:002;
48882:002;
48883:002;
48884:002;
48885:002;
48886:002;
48887:002;
48888:002;
48889:002;
48890:002;
48891:002;
48892:002;
48893:002;
48894:002;
48895:000;
48896:002;
48897:002;
48898:002;
48899:002;
48900:002;
48901:002;
48902:002;
48903:002;
48904:002;
48905:002;
48906:002;
48907:002;
48908:002;
48909:002;
48910:002;
48911:002;
48912:002;
48913:002;
48914:002;
48915:002;
48916:002;
48917:002;
48918:002;
48919:002;
48920:002;
48921:002;
48922:002;
48923:002;
48924:002;
48925:002;
48926:002;
48927:002;
48928:002;
48929:002;
48930:002;
48931:002;
48932:002;
48933:002;
48934:002;
48935:002;
48936:002;
48937:002;
48938:002;
48939:002;
48940:002;
48941:002;
48942:002;
48943:002;
48944:002;
48945:002;
48946:002;
48947:002;
48948:002;
48949:002;
48950:002;
48951:002;
48952:002;
48953:002;
48954:002;
48955:002;
48956:002;
48957:002;
48958:002;
48959:002;
48960:002;
48961:002;
48962:002;
48963:002;
48964:002;
48965:002;
48966:002;
48967:002;
48968:002;
48969:002;
48970:002;
48971:002;
48972:002;
48973:002;
48974:002;
48975:002;
48976:002;
48977:002;
48978:002;
48979:002;
48980:002;
48981:002;
48982:002;
48983:002;
48984:002;
48985:002;
48986:002;
48987:002;
48988:002;
48989:002;
48990:002;
48991:002;
48992:002;
48993:002;
48994:002;
48995:002;
48996:002;
48997:002;
48998:002;
48999:002;
49000:002;
49001:002;
49002:002;
49003:002;
49004:002;
49005:002;
49006:002;
49007:002;
49008:002;
49009:002;
49010:002;
49011:002;
49012:002;
49013:002;
49014:002;
49015:002;
49016:002;
49017:002;
49018:002;
49019:002;
49020:002;
49021:002;
49022:002;
49023:000;
49024:001;
49025:002;
49026:002;
49027:002;
49028:002;
49029:002;
49030:002;
49031:002;
49032:001;
49033:002;
49034:002;
49035:002;
49036:002;
49037:002;
49038:002;
49039:002;
49040:001;
49041:002;
49042:002;
49043:002;
49044:002;
49045:002;
49046:002;
49047:002;
49048:001;
49049:002;
49050:002;
49051:002;
49052:002;
49053:002;
49054:002;
49055:002;
49056:001;
49057:002;
49058:002;
49059:002;
49060:002;
49061:002;
49062:002;
49063:002;
49064:001;
49065:002;
49066:002;
49067:002;
49068:002;
49069:002;
49070:002;
49071:002;
49072:001;
49073:002;
49074:002;
49075:002;
49076:002;
49077:002;
49078:002;
49079:002;
49080:001;
49081:002;
49082:002;
49083:002;
49084:002;
49085:002;
49086:002;
49087:002;
49088:001;
49089:002;
49090:002;
49091:002;
49092:002;
49093:002;
49094:002;
49095:002;
49096:001;
49097:002;
49098:002;
49099:002;
49100:002;
49101:002;
49102:002;
49103:002;
49104:001;
49105:002;
49106:002;
49107:002;
49108:002;
49109:002;
49110:002;
49111:002;
49112:001;
49113:002;
49114:002;
49115:002;
49116:002;
49117:002;
49118:002;
49119:002;
49120:001;
49121:002;
49122:002;
49123:002;
49124:002;
49125:002;
49126:002;
49127:002;
49128:001;
49129:002;
49130:002;
49131:002;
49132:002;
49133:002;
49134:002;
49135:002;
49136:001;
49137:002;
49138:002;
49139:002;
49140:002;
49141:002;
49142:002;
49143:002;
49144:001;
49145:002;
49146:002;
49147:002;
49148:002;
49149:002;
49150:002;
49151:000;
49152:002;
49153:002;
49154:002;
49155:002;
49156:002;
49157:002;
49158:002;
49159:002;
49160:002;
49161:002;
49162:002;
49163:002;
49164:002;
49165:002;
49166:002;
49167:002;
49168:002;
49169:002;
49170:002;
49171:002;
49172:002;
49173:002;
49174:002;
49175:002;
49176:002;
49177:002;
49178:002;
49179:002;
49180:002;
49181:002;
49182:002;
49183:002;
49184:002;
49185:002;
49186:002;
49187:002;
49188:002;
49189:002;
49190:002;
49191:002;
49192:002;
49193:002;
49194:002;
49195:002;
49196:002;
49197:002;
49198:002;
49199:002;
49200:002;
49201:002;
49202:002;
49203:002;
49204:002;
49205:002;
49206:002;
49207:002;
49208:002;
49209:002;
49210:002;
49211:002;
49212:002;
49213:002;
49214:002;
49215:002;
49216:002;
49217:002;
49218:002;
49219:002;
49220:002;
49221:002;
49222:002;
49223:002;
49224:002;
49225:002;
49226:002;
49227:002;
49228:002;
49229:002;
49230:002;
49231:002;
49232:002;
49233:002;
49234:002;
49235:002;
49236:002;
49237:002;
49238:002;
49239:002;
49240:002;
49241:002;
49242:002;
49243:002;
49244:002;
49245:002;
49246:002;
49247:002;
49248:002;
49249:002;
49250:002;
49251:002;
49252:002;
49253:002;
49254:002;
49255:002;
49256:002;
49257:002;
49258:002;
49259:002;
49260:002;
49261:002;
49262:002;
49263:002;
49264:002;
49265:002;
49266:002;
49267:002;
49268:002;
49269:002;
49270:002;
49271:002;
49272:002;
49273:002;
49274:002;
49275:002;
49276:002;
49277:002;
49278:002;
49279:000;
49280:002;
49281:002;
49282:002;
49283:002;
49284:002;
49285:002;
49286:002;
49287:002;
49288:002;
49289:002;
49290:002;
49291:002;
49292:002;
49293:002;
49294:002;
49295:002;
49296:002;
49297:002;
49298:002;
49299:002;
49300:002;
49301:002;
49302:002;
49303:002;
49304:002;
49305:002;
49306:002;
49307:002;
49308:002;
49309:002;
49310:002;
49311:002;
49312:002;
49313:002;
49314:002;
49315:002;
49316:002;
49317:002;
49318:002;
49319:002;
49320:002;
49321:002;
49322:002;
49323:002;
49324:002;
49325:002;
49326:002;
49327:002;
49328:002;
49329:002;
49330:002;
49331:002;
49332:002;
49333:002;
49334:002;
49335:002;
49336:002;
49337:002;
49338:002;
49339:002;
49340:002;
49341:002;
49342:002;
49343:002;
49344:002;
49345:002;
49346:002;
49347:002;
49348:002;
49349:002;
49350:002;
49351:002;
49352:002;
49353:002;
49354:002;
49355:002;
49356:002;
49357:002;
49358:002;
49359:002;
49360:002;
49361:002;
49362:002;
49363:002;
49364:002;
49365:002;
49366:002;
49367:002;
49368:002;
49369:002;
49370:002;
49371:002;
49372:002;
49373:002;
49374:002;
49375:002;
49376:002;
49377:002;
49378:002;
49379:002;
49380:002;
49381:002;
49382:002;
49383:002;
49384:002;
49385:002;
49386:002;
49387:002;
49388:002;
49389:002;
49390:002;
49391:002;
49392:002;
49393:002;
49394:002;
49395:002;
49396:002;
49397:002;
49398:002;
49399:002;
49400:002;
49401:002;
49402:002;
49403:002;
49404:002;
49405:002;
49406:002;
49407:000;
49408:002;
49409:002;
49410:002;
49411:002;
49412:002;
49413:002;
49414:002;
49415:002;
49416:002;
49417:002;
49418:002;
49419:002;
49420:002;
49421:002;
49422:002;
49423:002;
49424:002;
49425:002;
49426:002;
49427:002;
49428:002;
49429:002;
49430:002;
49431:002;
49432:002;
49433:002;
49434:002;
49435:002;
49436:002;
49437:002;
49438:002;
49439:002;
49440:002;
49441:002;
49442:002;
49443:002;
49444:002;
49445:002;
49446:002;
49447:002;
49448:002;
49449:002;
49450:002;
49451:002;
49452:002;
49453:002;
49454:002;
49455:002;
49456:002;
49457:002;
49458:002;
49459:002;
49460:002;
49461:002;
49462:002;
49463:002;
49464:002;
49465:002;
49466:002;
49467:002;
49468:002;
49469:002;
49470:002;
49471:002;
49472:002;
49473:002;
49474:002;
49475:002;
49476:002;
49477:002;
49478:002;
49479:002;
49480:002;
49481:002;
49482:002;
49483:002;
49484:002;
49485:002;
49486:002;
49487:002;
49488:002;
49489:002;
49490:002;
49491:002;
49492:002;
49493:002;
49494:002;
49495:002;
49496:002;
49497:002;
49498:002;
49499:002;
49500:002;
49501:002;
49502:002;
49503:002;
49504:002;
49505:002;
49506:002;
49507:002;
49508:002;
49509:002;
49510:002;
49511:002;
49512:002;
49513:002;
49514:002;
49515:002;
49516:002;
49517:002;
49518:002;
49519:002;
49520:002;
49521:002;
49522:002;
49523:002;
49524:002;
49525:002;
49526:002;
49527:002;
49528:002;
49529:002;
49530:002;
49531:002;
49532:002;
49533:002;
49534:002;
49535:000;
49536:002;
49537:002;
49538:002;
49539:002;
49540:002;
49541:002;
49542:002;
49543:002;
49544:002;
49545:002;
49546:002;
49547:002;
49548:002;
49549:002;
49550:002;
49551:002;
49552:002;
49553:002;
49554:002;
49555:002;
49556:002;
49557:002;
49558:002;
49559:002;
49560:002;
49561:002;
49562:002;
49563:002;
49564:002;
49565:002;
49566:002;
49567:002;
49568:002;
49569:002;
49570:002;
49571:002;
49572:002;
49573:002;
49574:002;
49575:002;
49576:002;
49577:002;
49578:002;
49579:002;
49580:002;
49581:002;
49582:002;
49583:002;
49584:002;
49585:002;
49586:002;
49587:002;
49588:002;
49589:002;
49590:002;
49591:002;
49592:002;
49593:002;
49594:002;
49595:002;
49596:002;
49597:002;
49598:002;
49599:002;
49600:002;
49601:002;
49602:002;
49603:002;
49604:002;
49605:002;
49606:002;
49607:002;
49608:002;
49609:002;
49610:002;
49611:002;
49612:002;
49613:002;
49614:002;
49615:002;
49616:002;
49617:002;
49618:002;
49619:002;
49620:002;
49621:002;
49622:002;
49623:002;
49624:002;
49625:002;
49626:002;
49627:002;
49628:002;
49629:002;
49630:002;
49631:002;
49632:002;
49633:002;
49634:002;
49635:002;
49636:002;
49637:002;
49638:002;
49639:002;
49640:002;
49641:002;
49642:002;
49643:002;
49644:002;
49645:002;
49646:002;
49647:002;
49648:002;
49649:002;
49650:002;
49651:002;
49652:002;
49653:002;
49654:002;
49655:002;
49656:002;
49657:002;
49658:002;
49659:002;
49660:002;
49661:002;
49662:002;
49663:000;
49664:002;
49665:002;
49666:002;
49667:002;
49668:002;
49669:002;
49670:002;
49671:002;
49672:002;
49673:002;
49674:002;
49675:002;
49676:002;
49677:002;
49678:002;
49679:002;
49680:002;
49681:002;
49682:002;
49683:002;
49684:002;
49685:002;
49686:002;
49687:002;
49688:002;
49689:002;
49690:002;
49691:002;
49692:002;
49693:002;
49694:002;
49695:002;
49696:002;
49697:002;
49698:002;
49699:002;
49700:002;
49701:002;
49702:002;
49703:002;
49704:002;
49705:002;
49706:002;
49707:002;
49708:002;
49709:002;
49710:002;
49711:002;
49712:002;
49713:002;
49714:002;
49715:002;
49716:002;
49717:002;
49718:002;
49719:002;
49720:002;
49721:002;
49722:002;
49723:002;
49724:002;
49725:002;
49726:002;
49727:002;
49728:002;
49729:002;
49730:002;
49731:002;
49732:002;
49733:002;
49734:002;
49735:002;
49736:002;
49737:002;
49738:002;
49739:002;
49740:002;
49741:002;
49742:002;
49743:002;
49744:002;
49745:002;
49746:002;
49747:002;
49748:002;
49749:002;
49750:002;
49751:002;
49752:002;
49753:002;
49754:002;
49755:002;
49756:002;
49757:002;
49758:002;
49759:002;
49760:002;
49761:002;
49762:002;
49763:002;
49764:002;
49765:002;
49766:002;
49767:002;
49768:002;
49769:002;
49770:002;
49771:002;
49772:002;
49773:002;
49774:002;
49775:002;
49776:002;
49777:002;
49778:002;
49779:002;
49780:002;
49781:002;
49782:002;
49783:002;
49784:002;
49785:002;
49786:002;
49787:002;
49788:002;
49789:002;
49790:002;
49791:000;
49792:002;
49793:002;
49794:002;
49795:002;
49796:002;
49797:002;
49798:002;
49799:002;
49800:002;
49801:002;
49802:002;
49803:002;
49804:002;
49805:002;
49806:002;
49807:002;
49808:002;
49809:002;
49810:002;
49811:002;
49812:002;
49813:002;
49814:002;
49815:002;
49816:002;
49817:002;
49818:002;
49819:002;
49820:002;
49821:002;
49822:002;
49823:002;
49824:002;
49825:002;
49826:002;
49827:002;
49828:002;
49829:002;
49830:002;
49831:002;
49832:002;
49833:002;
49834:002;
49835:002;
49836:002;
49837:002;
49838:002;
49839:002;
49840:002;
49841:002;
49842:002;
49843:002;
49844:002;
49845:002;
49846:002;
49847:002;
49848:002;
49849:002;
49850:002;
49851:002;
49852:002;
49853:002;
49854:002;
49855:002;
49856:002;
49857:002;
49858:002;
49859:002;
49860:002;
49861:002;
49862:002;
49863:002;
49864:002;
49865:002;
49866:002;
49867:002;
49868:002;
49869:002;
49870:002;
49871:002;
49872:002;
49873:002;
49874:002;
49875:002;
49876:002;
49877:002;
49878:002;
49879:002;
49880:002;
49881:002;
49882:002;
49883:002;
49884:002;
49885:002;
49886:002;
49887:002;
49888:002;
49889:002;
49890:002;
49891:002;
49892:002;
49893:002;
49894:002;
49895:002;
49896:002;
49897:002;
49898:002;
49899:002;
49900:002;
49901:002;
49902:002;
49903:002;
49904:002;
49905:002;
49906:002;
49907:002;
49908:002;
49909:002;
49910:002;
49911:002;
49912:002;
49913:002;
49914:002;
49915:002;
49916:002;
49917:002;
49918:002;
49919:000;
49920:002;
49921:002;
49922:002;
49923:002;
49924:002;
49925:002;
49926:002;
49927:002;
49928:002;
49929:002;
49930:002;
49931:002;
49932:002;
49933:002;
49934:002;
49935:002;
49936:002;
49937:002;
49938:002;
49939:002;
49940:002;
49941:002;
49942:002;
49943:002;
49944:002;
49945:002;
49946:002;
49947:002;
49948:002;
49949:002;
49950:002;
49951:002;
49952:002;
49953:002;
49954:002;
49955:002;
49956:002;
49957:002;
49958:002;
49959:002;
49960:002;
49961:002;
49962:002;
49963:002;
49964:002;
49965:002;
49966:002;
49967:002;
49968:002;
49969:002;
49970:002;
49971:002;
49972:002;
49973:002;
49974:002;
49975:002;
49976:002;
49977:002;
49978:002;
49979:002;
49980:002;
49981:002;
49982:002;
49983:002;
49984:002;
49985:002;
49986:002;
49987:002;
49988:002;
49989:002;
49990:002;
49991:002;
49992:002;
49993:002;
49994:002;
49995:002;
49996:002;
49997:002;
49998:002;
49999:002;
50000:002;
50001:002;
50002:002;
50003:002;
50004:002;
50005:002;
50006:002;
50007:002;
50008:002;
50009:002;
50010:002;
50011:002;
50012:002;
50013:002;
50014:002;
50015:002;
50016:002;
50017:002;
50018:002;
50019:002;
50020:002;
50021:002;
50022:002;
50023:002;
50024:002;
50025:002;
50026:002;
50027:002;
50028:002;
50029:002;
50030:002;
50031:002;
50032:002;
50033:002;
50034:002;
50035:002;
50036:002;
50037:002;
50038:002;
50039:002;
50040:002;
50041:002;
50042:002;
50043:002;
50044:002;
50045:002;
50046:002;
50047:000;
50048:002;
50049:002;
50050:002;
50051:002;
50052:002;
50053:002;
50054:002;
50055:002;
50056:002;
50057:002;
50058:002;
50059:002;
50060:002;
50061:002;
50062:002;
50063:002;
50064:002;
50065:002;
50066:002;
50067:002;
50068:002;
50069:002;
50070:002;
50071:002;
50072:002;
50073:002;
50074:002;
50075:002;
50076:002;
50077:002;
50078:002;
50079:002;
50080:002;
50081:002;
50082:002;
50083:002;
50084:002;
50085:002;
50086:002;
50087:002;
50088:002;
50089:002;
50090:002;
50091:002;
50092:002;
50093:002;
50094:002;
50095:002;
50096:002;
50097:002;
50098:002;
50099:002;
50100:002;
50101:002;
50102:002;
50103:002;
50104:002;
50105:002;
50106:002;
50107:002;
50108:002;
50109:002;
50110:002;
50111:002;
50112:002;
50113:002;
50114:002;
50115:002;
50116:002;
50117:002;
50118:002;
50119:002;
50120:002;
50121:002;
50122:002;
50123:002;
50124:002;
50125:002;
50126:002;
50127:002;
50128:002;
50129:002;
50130:002;
50131:002;
50132:002;
50133:002;
50134:002;
50135:002;
50136:002;
50137:002;
50138:002;
50139:002;
50140:002;
50141:002;
50142:002;
50143:002;
50144:002;
50145:002;
50146:002;
50147:002;
50148:002;
50149:002;
50150:002;
50151:002;
50152:002;
50153:002;
50154:002;
50155:002;
50156:002;
50157:002;
50158:002;
50159:002;
50160:002;
50161:002;
50162:002;
50163:002;
50164:002;
50165:002;
50166:002;
50167:002;
50168:002;
50169:002;
50170:002;
50171:002;
50172:002;
50173:002;
50174:002;
50175:000;
50176:002;
50177:002;
50178:002;
50179:002;
50180:002;
50181:002;
50182:002;
50183:002;
50184:002;
50185:002;
50186:002;
50187:002;
50188:002;
50189:002;
50190:002;
50191:002;
50192:002;
50193:002;
50194:002;
50195:002;
50196:002;
50197:002;
50198:002;
50199:002;
50200:002;
50201:002;
50202:002;
50203:002;
50204:002;
50205:002;
50206:002;
50207:002;
50208:002;
50209:002;
50210:002;
50211:002;
50212:002;
50213:002;
50214:002;
50215:002;
50216:002;
50217:002;
50218:002;
50219:002;
50220:002;
50221:002;
50222:002;
50223:002;
50224:002;
50225:002;
50226:002;
50227:002;
50228:002;
50229:002;
50230:002;
50231:002;
50232:002;
50233:002;
50234:002;
50235:002;
50236:002;
50237:002;
50238:002;
50239:002;
50240:002;
50241:002;
50242:002;
50243:002;
50244:002;
50245:002;
50246:002;
50247:002;
50248:002;
50249:002;
50250:002;
50251:002;
50252:002;
50253:002;
50254:002;
50255:002;
50256:002;
50257:002;
50258:002;
50259:002;
50260:002;
50261:002;
50262:002;
50263:002;
50264:002;
50265:002;
50266:002;
50267:002;
50268:002;
50269:002;
50270:002;
50271:002;
50272:002;
50273:002;
50274:002;
50275:002;
50276:002;
50277:002;
50278:002;
50279:002;
50280:002;
50281:002;
50282:002;
50283:002;
50284:002;
50285:002;
50286:002;
50287:002;
50288:002;
50289:002;
50290:002;
50291:002;
50292:002;
50293:002;
50294:002;
50295:002;
50296:002;
50297:002;
50298:002;
50299:002;
50300:002;
50301:002;
50302:002;
50303:000;
50304:002;
50305:002;
50306:002;
50307:002;
50308:002;
50309:002;
50310:002;
50311:002;
50312:002;
50313:002;
50314:002;
50315:002;
50316:002;
50317:002;
50318:002;
50319:002;
50320:002;
50321:002;
50322:002;
50323:002;
50324:002;
50325:002;
50326:002;
50327:002;
50328:002;
50329:002;
50330:002;
50331:002;
50332:002;
50333:002;
50334:002;
50335:002;
50336:002;
50337:002;
50338:002;
50339:002;
50340:002;
50341:002;
50342:002;
50343:002;
50344:002;
50345:002;
50346:002;
50347:002;
50348:002;
50349:002;
50350:002;
50351:002;
50352:002;
50353:002;
50354:002;
50355:002;
50356:002;
50357:002;
50358:002;
50359:002;
50360:002;
50361:002;
50362:002;
50363:002;
50364:002;
50365:002;
50366:002;
50367:002;
50368:002;
50369:002;
50370:002;
50371:002;
50372:002;
50373:002;
50374:002;
50375:002;
50376:002;
50377:002;
50378:002;
50379:002;
50380:002;
50381:002;
50382:002;
50383:002;
50384:002;
50385:002;
50386:002;
50387:002;
50388:002;
50389:002;
50390:002;
50391:002;
50392:002;
50393:002;
50394:002;
50395:002;
50396:002;
50397:002;
50398:002;
50399:002;
50400:002;
50401:002;
50402:002;
50403:002;
50404:002;
50405:002;
50406:002;
50407:002;
50408:002;
50409:002;
50410:002;
50411:002;
50412:002;
50413:002;
50414:002;
50415:002;
50416:002;
50417:002;
50418:002;
50419:002;
50420:002;
50421:002;
50422:002;
50423:002;
50424:002;
50425:002;
50426:002;
50427:002;
50428:002;
50429:002;
50430:002;
50431:000;
50432:002;
50433:002;
50434:002;
50435:002;
50436:002;
50437:002;
50438:002;
50439:002;
50440:002;
50441:002;
50442:002;
50443:002;
50444:002;
50445:002;
50446:002;
50447:002;
50448:002;
50449:002;
50450:002;
50451:002;
50452:002;
50453:002;
50454:002;
50455:002;
50456:002;
50457:002;
50458:002;
50459:002;
50460:002;
50461:002;
50462:002;
50463:002;
50464:002;
50465:002;
50466:002;
50467:002;
50468:002;
50469:002;
50470:002;
50471:002;
50472:002;
50473:002;
50474:002;
50475:002;
50476:002;
50477:002;
50478:002;
50479:000;
50480:000;
50481:000;
50482:000;
50483:000;
50484:000;
50485:000;
50486:000;
50487:000;
50488:000;
50489:000;
50490:000;
50491:000;
50492:000;
50493:000;
50494:000;
50495:000;
50496:000;
50497:000;
50498:000;
50499:000;
50500:000;
50501:000;
50502:000;
50503:000;
50504:000;
50505:000;
50506:000;
50507:000;
50508:000;
50509:000;
50510:000;
50511:000;
50512:000;
50513:002;
50514:002;
50515:002;
50516:002;
50517:002;
50518:002;
50519:002;
50520:002;
50521:002;
50522:002;
50523:002;
50524:002;
50525:002;
50526:002;
50527:002;
50528:002;
50529:002;
50530:002;
50531:002;
50532:002;
50533:002;
50534:002;
50535:002;
50536:002;
50537:002;
50538:002;
50539:002;
50540:002;
50541:002;
50542:002;
50543:002;
50544:002;
50545:002;
50546:002;
50547:002;
50548:002;
50549:002;
50550:002;
50551:002;
50552:002;
50553:002;
50554:002;
50555:002;
50556:002;
50557:002;
50558:002;
50559:000;
50560:002;
50561:002;
50562:002;
50563:002;
50564:002;
50565:002;
50566:002;
50567:002;
50568:002;
50569:002;
50570:002;
50571:002;
50572:002;
50573:002;
50574:002;
50575:002;
50576:002;
50577:002;
50578:002;
50579:002;
50580:002;
50581:002;
50582:002;
50583:002;
50584:002;
50585:002;
50586:002;
50587:002;
50588:002;
50589:002;
50590:002;
50591:002;
50592:002;
50593:002;
50594:002;
50595:002;
50596:002;
50597:002;
50598:002;
50599:002;
50600:002;
50601:002;
50602:002;
50603:002;
50604:002;
50605:002;
50606:000;
50607:000;
50608:000;
50609:000;
50610:000;
50611:000;
50612:000;
50613:000;
50614:000;
50615:000;
50616:000;
50617:000;
50618:000;
50619:000;
50620:000;
50621:000;
50622:000;
50623:000;
50624:000;
50625:000;
50626:000;
50627:000;
50628:000;
50629:000;
50630:000;
50631:000;
50632:000;
50633:000;
50634:000;
50635:000;
50636:000;
50637:000;
50638:000;
50639:000;
50640:000;
50641:000;
50642:002;
50643:002;
50644:002;
50645:002;
50646:002;
50647:002;
50648:002;
50649:002;
50650:002;
50651:002;
50652:002;
50653:002;
50654:002;
50655:002;
50656:002;
50657:002;
50658:002;
50659:002;
50660:002;
50661:002;
50662:002;
50663:002;
50664:002;
50665:002;
50666:002;
50667:002;
50668:002;
50669:002;
50670:002;
50671:002;
50672:002;
50673:002;
50674:002;
50675:002;
50676:002;
50677:002;
50678:002;
50679:002;
50680:002;
50681:002;
50682:002;
50683:002;
50684:002;
50685:002;
50686:002;
50687:000;
50688:002;
50689:002;
50690:002;
50691:002;
50692:002;
50693:002;
50694:002;
50695:002;
50696:002;
50697:002;
50698:002;
50699:002;
50700:002;
50701:002;
50702:002;
50703:002;
50704:002;
50705:002;
50706:002;
50707:002;
50708:002;
50709:002;
50710:002;
50711:002;
50712:002;
50713:002;
50714:002;
50715:002;
50716:002;
50717:002;
50718:002;
50719:002;
50720:002;
50721:002;
50722:002;
50723:002;
50724:002;
50725:002;
50726:002;
50727:002;
50728:002;
50729:002;
50730:002;
50731:002;
50732:002;
50733:000;
50734:000;
50735:000;
50736:001;
50737:001;
50738:001;
50739:001;
50740:001;
50741:001;
50742:001;
50743:001;
50744:001;
50745:001;
50746:001;
50747:001;
50748:001;
50749:001;
50750:001;
50751:001;
50752:001;
50753:001;
50754:001;
50755:001;
50756:001;
50757:001;
50758:001;
50759:001;
50760:001;
50761:001;
50762:001;
50763:001;
50764:001;
50765:001;
50766:001;
50767:001;
50768:000;
50769:000;
50770:000;
50771:002;
50772:002;
50773:002;
50774:002;
50775:002;
50776:002;
50777:002;
50778:002;
50779:002;
50780:002;
50781:002;
50782:002;
50783:002;
50784:002;
50785:002;
50786:002;
50787:002;
50788:002;
50789:002;
50790:002;
50791:002;
50792:002;
50793:002;
50794:002;
50795:002;
50796:002;
50797:002;
50798:002;
50799:002;
50800:002;
50801:002;
50802:002;
50803:002;
50804:002;
50805:002;
50806:002;
50807:002;
50808:002;
50809:002;
50810:002;
50811:002;
50812:002;
50813:002;
50814:002;
50815:000;
50816:002;
50817:002;
50818:002;
50819:002;
50820:002;
50821:002;
50822:002;
50823:002;
50824:002;
50825:002;
50826:002;
50827:002;
50828:002;
50829:002;
50830:002;
50831:002;
50832:002;
50833:002;
50834:002;
50835:002;
50836:002;
50837:002;
50838:002;
50839:002;
50840:002;
50841:002;
50842:002;
50843:002;
50844:002;
50845:002;
50846:002;
50847:002;
50848:002;
50849:002;
50850:002;
50851:002;
50852:002;
50853:002;
50854:002;
50855:002;
50856:002;
50857:002;
50858:002;
50859:002;
50860:000;
50861:000;
50862:000;
50863:001;
50864:001;
50865:001;
50866:001;
50867:001;
50868:001;
50869:001;
50870:001;
50871:001;
50872:001;
50873:001;
50874:001;
50875:001;
50876:001;
50877:001;
50878:001;
50879:001;
50880:001;
50881:001;
50882:001;
50883:001;
50884:001;
50885:001;
50886:001;
50887:001;
50888:001;
50889:001;
50890:001;
50891:001;
50892:001;
50893:001;
50894:001;
50895:001;
50896:001;
50897:000;
50898:000;
50899:000;
50900:002;
50901:002;
50902:002;
50903:002;
50904:002;
50905:002;
50906:002;
50907:002;
50908:002;
50909:002;
50910:002;
50911:002;
50912:002;
50913:002;
50914:002;
50915:002;
50916:002;
50917:002;
50918:002;
50919:002;
50920:002;
50921:002;
50922:002;
50923:002;
50924:002;
50925:002;
50926:002;
50927:002;
50928:002;
50929:002;
50930:002;
50931:002;
50932:002;
50933:002;
50934:002;
50935:002;
50936:002;
50937:002;
50938:002;
50939:002;
50940:002;
50941:002;
50942:002;
50943:000;
50944:002;
50945:002;
50946:002;
50947:002;
50948:002;
50949:002;
50950:002;
50951:002;
50952:002;
50953:002;
50954:002;
50955:002;
50956:002;
50957:002;
50958:002;
50959:002;
50960:002;
50961:002;
50962:002;
50963:002;
50964:002;
50965:002;
50966:002;
50967:002;
50968:002;
50969:002;
50970:002;
50971:002;
50972:002;
50973:002;
50974:002;
50975:002;
50976:002;
50977:002;
50978:002;
50979:002;
50980:002;
50981:002;
50982:002;
50983:002;
50984:002;
50985:002;
50986:002;
50987:000;
50988:000;
50989:000;
50990:001;
50991:001;
50992:001;
50993:001;
50994:001;
50995:001;
50996:001;
50997:001;
50998:001;
50999:001;
51000:001;
51001:001;
51002:001;
51003:001;
51004:001;
51005:001;
51006:001;
51007:001;
51008:001;
51009:001;
51010:001;
51011:001;
51012:001;
51013:001;
51014:001;
51015:001;
51016:001;
51017:001;
51018:001;
51019:001;
51020:001;
51021:001;
51022:001;
51023:001;
51024:001;
51025:001;
51026:000;
51027:000;
51028:000;
51029:002;
51030:002;
51031:002;
51032:002;
51033:002;
51034:002;
51035:002;
51036:002;
51037:002;
51038:002;
51039:002;
51040:002;
51041:002;
51042:002;
51043:002;
51044:002;
51045:002;
51046:002;
51047:002;
51048:002;
51049:002;
51050:002;
51051:002;
51052:002;
51053:002;
51054:002;
51055:002;
51056:002;
51057:002;
51058:002;
51059:002;
51060:002;
51061:002;
51062:002;
51063:002;
51064:002;
51065:002;
51066:002;
51067:002;
51068:002;
51069:002;
51070:002;
51071:000;
51072:002;
51073:002;
51074:002;
51075:002;
51076:002;
51077:002;
51078:002;
51079:002;
51080:002;
51081:002;
51082:002;
51083:002;
51084:002;
51085:002;
51086:002;
51087:002;
51088:002;
51089:002;
51090:002;
51091:002;
51092:002;
51093:002;
51094:002;
51095:002;
51096:002;
51097:002;
51098:002;
51099:002;
51100:002;
51101:002;
51102:002;
51103:002;
51104:002;
51105:002;
51106:002;
51107:002;
51108:002;
51109:002;
51110:002;
51111:002;
51112:002;
51113:002;
51114:000;
51115:000;
51116:000;
51117:001;
51118:001;
51119:001;
51120:001;
51121:001;
51122:001;
51123:001;
51124:001;
51125:001;
51126:001;
51127:001;
51128:001;
51129:001;
51130:001;
51131:001;
51132:001;
51133:001;
51134:001;
51135:001;
51136:001;
51137:001;
51138:001;
51139:001;
51140:001;
51141:001;
51142:001;
51143:001;
51144:001;
51145:001;
51146:001;
51147:001;
51148:001;
51149:001;
51150:001;
51151:001;
51152:001;
51153:001;
51154:001;
51155:000;
51156:000;
51157:000;
51158:002;
51159:002;
51160:002;
51161:002;
51162:002;
51163:002;
51164:002;
51165:002;
51166:002;
51167:002;
51168:002;
51169:002;
51170:002;
51171:002;
51172:002;
51173:002;
51174:002;
51175:002;
51176:002;
51177:002;
51178:002;
51179:002;
51180:002;
51181:002;
51182:002;
51183:002;
51184:002;
51185:002;
51186:002;
51187:002;
51188:002;
51189:002;
51190:002;
51191:002;
51192:002;
51193:002;
51194:002;
51195:002;
51196:002;
51197:002;
51198:002;
51199:000;
51200:002;
51201:002;
51202:002;
51203:002;
51204:002;
51205:002;
51206:002;
51207:002;
51208:002;
51209:002;
51210:002;
51211:002;
51212:002;
51213:002;
51214:002;
51215:002;
51216:002;
51217:002;
51218:002;
51219:002;
51220:002;
51221:002;
51222:002;
51223:002;
51224:002;
51225:002;
51226:002;
51227:002;
51228:002;
51229:002;
51230:002;
51231:002;
51232:002;
51233:002;
51234:002;
51235:002;
51236:002;
51237:002;
51238:002;
51239:002;
51240:002;
51241:000;
51242:000;
51243:000;
51244:001;
51245:001;
51246:001;
51247:001;
51248:001;
51249:001;
51250:001;
51251:001;
51252:001;
51253:001;
51254:001;
51255:001;
51256:001;
51257:001;
51258:001;
51259:001;
51260:001;
51261:001;
51262:001;
51263:001;
51264:001;
51265:001;
51266:001;
51267:001;
51268:001;
51269:001;
51270:001;
51271:001;
51272:001;
51273:001;
51274:001;
51275:001;
51276:001;
51277:001;
51278:001;
51279:001;
51280:001;
51281:001;
51282:001;
51283:001;
51284:000;
51285:000;
51286:000;
51287:002;
51288:002;
51289:002;
51290:002;
51291:002;
51292:002;
51293:002;
51294:002;
51295:002;
51296:002;
51297:002;
51298:002;
51299:002;
51300:002;
51301:002;
51302:002;
51303:002;
51304:002;
51305:002;
51306:002;
51307:002;
51308:002;
51309:002;
51310:002;
51311:002;
51312:002;
51313:002;
51314:002;
51315:002;
51316:002;
51317:002;
51318:002;
51319:002;
51320:002;
51321:002;
51322:002;
51323:002;
51324:002;
51325:002;
51326:002;
51327:000;
51328:002;
51329:002;
51330:002;
51331:002;
51332:002;
51333:002;
51334:002;
51335:002;
51336:002;
51337:002;
51338:002;
51339:002;
51340:002;
51341:002;
51342:002;
51343:002;
51344:002;
51345:002;
51346:002;
51347:002;
51348:002;
51349:002;
51350:002;
51351:002;
51352:002;
51353:002;
51354:002;
51355:002;
51356:002;
51357:002;
51358:002;
51359:002;
51360:002;
51361:002;
51362:002;
51363:002;
51364:002;
51365:002;
51366:002;
51367:002;
51368:000;
51369:000;
51370:000;
51371:001;
51372:001;
51373:001;
51374:001;
51375:001;
51376:001;
51377:001;
51378:001;
51379:001;
51380:001;
51381:001;
51382:001;
51383:001;
51384:001;
51385:001;
51386:001;
51387:001;
51388:001;
51389:001;
51390:001;
51391:001;
51392:001;
51393:001;
51394:001;
51395:001;
51396:001;
51397:001;
51398:001;
51399:001;
51400:001;
51401:001;
51402:001;
51403:001;
51404:001;
51405:001;
51406:001;
51407:001;
51408:001;
51409:001;
51410:001;
51411:001;
51412:001;
51413:000;
51414:000;
51415:000;
51416:002;
51417:002;
51418:002;
51419:002;
51420:002;
51421:002;
51422:002;
51423:002;
51424:002;
51425:002;
51426:002;
51427:002;
51428:002;
51429:002;
51430:002;
51431:002;
51432:002;
51433:002;
51434:002;
51435:002;
51436:002;
51437:002;
51438:002;
51439:002;
51440:002;
51441:002;
51442:002;
51443:002;
51444:002;
51445:002;
51446:002;
51447:002;
51448:002;
51449:002;
51450:002;
51451:002;
51452:002;
51453:002;
51454:002;
51455:000;
51456:002;
51457:002;
51458:002;
51459:002;
51460:002;
51461:002;
51462:002;
51463:002;
51464:002;
51465:002;
51466:002;
51467:002;
51468:002;
51469:002;
51470:002;
51471:002;
51472:002;
51473:002;
51474:002;
51475:002;
51476:002;
51477:002;
51478:002;
51479:002;
51480:002;
51481:002;
51482:002;
51483:002;
51484:002;
51485:002;
51486:002;
51487:002;
51488:002;
51489:002;
51490:002;
51491:002;
51492:002;
51493:002;
51494:002;
51495:000;
51496:000;
51497:000;
51498:001;
51499:001;
51500:001;
51501:001;
51502:001;
51503:001;
51504:001;
51505:001;
51506:001;
51507:001;
51508:001;
51509:001;
51510:001;
51511:001;
51512:001;
51513:001;
51514:001;
51515:001;
51516:001;
51517:001;
51518:001;
51519:001;
51520:001;
51521:001;
51522:001;
51523:001;
51524:001;
51525:001;
51526:001;
51527:001;
51528:001;
51529:001;
51530:001;
51531:001;
51532:001;
51533:001;
51534:001;
51535:001;
51536:001;
51537:001;
51538:001;
51539:001;
51540:001;
51541:001;
51542:000;
51543:000;
51544:000;
51545:002;
51546:002;
51547:002;
51548:002;
51549:002;
51550:002;
51551:002;
51552:002;
51553:002;
51554:002;
51555:002;
51556:002;
51557:002;
51558:002;
51559:002;
51560:002;
51561:002;
51562:002;
51563:002;
51564:002;
51565:002;
51566:002;
51567:002;
51568:002;
51569:002;
51570:002;
51571:002;
51572:002;
51573:002;
51574:002;
51575:002;
51576:002;
51577:002;
51578:002;
51579:002;
51580:002;
51581:002;
51582:002;
51583:000;
51584:002;
51585:002;
51586:002;
51587:002;
51588:002;
51589:002;
51590:002;
51591:002;
51592:002;
51593:002;
51594:002;
51595:002;
51596:002;
51597:002;
51598:002;
51599:002;
51600:002;
51601:002;
51602:002;
51603:002;
51604:002;
51605:002;
51606:002;
51607:002;
51608:002;
51609:002;
51610:002;
51611:002;
51612:002;
51613:002;
51614:002;
51615:002;
51616:002;
51617:002;
51618:002;
51619:002;
51620:002;
51621:002;
51622:000;
51623:000;
51624:000;
51625:001;
51626:001;
51627:001;
51628:001;
51629:001;
51630:001;
51631:001;
51632:001;
51633:001;
51634:001;
51635:001;
51636:001;
51637:001;
51638:001;
51639:001;
51640:001;
51641:001;
51642:001;
51643:001;
51644:001;
51645:001;
51646:001;
51647:001;
51648:001;
51649:001;
51650:001;
51651:001;
51652:001;
51653:001;
51654:001;
51655:001;
51656:001;
51657:001;
51658:001;
51659:001;
51660:001;
51661:001;
51662:001;
51663:001;
51664:001;
51665:001;
51666:001;
51667:001;
51668:001;
51669:001;
51670:001;
51671:000;
51672:000;
51673:000;
51674:002;
51675:002;
51676:002;
51677:002;
51678:002;
51679:002;
51680:002;
51681:002;
51682:002;
51683:002;
51684:002;
51685:002;
51686:002;
51687:002;
51688:002;
51689:002;
51690:002;
51691:002;
51692:002;
51693:002;
51694:002;
51695:002;
51696:002;
51697:002;
51698:002;
51699:002;
51700:002;
51701:002;
51702:002;
51703:002;
51704:002;
51705:002;
51706:002;
51707:002;
51708:002;
51709:002;
51710:002;
51711:000;
51712:002;
51713:002;
51714:002;
51715:002;
51716:002;
51717:002;
51718:002;
51719:002;
51720:002;
51721:002;
51722:002;
51723:002;
51724:002;
51725:002;
51726:002;
51727:002;
51728:002;
51729:002;
51730:002;
51731:002;
51732:002;
51733:002;
51734:002;
51735:002;
51736:002;
51737:002;
51738:002;
51739:002;
51740:002;
51741:002;
51742:002;
51743:002;
51744:002;
51745:002;
51746:002;
51747:002;
51748:002;
51749:000;
51750:000;
51751:000;
51752:001;
51753:001;
51754:001;
51755:001;
51756:001;
51757:001;
51758:001;
51759:001;
51760:001;
51761:001;
51762:001;
51763:001;
51764:001;
51765:001;
51766:001;
51767:001;
51768:001;
51769:001;
51770:001;
51771:001;
51772:001;
51773:001;
51774:001;
51775:001;
51776:001;
51777:001;
51778:001;
51779:001;
51780:001;
51781:001;
51782:001;
51783:001;
51784:001;
51785:001;
51786:001;
51787:001;
51788:001;
51789:001;
51790:001;
51791:001;
51792:001;
51793:001;
51794:001;
51795:001;
51796:001;
51797:001;
51798:001;
51799:001;
51800:000;
51801:000;
51802:000;
51803:002;
51804:002;
51805:002;
51806:002;
51807:002;
51808:002;
51809:002;
51810:002;
51811:002;
51812:002;
51813:002;
51814:002;
51815:002;
51816:002;
51817:002;
51818:002;
51819:002;
51820:002;
51821:002;
51822:002;
51823:002;
51824:002;
51825:002;
51826:002;
51827:002;
51828:002;
51829:002;
51830:002;
51831:002;
51832:002;
51833:002;
51834:002;
51835:002;
51836:002;
51837:002;
51838:002;
51839:000;
51840:002;
51841:002;
51842:002;
51843:002;
51844:002;
51845:002;
51846:002;
51847:002;
51848:002;
51849:002;
51850:002;
51851:002;
51852:002;
51853:002;
51854:002;
51855:002;
51856:002;
51857:002;
51858:002;
51859:002;
51860:002;
51861:002;
51862:002;
51863:002;
51864:002;
51865:002;
51866:002;
51867:002;
51868:002;
51869:002;
51870:002;
51871:002;
51872:002;
51873:002;
51874:002;
51875:002;
51876:000;
51877:000;
51878:000;
51879:001;
51880:001;
51881:001;
51882:001;
51883:001;
51884:001;
51885:001;
51886:001;
51887:001;
51888:001;
51889:001;
51890:001;
51891:001;
51892:001;
51893:001;
51894:001;
51895:001;
51896:001;
51897:001;
51898:001;
51899:001;
51900:001;
51901:001;
51902:001;
51903:001;
51904:001;
51905:001;
51906:001;
51907:001;
51908:001;
51909:001;
51910:001;
51911:001;
51912:001;
51913:001;
51914:001;
51915:001;
51916:001;
51917:001;
51918:001;
51919:001;
51920:001;
51921:001;
51922:001;
51923:001;
51924:001;
51925:001;
51926:001;
51927:001;
51928:001;
51929:000;
51930:000;
51931:000;
51932:002;
51933:002;
51934:002;
51935:002;
51936:002;
51937:002;
51938:002;
51939:002;
51940:002;
51941:002;
51942:002;
51943:002;
51944:002;
51945:002;
51946:002;
51947:002;
51948:002;
51949:002;
51950:002;
51951:002;
51952:002;
51953:002;
51954:002;
51955:002;
51956:002;
51957:002;
51958:002;
51959:002;
51960:002;
51961:002;
51962:002;
51963:002;
51964:002;
51965:002;
51966:002;
51967:000;
51968:002;
51969:002;
51970:002;
51971:002;
51972:002;
51973:002;
51974:002;
51975:002;
51976:002;
51977:002;
51978:002;
51979:002;
51980:002;
51981:002;
51982:002;
51983:002;
51984:002;
51985:002;
51986:002;
51987:002;
51988:002;
51989:002;
51990:002;
51991:002;
51992:002;
51993:002;
51994:002;
51995:002;
51996:002;
51997:002;
51998:002;
51999:002;
52000:002;
52001:002;
52002:002;
52003:000;
52004:000;
52005:000;
52006:001;
52007:001;
52008:001;
52009:001;
52010:001;
52011:001;
52012:001;
52013:001;
52014:001;
52015:001;
52016:001;
52017:001;
52018:001;
52019:001;
52020:001;
52021:001;
52022:001;
52023:001;
52024:001;
52025:001;
52026:001;
52027:001;
52028:001;
52029:001;
52030:001;
52031:001;
52032:001;
52033:001;
52034:001;
52035:001;
52036:001;
52037:001;
52038:001;
52039:001;
52040:001;
52041:001;
52042:001;
52043:001;
52044:001;
52045:001;
52046:001;
52047:001;
52048:001;
52049:001;
52050:001;
52051:001;
52052:001;
52053:001;
52054:001;
52055:001;
52056:001;
52057:001;
52058:000;
52059:000;
52060:000;
52061:002;
52062:002;
52063:002;
52064:002;
52065:002;
52066:002;
52067:002;
52068:002;
52069:002;
52070:002;
52071:002;
52072:002;
52073:002;
52074:002;
52075:002;
52076:002;
52077:002;
52078:002;
52079:002;
52080:002;
52081:002;
52082:002;
52083:002;
52084:002;
52085:002;
52086:002;
52087:002;
52088:002;
52089:002;
52090:002;
52091:002;
52092:002;
52093:002;
52094:002;
52095:000;
52096:002;
52097:002;
52098:002;
52099:002;
52100:002;
52101:002;
52102:002;
52103:002;
52104:002;
52105:002;
52106:002;
52107:002;
52108:002;
52109:002;
52110:002;
52111:002;
52112:002;
52113:002;
52114:002;
52115:002;
52116:002;
52117:002;
52118:002;
52119:002;
52120:002;
52121:002;
52122:002;
52123:002;
52124:002;
52125:002;
52126:002;
52127:002;
52128:002;
52129:002;
52130:000;
52131:000;
52132:000;
52133:001;
52134:001;
52135:001;
52136:001;
52137:001;
52138:001;
52139:001;
52140:001;
52141:001;
52142:001;
52143:001;
52144:001;
52145:001;
52146:001;
52147:001;
52148:001;
52149:001;
52150:001;
52151:001;
52152:001;
52153:001;
52154:001;
52155:001;
52156:001;
52157:001;
52158:001;
52159:001;
52160:001;
52161:001;
52162:001;
52163:001;
52164:001;
52165:001;
52166:001;
52167:001;
52168:001;
52169:001;
52170:001;
52171:001;
52172:001;
52173:001;
52174:001;
52175:001;
52176:001;
52177:001;
52178:001;
52179:001;
52180:001;
52181:001;
52182:001;
52183:001;
52184:001;
52185:001;
52186:001;
52187:000;
52188:000;
52189:000;
52190:002;
52191:002;
52192:002;
52193:002;
52194:002;
52195:002;
52196:002;
52197:002;
52198:002;
52199:002;
52200:002;
52201:002;
52202:002;
52203:002;
52204:002;
52205:002;
52206:002;
52207:002;
52208:002;
52209:002;
52210:002;
52211:002;
52212:002;
52213:002;
52214:002;
52215:002;
52216:002;
52217:002;
52218:002;
52219:002;
52220:002;
52221:002;
52222:002;
52223:000;
52224:002;
52225:002;
52226:002;
52227:002;
52228:002;
52229:002;
52230:002;
52231:002;
52232:002;
52233:002;
52234:002;
52235:002;
52236:002;
52237:002;
52238:002;
52239:002;
52240:002;
52241:002;
52242:002;
52243:002;
52244:002;
52245:002;
52246:002;
52247:002;
52248:002;
52249:002;
52250:002;
52251:002;
52252:002;
52253:002;
52254:002;
52255:002;
52256:002;
52257:000;
52258:000;
52259:000;
52260:001;
52261:001;
52262:001;
52263:001;
52264:001;
52265:001;
52266:001;
52267:001;
52268:001;
52269:001;
52270:001;
52271:001;
52272:001;
52273:001;
52274:001;
52275:001;
52276:001;
52277:001;
52278:001;
52279:001;
52280:001;
52281:001;
52282:001;
52283:001;
52284:001;
52285:001;
52286:001;
52287:001;
52288:001;
52289:001;
52290:001;
52291:001;
52292:001;
52293:001;
52294:001;
52295:001;
52296:001;
52297:001;
52298:001;
52299:001;
52300:001;
52301:001;
52302:001;
52303:001;
52304:001;
52305:001;
52306:001;
52307:001;
52308:001;
52309:001;
52310:001;
52311:001;
52312:001;
52313:001;
52314:001;
52315:001;
52316:000;
52317:000;
52318:000;
52319:002;
52320:002;
52321:002;
52322:002;
52323:002;
52324:002;
52325:002;
52326:002;
52327:002;
52328:002;
52329:002;
52330:002;
52331:002;
52332:002;
52333:002;
52334:002;
52335:002;
52336:002;
52337:002;
52338:002;
52339:002;
52340:002;
52341:002;
52342:002;
52343:002;
52344:002;
52345:002;
52346:002;
52347:002;
52348:002;
52349:002;
52350:002;
52351:000;
52352:002;
52353:002;
52354:002;
52355:002;
52356:002;
52357:002;
52358:002;
52359:002;
52360:002;
52361:002;
52362:002;
52363:002;
52364:002;
52365:002;
52366:002;
52367:002;
52368:002;
52369:002;
52370:002;
52371:002;
52372:002;
52373:002;
52374:002;
52375:002;
52376:002;
52377:002;
52378:002;
52379:002;
52380:002;
52381:002;
52382:002;
52383:002;
52384:000;
52385:000;
52386:000;
52387:001;
52388:001;
52389:001;
52390:001;
52391:001;
52392:001;
52393:001;
52394:001;
52395:001;
52396:001;
52397:001;
52398:001;
52399:001;
52400:001;
52401:001;
52402:001;
52403:001;
52404:001;
52405:001;
52406:001;
52407:001;
52408:001;
52409:001;
52410:001;
52411:001;
52412:001;
52413:001;
52414:001;
52415:001;
52416:001;
52417:001;
52418:001;
52419:001;
52420:001;
52421:001;
52422:001;
52423:001;
52424:001;
52425:001;
52426:001;
52427:001;
52428:001;
52429:001;
52430:001;
52431:001;
52432:001;
52433:001;
52434:001;
52435:001;
52436:001;
52437:001;
52438:001;
52439:001;
52440:001;
52441:001;
52442:001;
52443:001;
52444:001;
52445:000;
52446:000;
52447:000;
52448:002;
52449:002;
52450:002;
52451:002;
52452:002;
52453:002;
52454:002;
52455:002;
52456:002;
52457:002;
52458:002;
52459:002;
52460:002;
52461:002;
52462:002;
52463:002;
52464:002;
52465:002;
52466:002;
52467:002;
52468:002;
52469:002;
52470:002;
52471:002;
52472:002;
52473:002;
52474:002;
52475:002;
52476:002;
52477:002;
52478:002;
52479:000;
52480:002;
52481:002;
52482:002;
52483:002;
52484:002;
52485:002;
52486:002;
52487:002;
52488:002;
52489:002;
52490:002;
52491:002;
52492:002;
52493:002;
52494:002;
52495:002;
52496:002;
52497:002;
52498:002;
52499:002;
52500:002;
52501:002;
52502:002;
52503:002;
52504:002;
52505:002;
52506:002;
52507:002;
52508:002;
52509:002;
52510:002;
52511:000;
52512:000;
52513:000;
52514:001;
52515:001;
52516:001;
52517:001;
52518:001;
52519:001;
52520:001;
52521:001;
52522:001;
52523:001;
52524:001;
52525:001;
52526:001;
52527:001;
52528:001;
52529:001;
52530:001;
52531:001;
52532:001;
52533:001;
52534:001;
52535:001;
52536:001;
52537:001;
52538:001;
52539:001;
52540:001;
52541:001;
52542:001;
52543:001;
52544:001;
52545:001;
52546:001;
52547:001;
52548:001;
52549:001;
52550:001;
52551:001;
52552:001;
52553:001;
52554:001;
52555:001;
52556:001;
52557:001;
52558:001;
52559:001;
52560:001;
52561:001;
52562:001;
52563:001;
52564:001;
52565:001;
52566:001;
52567:001;
52568:001;
52569:001;
52570:001;
52571:001;
52572:001;
52573:001;
52574:000;
52575:000;
52576:000;
52577:002;
52578:002;
52579:002;
52580:002;
52581:002;
52582:002;
52583:002;
52584:002;
52585:002;
52586:002;
52587:002;
52588:002;
52589:002;
52590:002;
52591:002;
52592:002;
52593:002;
52594:002;
52595:002;
52596:002;
52597:002;
52598:002;
52599:002;
52600:002;
52601:002;
52602:002;
52603:002;
52604:002;
52605:002;
52606:002;
52607:000;
52608:002;
52609:002;
52610:002;
52611:002;
52612:002;
52613:002;
52614:002;
52615:002;
52616:002;
52617:002;
52618:002;
52619:002;
52620:002;
52621:002;
52622:002;
52623:002;
52624:002;
52625:002;
52626:002;
52627:002;
52628:002;
52629:002;
52630:002;
52631:002;
52632:002;
52633:002;
52634:002;
52635:002;
52636:002;
52637:002;
52638:000;
52639:000;
52640:000;
52641:001;
52642:001;
52643:001;
52644:001;
52645:001;
52646:001;
52647:001;
52648:001;
52649:001;
52650:001;
52651:001;
52652:001;
52653:001;
52654:001;
52655:001;
52656:001;
52657:001;
52658:001;
52659:001;
52660:001;
52661:001;
52662:001;
52663:001;
52664:001;
52665:001;
52666:001;
52667:001;
52668:001;
52669:001;
52670:001;
52671:001;
52672:001;
52673:001;
52674:001;
52675:001;
52676:001;
52677:001;
52678:001;
52679:001;
52680:001;
52681:001;
52682:001;
52683:001;
52684:001;
52685:001;
52686:001;
52687:001;
52688:001;
52689:001;
52690:001;
52691:001;
52692:001;
52693:001;
52694:001;
52695:001;
52696:001;
52697:001;
52698:001;
52699:001;
52700:001;
52701:001;
52702:001;
52703:000;
52704:000;
52705:000;
52706:002;
52707:002;
52708:002;
52709:002;
52710:002;
52711:002;
52712:002;
52713:002;
52714:002;
52715:002;
52716:002;
52717:002;
52718:002;
52719:002;
52720:002;
52721:002;
52722:002;
52723:002;
52724:002;
52725:002;
52726:002;
52727:002;
52728:002;
52729:002;
52730:002;
52731:002;
52732:002;
52733:002;
52734:002;
52735:000;
52736:002;
52737:002;
52738:002;
52739:002;
52740:002;
52741:002;
52742:002;
52743:002;
52744:002;
52745:002;
52746:002;
52747:002;
52748:002;
52749:002;
52750:002;
52751:002;
52752:002;
52753:002;
52754:002;
52755:002;
52756:002;
52757:002;
52758:002;
52759:002;
52760:002;
52761:002;
52762:002;
52763:002;
52764:002;
52765:000;
52766:000;
52767:000;
52768:001;
52769:001;
52770:001;
52771:001;
52772:001;
52773:001;
52774:001;
52775:001;
52776:001;
52777:001;
52778:001;
52779:001;
52780:001;
52781:001;
52782:001;
52783:001;
52784:001;
52785:001;
52786:001;
52787:001;
52788:001;
52789:001;
52790:001;
52791:001;
52792:001;
52793:001;
52794:001;
52795:001;
52796:001;
52797:001;
52798:001;
52799:001;
52800:001;
52801:001;
52802:001;
52803:001;
52804:001;
52805:001;
52806:001;
52807:001;
52808:001;
52809:001;
52810:001;
52811:001;
52812:001;
52813:001;
52814:001;
52815:001;
52816:001;
52817:001;
52818:001;
52819:001;
52820:001;
52821:001;
52822:001;
52823:001;
52824:001;
52825:001;
52826:001;
52827:001;
52828:001;
52829:001;
52830:001;
52831:001;
52832:000;
52833:000;
52834:000;
52835:002;
52836:002;
52837:002;
52838:002;
52839:002;
52840:002;
52841:002;
52842:002;
52843:002;
52844:002;
52845:002;
52846:002;
52847:002;
52848:002;
52849:002;
52850:002;
52851:002;
52852:002;
52853:002;
52854:002;
52855:002;
52856:002;
52857:002;
52858:002;
52859:002;
52860:002;
52861:002;
52862:002;
52863:000;
52864:002;
52865:002;
52866:002;
52867:002;
52868:002;
52869:002;
52870:002;
52871:002;
52872:002;
52873:002;
52874:002;
52875:002;
52876:002;
52877:002;
52878:002;
52879:002;
52880:002;
52881:002;
52882:002;
52883:002;
52884:002;
52885:002;
52886:002;
52887:002;
52888:002;
52889:002;
52890:002;
52891:002;
52892:000;
52893:000;
52894:000;
52895:001;
52896:001;
52897:001;
52898:001;
52899:001;
52900:001;
52901:001;
52902:001;
52903:001;
52904:001;
52905:001;
52906:001;
52907:001;
52908:001;
52909:001;
52910:001;
52911:001;
52912:001;
52913:001;
52914:001;
52915:001;
52916:001;
52917:001;
52918:001;
52919:001;
52920:001;
52921:001;
52922:001;
52923:001;
52924:001;
52925:001;
52926:001;
52927:001;
52928:001;
52929:001;
52930:001;
52931:001;
52932:001;
52933:001;
52934:001;
52935:001;
52936:001;
52937:001;
52938:001;
52939:001;
52940:001;
52941:001;
52942:001;
52943:001;
52944:001;
52945:001;
52946:001;
52947:001;
52948:001;
52949:001;
52950:001;
52951:001;
52952:001;
52953:001;
52954:001;
52955:001;
52956:001;
52957:001;
52958:001;
52959:001;
52960:001;
52961:000;
52962:000;
52963:000;
52964:002;
52965:002;
52966:002;
52967:002;
52968:002;
52969:002;
52970:002;
52971:002;
52972:002;
52973:002;
52974:002;
52975:002;
52976:002;
52977:002;
52978:002;
52979:002;
52980:002;
52981:002;
52982:002;
52983:002;
52984:002;
52985:002;
52986:002;
52987:002;
52988:002;
52989:002;
52990:002;
52991:000;
52992:002;
52993:002;
52994:002;
52995:002;
52996:002;
52997:002;
52998:002;
52999:002;
53000:002;
53001:002;
53002:002;
53003:002;
53004:002;
53005:002;
53006:002;
53007:002;
53008:002;
53009:002;
53010:002;
53011:002;
53012:002;
53013:002;
53014:002;
53015:002;
53016:002;
53017:002;
53018:002;
53019:000;
53020:000;
53021:000;
53022:001;
53023:001;
53024:001;
53025:001;
53026:001;
53027:001;
53028:001;
53029:001;
53030:001;
53031:001;
53032:001;
53033:001;
53034:001;
53035:001;
53036:001;
53037:001;
53038:001;
53039:001;
53040:001;
53041:001;
53042:001;
53043:001;
53044:001;
53045:001;
53046:001;
53047:001;
53048:001;
53049:001;
53050:001;
53051:001;
53052:001;
53053:001;
53054:001;
53055:001;
53056:001;
53057:001;
53058:001;
53059:001;
53060:001;
53061:001;
53062:001;
53063:001;
53064:001;
53065:001;
53066:001;
53067:001;
53068:001;
53069:001;
53070:001;
53071:001;
53072:001;
53073:001;
53074:001;
53075:001;
53076:001;
53077:001;
53078:001;
53079:001;
53080:001;
53081:001;
53082:001;
53083:001;
53084:001;
53085:001;
53086:001;
53087:001;
53088:001;
53089:001;
53090:000;
53091:000;
53092:000;
53093:002;
53094:002;
53095:002;
53096:002;
53097:002;
53098:002;
53099:002;
53100:002;
53101:002;
53102:002;
53103:002;
53104:002;
53105:002;
53106:002;
53107:002;
53108:002;
53109:002;
53110:002;
53111:002;
53112:002;
53113:002;
53114:002;
53115:002;
53116:002;
53117:002;
53118:002;
53119:000;
53120:002;
53121:002;
53122:002;
53123:002;
53124:002;
53125:002;
53126:002;
53127:002;
53128:002;
53129:002;
53130:002;
53131:002;
53132:002;
53133:002;
53134:002;
53135:002;
53136:002;
53137:002;
53138:002;
53139:002;
53140:002;
53141:002;
53142:002;
53143:002;
53144:002;
53145:002;
53146:000;
53147:000;
53148:000;
53149:001;
53150:001;
53151:001;
53152:001;
53153:001;
53154:001;
53155:001;
53156:001;
53157:001;
53158:001;
53159:001;
53160:001;
53161:001;
53162:001;
53163:001;
53164:001;
53165:001;
53166:001;
53167:001;
53168:001;
53169:001;
53170:001;
53171:001;
53172:001;
53173:001;
53174:001;
53175:001;
53176:001;
53177:001;
53178:001;
53179:001;
53180:001;
53181:001;
53182:001;
53183:001;
53184:001;
53185:001;
53186:001;
53187:001;
53188:001;
53189:001;
53190:001;
53191:001;
53192:001;
53193:001;
53194:001;
53195:001;
53196:001;
53197:001;
53198:001;
53199:001;
53200:001;
53201:001;
53202:001;
53203:001;
53204:001;
53205:001;
53206:001;
53207:001;
53208:001;
53209:001;
53210:001;
53211:001;
53212:001;
53213:001;
53214:001;
53215:001;
53216:001;
53217:001;
53218:001;
53219:000;
53220:000;
53221:000;
53222:002;
53223:002;
53224:002;
53225:002;
53226:002;
53227:002;
53228:002;
53229:002;
53230:002;
53231:002;
53232:002;
53233:002;
53234:002;
53235:002;
53236:002;
53237:002;
53238:002;
53239:002;
53240:002;
53241:002;
53242:002;
53243:002;
53244:002;
53245:002;
53246:002;
53247:000;
53248:002;
53249:002;
53250:002;
53251:002;
53252:002;
53253:002;
53254:002;
53255:002;
53256:002;
53257:002;
53258:002;
53259:002;
53260:002;
53261:002;
53262:002;
53263:002;
53264:002;
53265:002;
53266:002;
53267:002;
53268:002;
53269:002;
53270:002;
53271:002;
53272:002;
53273:000;
53274:000;
53275:000;
53276:001;
53277:001;
53278:001;
53279:001;
53280:001;
53281:001;
53282:001;
53283:001;
53284:001;
53285:001;
53286:001;
53287:001;
53288:001;
53289:001;
53290:001;
53291:001;
53292:001;
53293:001;
53294:001;
53295:001;
53296:001;
53297:001;
53298:001;
53299:001;
53300:001;
53301:001;
53302:001;
53303:001;
53304:001;
53305:001;
53306:001;
53307:001;
53308:001;
53309:001;
53310:001;
53311:001;
53312:001;
53313:001;
53314:001;
53315:001;
53316:001;
53317:001;
53318:001;
53319:001;
53320:001;
53321:001;
53322:001;
53323:001;
53324:001;
53325:001;
53326:001;
53327:001;
53328:001;
53329:001;
53330:001;
53331:001;
53332:001;
53333:001;
53334:001;
53335:001;
53336:001;
53337:001;
53338:001;
53339:001;
53340:001;
53341:001;
53342:001;
53343:001;
53344:001;
53345:001;
53346:001;
53347:001;
53348:000;
53349:000;
53350:000;
53351:002;
53352:002;
53353:002;
53354:002;
53355:002;
53356:002;
53357:002;
53358:002;
53359:002;
53360:002;
53361:002;
53362:002;
53363:002;
53364:002;
53365:002;
53366:002;
53367:002;
53368:002;
53369:002;
53370:002;
53371:002;
53372:002;
53373:002;
53374:002;
53375:000;
53376:002;
53377:002;
53378:002;
53379:002;
53380:002;
53381:002;
53382:002;
53383:002;
53384:002;
53385:002;
53386:002;
53387:002;
53388:002;
53389:002;
53390:002;
53391:002;
53392:002;
53393:002;
53394:002;
53395:002;
53396:002;
53397:002;
53398:002;
53399:002;
53400:000;
53401:000;
53402:000;
53403:001;
53404:001;
53405:001;
53406:001;
53407:001;
53408:001;
53409:001;
53410:001;
53411:001;
53412:001;
53413:001;
53414:001;
53415:001;
53416:001;
53417:001;
53418:001;
53419:001;
53420:001;
53421:001;
53422:001;
53423:001;
53424:001;
53425:001;
53426:001;
53427:001;
53428:001;
53429:001;
53430:001;
53431:001;
53432:001;
53433:001;
53434:001;
53435:001;
53436:001;
53437:001;
53438:001;
53439:001;
53440:001;
53441:001;
53442:001;
53443:001;
53444:001;
53445:001;
53446:001;
53447:001;
53448:001;
53449:001;
53450:001;
53451:001;
53452:001;
53453:001;
53454:001;
53455:001;
53456:001;
53457:001;
53458:001;
53459:001;
53460:001;
53461:001;
53462:001;
53463:001;
53464:001;
53465:001;
53466:001;
53467:001;
53468:001;
53469:001;
53470:001;
53471:001;
53472:001;
53473:001;
53474:001;
53475:001;
53476:001;
53477:000;
53478:000;
53479:000;
53480:002;
53481:002;
53482:002;
53483:002;
53484:002;
53485:002;
53486:002;
53487:002;
53488:002;
53489:002;
53490:002;
53491:002;
53492:002;
53493:002;
53494:002;
53495:002;
53496:002;
53497:002;
53498:002;
53499:002;
53500:002;
53501:002;
53502:002;
53503:000;
53504:002;
53505:002;
53506:002;
53507:002;
53508:002;
53509:002;
53510:002;
53511:002;
53512:002;
53513:002;
53514:002;
53515:002;
53516:002;
53517:002;
53518:002;
53519:002;
53520:002;
53521:002;
53522:002;
53523:002;
53524:002;
53525:002;
53526:002;
53527:000;
53528:000;
53529:000;
53530:001;
53531:001;
53532:001;
53533:001;
53534:001;
53535:001;
53536:001;
53537:001;
53538:001;
53539:001;
53540:001;
53541:001;
53542:001;
53543:001;
53544:001;
53545:001;
53546:001;
53547:001;
53548:001;
53549:001;
53550:001;
53551:001;
53552:001;
53553:001;
53554:001;
53555:001;
53556:001;
53557:001;
53558:001;
53559:001;
53560:001;
53561:001;
53562:001;
53563:001;
53564:001;
53565:001;
53566:001;
53567:001;
53568:001;
53569:001;
53570:001;
53571:001;
53572:001;
53573:001;
53574:001;
53575:001;
53576:001;
53577:001;
53578:001;
53579:001;
53580:001;
53581:001;
53582:001;
53583:001;
53584:001;
53585:001;
53586:001;
53587:001;
53588:001;
53589:001;
53590:001;
53591:001;
53592:001;
53593:001;
53594:001;
53595:001;
53596:001;
53597:001;
53598:001;
53599:001;
53600:001;
53601:001;
53602:001;
53603:001;
53604:001;
53605:001;
53606:000;
53607:000;
53608:000;
53609:002;
53610:002;
53611:002;
53612:002;
53613:002;
53614:002;
53615:002;
53616:002;
53617:002;
53618:002;
53619:002;
53620:002;
53621:002;
53622:002;
53623:002;
53624:002;
53625:002;
53626:002;
53627:002;
53628:002;
53629:002;
53630:002;
53631:000;
53632:002;
53633:002;
53634:002;
53635:002;
53636:002;
53637:002;
53638:002;
53639:002;
53640:002;
53641:002;
53642:002;
53643:002;
53644:002;
53645:002;
53646:002;
53647:002;
53648:002;
53649:002;
53650:002;
53651:002;
53652:002;
53653:002;
53654:000;
53655:000;
53656:000;
53657:001;
53658:001;
53659:001;
53660:001;
53661:001;
53662:001;
53663:001;
53664:001;
53665:001;
53666:001;
53667:001;
53668:001;
53669:001;
53670:001;
53671:001;
53672:001;
53673:001;
53674:001;
53675:001;
53676:001;
53677:001;
53678:001;
53679:001;
53680:001;
53681:001;
53682:001;
53683:001;
53684:001;
53685:001;
53686:001;
53687:001;
53688:001;
53689:001;
53690:001;
53691:001;
53692:001;
53693:001;
53694:001;
53695:001;
53696:001;
53697:001;
53698:001;
53699:001;
53700:001;
53701:001;
53702:001;
53703:001;
53704:001;
53705:001;
53706:001;
53707:001;
53708:001;
53709:001;
53710:001;
53711:001;
53712:001;
53713:001;
53714:001;
53715:001;
53716:001;
53717:001;
53718:001;
53719:001;
53720:001;
53721:001;
53722:001;
53723:001;
53724:001;
53725:001;
53726:001;
53727:001;
53728:001;
53729:001;
53730:001;
53731:001;
53732:001;
53733:001;
53734:001;
53735:000;
53736:000;
53737:000;
53738:002;
53739:002;
53740:002;
53741:002;
53742:002;
53743:002;
53744:002;
53745:002;
53746:002;
53747:002;
53748:002;
53749:002;
53750:002;
53751:002;
53752:002;
53753:002;
53754:002;
53755:002;
53756:002;
53757:002;
53758:002;
53759:000;
53760:002;
53761:002;
53762:002;
53763:002;
53764:002;
53765:002;
53766:002;
53767:002;
53768:002;
53769:002;
53770:002;
53771:002;
53772:002;
53773:002;
53774:002;
53775:002;
53776:002;
53777:002;
53778:002;
53779:002;
53780:002;
53781:000;
53782:000;
53783:000;
53784:001;
53785:001;
53786:001;
53787:001;
53788:001;
53789:001;
53790:001;
53791:001;
53792:001;
53793:001;
53794:001;
53795:001;
53796:001;
53797:001;
53798:001;
53799:001;
53800:001;
53801:001;
53802:001;
53803:001;
53804:001;
53805:001;
53806:001;
53807:001;
53808:001;
53809:001;
53810:001;
53811:001;
53812:001;
53813:001;
53814:001;
53815:001;
53816:001;
53817:001;
53818:001;
53819:001;
53820:001;
53821:001;
53822:001;
53823:001;
53824:001;
53825:001;
53826:001;
53827:001;
53828:001;
53829:001;
53830:001;
53831:001;
53832:001;
53833:001;
53834:001;
53835:001;
53836:001;
53837:001;
53838:001;
53839:001;
53840:001;
53841:001;
53842:001;
53843:001;
53844:001;
53845:001;
53846:001;
53847:001;
53848:001;
53849:001;
53850:001;
53851:001;
53852:001;
53853:001;
53854:001;
53855:001;
53856:001;
53857:001;
53858:001;
53859:001;
53860:001;
53861:001;
53862:001;
53863:001;
53864:000;
53865:000;
53866:000;
53867:002;
53868:002;
53869:002;
53870:002;
53871:002;
53872:002;
53873:002;
53874:002;
53875:002;
53876:002;
53877:002;
53878:002;
53879:002;
53880:002;
53881:002;
53882:002;
53883:002;
53884:002;
53885:002;
53886:002;
53887:000;
53888:002;
53889:002;
53890:002;
53891:002;
53892:002;
53893:002;
53894:002;
53895:002;
53896:002;
53897:002;
53898:002;
53899:002;
53900:002;
53901:002;
53902:002;
53903:002;
53904:002;
53905:002;
53906:002;
53907:002;
53908:000;
53909:000;
53910:000;
53911:001;
53912:001;
53913:001;
53914:001;
53915:001;
53916:001;
53917:001;
53918:001;
53919:001;
53920:001;
53921:001;
53922:001;
53923:001;
53924:001;
53925:001;
53926:001;
53927:001;
53928:001;
53929:001;
53930:001;
53931:001;
53932:001;
53933:001;
53934:001;
53935:001;
53936:001;
53937:001;
53938:001;
53939:001;
53940:001;
53941:001;
53942:001;
53943:001;
53944:001;
53945:001;
53946:001;
53947:001;
53948:001;
53949:001;
53950:001;
53951:001;
53952:001;
53953:001;
53954:001;
53955:001;
53956:001;
53957:001;
53958:001;
53959:001;
53960:001;
53961:001;
53962:001;
53963:001;
53964:001;
53965:001;
53966:001;
53967:001;
53968:001;
53969:001;
53970:001;
53971:001;
53972:001;
53973:001;
53974:001;
53975:001;
53976:001;
53977:001;
53978:001;
53979:001;
53980:001;
53981:001;
53982:001;
53983:001;
53984:001;
53985:001;
53986:001;
53987:001;
53988:001;
53989:001;
53990:001;
53991:001;
53992:001;
53993:000;
53994:000;
53995:000;
53996:002;
53997:002;
53998:002;
53999:002;
54000:002;
54001:002;
54002:002;
54003:002;
54004:002;
54005:002;
54006:002;
54007:002;
54008:002;
54009:002;
54010:002;
54011:002;
54012:002;
54013:002;
54014:002;
54015:000;
54016:002;
54017:002;
54018:002;
54019:002;
54020:002;
54021:002;
54022:002;
54023:002;
54024:002;
54025:002;
54026:002;
54027:002;
54028:002;
54029:002;
54030:002;
54031:002;
54032:002;
54033:002;
54034:002;
54035:000;
54036:000;
54037:000;
54038:001;
54039:001;
54040:001;
54041:001;
54042:001;
54043:001;
54044:001;
54045:001;
54046:001;
54047:001;
54048:001;
54049:001;
54050:001;
54051:001;
54052:001;
54053:001;
54054:001;
54055:001;
54056:001;
54057:001;
54058:001;
54059:001;
54060:001;
54061:001;
54062:001;
54063:001;
54064:001;
54065:001;
54066:001;
54067:001;
54068:001;
54069:001;
54070:001;
54071:001;
54072:001;
54073:001;
54074:001;
54075:001;
54076:001;
54077:001;
54078:001;
54079:001;
54080:001;
54081:001;
54082:001;
54083:001;
54084:001;
54085:001;
54086:001;
54087:001;
54088:001;
54089:001;
54090:001;
54091:001;
54092:001;
54093:001;
54094:001;
54095:001;
54096:001;
54097:001;
54098:001;
54099:001;
54100:001;
54101:001;
54102:001;
54103:001;
54104:001;
54105:001;
54106:001;
54107:001;
54108:001;
54109:001;
54110:001;
54111:001;
54112:001;
54113:001;
54114:001;
54115:001;
54116:001;
54117:001;
54118:001;
54119:001;
54120:001;
54121:001;
54122:000;
54123:000;
54124:000;
54125:002;
54126:002;
54127:002;
54128:002;
54129:002;
54130:002;
54131:002;
54132:002;
54133:002;
54134:002;
54135:002;
54136:002;
54137:002;
54138:002;
54139:002;
54140:002;
54141:002;
54142:002;
54143:000;
54144:002;
54145:002;
54146:002;
54147:002;
54148:002;
54149:002;
54150:002;
54151:002;
54152:002;
54153:002;
54154:002;
54155:002;
54156:002;
54157:002;
54158:002;
54159:002;
54160:002;
54161:002;
54162:000;
54163:000;
54164:000;
54165:001;
54166:001;
54167:001;
54168:001;
54169:001;
54170:001;
54171:001;
54172:001;
54173:001;
54174:001;
54175:001;
54176:001;
54177:001;
54178:001;
54179:001;
54180:001;
54181:001;
54182:001;
54183:001;
54184:001;
54185:001;
54186:001;
54187:001;
54188:001;
54189:001;
54190:001;
54191:001;
54192:001;
54193:001;
54194:001;
54195:001;
54196:001;
54197:001;
54198:001;
54199:001;
54200:001;
54201:001;
54202:001;
54203:001;
54204:001;
54205:001;
54206:001;
54207:001;
54208:001;
54209:001;
54210:001;
54211:001;
54212:001;
54213:001;
54214:001;
54215:001;
54216:001;
54217:001;
54218:001;
54219:001;
54220:001;
54221:001;
54222:001;
54223:001;
54224:001;
54225:001;
54226:001;
54227:001;
54228:001;
54229:001;
54230:001;
54231:001;
54232:001;
54233:001;
54234:001;
54235:001;
54236:001;
54237:001;
54238:001;
54239:001;
54240:001;
54241:001;
54242:001;
54243:001;
54244:001;
54245:001;
54246:001;
54247:001;
54248:001;
54249:001;
54250:001;
54251:000;
54252:000;
54253:000;
54254:002;
54255:002;
54256:002;
54257:002;
54258:002;
54259:002;
54260:002;
54261:002;
54262:002;
54263:002;
54264:002;
54265:002;
54266:002;
54267:002;
54268:002;
54269:002;
54270:002;
54271:000;
54272:002;
54273:002;
54274:002;
54275:002;
54276:002;
54277:002;
54278:002;
54279:002;
54280:002;
54281:002;
54282:002;
54283:002;
54284:002;
54285:002;
54286:002;
54287:002;
54288:002;
54289:000;
54290:000;
54291:000;
54292:001;
54293:001;
54294:001;
54295:001;
54296:001;
54297:001;
54298:001;
54299:001;
54300:001;
54301:001;
54302:001;
54303:001;
54304:001;
54305:001;
54306:001;
54307:001;
54308:001;
54309:001;
54310:001;
54311:001;
54312:001;
54313:001;
54314:001;
54315:001;
54316:001;
54317:001;
54318:001;
54319:001;
54320:001;
54321:001;
54322:001;
54323:001;
54324:001;
54325:001;
54326:001;
54327:001;
54328:001;
54329:001;
54330:001;
54331:001;
54332:001;
54333:001;
54334:001;
54335:001;
54336:001;
54337:001;
54338:001;
54339:001;
54340:001;
54341:001;
54342:001;
54343:001;
54344:001;
54345:001;
54346:001;
54347:001;
54348:001;
54349:001;
54350:001;
54351:001;
54352:001;
54353:001;
54354:001;
54355:001;
54356:001;
54357:001;
54358:001;
54359:001;
54360:001;
54361:001;
54362:001;
54363:001;
54364:001;
54365:001;
54366:001;
54367:001;
54368:001;
54369:001;
54370:001;
54371:001;
54372:001;
54373:001;
54374:001;
54375:001;
54376:001;
54377:001;
54378:001;
54379:001;
54380:000;
54381:000;
54382:000;
54383:002;
54384:002;
54385:002;
54386:002;
54387:002;
54388:002;
54389:002;
54390:002;
54391:002;
54392:002;
54393:002;
54394:002;
54395:002;
54396:002;
54397:002;
54398:002;
54399:000;
54400:002;
54401:002;
54402:002;
54403:002;
54404:002;
54405:002;
54406:002;
54407:002;
54408:002;
54409:002;
54410:002;
54411:002;
54412:002;
54413:002;
54414:002;
54415:002;
54416:000;
54417:000;
54418:000;
54419:001;
54420:001;
54421:001;
54422:001;
54423:001;
54424:001;
54425:001;
54426:001;
54427:001;
54428:001;
54429:001;
54430:001;
54431:001;
54432:001;
54433:001;
54434:001;
54435:001;
54436:001;
54437:001;
54438:001;
54439:001;
54440:001;
54441:001;
54442:001;
54443:001;
54444:001;
54445:001;
54446:001;
54447:001;
54448:001;
54449:001;
54450:001;
54451:001;
54452:001;
54453:001;
54454:001;
54455:001;
54456:001;
54457:001;
54458:001;
54459:001;
54460:001;
54461:001;
54462:001;
54463:001;
54464:001;
54465:001;
54466:001;
54467:001;
54468:001;
54469:001;
54470:001;
54471:001;
54472:001;
54473:001;
54474:001;
54475:001;
54476:001;
54477:001;
54478:001;
54479:001;
54480:001;
54481:001;
54482:001;
54483:001;
54484:001;
54485:001;
54486:001;
54487:001;
54488:001;
54489:001;
54490:001;
54491:001;
54492:001;
54493:001;
54494:001;
54495:001;
54496:001;
54497:001;
54498:001;
54499:001;
54500:001;
54501:001;
54502:001;
54503:001;
54504:001;
54505:001;
54506:001;
54507:001;
54508:001;
54509:000;
54510:000;
54511:000;
54512:002;
54513:002;
54514:002;
54515:002;
54516:002;
54517:002;
54518:002;
54519:002;
54520:002;
54521:002;
54522:002;
54523:002;
54524:002;
54525:002;
54526:002;
54527:000;
54528:000;
54529:000;
54530:000;
54531:000;
54532:000;
54533:000;
54534:000;
54535:000;
54536:000;
54537:000;
54538:000;
54539:000;
54540:000;
54541:000;
54542:000;
54543:000;
54544:000;
54545:000;
54546:001;
54547:001;
54548:001;
54549:001;
54550:001;
54551:001;
54552:001;
54553:001;
54554:001;
54555:001;
54556:001;
54557:001;
54558:001;
54559:001;
54560:001;
54561:001;
54562:001;
54563:001;
54564:001;
54565:001;
54566:001;
54567:001;
54568:001;
54569:001;
54570:001;
54571:001;
54572:001;
54573:001;
54574:001;
54575:001;
54576:001;
54577:001;
54578:001;
54579:001;
54580:001;
54581:001;
54582:001;
54583:001;
54584:001;
54585:001;
54586:001;
54587:001;
54588:001;
54589:001;
54590:001;
54591:001;
54592:001;
54593:001;
54594:001;
54595:001;
54596:001;
54597:001;
54598:001;
54599:001;
54600:001;
54601:001;
54602:001;
54603:001;
54604:001;
54605:001;
54606:001;
54607:001;
54608:001;
54609:001;
54610:001;
54611:001;
54612:001;
54613:001;
54614:001;
54615:001;
54616:001;
54617:001;
54618:001;
54619:001;
54620:001;
54621:001;
54622:001;
54623:001;
54624:001;
54625:001;
54626:001;
54627:001;
54628:001;
54629:001;
54630:001;
54631:001;
54632:001;
54633:001;
54634:001;
54635:001;
54636:001;
54637:001;
54638:000;
54639:000;
54640:000;
54641:000;
54642:000;
54643:000;
54644:000;
54645:000;
54646:000;
54647:000;
54648:000;
54649:000;
54650:000;
54651:000;
54652:000;
54653:000;
54654:000;
54655:000;
54656:000;
54657:000;
54658:000;
54659:000;
54660:000;
54661:000;
54662:000;
54663:000;
54664:000;
54665:000;
54666:000;
54667:000;
54668:000;
54669:000;
54670:000;
54671:000;
54672:000;
54673:001;
54674:001;
54675:001;
54676:001;
54677:001;
54678:001;
54679:001;
54680:001;
54681:001;
54682:001;
54683:001;
54684:001;
54685:001;
54686:001;
54687:001;
54688:001;
54689:001;
54690:001;
54691:001;
54692:001;
54693:001;
54694:001;
54695:001;
54696:001;
54697:001;
54698:001;
54699:001;
54700:001;
54701:001;
54702:001;
54703:001;
54704:001;
54705:001;
54706:001;
54707:001;
54708:001;
54709:001;
54710:001;
54711:001;
54712:001;
54713:001;
54714:001;
54715:001;
54716:001;
54717:001;
54718:001;
54719:001;
54720:001;
54721:001;
54722:001;
54723:001;
54724:001;
54725:001;
54726:001;
54727:001;
54728:001;
54729:001;
54730:001;
54731:001;
54732:001;
54733:001;
54734:001;
54735:001;
54736:001;
54737:001;
54738:001;
54739:001;
54740:001;
54741:001;
54742:001;
54743:001;
54744:001;
54745:001;
54746:001;
54747:001;
54748:001;
54749:001;
54750:001;
54751:001;
54752:001;
54753:001;
54754:001;
54755:001;
54756:001;
54757:001;
54758:001;
54759:001;
54760:001;
54761:001;
54762:001;
54763:001;
54764:001;
54765:001;
54766:001;
54767:000;
54768:000;
54769:000;
54770:000;
54771:000;
54772:000;
54773:000;
54774:000;
54775:000;
54776:000;
54777:000;
54778:000;
54779:000;
54780:000;
54781:000;
54782:000;
54783:000;
54784:001;
54785:001;
54786:001;
54787:001;
54788:001;
54789:001;
54790:001;
54791:001;
54792:001;
54793:001;
54794:001;
54795:001;
54796:001;
54797:001;
54798:001;
54799:001;
54800:001;
54801:001;
54802:001;
54803:001;
54804:001;
54805:001;
54806:001;
54807:001;
54808:001;
54809:001;
54810:001;
54811:001;
54812:001;
54813:001;
54814:001;
54815:001;
54816:001;
54817:001;
54818:001;
54819:001;
54820:001;
54821:001;
54822:001;
54823:001;
54824:001;
54825:001;
54826:001;
54827:001;
54828:001;
54829:001;
54830:001;
54831:001;
54832:001;
54833:001;
54834:001;
54835:001;
54836:001;
54837:001;
54838:001;
54839:001;
54840:001;
54841:001;
54842:001;
54843:001;
54844:001;
54845:001;
54846:001;
54847:001;
54848:001;
54849:001;
54850:001;
54851:001;
54852:001;
54853:001;
54854:001;
54855:001;
54856:001;
54857:001;
54858:001;
54859:001;
54860:001;
54861:001;
54862:001;
54863:001;
54864:001;
54865:001;
54866:001;
54867:001;
54868:001;
54869:001;
54870:001;
54871:001;
54872:001;
54873:001;
54874:001;
54875:001;
54876:001;
54877:001;
54878:001;
54879:001;
54880:001;
54881:001;
54882:001;
54883:001;
54884:001;
54885:001;
54886:001;
54887:001;
54888:001;
54889:001;
54890:001;
54891:001;
54892:001;
54893:001;
54894:001;
54895:001;
54896:001;
54897:001;
54898:001;
54899:001;
54900:001;
54901:001;
54902:001;
54903:001;
54904:001;
54905:001;
54906:001;
54907:001;
54908:001;
54909:001;
54910:001;
54911:001;
54912:001;
54913:001;
54914:001;
54915:001;
54916:001;
54917:001;
54918:001;
54919:001;
54920:001;
54921:001;
54922:001;
54923:001;
54924:001;
54925:001;
54926:001;
54927:001;
54928:001;
54929:001;
54930:001;
54931:001;
54932:001;
54933:001;
54934:001;
54935:001;
54936:001;
54937:001;
54938:001;
54939:001;
54940:001;
54941:001;
54942:001;
54943:001;
54944:001;
54945:001;
54946:001;
54947:001;
54948:001;
54949:001;
54950:001;
54951:001;
54952:001;
54953:001;
54954:001;
54955:001;
54956:001;
54957:001;
54958:001;
54959:001;
54960:001;
54961:001;
54962:001;
54963:001;
54964:001;
54965:001;
54966:001;
54967:001;
54968:001;
54969:001;
54970:001;
54971:001;
54972:001;
54973:001;
54974:001;
54975:001;
54976:001;
54977:001;
54978:001;
54979:001;
54980:001;
54981:001;
54982:001;
54983:001;
54984:001;
54985:001;
54986:001;
54987:001;
54988:001;
54989:001;
54990:001;
54991:001;
54992:001;
54993:001;
54994:001;
54995:001;
54996:001;
54997:001;
54998:001;
54999:001;
55000:001;
55001:001;
55002:001;
55003:001;
55004:001;
55005:001;
55006:001;
55007:001;
55008:001;
55009:001;
55010:001;
55011:001;
55012:001;
55013:001;
55014:001;
55015:001;
55016:001;
55017:001;
55018:001;
55019:001;
55020:001;
55021:001;
55022:001;
55023:001;
55024:001;
55025:001;
55026:001;
55027:001;
55028:001;
55029:001;
55030:001;
55031:001;
55032:001;
55033:001;
55034:001;
55035:001;
55036:001;
55037:001;
55038:001;
55039:001;
55040:001;
55041:001;
55042:001;
55043:001;
55044:001;
55045:001;
55046:001;
55047:001;
55048:001;
55049:001;
55050:001;
55051:001;
55052:001;
55053:001;
55054:001;
55055:001;
55056:001;
55057:001;
55058:001;
55059:001;
55060:001;
55061:001;
55062:001;
55063:001;
55064:001;
55065:001;
55066:001;
55067:001;
55068:001;
55069:001;
55070:001;
55071:001;
55072:001;
55073:001;
55074:001;
55075:001;
55076:001;
55077:001;
55078:001;
55079:001;
55080:001;
55081:001;
55082:001;
55083:001;
55084:001;
55085:001;
55086:001;
55087:001;
55088:001;
55089:001;
55090:001;
55091:001;
55092:001;
55093:001;
55094:001;
55095:001;
55096:001;
55097:001;
55098:001;
55099:001;
55100:001;
55101:001;
55102:001;
55103:001;
55104:001;
55105:001;
55106:001;
55107:001;
55108:001;
55109:001;
55110:001;
55111:001;
55112:001;
55113:001;
55114:001;
55115:001;
55116:001;
55117:001;
55118:001;
55119:001;
55120:001;
55121:001;
55122:001;
55123:001;
55124:001;
55125:001;
55126:001;
55127:001;
55128:001;
55129:001;
55130:001;
55131:001;
55132:001;
55133:001;
55134:001;
55135:001;
55136:001;
55137:001;
55138:001;
55139:001;
55140:001;
55141:001;
55142:001;
55143:001;
55144:001;
55145:001;
55146:001;
55147:001;
55148:001;
55149:001;
55150:001;
55151:001;
55152:001;
55153:001;
55154:001;
55155:001;
55156:001;
55157:001;
55158:001;
55159:001;
55160:001;
55161:001;
55162:001;
55163:001;
55164:001;
55165:001;
55166:001;
55167:001;
55168:001;
55169:001;
55170:001;
55171:001;
55172:001;
55173:001;
55174:001;
55175:001;
55176:001;
55177:001;
55178:001;
55179:001;
55180:001;
55181:001;
55182:001;
55183:001;
55184:001;
55185:001;
55186:001;
55187:001;
55188:001;
55189:001;
55190:001;
55191:001;
55192:001;
55193:001;
55194:001;
55195:001;
55196:001;
55197:001;
55198:001;
55199:001;
55200:001;
55201:001;
55202:001;
55203:001;
55204:001;
55205:001;
55206:001;
55207:001;
55208:001;
55209:001;
55210:001;
55211:001;
55212:001;
55213:001;
55214:001;
55215:001;
55216:001;
55217:001;
55218:001;
55219:001;
55220:001;
55221:001;
55222:001;
55223:001;
55224:001;
55225:001;
55226:001;
55227:001;
55228:001;
55229:001;
55230:001;
55231:001;
55232:001;
55233:001;
55234:001;
55235:001;
55236:001;
55237:001;
55238:001;
55239:001;
55240:001;
55241:001;
55242:001;
55243:001;
55244:001;
55245:001;
55246:001;
55247:001;
55248:001;
55249:001;
55250:001;
55251:001;
55252:001;
55253:001;
55254:001;
55255:001;
55256:001;
55257:001;
55258:001;
55259:001;
55260:001;
55261:001;
55262:001;
55263:001;
55264:001;
55265:001;
55266:001;
55267:001;
55268:001;
55269:001;
55270:001;
55271:001;
55272:001;
55273:001;
55274:001;
55275:001;
55276:001;
55277:001;
55278:001;
55279:001;
55280:001;
55281:001;
55282:001;
55283:001;
55284:001;
55285:001;
55286:001;
55287:001;
55288:001;
55289:001;
55290:001;
55291:001;
55292:001;
55293:001;
55294:001;
55295:001;
55296:001;
55297:001;
55298:001;
55299:001;
55300:001;
55301:001;
55302:001;
55303:001;
55304:001;
55305:001;
55306:001;
55307:001;
55308:001;
55309:001;
55310:001;
55311:001;
55312:001;
55313:001;
55314:001;
55315:001;
55316:001;
55317:001;
55318:001;
55319:001;
55320:001;
55321:001;
55322:001;
55323:001;
55324:001;
55325:001;
55326:001;
55327:001;
55328:001;
55329:001;
55330:001;
55331:001;
55332:001;
55333:001;
55334:001;
55335:001;
55336:001;
55337:001;
55338:001;
55339:001;
55340:001;
55341:001;
55342:001;
55343:001;
55344:001;
55345:001;
55346:001;
55347:001;
55348:001;
55349:001;
55350:001;
55351:001;
55352:001;
55353:001;
55354:001;
55355:001;
55356:001;
55357:001;
55358:001;
55359:001;
55360:001;
55361:001;
55362:001;
55363:001;
55364:001;
55365:001;
55366:001;
55367:001;
55368:001;
55369:001;
55370:001;
55371:001;
55372:001;
55373:001;
55374:001;
55375:001;
55376:001;
55377:001;
55378:001;
55379:001;
55380:001;
55381:001;
55382:001;
55383:001;
55384:001;
55385:001;
55386:001;
55387:001;
55388:001;
55389:001;
55390:001;
55391:001;
55392:001;
55393:001;
55394:001;
55395:001;
55396:001;
55397:001;
55398:001;
55399:001;
55400:001;
55401:001;
55402:001;
55403:001;
55404:001;
55405:001;
55406:001;
55407:001;
55408:001;
55409:001;
55410:001;
55411:001;
55412:001;
55413:001;
55414:001;
55415:001;
55416:001;
55417:001;
55418:001;
55419:001;
55420:001;
55421:001;
55422:001;
55423:001;
55424:001;
55425:001;
55426:001;
55427:001;
55428:001;
55429:001;
55430:001;
55431:001;
55432:001;
55433:001;
55434:001;
55435:001;
55436:001;
55437:001;
55438:001;
55439:001;
55440:001;
55441:001;
55442:001;
55443:001;
55444:001;
55445:001;
55446:001;
55447:001;
55448:001;
55449:001;
55450:001;
55451:001;
55452:001;
55453:001;
55454:001;
55455:001;
55456:001;
55457:001;
55458:001;
55459:001;
55460:001;
55461:001;
55462:001;
55463:001;
55464:001;
55465:001;
55466:001;
55467:001;
55468:001;
55469:001;
55470:001;
55471:001;
55472:001;
55473:001;
55474:001;
55475:001;
55476:001;
55477:001;
55478:001;
55479:001;
55480:001;
55481:001;
55482:001;
55483:001;
55484:001;
55485:001;
55486:001;
55487:001;
55488:001;
55489:001;
55490:001;
55491:001;
55492:001;
55493:001;
55494:001;
55495:001;
55496:001;
55497:001;
55498:001;
55499:001;
55500:001;
55501:001;
55502:001;
55503:001;
55504:001;
55505:001;
55506:001;
55507:001;
55508:001;
55509:001;
55510:001;
55511:001;
55512:001;
55513:001;
55514:001;
55515:001;
55516:001;
55517:001;
55518:001;
55519:001;
55520:001;
55521:001;
55522:001;
55523:001;
55524:001;
55525:001;
55526:001;
55527:001;
55528:001;
55529:001;
55530:001;
55531:001;
55532:001;
55533:001;
55534:001;
55535:001;
55536:001;
55537:001;
55538:001;
55539:001;
55540:001;
55541:001;
55542:001;
55543:001;
55544:001;
55545:001;
55546:001;
55547:001;
55548:001;
55549:001;
55550:001;
55551:001;
55552:001;
55553:001;
55554:001;
55555:001;
55556:001;
55557:001;
55558:001;
55559:001;
55560:001;
55561:001;
55562:001;
55563:001;
55564:001;
55565:001;
55566:001;
55567:001;
55568:001;
55569:001;
55570:001;
55571:001;
55572:001;
55573:001;
55574:001;
55575:001;
55576:001;
55577:001;
55578:001;
55579:001;
55580:001;
55581:001;
55582:001;
55583:001;
55584:001;
55585:001;
55586:001;
55587:001;
55588:001;
55589:001;
55590:001;
55591:001;
55592:001;
55593:001;
55594:001;
55595:001;
55596:001;
55597:001;
55598:001;
55599:001;
55600:001;
55601:001;
55602:001;
55603:001;
55604:001;
55605:001;
55606:001;
55607:001;
55608:001;
55609:001;
55610:001;
55611:001;
55612:001;
55613:001;
55614:001;
55615:001;
55616:001;
55617:001;
55618:001;
55619:001;
55620:001;
55621:001;
55622:001;
55623:001;
55624:001;
55625:001;
55626:001;
55627:001;
55628:001;
55629:001;
55630:001;
55631:001;
55632:001;
55633:001;
55634:001;
55635:001;
55636:001;
55637:001;
55638:001;
55639:001;
55640:001;
55641:001;
55642:001;
55643:001;
55644:001;
55645:001;
55646:001;
55647:001;
55648:001;
55649:001;
55650:001;
55651:001;
55652:001;
55653:001;
55654:001;
55655:001;
55656:001;
55657:001;
55658:001;
55659:001;
55660:001;
55661:001;
55662:001;
55663:001;
55664:001;
55665:001;
55666:001;
55667:001;
55668:001;
55669:001;
55670:001;
55671:001;
55672:001;
55673:001;
55674:001;
55675:001;
55676:001;
55677:001;
55678:001;
55679:001;
55680:001;
55681:001;
55682:001;
55683:001;
55684:001;
55685:001;
55686:001;
55687:001;
55688:001;
55689:001;
55690:001;
55691:001;
55692:001;
55693:001;
55694:001;
55695:001;
55696:001;
55697:001;
55698:001;
55699:001;
55700:001;
55701:001;
55702:001;
55703:001;
55704:001;
55705:001;
55706:001;
55707:001;
55708:001;
55709:001;
55710:001;
55711:001;
55712:001;
55713:001;
55714:001;
55715:001;
55716:001;
55717:001;
55718:001;
55719:001;
55720:001;
55721:001;
55722:001;
55723:001;
55724:001;
55725:001;
55726:001;
55727:001;
55728:001;
55729:001;
55730:001;
55731:001;
55732:001;
55733:001;
55734:001;
55735:001;
55736:001;
55737:001;
55738:001;
55739:001;
55740:001;
55741:001;
55742:001;
55743:001;
55744:001;
55745:001;
55746:001;
55747:001;
55748:001;
55749:001;
55750:001;
55751:001;
55752:001;
55753:001;
55754:001;
55755:001;
55756:001;
55757:001;
55758:001;
55759:001;
55760:001;
55761:001;
55762:001;
55763:001;
55764:001;
55765:001;
55766:001;
55767:001;
55768:001;
55769:001;
55770:001;
55771:001;
55772:001;
55773:001;
55774:001;
55775:001;
55776:001;
55777:001;
55778:001;
55779:001;
55780:001;
55781:001;
55782:001;
55783:001;
55784:001;
55785:001;
55786:001;
55787:001;
55788:001;
55789:001;
55790:001;
55791:001;
55792:001;
55793:001;
55794:001;
55795:001;
55796:001;
55797:001;
55798:001;
55799:001;
55800:001;
55801:001;
55802:001;
55803:001;
55804:001;
55805:001;
55806:001;
55807:001;
55808:001;
55809:001;
55810:001;
55811:001;
55812:001;
55813:001;
55814:001;
55815:001;
55816:001;
55817:001;
55818:001;
55819:001;
55820:001;
55821:001;
55822:001;
55823:001;
55824:001;
55825:001;
55826:001;
55827:001;
55828:001;
55829:001;
55830:001;
55831:001;
55832:001;
55833:001;
55834:001;
55835:001;
55836:001;
55837:001;
55838:001;
55839:001;
55840:001;
55841:001;
55842:001;
55843:001;
55844:001;
55845:001;
55846:001;
55847:001;
55848:001;
55849:001;
55850:001;
55851:001;
55852:001;
55853:001;
55854:001;
55855:001;
55856:001;
55857:001;
55858:001;
55859:001;
55860:001;
55861:001;
55862:001;
55863:001;
55864:001;
55865:001;
55866:001;
55867:001;
55868:001;
55869:001;
55870:001;
55871:001;
55872:001;
55873:001;
55874:001;
55875:001;
55876:001;
55877:001;
55878:001;
55879:001;
55880:001;
55881:001;
55882:001;
55883:001;
55884:001;
55885:001;
55886:001;
55887:001;
55888:001;
55889:001;
55890:001;
55891:001;
55892:001;
55893:001;
55894:001;
55895:001;
55896:001;
55897:001;
55898:001;
55899:001;
55900:001;
55901:001;
55902:001;
55903:001;
55904:001;
55905:001;
55906:001;
55907:001;
55908:001;
55909:001;
55910:001;
55911:001;
55912:001;
55913:001;
55914:001;
55915:001;
55916:001;
55917:001;
55918:001;
55919:001;
55920:001;
55921:001;
55922:001;
55923:001;
55924:001;
55925:001;
55926:001;
55927:001;
55928:001;
55929:001;
55930:001;
55931:001;
55932:001;
55933:001;
55934:001;
55935:001;
55936:001;
55937:001;
55938:001;
55939:001;
55940:001;
55941:001;
55942:001;
55943:001;
55944:001;
55945:001;
55946:001;
55947:001;
55948:001;
55949:001;
55950:001;
55951:001;
55952:001;
55953:001;
55954:001;
55955:001;
55956:001;
55957:001;
55958:001;
55959:001;
55960:001;
55961:001;
55962:001;
55963:001;
55964:001;
55965:001;
55966:001;
55967:001;
55968:001;
55969:001;
55970:001;
55971:001;
55972:001;
55973:001;
55974:001;
55975:001;
55976:001;
55977:001;
55978:001;
55979:001;
55980:001;
55981:001;
55982:001;
55983:001;
55984:001;
55985:001;
55986:001;
55987:001;
55988:001;
55989:001;
55990:001;
55991:001;
55992:001;
55993:001;
55994:001;
55995:001;
55996:001;
55997:001;
55998:001;
55999:001;
56000:001;
56001:001;
56002:001;
56003:001;
56004:001;
56005:001;
56006:001;
56007:001;
56008:001;
56009:001;
56010:001;
56011:001;
56012:001;
56013:001;
56014:001;
56015:001;
56016:001;
56017:001;
56018:001;
56019:001;
56020:001;
56021:001;
56022:001;
56023:001;
56024:001;
56025:001;
56026:001;
56027:001;
56028:001;
56029:001;
56030:001;
56031:001;
56032:001;
56033:001;
56034:001;
56035:001;
56036:001;
56037:001;
56038:001;
56039:001;
56040:001;
56041:001;
56042:001;
56043:001;
56044:001;
56045:001;
56046:001;
56047:001;
56048:001;
56049:001;
56050:001;
56051:001;
56052:001;
56053:001;
56054:001;
56055:001;
56056:001;
56057:001;
56058:001;
56059:001;
56060:001;
56061:001;
56062:001;
56063:001;
56064:001;
56065:001;
56066:001;
56067:001;
56068:001;
56069:001;
56070:001;
56071:001;
56072:001;
56073:001;
56074:001;
56075:001;
56076:001;
56077:001;
56078:001;
56079:001;
56080:001;
56081:001;
56082:001;
56083:001;
56084:001;
56085:001;
56086:001;
56087:001;
56088:001;
56089:001;
56090:001;
56091:001;
56092:001;
56093:001;
56094:001;
56095:001;
56096:001;
56097:001;
56098:001;
56099:001;
56100:001;
56101:001;
56102:001;
56103:001;
56104:001;
56105:001;
56106:001;
56107:001;
56108:001;
56109:001;
56110:001;
56111:001;
56112:001;
56113:001;
56114:001;
56115:001;
56116:001;
56117:001;
56118:001;
56119:001;
56120:001;
56121:001;
56122:001;
56123:001;
56124:001;
56125:001;
56126:001;
56127:001;
56128:001;
56129:001;
56130:001;
56131:001;
56132:001;
56133:001;
56134:001;
56135:001;
56136:001;
56137:001;
56138:001;
56139:001;
56140:001;
56141:001;
56142:001;
56143:001;
56144:001;
56145:001;
56146:001;
56147:001;
56148:001;
56149:001;
56150:001;
56151:001;
56152:001;
56153:001;
56154:001;
56155:001;
56156:001;
56157:001;
56158:001;
56159:001;
56160:001;
56161:001;
56162:001;
56163:001;
56164:001;
56165:001;
56166:001;
56167:001;
56168:001;
56169:001;
56170:001;
56171:001;
56172:001;
56173:001;
56174:001;
56175:001;
56176:001;
56177:001;
56178:001;
56179:001;
56180:001;
56181:001;
56182:001;
56183:001;
56184:001;
56185:001;
56186:001;
56187:001;
56188:001;
56189:001;
56190:001;
56191:001;
56192:001;
56193:001;
56194:001;
56195:001;
56196:001;
56197:001;
56198:001;
56199:001;
56200:001;
56201:001;
56202:001;
56203:001;
56204:001;
56205:001;
56206:001;
56207:001;
56208:001;
56209:001;
56210:001;
56211:001;
56212:001;
56213:001;
56214:001;
56215:001;
56216:001;
56217:001;
56218:001;
56219:001;
56220:001;
56221:001;
56222:001;
56223:001;
56224:001;
56225:001;
56226:001;
56227:001;
56228:001;
56229:001;
56230:001;
56231:001;
56232:001;
56233:001;
56234:001;
56235:001;
56236:001;
56237:001;
56238:001;
56239:001;
56240:001;
56241:001;
56242:001;
56243:001;
56244:001;
56245:001;
56246:001;
56247:001;
56248:001;
56249:001;
56250:001;
56251:001;
56252:001;
56253:001;
56254:001;
56255:001;
56256:001;
56257:001;
56258:001;
56259:001;
56260:001;
56261:001;
56262:001;
56263:001;
56264:001;
56265:001;
56266:001;
56267:001;
56268:001;
56269:001;
56270:001;
56271:001;
56272:001;
56273:001;
56274:001;
56275:001;
56276:001;
56277:001;
56278:001;
56279:001;
56280:001;
56281:001;
56282:001;
56283:001;
56284:001;
56285:001;
56286:001;
56287:001;
56288:001;
56289:001;
56290:001;
56291:001;
56292:001;
56293:001;
56294:001;
56295:001;
56296:001;
56297:001;
56298:001;
56299:001;
56300:001;
56301:001;
56302:001;
56303:001;
56304:001;
56305:001;
56306:001;
56307:001;
56308:001;
56309:001;
56310:001;
56311:001;
56312:001;
56313:001;
56314:001;
56315:001;
56316:001;
56317:001;
56318:001;
56319:001;
56320:001;
56321:001;
56322:001;
56323:001;
56324:001;
56325:001;
56326:001;
56327:001;
56328:001;
56329:001;
56330:001;
56331:001;
56332:001;
56333:001;
56334:001;
56335:001;
56336:001;
56337:001;
56338:001;
56339:001;
56340:001;
56341:001;
56342:001;
56343:001;
56344:001;
56345:001;
56346:001;
56347:001;
56348:001;
56349:001;
56350:001;
56351:001;
56352:001;
56353:001;
56354:001;
56355:001;
56356:001;
56357:001;
56358:001;
56359:001;
56360:001;
56361:001;
56362:001;
56363:001;
56364:001;
56365:001;
56366:001;
56367:001;
56368:001;
56369:001;
56370:001;
56371:001;
56372:001;
56373:001;
56374:001;
56375:001;
56376:001;
56377:001;
56378:001;
56379:001;
56380:001;
56381:001;
56382:001;
56383:001;
56384:001;
56385:001;
56386:001;
56387:001;
56388:001;
56389:001;
56390:001;
56391:001;
56392:001;
56393:001;
56394:001;
56395:001;
56396:001;
56397:001;
56398:001;
56399:001;
56400:001;
56401:001;
56402:001;
56403:001;
56404:001;
56405:001;
56406:001;
56407:001;
56408:001;
56409:001;
56410:001;
56411:001;
56412:001;
56413:001;
56414:001;
56415:001;
56416:001;
56417:001;
56418:001;
56419:001;
56420:001;
56421:001;
56422:001;
56423:001;
56424:001;
56425:001;
56426:001;
56427:001;
56428:001;
56429:001;
56430:001;
56431:001;
56432:001;
56433:001;
56434:001;
56435:001;
56436:001;
56437:001;
56438:001;
56439:001;
56440:001;
56441:001;
56442:001;
56443:001;
56444:001;
56445:001;
56446:001;
56447:001;
56448:001;
56449:001;
56450:001;
56451:001;
56452:001;
56453:001;
56454:001;
56455:001;
56456:001;
56457:001;
56458:001;
56459:001;
56460:001;
56461:001;
56462:001;
56463:001;
56464:001;
56465:001;
56466:001;
56467:001;
56468:001;
56469:001;
56470:001;
56471:001;
56472:001;
56473:001;
56474:001;
56475:001;
56476:001;
56477:001;
56478:001;
56479:001;
56480:001;
56481:001;
56482:001;
56483:001;
56484:001;
56485:001;
56486:001;
56487:001;
56488:001;
56489:001;
56490:001;
56491:001;
56492:001;
56493:001;
56494:001;
56495:001;
56496:001;
56497:001;
56498:001;
56499:001;
56500:001;
56501:001;
56502:001;
56503:001;
56504:001;
56505:001;
56506:001;
56507:001;
56508:001;
56509:001;
56510:001;
56511:001;
56512:001;
56513:001;
56514:001;
56515:001;
56516:001;
56517:001;
56518:001;
56519:001;
56520:001;
56521:001;
56522:001;
56523:001;
56524:001;
56525:001;
56526:001;
56527:001;
56528:001;
56529:001;
56530:001;
56531:001;
56532:001;
56533:001;
56534:001;
56535:001;
56536:001;
56537:001;
56538:001;
56539:001;
56540:001;
56541:001;
56542:001;
56543:001;
56544:001;
56545:001;
56546:001;
56547:001;
56548:001;
56549:001;
56550:001;
56551:001;
56552:001;
56553:001;
56554:001;
56555:001;
56556:001;
56557:001;
56558:001;
56559:001;
56560:001;
56561:001;
56562:001;
56563:001;
56564:001;
56565:001;
56566:001;
56567:001;
56568:001;
56569:001;
56570:001;
56571:001;
56572:001;
56573:001;
56574:001;
56575:001;
56576:001;
56577:001;
56578:001;
56579:001;
56580:001;
56581:001;
56582:001;
56583:001;
56584:001;
56585:001;
56586:001;
56587:001;
56588:001;
56589:001;
56590:001;
56591:001;
56592:001;
56593:001;
56594:001;
56595:001;
56596:001;
56597:001;
56598:001;
56599:001;
56600:001;
56601:001;
56602:001;
56603:001;
56604:001;
56605:001;
56606:001;
56607:001;
56608:001;
56609:001;
56610:001;
56611:001;
56612:001;
56613:001;
56614:001;
56615:001;
56616:001;
56617:001;
56618:001;
56619:001;
56620:001;
56621:001;
56622:001;
56623:001;
56624:001;
56625:001;
56626:001;
56627:001;
56628:001;
56629:001;
56630:001;
56631:001;
56632:001;
56633:001;
56634:001;
56635:001;
56636:001;
56637:001;
56638:001;
56639:001;
56640:001;
56641:001;
56642:001;
56643:001;
56644:001;
56645:001;
56646:001;
56647:001;
56648:001;
56649:001;
56650:001;
56651:001;
56652:001;
56653:001;
56654:001;
56655:001;
56656:001;
56657:001;
56658:001;
56659:001;
56660:001;
56661:001;
56662:001;
56663:001;
56664:001;
56665:001;
56666:001;
56667:001;
56668:001;
56669:001;
56670:001;
56671:001;
56672:001;
56673:001;
56674:001;
56675:001;
56676:001;
56677:001;
56678:001;
56679:001;
56680:001;
56681:001;
56682:001;
56683:001;
56684:001;
56685:001;
56686:001;
56687:001;
56688:001;
56689:001;
56690:001;
56691:001;
56692:001;
56693:001;
56694:001;
56695:001;
56696:001;
56697:001;
56698:001;
56699:001;
56700:001;
56701:001;
56702:001;
56703:001;
56704:001;
56705:001;
56706:001;
56707:001;
56708:001;
56709:001;
56710:001;
56711:001;
56712:001;
56713:001;
56714:001;
56715:001;
56716:001;
56717:001;
56718:001;
56719:001;
56720:001;
56721:001;
56722:001;
56723:001;
56724:001;
56725:001;
56726:001;
56727:001;
56728:001;
56729:001;
56730:001;
56731:001;
56732:001;
56733:001;
56734:001;
56735:001;
56736:001;
56737:001;
56738:001;
56739:001;
56740:001;
56741:001;
56742:001;
56743:001;
56744:001;
56745:001;
56746:001;
56747:001;
56748:001;
56749:001;
56750:001;
56751:001;
56752:001;
56753:001;
56754:001;
56755:001;
56756:001;
56757:001;
56758:001;
56759:001;
56760:001;
56761:001;
56762:001;
56763:001;
56764:001;
56765:001;
56766:001;
56767:001;
56768:001;
56769:001;
56770:001;
56771:001;
56772:001;
56773:001;
56774:001;
56775:001;
56776:001;
56777:001;
56778:001;
56779:001;
56780:001;
56781:001;
56782:001;
56783:001;
56784:001;
56785:001;
56786:001;
56787:001;
56788:001;
56789:001;
56790:001;
56791:001;
56792:001;
56793:001;
56794:001;
56795:001;
56796:001;
56797:001;
56798:001;
56799:001;
56800:001;
56801:001;
56802:001;
56803:001;
56804:001;
56805:001;
56806:001;
56807:001;
56808:001;
56809:001;
56810:001;
56811:001;
56812:001;
56813:001;
56814:001;
56815:001;
56816:001;
56817:001;
56818:001;
56819:001;
56820:001;
56821:001;
56822:001;
56823:001;
56824:001;
56825:001;
56826:001;
56827:001;
56828:001;
56829:001;
56830:001;
56831:001;
56832:001;
56833:001;
56834:001;
56835:001;
56836:001;
56837:001;
56838:001;
56839:001;
56840:001;
56841:001;
56842:001;
56843:001;
56844:001;
56845:001;
56846:001;
56847:001;
56848:001;
56849:001;
56850:001;
56851:001;
56852:001;
56853:001;
56854:001;
56855:001;
56856:001;
56857:001;
56858:001;
56859:001;
56860:001;
56861:001;
56862:001;
56863:001;
56864:001;
56865:001;
56866:001;
56867:001;
56868:001;
56869:001;
56870:001;
56871:001;
56872:001;
56873:001;
56874:001;
56875:001;
56876:001;
56877:001;
56878:001;
56879:001;
56880:001;
56881:001;
56882:001;
56883:001;
56884:001;
56885:001;
56886:001;
56887:001;
56888:001;
56889:001;
56890:001;
56891:001;
56892:001;
56893:001;
56894:001;
56895:001;
56896:001;
56897:001;
56898:001;
56899:001;
56900:001;
56901:001;
56902:001;
56903:001;
56904:001;
56905:001;
56906:001;
56907:001;
56908:001;
56909:001;
56910:001;
56911:001;
56912:001;
56913:001;
56914:001;
56915:001;
56916:001;
56917:001;
56918:001;
56919:001;
56920:001;
56921:001;
56922:001;
56923:001;
56924:001;
56925:001;
56926:001;
56927:001;
56928:001;
56929:001;
56930:001;
56931:001;
56932:001;
56933:001;
56934:001;
56935:001;
56936:001;
56937:001;
56938:001;
56939:001;
56940:001;
56941:001;
56942:001;
56943:001;
56944:001;
56945:001;
56946:001;
56947:001;
56948:001;
56949:001;
56950:001;
56951:001;
56952:001;
56953:001;
56954:001;
56955:001;
56956:001;
56957:001;
56958:001;
56959:001;
56960:001;
56961:001;
56962:001;
56963:001;
56964:001;
56965:001;
56966:001;
56967:001;
56968:001;
56969:001;
56970:001;
56971:001;
56972:001;
56973:001;
56974:001;
56975:001;
56976:001;
56977:001;
56978:001;
56979:001;
56980:001;
56981:001;
56982:001;
56983:001;
56984:001;
56985:001;
56986:001;
56987:001;
56988:001;
56989:001;
56990:001;
56991:001;
56992:001;
56993:001;
56994:001;
56995:001;
56996:001;
56997:001;
56998:001;
56999:001;
57000:001;
57001:001;
57002:001;
57003:001;
57004:001;
57005:001;
57006:001;
57007:001;
57008:001;
57009:001;
57010:001;
57011:001;
57012:001;
57013:001;
57014:001;
57015:001;
57016:001;
57017:001;
57018:001;
57019:001;
57020:001;
57021:001;
57022:001;
57023:001;
57024:001;
57025:001;
57026:001;
57027:001;
57028:001;
57029:001;
57030:001;
57031:001;
57032:001;
57033:001;
57034:001;
57035:001;
57036:001;
57037:001;
57038:001;
57039:001;
57040:001;
57041:001;
57042:001;
57043:001;
57044:001;
57045:001;
57046:001;
57047:001;
57048:001;
57049:001;
57050:001;
57051:001;
57052:001;
57053:001;
57054:001;
57055:001;
57056:001;
57057:001;
57058:001;
57059:001;
57060:001;
57061:001;
57062:001;
57063:001;
57064:001;
57065:001;
57066:001;
57067:001;
57068:001;
57069:001;
57070:001;
57071:001;
57072:001;
57073:001;
57074:001;
57075:001;
57076:001;
57077:001;
57078:001;
57079:001;
57080:001;
57081:001;
57082:001;
57083:001;
57084:001;
57085:001;
57086:001;
57087:001;
57088:001;
57089:001;
57090:001;
57091:001;
57092:001;
57093:001;
57094:001;
57095:001;
57096:001;
57097:001;
57098:001;
57099:001;
57100:001;
57101:001;
57102:001;
57103:001;
57104:001;
57105:001;
57106:001;
57107:001;
57108:001;
57109:001;
57110:001;
57111:001;
57112:001;
57113:001;
57114:001;
57115:001;
57116:001;
57117:001;
57118:001;
57119:001;
57120:001;
57121:001;
57122:001;
57123:001;
57124:001;
57125:001;
57126:001;
57127:001;
57128:001;
57129:001;
57130:001;
57131:001;
57132:001;
57133:001;
57134:001;
57135:001;
57136:001;
57137:001;
57138:001;
57139:001;
57140:001;
57141:001;
57142:001;
57143:001;
57144:001;
57145:001;
57146:001;
57147:001;
57148:001;
57149:001;
57150:001;
57151:001;
57152:001;
57153:001;
57154:001;
57155:001;
57156:001;
57157:001;
57158:001;
57159:001;
57160:001;
57161:001;
57162:001;
57163:001;
57164:001;
57165:001;
57166:001;
57167:001;
57168:001;
57169:001;
57170:001;
57171:001;
57172:001;
57173:001;
57174:001;
57175:001;
57176:001;
57177:001;
57178:001;
57179:001;
57180:001;
57181:001;
57182:001;
57183:001;
57184:001;
57185:001;
57186:001;
57187:001;
57188:001;
57189:001;
57190:001;
57191:001;
57192:001;
57193:001;
57194:001;
57195:001;
57196:001;
57197:001;
57198:001;
57199:001;
57200:001;
57201:001;
57202:001;
57203:001;
57204:001;
57205:001;
57206:001;
57207:001;
57208:001;
57209:001;
57210:001;
57211:001;
57212:001;
57213:001;
57214:001;
57215:001;
57216:001;
57217:001;
57218:001;
57219:001;
57220:001;
57221:001;
57222:001;
57223:001;
57224:001;
57225:001;
57226:001;
57227:001;
57228:001;
57229:001;
57230:001;
57231:001;
57232:001;
57233:001;
57234:001;
57235:001;
57236:001;
57237:001;
57238:001;
57239:001;
57240:001;
57241:001;
57242:001;
57243:001;
57244:001;
57245:001;
57246:001;
57247:001;
57248:001;
57249:001;
57250:001;
57251:001;
57252:001;
57253:001;
57254:001;
57255:001;
57256:001;
57257:001;
57258:001;
57259:001;
57260:001;
57261:001;
57262:001;
57263:001;
57264:001;
57265:001;
57266:001;
57267:001;
57268:001;
57269:001;
57270:001;
57271:001;
57272:001;
57273:001;
57274:001;
57275:001;
57276:001;
57277:001;
57278:001;
57279:001;
57280:001;
57281:001;
57282:001;
57283:001;
57284:001;
57285:001;
57286:001;
57287:001;
57288:001;
57289:001;
57290:001;
57291:001;
57292:001;
57293:001;
57294:001;
57295:001;
57296:001;
57297:001;
57298:001;
57299:001;
57300:001;
57301:001;
57302:001;
57303:001;
57304:001;
57305:001;
57306:001;
57307:001;
57308:001;
57309:001;
57310:001;
57311:001;
57312:001;
57313:001;
57314:001;
57315:001;
57316:001;
57317:001;
57318:001;
57319:001;
57320:001;
57321:001;
57322:001;
57323:001;
57324:001;
57325:001;
57326:001;
57327:001;
57328:001;
57329:001;
57330:001;
57331:001;
57332:001;
57333:001;
57334:001;
57335:001;
57336:001;
57337:001;
57338:001;
57339:001;
57340:001;
57341:001;
57342:001;
57343:001;
57344:001;
57345:001;
57346:001;
57347:001;
57348:001;
57349:001;
57350:001;
57351:001;
57352:001;
57353:001;
57354:001;
57355:001;
57356:001;
57357:001;
57358:001;
57359:001;
57360:001;
57361:001;
57362:001;
57363:001;
57364:001;
57365:001;
57366:001;
57367:001;
57368:001;
57369:001;
57370:001;
57371:001;
57372:001;
57373:001;
57374:001;
57375:001;
57376:001;
57377:001;
57378:001;
57379:001;
57380:001;
57381:001;
57382:001;
57383:001;
57384:001;
57385:001;
57386:001;
57387:001;
57388:001;
57389:001;
57390:001;
57391:001;
57392:001;
57393:001;
57394:001;
57395:001;
57396:001;
57397:001;
57398:001;
57399:001;
57400:001;
57401:001;
57402:001;
57403:001;
57404:001;
57405:001;
57406:001;
57407:001;
57408:001;
57409:001;
57410:001;
57411:001;
57412:001;
57413:001;
57414:001;
57415:001;
57416:001;
57417:001;
57418:001;
57419:001;
57420:001;
57421:001;
57422:001;
57423:001;
57424:001;
57425:001;
57426:001;
57427:001;
57428:001;
57429:001;
57430:001;
57431:001;
57432:001;
57433:001;
57434:001;
57435:001;
57436:001;
57437:001;
57438:001;
57439:001;
57440:001;
57441:001;
57442:001;
57443:001;
57444:001;
57445:001;
57446:001;
57447:001;
57448:001;
57449:001;
57450:001;
57451:001;
57452:001;
57453:001;
57454:001;
57455:001;
57456:001;
57457:001;
57458:001;
57459:001;
57460:001;
57461:001;
57462:001;
57463:001;
57464:001;
57465:001;
57466:001;
57467:001;
57468:001;
57469:001;
57470:001;
57471:001;
57472:001;
57473:001;
57474:001;
57475:001;
57476:001;
57477:001;
57478:001;
57479:001;
57480:001;
57481:001;
57482:001;
57483:001;
57484:001;
57485:001;
57486:001;
57487:001;
57488:001;
57489:001;
57490:001;
57491:001;
57492:001;
57493:001;
57494:001;
57495:001;
57496:001;
57497:001;
57498:001;
57499:001;
57500:001;
57501:001;
57502:001;
57503:001;
57504:001;
57505:001;
57506:001;
57507:001;
57508:001;
57509:001;
57510:001;
57511:001;
57512:001;
57513:001;
57514:001;
57515:001;
57516:001;
57517:001;
57518:001;
57519:001;
57520:001;
57521:001;
57522:001;
57523:001;
57524:001;
57525:001;
57526:001;
57527:001;
57528:001;
57529:001;
57530:001;
57531:001;
57532:001;
57533:001;
57534:001;
57535:001;
57536:001;
57537:001;
57538:001;
57539:001;
57540:001;
57541:001;
57542:001;
57543:001;
57544:001;
57545:001;
57546:001;
57547:001;
57548:001;
57549:001;
57550:001;
57551:001;
57552:001;
57553:001;
57554:001;
57555:001;
57556:001;
57557:001;
57558:001;
57559:001;
57560:001;
57561:001;
57562:001;
57563:001;
57564:001;
57565:001;
57566:001;
57567:001;
57568:001;
57569:001;
57570:001;
57571:001;
57572:001;
57573:001;
57574:001;
57575:001;
57576:001;
57577:001;
57578:001;
57579:001;
57580:001;
57581:001;
57582:001;
57583:001;
57584:001;
57585:001;
57586:001;
57587:001;
57588:001;
57589:001;
57590:001;
57591:001;
57592:001;
57593:001;
57594:001;
57595:001;
57596:001;
57597:001;
57598:001;
57599:001;
57600:001;
57601:001;
57602:001;
57603:001;
57604:001;
57605:001;
57606:001;
57607:001;
57608:001;
57609:001;
57610:001;
57611:001;
57612:001;
57613:001;
57614:001;
57615:001;
57616:001;
57617:001;
57618:001;
57619:001;
57620:001;
57621:001;
57622:001;
57623:001;
57624:001;
57625:001;
57626:001;
57627:001;
57628:001;
57629:001;
57630:001;
57631:001;
57632:001;
57633:001;
57634:001;
57635:001;
57636:001;
57637:001;
57638:001;
57639:001;
57640:001;
57641:001;
57642:001;
57643:001;
57644:001;
57645:001;
57646:001;
57647:001;
57648:001;
57649:001;
57650:001;
57651:001;
57652:001;
57653:001;
57654:001;
57655:001;
57656:001;
57657:001;
57658:001;
57659:001;
57660:001;
57661:001;
57662:001;
57663:001;
57664:001;
57665:001;
57666:001;
57667:001;
57668:001;
57669:001;
57670:001;
57671:001;
57672:001;
57673:001;
57674:001;
57675:001;
57676:001;
57677:001;
57678:001;
57679:001;
57680:001;
57681:001;
57682:001;
57683:001;
57684:001;
57685:001;
57686:001;
57687:001;
57688:001;
57689:001;
57690:001;
57691:001;
57692:001;
57693:001;
57694:001;
57695:001;
57696:001;
57697:001;
57698:001;
57699:001;
57700:001;
57701:001;
57702:001;
57703:001;
57704:001;
57705:001;
57706:001;
57707:001;
57708:001;
57709:001;
57710:001;
57711:001;
57712:001;
57713:001;
57714:001;
57715:001;
57716:001;
57717:001;
57718:001;
57719:001;
57720:001;
57721:001;
57722:001;
57723:001;
57724:001;
57725:001;
57726:001;
57727:001;
57728:001;
57729:001;
57730:001;
57731:001;
57732:001;
57733:001;
57734:001;
57735:001;
57736:001;
57737:001;
57738:001;
57739:001;
57740:001;
57741:001;
57742:001;
57743:001;
57744:001;
57745:001;
57746:001;
57747:001;
57748:001;
57749:001;
57750:001;
57751:001;
57752:001;
57753:001;
57754:001;
57755:001;
57756:001;
57757:001;
57758:001;
57759:001;
57760:001;
57761:001;
57762:001;
57763:001;
57764:001;
57765:001;
57766:001;
57767:001;
57768:001;
57769:001;
57770:001;
57771:001;
57772:001;
57773:001;
57774:001;
57775:001;
57776:001;
57777:001;
57778:001;
57779:001;
57780:001;
57781:001;
57782:001;
57783:001;
57784:001;
57785:001;
57786:001;
57787:001;
57788:001;
57789:001;
57790:001;
57791:001;
57792:001;
57793:001;
57794:001;
57795:001;
57796:001;
57797:001;
57798:001;
57799:001;
57800:001;
57801:001;
57802:001;
57803:001;
57804:001;
57805:001;
57806:001;
57807:001;
57808:001;
57809:001;
57810:001;
57811:001;
57812:001;
57813:001;
57814:001;
57815:001;
57816:001;
57817:001;
57818:001;
57819:001;
57820:001;
57821:001;
57822:001;
57823:001;
57824:001;
57825:001;
57826:001;
57827:001;
57828:001;
57829:001;
57830:001;
57831:001;
57832:001;
57833:001;
57834:001;
57835:001;
57836:001;
57837:001;
57838:001;
57839:001;
57840:001;
57841:001;
57842:001;
57843:001;
57844:001;
57845:001;
57846:001;
57847:001;
57848:001;
57849:001;
57850:001;
57851:001;
57852:001;
57853:001;
57854:001;
57855:001;
57856:001;
57857:001;
57858:001;
57859:001;
57860:001;
57861:001;
57862:001;
57863:001;
57864:001;
57865:001;
57866:001;
57867:001;
57868:001;
57869:001;
57870:001;
57871:001;
57872:001;
57873:001;
57874:001;
57875:001;
57876:001;
57877:001;
57878:001;
57879:001;
57880:001;
57881:001;
57882:001;
57883:001;
57884:001;
57885:001;
57886:001;
57887:001;
57888:001;
57889:001;
57890:001;
57891:001;
57892:001;
57893:001;
57894:001;
57895:001;
57896:001;
57897:001;
57898:001;
57899:001;
57900:001;
57901:001;
57902:001;
57903:001;
57904:001;
57905:001;
57906:001;
57907:001;
57908:001;
57909:001;
57910:001;
57911:001;
57912:001;
57913:001;
57914:001;
57915:001;
57916:001;
57917:001;
57918:001;
57919:001;
57920:001;
57921:001;
57922:001;
57923:001;
57924:001;
57925:001;
57926:001;
57927:001;
57928:001;
57929:001;
57930:001;
57931:001;
57932:001;
57933:001;
57934:001;
57935:001;
57936:001;
57937:001;
57938:001;
57939:001;
57940:001;
57941:001;
57942:001;
57943:001;
57944:001;
57945:001;
57946:001;
57947:001;
57948:001;
57949:001;
57950:001;
57951:001;
57952:001;
57953:001;
57954:001;
57955:001;
57956:001;
57957:001;
57958:001;
57959:001;
57960:001;
57961:001;
57962:001;
57963:001;
57964:001;
57965:001;
57966:001;
57967:001;
57968:001;
57969:001;
57970:001;
57971:001;
57972:001;
57973:001;
57974:001;
57975:001;
57976:001;
57977:001;
57978:001;
57979:001;
57980:001;
57981:001;
57982:001;
57983:001;
57984:001;
57985:001;
57986:001;
57987:001;
57988:001;
57989:001;
57990:001;
57991:001;
57992:001;
57993:001;
57994:001;
57995:001;
57996:001;
57997:001;
57998:001;
57999:001;
58000:001;
58001:001;
58002:001;
58003:001;
58004:001;
58005:001;
58006:001;
58007:001;
58008:001;
58009:001;
58010:001;
58011:001;
58012:001;
58013:001;
58014:001;
58015:001;
58016:001;
58017:001;
58018:001;
58019:001;
58020:001;
58021:001;
58022:001;
58023:001;
58024:001;
58025:001;
58026:001;
58027:001;
58028:001;
58029:001;
58030:001;
58031:001;
58032:001;
58033:001;
58034:001;
58035:001;
58036:001;
58037:001;
58038:001;
58039:001;
58040:001;
58041:001;
58042:001;
58043:001;
58044:001;
58045:001;
58046:001;
58047:001;
58048:001;
58049:001;
58050:001;
58051:001;
58052:001;
58053:001;
58054:001;
58055:001;
58056:001;
58057:001;
58058:001;
58059:001;
58060:001;
58061:001;
58062:001;
58063:001;
58064:001;
58065:001;
58066:001;
58067:001;
58068:001;
58069:001;
58070:001;
58071:001;
58072:001;
58073:001;
58074:001;
58075:001;
58076:001;
58077:001;
58078:001;
58079:001;
58080:001;
58081:001;
58082:001;
58083:001;
58084:001;
58085:001;
58086:001;
58087:001;
58088:001;
58089:001;
58090:001;
58091:001;
58092:001;
58093:001;
58094:001;
58095:001;
58096:001;
58097:001;
58098:001;
58099:001;
58100:001;
58101:001;
58102:001;
58103:001;
58104:001;
58105:001;
58106:001;
58107:001;
58108:001;
58109:001;
58110:001;
58111:001;
58112:001;
58113:001;
58114:001;
58115:001;
58116:001;
58117:001;
58118:001;
58119:001;
58120:001;
58121:001;
58122:001;
58123:001;
58124:001;
58125:001;
58126:001;
58127:001;
58128:001;
58129:001;
58130:001;
58131:001;
58132:001;
58133:001;
58134:001;
58135:001;
58136:001;
58137:001;
58138:001;
58139:001;
58140:001;
58141:001;
58142:001;
58143:001;
58144:001;
58145:001;
58146:001;
58147:001;
58148:001;
58149:001;
58150:001;
58151:001;
58152:001;
58153:001;
58154:001;
58155:001;
58156:001;
58157:001;
58158:001;
58159:001;
58160:001;
58161:001;
58162:001;
58163:001;
58164:001;
58165:001;
58166:001;
58167:001;
58168:001;
58169:001;
58170:001;
58171:001;
58172:001;
58173:001;
58174:001;
58175:001;
58176:001;
58177:001;
58178:001;
58179:001;
58180:001;
58181:001;
58182:001;
58183:001;
58184:001;
58185:001;
58186:001;
58187:001;
58188:001;
58189:001;
58190:001;
58191:001;
58192:001;
58193:001;
58194:001;
58195:001;
58196:001;
58197:001;
58198:001;
58199:001;
58200:001;
58201:001;
58202:001;
58203:001;
58204:001;
58205:001;
58206:001;
58207:001;
58208:001;
58209:001;
58210:001;
58211:001;
58212:001;
58213:001;
58214:001;
58215:001;
58216:001;
58217:001;
58218:001;
58219:001;
58220:001;
58221:001;
58222:001;
58223:001;
58224:001;
58225:001;
58226:001;
58227:001;
58228:001;
58229:001;
58230:001;
58231:001;
58232:001;
58233:001;
58234:001;
58235:001;
58236:001;
58237:001;
58238:001;
58239:001;
58240:001;
58241:001;
58242:001;
58243:001;
58244:001;
58245:001;
58246:001;
58247:001;
58248:001;
58249:001;
58250:001;
58251:001;
58252:001;
58253:001;
58254:001;
58255:001;
58256:001;
58257:001;
58258:001;
58259:001;
58260:001;
58261:001;
58262:001;
58263:001;
58264:001;
58265:001;
58266:001;
58267:001;
58268:001;
58269:001;
58270:001;
58271:001;
58272:001;
58273:001;
58274:001;
58275:001;
58276:001;
58277:001;
58278:001;
58279:001;
58280:001;
58281:001;
58282:001;
58283:001;
58284:001;
58285:001;
58286:001;
58287:001;
58288:001;
58289:001;
58290:001;
58291:001;
58292:001;
58293:001;
58294:001;
58295:001;
58296:001;
58297:001;
58298:001;
58299:001;
58300:001;
58301:001;
58302:001;
58303:001;
58304:001;
58305:001;
58306:001;
58307:001;
58308:001;
58309:001;
58310:001;
58311:001;
58312:001;
58313:001;
58314:001;
58315:001;
58316:001;
58317:001;
58318:001;
58319:001;
58320:001;
58321:001;
58322:001;
58323:001;
58324:001;
58325:001;
58326:001;
58327:001;
58328:001;
58329:001;
58330:001;
58331:001;
58332:001;
58333:001;
58334:001;
58335:001;
58336:001;
58337:001;
58338:001;
58339:001;
58340:001;
58341:001;
58342:001;
58343:001;
58344:001;
58345:001;
58346:001;
58347:001;
58348:001;
58349:001;
58350:001;
58351:001;
58352:001;
58353:001;
58354:001;
58355:001;
58356:001;
58357:001;
58358:001;
58359:001;
58360:001;
58361:001;
58362:001;
58363:001;
58364:001;
58365:001;
58366:001;
58367:001;
58368:001;
58369:001;
58370:001;
58371:001;
58372:001;
58373:001;
58374:001;
58375:001;
58376:001;
58377:001;
58378:001;
58379:001;
58380:001;
58381:001;
58382:001;
58383:001;
58384:001;
58385:001;
58386:001;
58387:001;
58388:001;
58389:001;
58390:001;
58391:001;
58392:001;
58393:001;
58394:001;
58395:001;
58396:001;
58397:001;
58398:001;
58399:001;
58400:001;
58401:001;
58402:001;
58403:001;
58404:001;
58405:001;
58406:001;
58407:001;
58408:001;
58409:001;
58410:001;
58411:001;
58412:001;
58413:001;
58414:001;
58415:001;
58416:001;
58417:001;
58418:001;
58419:001;
58420:001;
58421:001;
58422:001;
58423:001;
58424:001;
58425:001;
58426:001;
58427:001;
58428:001;
58429:001;
58430:001;
58431:001;
58432:001;
58433:001;
58434:001;
58435:001;
58436:001;
58437:001;
58438:001;
58439:001;
58440:001;
58441:001;
58442:001;
58443:001;
58444:001;
58445:001;
58446:001;
58447:001;
58448:001;
58449:001;
58450:001;
58451:001;
58452:001;
58453:001;
58454:001;
58455:001;
58456:001;
58457:001;
58458:001;
58459:001;
58460:001;
58461:001;
58462:001;
58463:001;
58464:001;
58465:001;
58466:001;
58467:001;
58468:001;
58469:001;
58470:001;
58471:001;
58472:001;
58473:001;
58474:001;
58475:001;
58476:001;
58477:001;
58478:001;
58479:001;
58480:001;
58481:001;
58482:001;
58483:001;
58484:001;
58485:001;
58486:001;
58487:001;
58488:001;
58489:001;
58490:001;
58491:001;
58492:001;
58493:001;
58494:001;
58495:001;
58496:001;
58497:001;
58498:001;
58499:001;
58500:001;
58501:001;
58502:001;
58503:001;
58504:001;
58505:001;
58506:001;
58507:001;
58508:001;
58509:001;
58510:001;
58511:001;
58512:001;
58513:001;
58514:001;
58515:001;
58516:001;
58517:001;
58518:001;
58519:001;
58520:001;
58521:001;
58522:001;
58523:001;
58524:001;
58525:001;
58526:001;
58527:001;
58528:001;
58529:001;
58530:001;
58531:001;
58532:001;
58533:001;
58534:001;
58535:001;
58536:001;
58537:001;
58538:001;
58539:001;
58540:001;
58541:001;
58542:001;
58543:001;
58544:001;
58545:001;
58546:001;
58547:001;
58548:001;
58549:001;
58550:001;
58551:001;
58552:001;
58553:001;
58554:001;
58555:001;
58556:001;
58557:001;
58558:001;
58559:001;
58560:001;
58561:001;
58562:001;
58563:001;
58564:001;
58565:001;
58566:001;
58567:001;
58568:001;
58569:001;
58570:001;
58571:001;
58572:001;
58573:001;
58574:001;
58575:001;
58576:001;
58577:001;
58578:001;
58579:001;
58580:001;
58581:001;
58582:001;
58583:001;
58584:001;
58585:001;
58586:001;
58587:001;
58588:001;
58589:001;
58590:001;
58591:001;
58592:001;
58593:001;
58594:001;
58595:001;
58596:001;
58597:001;
58598:001;
58599:001;
58600:001;
58601:001;
58602:001;
58603:001;
58604:001;
58605:001;
58606:001;
58607:001;
58608:001;
58609:001;
58610:001;
58611:001;
58612:001;
58613:001;
58614:001;
58615:001;
58616:001;
58617:001;
58618:001;
58619:001;
58620:001;
58621:001;
58622:001;
58623:001;
58624:001;
58625:001;
58626:001;
58627:001;
58628:001;
58629:001;
58630:001;
58631:001;
58632:001;
58633:001;
58634:001;
58635:001;
58636:001;
58637:001;
58638:001;
58639:001;
58640:001;
58641:001;
58642:001;
58643:001;
58644:001;
58645:001;
58646:001;
58647:001;
58648:001;
58649:001;
58650:001;
58651:001;
58652:001;
58653:001;
58654:001;
58655:001;
58656:001;
58657:001;
58658:001;
58659:001;
58660:001;
58661:001;
58662:001;
58663:001;
58664:001;
58665:001;
58666:001;
58667:001;
58668:001;
58669:001;
58670:001;
58671:001;
58672:001;
58673:001;
58674:001;
58675:001;
58676:001;
58677:001;
58678:001;
58679:001;
58680:001;
58681:001;
58682:001;
58683:001;
58684:001;
58685:001;
58686:001;
58687:001;
58688:001;
58689:001;
58690:001;
58691:001;
58692:001;
58693:001;
58694:001;
58695:001;
58696:001;
58697:001;
58698:001;
58699:001;
58700:001;
58701:001;
58702:001;
58703:001;
58704:001;
58705:001;
58706:001;
58707:001;
58708:001;
58709:001;
58710:001;
58711:001;
58712:001;
58713:001;
58714:001;
58715:001;
58716:001;
58717:001;
58718:001;
58719:001;
58720:001;
58721:001;
58722:001;
58723:001;
58724:001;
58725:001;
58726:001;
58727:001;
58728:001;
58729:001;
58730:001;
58731:001;
58732:001;
58733:001;
58734:001;
58735:001;
58736:001;
58737:001;
58738:001;
58739:001;
58740:001;
58741:001;
58742:001;
58743:001;
58744:001;
58745:001;
58746:001;
58747:001;
58748:001;
58749:001;
58750:001;
58751:001;
58752:001;
58753:001;
58754:001;
58755:001;
58756:001;
58757:001;
58758:001;
58759:001;
58760:001;
58761:001;
58762:001;
58763:001;
58764:001;
58765:001;
58766:001;
58767:001;
58768:001;
58769:001;
58770:001;
58771:001;
58772:001;
58773:001;
58774:001;
58775:001;
58776:001;
58777:001;
58778:001;
58779:001;
58780:001;
58781:001;
58782:001;
58783:001;
58784:001;
58785:001;
58786:001;
58787:001;
58788:001;
58789:001;
58790:001;
58791:001;
58792:001;
58793:001;
58794:001;
58795:001;
58796:001;
58797:001;
58798:001;
58799:001;
58800:001;
58801:001;
58802:001;
58803:001;
58804:001;
58805:001;
58806:001;
58807:001;
58808:001;
58809:001;
58810:001;
58811:001;
58812:001;
58813:001;
58814:001;
58815:001;
58816:001;
58817:001;
58818:001;
58819:001;
58820:001;
58821:001;
58822:001;
58823:001;
58824:001;
58825:001;
58826:001;
58827:001;
58828:001;
58829:001;
58830:001;
58831:001;
58832:001;
58833:001;
58834:001;
58835:001;
58836:001;
58837:001;
58838:001;
58839:001;
58840:001;
58841:001;
58842:001;
58843:001;
58844:001;
58845:001;
58846:001;
58847:001;
58848:001;
58849:001;
58850:001;
58851:001;
58852:001;
58853:001;
58854:001;
58855:001;
58856:001;
58857:001;
58858:001;
58859:001;
58860:001;
58861:001;
58862:001;
58863:001;
58864:001;
58865:001;
58866:001;
58867:001;
58868:001;
58869:001;
58870:001;
58871:001;
58872:001;
58873:001;
58874:001;
58875:001;
58876:001;
58877:001;
58878:001;
58879:001;
58880:004;
58881:004;
58882:004;
58883:004;
58884:004;
58885:004;
58886:004;
58887:004;
58888:004;
58889:004;
58890:004;
58891:004;
58892:004;
58893:004;
58894:004;
58895:004;
58896:004;
58897:004;
58898:004;
58899:004;
58900:004;
58901:004;
58902:004;
58903:004;
58904:004;
58905:004;
58906:004;
58907:004;
58908:004;
58909:004;
58910:004;
58911:004;
58912:004;
58913:004;
58914:004;
58915:004;
58916:004;
58917:004;
58918:004;
58919:004;
58920:004;
58921:004;
58922:004;
58923:004;
58924:004;
58925:004;
58926:000;
58927:000;
58928:004;
58929:004;
58930:004;
58931:004;
58932:004;
58933:004;
58934:004;
58935:004;
58936:004;
58937:004;
58938:004;
58939:004;
58940:004;
58941:004;
58942:004;
58943:004;
58944:004;
58945:004;
58946:004;
58947:004;
58948:004;
58949:004;
58950:004;
58951:004;
58952:004;
58953:004;
58954:004;
58955:004;
58956:004;
58957:004;
58958:004;
58959:004;
58960:004;
58961:004;
58962:004;
58963:004;
58964:004;
58965:004;
58966:004;
58967:004;
58968:004;
58969:004;
58970:004;
58971:004;
58972:004;
58973:004;
58974:004;
58975:004;
58976:004;
58977:004;
58978:004;
58979:004;
58980:004;
58981:004;
58982:004;
58983:004;
58984:004;
58985:004;
58986:004;
58987:004;
58988:004;
58989:004;
58990:000;
58991:000;
58992:004;
58993:004;
58994:004;
58995:004;
58996:004;
58997:004;
58998:004;
58999:004;
59000:004;
59001:004;
59002:004;
59003:004;
59004:004;
59005:004;
59006:004;
59007:004;
59008:004;
59009:004;
59010:004;
59011:004;
59012:004;
59013:004;
59014:004;
59015:004;
59016:004;
59017:004;
59018:004;
59019:004;
59020:004;
59021:004;
59022:004;
59023:004;
59024:004;
59025:004;
59026:004;
59027:004;
59028:004;
59029:004;
59030:004;
59031:004;
59032:004;
59033:004;
59034:004;
59035:004;
59036:004;
59037:004;
59038:004;
59039:004;
59040:004;
59041:004;
59042:004;
59043:004;
59044:004;
59045:004;
59046:004;
59047:004;
59048:004;
59049:004;
59050:004;
59051:004;
59052:004;
59053:004;
59054:004;
59055:004;
59056:000;
59057:000;
59058:004;
59059:004;
59060:004;
59061:004;
59062:004;
59063:004;
59064:004;
59065:004;
59066:004;
59067:004;
59068:004;
59069:004;
59070:004;
59071:004;
59072:004;
59073:004;
59074:004;
59075:004;
59076:004;
59077:004;
59078:004;
59079:004;
59080:004;
59081:004;
59082:004;
59083:004;
59084:004;
59085:004;
59086:004;
59087:004;
59088:004;
59089:004;
59090:004;
59091:004;
59092:004;
59093:004;
59094:004;
59095:004;
59096:004;
59097:004;
59098:004;
59099:004;
59100:004;
59101:004;
59102:004;
59103:004;
59104:004;
59105:004;
59106:004;
59107:004;
59108:004;
59109:004;
59110:004;
59111:004;
59112:004;
59113:004;
59114:004;
59115:004;
59116:004;
59117:004;
59118:004;
59119:004;
59120:000;
59121:000;
59122:004;
59123:004;
59124:004;
59125:004;
59126:004;
59127:004;
59128:004;
59129:004;
59130:004;
59131:004;
59132:004;
59133:004;
59134:004;
59135:004;
59136:004;
59137:004;
59138:004;
59139:004;
59140:004;
59141:004;
59142:004;
59143:004;
59144:004;
59145:004;
59146:004;
59147:004;
59148:004;
59149:004;
59150:004;
59151:004;
59152:004;
59153:004;
59154:004;
59155:004;
59156:004;
59157:004;
59158:004;
59159:004;
59160:004;
59161:004;
59162:004;
59163:004;
59164:004;
59165:004;
59166:004;
59167:004;
59168:004;
59169:004;
59170:004;
59171:004;
59172:004;
59173:004;
59174:004;
59175:004;
59176:004;
59177:004;
59178:004;
59179:004;
59180:004;
59181:004;
59182:004;
59183:004;
59184:004;
59185:004;
59186:000;
59187:000;
59188:004;
59189:004;
59190:004;
59191:004;
59192:004;
59193:004;
59194:004;
59195:004;
59196:004;
59197:004;
59198:004;
59199:004;
59200:004;
59201:004;
59202:004;
59203:004;
59204:004;
59205:004;
59206:004;
59207:004;
59208:004;
59209:004;
59210:004;
59211:004;
59212:004;
59213:004;
59214:004;
59215:004;
59216:004;
59217:004;
59218:004;
59219:004;
59220:004;
59221:004;
59222:004;
59223:004;
59224:004;
59225:004;
59226:004;
59227:004;
59228:004;
59229:004;
59230:004;
59231:004;
59232:004;
59233:004;
59234:004;
59235:004;
59236:004;
59237:004;
59238:004;
59239:004;
59240:004;
59241:004;
59242:004;
59243:004;
59244:004;
59245:004;
59246:004;
59247:004;
59248:004;
59249:004;
59250:000;
59251:000;
59252:004;
59253:004;
59254:004;
59255:004;
59256:004;
59257:004;
59258:004;
59259:004;
59260:004;
59261:004;
59262:004;
59263:004;
59264:004;
59265:004;
59266:004;
59267:004;
59268:004;
59269:004;
59270:004;
59271:004;
59272:004;
59273:004;
59274:004;
59275:004;
59276:004;
59277:004;
59278:004;
59279:004;
59280:004;
59281:004;
59282:004;
59283:004;
59284:004;
59285:004;
59286:004;
59287:004;
59288:004;
59289:004;
59290:004;
59291:004;
59292:004;
59293:004;
59294:004;
59295:004;
59296:004;
59297:004;
59298:004;
59299:004;
59300:004;
59301:004;
59302:004;
59303:004;
59304:004;
59305:004;
59306:004;
59307:004;
59308:004;
59309:004;
59310:004;
59311:004;
59312:004;
59313:004;
59314:004;
59315:004;
59316:000;
59317:000;
59318:004;
59319:004;
59320:004;
59321:004;
59322:004;
59323:004;
59324:004;
59325:004;
59326:004;
59327:004;
59328:004;
59329:004;
59330:004;
59331:004;
59332:004;
59333:004;
59334:004;
59335:004;
59336:004;
59337:004;
59338:004;
59339:004;
59340:004;
59341:004;
59342:004;
59343:004;
59344:004;
59345:004;
59346:004;
59347:004;
59348:004;
59349:004;
59350:004;
59351:004;
59352:004;
59353:004;
59354:004;
59355:004;
59356:004;
59357:004;
59358:004;
59359:004;
59360:004;
59361:004;
59362:004;
59363:004;
59364:004;
59365:004;
59366:004;
59367:004;
59368:004;
59369:004;
59370:004;
59371:004;
59372:004;
59373:004;
59374:004;
59375:004;
59376:004;
59377:004;
59378:004;
59379:004;
59380:000;
59381:000;
59382:004;
59383:004;
59384:004;
59385:004;
59386:004;
59387:004;
59388:004;
59389:004;
59390:004;
59391:004;
59392:004;
59393:004;
59394:004;
59395:004;
59396:004;
59397:004;
59398:004;
59399:004;
59400:004;
59401:004;
59402:004;
59403:004;
59404:004;
59405:004;
59406:004;
59407:004;
59408:004;
59409:004;
59410:004;
59411:004;
59412:004;
59413:004;
59414:004;
59415:004;
59416:004;
59417:004;
59418:004;
59419:004;
59420:004;
59421:004;
59422:004;
59423:004;
59424:004;
59425:004;
59426:004;
59427:004;
59428:004;
59429:004;
59430:004;
59431:004;
59432:004;
59433:004;
59434:004;
59435:004;
59436:004;
59437:004;
59438:004;
59439:004;
59440:004;
59441:004;
59442:004;
59443:004;
59444:004;
59445:004;
59446:000;
59447:000;
59448:004;
59449:004;
59450:004;
59451:004;
59452:004;
59453:004;
59454:004;
59455:004;
59456:004;
59457:004;
59458:004;
59459:004;
59460:004;
59461:004;
59462:004;
59463:004;
59464:004;
59465:004;
59466:004;
59467:004;
59468:004;
59469:004;
59470:004;
59471:004;
59472:004;
59473:004;
59474:004;
59475:004;
59476:004;
59477:004;
59478:004;
59479:004;
59480:004;
59481:004;
59482:004;
59483:004;
59484:004;
59485:004;
59486:004;
59487:004;
59488:004;
59489:004;
59490:004;
59491:004;
59492:004;
59493:004;
59494:004;
59495:004;
59496:004;
59497:004;
59498:004;
59499:004;
59500:004;
59501:004;
59502:004;
59503:004;
59504:004;
59505:004;
59506:004;
59507:004;
59508:004;
59509:004;
59510:000;
59511:000;
59512:004;
59513:004;
59514:004;
59515:004;
59516:004;
59517:004;
59518:004;
59519:004;
59520:004;
59521:004;
59522:004;
59523:004;
59524:004;
59525:004;
59526:004;
59527:004;
59528:004;
59529:004;
59530:004;
59531:004;
59532:004;
59533:004;
59534:004;
59535:004;
59536:004;
59537:004;
59538:004;
59539:004;
59540:004;
59541:004;
59542:004;
59543:004;
59544:004;
59545:004;
59546:004;
59547:004;
59548:004;
59549:004;
59550:004;
59551:004;
59552:004;
59553:004;
59554:004;
59555:004;
59556:004;
59557:004;
59558:004;
59559:004;
59560:004;
59561:004;
59562:004;
59563:004;
59564:004;
59565:004;
59566:004;
59567:004;
59568:004;
59569:004;
59570:004;
59571:004;
59572:004;
59573:004;
59574:004;
59575:004;
59576:000;
59577:000;
59578:004;
59579:004;
59580:004;
59581:004;
59582:004;
59583:004;
59584:004;
59585:004;
59586:004;
59587:004;
59588:004;
59589:004;
59590:004;
59591:004;
59592:004;
59593:004;
59594:004;
59595:004;
59596:004;
59597:004;
59598:004;
59599:004;
59600:004;
59601:004;
59602:004;
59603:004;
59604:004;
59605:004;
59606:004;
59607:004;
59608:004;
59609:004;
59610:004;
59611:004;
59612:004;
59613:004;
59614:004;
59615:004;
59616:004;
59617:004;
59618:004;
59619:004;
59620:004;
59621:004;
59622:004;
59623:004;
59624:004;
59625:004;
59626:004;
59627:004;
59628:004;
59629:004;
59630:004;
59631:004;
59632:004;
59633:004;
59634:004;
59635:004;
59636:004;
59637:004;
59638:004;
59639:004;
59640:000;
59641:000;
59642:004;
59643:004;
59644:004;
59645:004;
59646:004;
59647:004;
59648:004;
59649:004;
59650:004;
59651:004;
59652:004;
59653:004;
59654:004;
59655:004;
59656:004;
59657:004;
59658:004;
59659:004;
59660:004;
59661:004;
59662:004;
59663:004;
59664:004;
59665:004;
59666:004;
59667:004;
59668:004;
59669:004;
59670:004;
59671:004;
59672:004;
59673:004;
59674:004;
59675:004;
59676:004;
59677:004;
59678:004;
59679:004;
59680:004;
59681:004;
59682:004;
59683:004;
59684:004;
59685:004;
59686:004;
59687:004;
59688:004;
59689:004;
59690:004;
59691:004;
59692:004;
59693:004;
59694:004;
59695:004;
59696:004;
59697:004;
59698:004;
59699:004;
59700:004;
59701:004;
59702:004;
59703:004;
59704:004;
59705:004;
59706:000;
59707:000;
59708:004;
59709:004;
59710:004;
59711:004;
59712:004;
59713:004;
59714:004;
59715:004;
59716:004;
59717:004;
59718:004;
59719:004;
59720:004;
59721:004;
59722:004;
59723:004;
59724:004;
59725:004;
59726:004;
59727:004;
59728:004;
59729:004;
59730:004;
59731:004;
59732:004;
59733:004;
59734:004;
59735:004;
59736:004;
59737:004;
59738:004;
59739:004;
59740:004;
59741:004;
59742:004;
59743:004;
59744:004;
59745:004;
59746:004;
59747:004;
59748:004;
59749:004;
59750:004;
59751:004;
59752:004;
59753:004;
59754:004;
59755:004;
59756:004;
59757:004;
59758:004;
59759:004;
59760:004;
59761:004;
59762:004;
59763:004;
59764:004;
59765:004;
59766:004;
59767:004;
59768:004;
59769:004;
59770:000;
59771:000;
59772:004;
59773:004;
59774:004;
59775:004;
59776:004;
59777:004;
59778:004;
59779:004;
59780:004;
59781:004;
59782:004;
59783:004;
59784:004;
59785:004;
59786:004;
59787:004;
59788:004;
59789:004;
59790:004;
59791:004;
59792:004;
59793:004;
59794:004;
59795:004;
59796:004;
59797:004;
59798:004;
59799:004;
59800:004;
59801:004;
59802:004;
59803:004;
59804:004;
59805:004;
59806:004;
59807:004;
59808:004;
59809:004;
59810:004;
59811:004;
59812:004;
59813:004;
59814:004;
59815:004;
59816:004;
59817:004;
59818:004;
59819:004;
59820:004;
59821:004;
59822:004;
59823:004;
59824:004;
59825:004;
59826:004;
59827:004;
59828:004;
59829:004;
59830:004;
59831:004;
59832:004;
59833:004;
59834:004;
59835:004;
59836:000;
59837:000;
59838:004;
59839:004;
59840:004;
59841:004;
59842:004;
59843:004;
59844:004;
59845:004;
59846:004;
59847:004;
59848:004;
59849:004;
59850:004;
59851:004;
59852:004;
59853:004;
59854:004;
59855:004;
59856:004;
59857:004;
59858:004;
59859:004;
59860:004;
59861:004;
59862:004;
59863:004;
59864:004;
59865:004;
59866:004;
59867:004;
59868:004;
59869:004;
59870:004;
59871:004;
59872:004;
59873:004;
59874:004;
59875:004;
59876:004;
59877:004;
59878:004;
59879:004;
59880:004;
59881:004;
59882:004;
59883:004;
59884:004;
59885:004;
59886:004;
59887:004;
59888:004;
59889:004;
59890:004;
59891:004;
59892:004;
59893:004;
59894:004;
59895:004;
59896:004;
59897:004;
59898:004;
59899:004;
59900:000;
59901:000;
59902:004;
59903:004;
59904:003;
59905:003;
59906:003;
59907:003;
59908:003;
59909:003;
59910:003;
59911:003;
59912:003;
59913:003;
59914:003;
59915:003;
59916:003;
59917:003;
59918:003;
59919:003;
59920:003;
59921:003;
59922:003;
59923:003;
59924:003;
59925:003;
59926:003;
59927:003;
59928:003;
59929:003;
59930:003;
59931:003;
59932:003;
59933:003;
59934:003;
59935:003;
59936:003;
59937:003;
59938:003;
59939:003;
59940:003;
59941:003;
59942:003;
59943:003;
59944:003;
59945:003;
59946:003;
59947:003;
59948:003;
59949:003;
59950:003;
59951:003;
59952:003;
59953:003;
59954:003;
59955:003;
59956:003;
59957:003;
59958:003;
59959:003;
59960:003;
59961:003;
59962:003;
59963:003;
59964:003;
59965:003;
59966:000;
59967:000;
59968:003;
59969:003;
59970:003;
59971:003;
59972:003;
59973:003;
59974:003;
59975:003;
59976:003;
59977:003;
59978:003;
59979:003;
59980:003;
59981:003;
59982:003;
59983:003;
59984:003;
59985:003;
59986:003;
59987:003;
59988:003;
59989:003;
59990:003;
59991:003;
59992:003;
59993:003;
59994:003;
59995:003;
59996:003;
59997:003;
59998:003;
59999:003;
60000:003;
60001:003;
60002:003;
60003:003;
60004:003;
60005:003;
60006:003;
60007:003;
60008:003;
60009:003;
60010:003;
60011:003;
60012:003;
60013:003;
60014:003;
60015:003;
60016:003;
60017:003;
60018:003;
60019:003;
60020:003;
60021:003;
60022:003;
60023:003;
60024:003;
60025:003;
60026:003;
60027:003;
60028:003;
60029:003;
60030:000;
60031:000;
60032:003;
60033:003;
60034:003;
60035:003;
60036:003;
60037:003;
60038:003;
60039:003;
60040:003;
60041:003;
60042:003;
60043:003;
60044:003;
60045:003;
60046:003;
60047:003;
60048:003;
60049:003;
60050:003;
60051:003;
60052:003;
60053:003;
60054:003;
60055:003;
60056:003;
60057:003;
60058:003;
60059:003;
60060:003;
60061:003;
60062:003;
60063:003;
60064:003;
60065:003;
60066:003;
60067:003;
60068:003;
60069:003;
60070:003;
60071:003;
60072:003;
60073:003;
60074:003;
60075:003;
60076:003;
60077:003;
60078:003;
60079:003;
60080:003;
60081:003;
60082:003;
60083:003;
60084:003;
60085:003;
60086:003;
60087:003;
60088:003;
60089:003;
60090:003;
60091:003;
60092:003;
60093:003;
60094:003;
60095:000;
60096:003;
60097:003;
60098:003;
60099:003;
60100:003;
60101:003;
60102:003;
60103:003;
60104:003;
60105:003;
60106:003;
60107:003;
60108:003;
60109:003;
60110:003;
60111:003;
60112:003;
60113:003;
60114:003;
60115:003;
60116:003;
60117:003;
60118:003;
60119:003;
60120:003;
60121:003;
60122:003;
60123:003;
60124:003;
60125:003;
60126:003;
60127:003;
60128:003;
60129:003;
60130:003;
60131:003;
60132:003;
60133:003;
60134:003;
60135:003;
60136:003;
60137:003;
60138:003;
60139:003;
60140:003;
60141:003;
60142:003;
60143:003;
60144:003;
60145:003;
60146:003;
60147:003;
60148:003;
60149:003;
60150:003;
60151:003;
60152:003;
60153:003;
60154:003;
60155:003;
60156:003;
60157:003;
60158:003;
60159:000;
60160:003;
60161:003;
60162:003;
60163:003;
60164:003;
60165:003;
60166:003;
60167:003;
60168:003;
60169:003;
60170:003;
60171:003;
60172:003;
60173:003;
60174:003;
60175:003;
60176:003;
60177:003;
60178:003;
60179:003;
60180:003;
60181:003;
60182:003;
60183:003;
60184:003;
60185:003;
60186:003;
60187:003;
60188:003;
60189:003;
60190:003;
60191:003;
60192:003;
60193:003;
60194:003;
60195:003;
60196:003;
60197:003;
60198:003;
60199:003;
60200:003;
60201:003;
60202:003;
60203:003;
60204:003;
60205:003;
60206:003;
60207:003;
60208:003;
60209:003;
60210:003;
60211:003;
60212:003;
60213:003;
60214:003;
60215:003;
60216:003;
60217:003;
60218:003;
60219:003;
60220:003;
60221:003;
60222:003;
60223:000;
60224:003;
60225:003;
60226:003;
60227:003;
60228:003;
60229:003;
60230:003;
60231:003;
60232:003;
60233:003;
60234:003;
60235:003;
60236:003;
60237:003;
60238:003;
60239:003;
60240:003;
60241:003;
60242:003;
60243:003;
60244:003;
60245:003;
60246:003;
60247:003;
60248:003;
60249:003;
60250:003;
60251:003;
60252:003;
60253:003;
60254:003;
60255:003;
60256:003;
60257:003;
60258:003;
60259:003;
60260:003;
60261:003;
60262:003;
60263:003;
60264:003;
60265:003;
60266:003;
60267:003;
60268:003;
60269:003;
60270:003;
60271:003;
60272:003;
60273:003;
60274:003;
60275:003;
60276:003;
60277:003;
60278:003;
60279:003;
60280:003;
60281:003;
60282:003;
60283:003;
60284:003;
60285:003;
60286:003;
60287:000;
60288:003;
60289:003;
60290:003;
60291:003;
60292:003;
60293:003;
60294:003;
60295:003;
60296:003;
60297:003;
60298:003;
60299:003;
60300:003;
60301:003;
60302:003;
60303:003;
60304:003;
60305:003;
60306:003;
60307:003;
60308:003;
60309:003;
60310:003;
60311:003;
60312:003;
60313:003;
60314:003;
60315:003;
60316:003;
60317:003;
60318:003;
60319:003;
60320:003;
60321:003;
60322:003;
60323:003;
60324:003;
60325:003;
60326:003;
60327:003;
60328:003;
60329:003;
60330:003;
60331:003;
60332:003;
60333:003;
60334:003;
60335:003;
60336:003;
60337:003;
60338:003;
60339:003;
60340:003;
60341:003;
60342:003;
60343:003;
60344:003;
60345:003;
60346:003;
60347:003;
60348:003;
60349:003;
60350:003;
60351:000;
60352:003;
60353:003;
60354:003;
60355:003;
60356:003;
60357:003;
60358:003;
60359:003;
60360:003;
60361:003;
60362:003;
60363:003;
60364:003;
60365:003;
60366:003;
60367:003;
60368:003;
60369:003;
60370:003;
60371:003;
60372:003;
60373:003;
60374:003;
60375:003;
60376:003;
60377:003;
60378:003;
60379:003;
60380:003;
60381:003;
60382:003;
60383:003;
60384:003;
60385:003;
60386:003;
60387:003;
60388:003;
60389:003;
60390:003;
60391:003;
60392:003;
60393:003;
60394:003;
60395:003;
60396:003;
60397:003;
60398:003;
60399:003;
60400:003;
60401:003;
60402:003;
60403:003;
60404:003;
60405:003;
60406:003;
60407:003;
60408:003;
60409:003;
60410:003;
60411:003;
60412:003;
60413:003;
60414:003;
60415:000;
60416:003;
60417:003;
60418:003;
60419:003;
60420:003;
60421:003;
60422:003;
60423:003;
60424:003;
60425:003;
60426:003;
60427:003;
60428:003;
60429:003;
60430:003;
60431:003;
60432:003;
60433:003;
60434:003;
60435:003;
60436:003;
60437:003;
60438:003;
60439:003;
60440:003;
60441:003;
60442:003;
60443:003;
60444:003;
60445:003;
60446:003;
60447:003;
60448:003;
60449:003;
60450:003;
60451:003;
60452:003;
60453:003;
60454:003;
60455:003;
60456:003;
60457:003;
60458:003;
60459:003;
60460:003;
60461:003;
60462:003;
60463:003;
60464:003;
60465:003;
60466:003;
60467:003;
60468:003;
60469:003;
60470:003;
60471:003;
60472:003;
60473:003;
60474:003;
60475:003;
60476:003;
60477:003;
60478:003;
60479:000;
60480:003;
60481:003;
60482:003;
60483:003;
60484:003;
60485:003;
60486:003;
60487:003;
60488:003;
60489:003;
60490:003;
60491:003;
60492:003;
60493:003;
60494:003;
60495:003;
60496:003;
60497:003;
60498:003;
60499:003;
60500:003;
60501:003;
60502:003;
60503:003;
60504:003;
60505:003;
60506:003;
60507:003;
60508:003;
60509:003;
60510:003;
60511:003;
60512:003;
60513:003;
60514:003;
60515:003;
60516:003;
60517:003;
60518:003;
60519:003;
60520:003;
60521:003;
60522:003;
60523:003;
60524:003;
60525:003;
60526:003;
60527:003;
60528:003;
60529:003;
60530:003;
60531:003;
60532:003;
60533:003;
60534:003;
60535:003;
60536:003;
60537:003;
60538:003;
60539:003;
60540:003;
60541:003;
60542:003;
60543:000;
60544:003;
60545:003;
60546:003;
60547:003;
60548:003;
60549:003;
60550:003;
60551:003;
60552:003;
60553:003;
60554:003;
60555:003;
60556:003;
60557:003;
60558:003;
60559:003;
60560:003;
60561:003;
60562:003;
60563:003;
60564:003;
60565:003;
60566:003;
60567:003;
60568:003;
60569:003;
60570:003;
60571:003;
60572:003;
60573:003;
60574:003;
60575:003;
60576:003;
60577:003;
60578:003;
60579:003;
60580:003;
60581:003;
60582:003;
60583:003;
60584:003;
60585:003;
60586:003;
60587:003;
60588:003;
60589:003;
60590:003;
60591:003;
60592:003;
60593:003;
60594:003;
60595:003;
60596:003;
60597:003;
60598:003;
60599:003;
60600:003;
60601:003;
60602:003;
60603:003;
60604:003;
60605:003;
60606:003;
60607:000;
60608:003;
60609:003;
60610:003;
60611:003;
60612:003;
60613:003;
60614:003;
60615:003;
60616:003;
60617:003;
60618:003;
60619:003;
60620:003;
60621:003;
60622:003;
60623:003;
60624:003;
60625:003;
60626:003;
60627:003;
60628:003;
60629:003;
60630:003;
60631:003;
60632:003;
60633:003;
60634:003;
60635:003;
60636:003;
60637:003;
60638:003;
60639:003;
60640:003;
60641:003;
60642:003;
60643:003;
60644:003;
60645:003;
60646:003;
60647:003;
60648:003;
60649:003;
60650:003;
60651:003;
60652:003;
60653:003;
60654:003;
60655:003;
60656:003;
60657:003;
60658:003;
60659:003;
60660:003;
60661:003;
60662:003;
60663:003;
60664:003;
60665:003;
60666:003;
60667:003;
60668:003;
60669:003;
60670:003;
60671:000;
60672:003;
60673:003;
60674:003;
60675:003;
60676:003;
60677:003;
60678:003;
60679:003;
60680:003;
60681:003;
60682:003;
60683:003;
60684:003;
60685:003;
60686:003;
60687:003;
60688:003;
60689:003;
60690:003;
60691:003;
60692:003;
60693:003;
60694:003;
60695:003;
60696:003;
60697:003;
60698:003;
60699:003;
60700:003;
60701:003;
60702:003;
60703:003;
60704:003;
60705:003;
60706:003;
60707:003;
60708:003;
60709:003;
60710:003;
60711:003;
60712:003;
60713:003;
60714:003;
60715:003;
60716:003;
60717:003;
60718:003;
60719:003;
60720:003;
60721:003;
60722:003;
60723:003;
60724:003;
60725:003;
60726:003;
60727:003;
60728:003;
60729:003;
60730:003;
60731:003;
60732:003;
60733:003;
60734:003;
60735:000;
60736:003;
60737:003;
60738:003;
60739:003;
60740:003;
60741:003;
60742:003;
60743:003;
60744:003;
60745:003;
60746:003;
60747:003;
60748:003;
60749:003;
60750:003;
60751:003;
60752:003;
60753:003;
60754:003;
60755:003;
60756:003;
60757:003;
60758:003;
60759:003;
60760:003;
60761:003;
60762:003;
60763:003;
60764:003;
60765:003;
60766:003;
60767:003;
60768:003;
60769:003;
60770:003;
60771:003;
60772:003;
60773:003;
60774:003;
60775:003;
60776:003;
60777:003;
60778:003;
60779:003;
60780:003;
60781:003;
60782:003;
60783:003;
60784:003;
60785:003;
60786:003;
60787:003;
60788:003;
60789:003;
60790:003;
60791:003;
60792:003;
60793:003;
60794:003;
60795:003;
60796:003;
60797:003;
60798:003;
60799:000;
60800:003;
60801:003;
60802:003;
60803:003;
60804:003;
60805:003;
60806:003;
60807:003;
60808:003;
60809:003;
60810:003;
60811:003;
60812:003;
60813:003;
60814:003;
60815:003;
60816:003;
60817:003;
60818:003;
60819:003;
60820:003;
60821:003;
60822:003;
60823:003;
60824:003;
60825:003;
60826:003;
60827:003;
60828:003;
60829:003;
60830:003;
60831:003;
60832:003;
60833:003;
60834:003;
60835:003;
60836:003;
60837:003;
60838:003;
60839:003;
60840:003;
60841:003;
60842:003;
60843:003;
60844:003;
60845:003;
60846:003;
60847:003;
60848:003;
60849:003;
60850:003;
60851:003;
60852:003;
60853:003;
60854:003;
60855:003;
60856:003;
60857:003;
60858:003;
60859:003;
60860:003;
60861:003;
60862:003;
60863:000;
60864:003;
60865:003;
60866:003;
60867:003;
60868:003;
60869:003;
60870:003;
60871:003;
60872:003;
60873:003;
60874:003;
60875:003;
60876:003;
60877:003;
60878:003;
60879:003;
60880:003;
60881:003;
60882:003;
60883:003;
60884:003;
60885:003;
60886:003;
60887:003;
60888:003;
60889:003;
60890:003;
60891:003;
60892:003;
60893:003;
60894:003;
60895:003;
60896:003;
60897:003;
60898:003;
60899:003;
60900:003;
60901:003;
60902:003;
60903:003;
60904:003;
60905:003;
60906:003;
60907:003;
60908:003;
60909:003;
60910:003;
60911:003;
60912:003;
60913:003;
60914:003;
60915:003;
60916:003;
60917:003;
60918:003;
60919:003;
60920:003;
60921:003;
60922:003;
60923:003;
60924:003;
60925:003;
60926:003;
60927:000;
60928:003;
60929:003;
60930:003;
60931:003;
60932:003;
60933:003;
60934:003;
60935:003;
60936:003;
60937:003;
60938:003;
60939:003;
60940:003;
60941:003;
60942:003;
60943:003;
60944:003;
60945:003;
60946:003;
60947:003;
60948:003;
60949:003;
60950:003;
60951:003;
60952:003;
60953:003;
60954:003;
60955:003;
60956:003;
60957:003;
60958:003;
60959:003;
60960:003;
60961:003;
60962:003;
60963:003;
60964:003;
60965:003;
60966:003;
60967:003;
60968:003;
60969:003;
60970:003;
60971:003;
60972:003;
60973:003;
60974:003;
60975:003;
60976:003;
60977:003;
60978:003;
60979:003;
60980:003;
60981:003;
60982:003;
60983:003;
60984:003;
60985:003;
60986:003;
60987:003;
60988:003;
60989:003;
60990:003;
60991:000;
60992:003;
60993:003;
60994:003;
60995:003;
60996:003;
60997:003;
60998:003;
60999:003;
61000:003;
61001:003;
61002:003;
61003:003;
61004:003;
61005:003;
61006:003;
61007:003;
61008:003;
61009:003;
61010:003;
61011:003;
61012:003;
61013:003;
61014:003;
61015:003;
61016:003;
61017:003;
61018:003;
61019:003;
61020:003;
61021:003;
61022:003;
61023:003;
61024:003;
61025:003;
61026:003;
61027:003;
61028:003;
61029:003;
61030:003;
61031:003;
61032:003;
61033:003;
61034:003;
61035:003;
61036:003;
61037:003;
61038:003;
61039:003;
61040:003;
61041:003;
61042:003;
61043:003;
61044:003;
61045:003;
61046:003;
61047:003;
61048:003;
61049:003;
61050:003;
61051:003;
61052:003;
61053:003;
61054:003;
61055:000;
61056:003;
61057:003;
61058:003;
61059:003;
61060:003;
61061:003;
61062:003;
61063:003;
61064:003;
61065:003;
61066:003;
61067:003;
61068:003;
61069:003;
61070:003;
61071:003;
61072:003;
61073:003;
61074:003;
61075:003;
61076:003;
61077:003;
61078:003;
61079:003;
61080:003;
61081:003;
61082:003;
61083:003;
61084:003;
61085:003;
61086:003;
61087:003;
61088:003;
61089:003;
61090:003;
61091:003;
61092:003;
61093:003;
61094:003;
61095:003;
61096:003;
61097:003;
61098:003;
61099:003;
61100:003;
61101:003;
61102:003;
61103:003;
61104:003;
61105:003;
61106:003;
61107:003;
61108:003;
61109:003;
61110:003;
61111:003;
61112:003;
61113:003;
61114:003;
61115:003;
61116:003;
61117:003;
61118:003;
61119:000;
61120:003;
61121:003;
61122:003;
61123:003;
61124:003;
61125:003;
61126:003;
61127:003;
61128:003;
61129:003;
61130:003;
61131:003;
61132:003;
61133:003;
61134:003;
61135:003;
61136:003;
61137:003;
61138:003;
61139:003;
61140:003;
61141:003;
61142:003;
61143:003;
61144:003;
61145:003;
61146:003;
61147:003;
61148:003;
61149:003;
61150:003;
61151:003;
61152:003;
61153:003;
61154:003;
61155:003;
61156:003;
61157:003;
61158:003;
61159:003;
61160:003;
61161:003;
61162:003;
61163:003;
61164:003;
61165:003;
61166:003;
61167:003;
61168:003;
61169:003;
61170:003;
61171:003;
61172:003;
61173:003;
61174:003;
61175:003;
61176:003;
61177:003;
61178:003;
61179:003;
61180:003;
61181:003;
61182:003;
61183:000;
61184:003;
61185:003;
61186:003;
61187:003;
61188:003;
61189:003;
61190:003;
61191:003;
61192:003;
61193:003;
61194:003;
61195:003;
61196:003;
61197:003;
61198:003;
61199:003;
61200:003;
61201:003;
61202:003;
61203:003;
61204:003;
61205:003;
61206:003;
61207:003;
61208:003;
61209:003;
61210:003;
61211:003;
61212:003;
61213:003;
61214:003;
61215:003;
61216:003;
61217:003;
61218:003;
61219:003;
61220:003;
61221:003;
61222:003;
61223:003;
61224:003;
61225:003;
61226:003;
61227:003;
61228:003;
61229:003;
61230:003;
61231:003;
61232:003;
61233:003;
61234:003;
61235:003;
61236:003;
61237:003;
61238:003;
61239:003;
61240:003;
61241:003;
61242:003;
61243:003;
61244:003;
61245:003;
61246:003;
61247:000;
61248:003;
61249:003;
61250:003;
61251:003;
61252:003;
61253:003;
61254:003;
61255:003;
61256:003;
61257:003;
61258:003;
61259:003;
61260:003;
61261:003;
61262:003;
61263:003;
61264:003;
61265:003;
61266:003;
61267:003;
61268:003;
61269:003;
61270:003;
61271:003;
61272:003;
61273:003;
61274:003;
61275:003;
61276:003;
61277:003;
61278:003;
61279:003;
61280:003;
61281:003;
61282:003;
61283:003;
61284:003;
61285:003;
61286:003;
61287:003;
61288:003;
61289:003;
61290:003;
61291:003;
61292:003;
61293:003;
61294:003;
61295:003;
61296:003;
61297:003;
61298:003;
61299:003;
61300:003;
61301:003;
61302:003;
61303:003;
61304:003;
61305:003;
61306:003;
61307:003;
61308:003;
61309:003;
61310:003;
61311:000;
61312:003;
61313:003;
61314:003;
61315:003;
61316:003;
61317:003;
61318:003;
61319:003;
61320:003;
61321:003;
61322:003;
61323:003;
61324:003;
61325:003;
61326:003;
61327:003;
61328:003;
61329:003;
61330:003;
61331:003;
61332:003;
61333:003;
61334:003;
61335:003;
61336:003;
61337:003;
61338:003;
61339:003;
61340:003;
61341:003;
61342:003;
61343:003;
61344:003;
61345:003;
61346:003;
61347:003;
61348:003;
61349:003;
61350:003;
61351:003;
61352:003;
61353:003;
61354:003;
61355:003;
61356:003;
61357:003;
61358:003;
61359:003;
61360:003;
61361:003;
61362:003;
61363:003;
61364:003;
61365:003;
61366:003;
61367:003;
61368:003;
61369:003;
61370:003;
61371:003;
61372:003;
61373:003;
61374:003;
61375:000;
61376:003;
61377:003;
61378:003;
61379:003;
61380:003;
61381:003;
61382:003;
61383:003;
61384:003;
61385:003;
61386:003;
61387:003;
61388:003;
61389:003;
61390:003;
61391:003;
61392:003;
61393:003;
61394:003;
61395:003;
61396:003;
61397:003;
61398:003;
61399:003;
61400:003;
61401:003;
61402:003;
61403:003;
61404:003;
61405:003;
61406:003;
61407:003;
61408:003;
61409:003;
61410:003;
61411:003;
61412:003;
61413:003;
61414:003;
61415:003;
61416:003;
61417:003;
61418:003;
61419:003;
61420:003;
61421:003;
61422:003;
61423:003;
61424:003;
61425:003;
61426:003;
61427:003;
61428:003;
61429:003;
61430:003;
61431:003;
61432:003;
61433:003;
61434:003;
61435:003;
61436:003;
61437:003;
61438:003;
61439:000;
END;
