WIDTH=12;
DEPTH=14400;

ADDRESS_RADIX=UNS;
DATA_RADIX=HEX;

CONTENT BEGIN
0:000;
1:000;
2:000;
3:000;
4:000;
5:000;
6:000;
7:000;
8:000;
9:000;
10:000;
11:000;
12:000;
13:000;
14:000;
15:000;
16:000;
17:000;
18:000;
19:000;
20:000;
21:000;
22:000;
23:000;
24:000;
25:000;
26:000;
27:000;
28:000;
29:000;
30:000;
31:000;
32:000;
33:000;
34:000;
35:000;
36:000;
37:000;
38:000;
39:000;
40:000;
41:000;
42:000;
43:000;
44:000;
45:000;
46:000;
47:000;
48:000;
49:000;
50:000;
51:000;
52:000;
53:000;
54:000;
55:000;
56:000;
57:000;
58:000;
59:000;
60:000;
61:000;
62:000;
63:000;
64:000;
65:000;
66:000;
67:000;
68:000;
69:000;
70:000;
71:000;
72:000;
73:000;
74:000;
75:000;
76:000;
77:000;
78:000;
79:000;
80:000;
81:000;
82:000;
83:000;
84:000;
85:000;
86:000;
87:000;
88:000;
89:000;
90:000;
91:000;
92:000;
93:000;
94:000;
95:000;
96:000;
97:000;
98:000;
99:000;
100:000;
101:000;
102:000;
103:000;
104:000;
105:000;
106:000;
107:000;
108:000;
109:000;
110:000;
111:000;
112:000;
113:000;
114:000;
115:000;
116:000;
117:000;
118:000;
119:000;
120:000;
121:000;
122:000;
123:000;
124:000;
125:000;
126:000;
127:000;
128:000;
129:000;
130:000;
131:000;
132:000;
133:000;
134:000;
135:000;
136:000;
137:000;
138:000;
139:000;
140:000;
141:000;
142:000;
143:000;
144:000;
145:000;
146:000;
147:000;
148:000;
149:000;
150:000;
151:000;
152:000;
153:000;
154:000;
155:000;
156:000;
157:000;
158:000;
159:000;
160:000;
161:000;
162:000;
163:000;
164:000;
165:000;
166:000;
167:000;
168:000;
169:000;
170:000;
171:000;
172:000;
173:000;
174:000;
175:000;
176:000;
177:000;
178:000;
179:000;
180:000;
181:000;
182:000;
183:000;
184:000;
185:000;
186:000;
187:000;
188:000;
189:000;
190:000;
191:000;
192:000;
193:000;
194:000;
195:000;
196:000;
197:000;
198:000;
199:000;
200:000;
201:000;
202:000;
203:000;
204:000;
205:000;
206:000;
207:000;
208:000;
209:000;
210:000;
211:000;
212:000;
213:000;
214:000;
215:000;
216:000;
217:000;
218:000;
219:000;
220:000;
221:000;
222:000;
223:000;
224:000;
225:000;
226:000;
227:000;
228:000;
229:000;
230:000;
231:000;
232:000;
233:000;
234:000;
235:000;
236:000;
237:000;
238:000;
239:000;
240:000;
241:000;
242:000;
243:000;
244:000;
245:000;
246:000;
247:000;
248:000;
249:000;
250:000;
251:000;
252:000;
253:000;
254:000;
255:000;
256:000;
257:000;
258:000;
259:000;
260:000;
261:000;
262:000;
263:000;
264:000;
265:000;
266:000;
267:000;
268:000;
269:000;
270:000;
271:000;
272:000;
273:000;
274:000;
275:000;
276:000;
277:000;
278:000;
279:000;
280:000;
281:000;
282:000;
283:000;
284:000;
285:000;
286:000;
287:000;
288:000;
289:000;
290:000;
291:000;
292:000;
293:000;
294:000;
295:000;
296:000;
297:000;
298:000;
299:000;
300:000;
301:000;
302:000;
303:000;
304:000;
305:000;
306:000;
307:000;
308:000;
309:000;
310:000;
311:000;
312:000;
313:000;
314:000;
315:000;
316:000;
317:000;
318:000;
319:000;
320:000;
321:000;
322:000;
323:000;
324:000;
325:000;
326:000;
327:000;
328:000;
329:000;
330:000;
331:000;
332:000;
333:000;
334:000;
335:000;
336:000;
337:000;
338:000;
339:000;
340:000;
341:000;
342:000;
343:000;
344:000;
345:000;
346:000;
347:000;
348:000;
349:000;
350:000;
351:000;
352:000;
353:000;
354:000;
355:000;
356:000;
357:000;
358:000;
359:000;
360:000;
361:000;
362:000;
363:000;
364:000;
365:000;
366:000;
367:000;
368:000;
369:000;
370:000;
371:000;
372:000;
373:000;
374:000;
375:000;
376:000;
377:000;
378:000;
379:000;
380:000;
381:000;
382:000;
383:000;
384:000;
385:000;
386:000;
387:000;
388:000;
389:000;
390:000;
391:000;
392:000;
393:000;
394:000;
395:000;
396:000;
397:000;
398:000;
399:000;
400:000;
401:000;
402:000;
403:000;
404:000;
405:000;
406:000;
407:000;
408:000;
409:000;
410:000;
411:000;
412:000;
413:000;
414:000;
415:000;
416:000;
417:000;
418:000;
419:000;
420:000;
421:000;
422:000;
423:000;
424:000;
425:000;
426:000;
427:000;
428:000;
429:000;
430:000;
431:000;
432:000;
433:000;
434:000;
435:000;
436:000;
437:000;
438:000;
439:000;
440:000;
441:000;
442:000;
443:000;
444:000;
445:000;
446:000;
447:000;
448:000;
449:000;
450:000;
451:000;
452:000;
453:000;
454:000;
455:000;
456:000;
457:000;
458:000;
459:000;
460:000;
461:000;
462:000;
463:000;
464:000;
465:000;
466:000;
467:000;
468:000;
469:000;
470:000;
471:000;
472:000;
473:000;
474:000;
475:000;
476:000;
477:000;
478:000;
479:000;
480:000;
481:000;
482:000;
483:000;
484:000;
485:000;
486:000;
487:000;
488:000;
489:000;
490:000;
491:000;
492:000;
493:000;
494:000;
495:001;
496:001;
497:001;
498:000;
499:000;
500:000;
501:000;
502:000;
503:000;
504:000;
505:000;
506:000;
507:000;
508:000;
509:000;
510:000;
511:000;
512:000;
513:000;
514:000;
515:000;
516:000;
517:000;
518:000;
519:000;
520:000;
521:000;
522:000;
523:000;
524:000;
525:000;
526:000;
527:000;
528:000;
529:000;
530:000;
531:000;
532:000;
533:000;
534:000;
535:000;
536:000;
537:000;
538:000;
539:000;
540:000;
541:000;
542:000;
543:000;
544:000;
545:000;
546:000;
547:000;
548:000;
549:000;
550:000;
551:000;
552:000;
553:000;
554:000;
555:000;
556:000;
557:000;
558:001;
559:001;
560:001;
561:000;
562:000;
563:000;
564:000;
565:000;
566:000;
567:000;
568:000;
569:000;
570:000;
571:000;
572:000;
573:000;
574:000;
575:000;
576:000;
577:000;
578:000;
579:000;
580:000;
581:000;
582:000;
583:000;
584:000;
585:000;
586:000;
587:000;
588:000;
589:000;
590:000;
591:000;
592:000;
593:000;
594:000;
595:000;
596:000;
597:000;
598:000;
599:000;
600:000;
601:000;
602:000;
603:000;
604:000;
605:000;
606:000;
607:000;
608:000;
609:000;
610:000;
611:000;
612:000;
613:000;
614:000;
615:000;
616:000;
617:000;
618:000;
619:000;
620:000;
621:000;
622:000;
623:000;
624:000;
625:000;
626:000;
627:000;
628:000;
629:000;
630:000;
631:000;
632:000;
633:000;
634:000;
635:000;
636:000;
637:000;
638:000;
639:000;
640:000;
641:000;
642:000;
643:000;
644:000;
645:000;
646:000;
647:000;
648:000;
649:000;
650:000;
651:000;
652:000;
653:000;
654:000;
655:000;
656:000;
657:000;
658:000;
659:000;
660:000;
661:000;
662:000;
663:000;
664:000;
665:000;
666:000;
667:000;
668:000;
669:000;
670:000;
671:000;
672:000;
673:000;
674:000;
675:000;
676:000;
677:000;
678:000;
679:000;
680:000;
681:000;
682:000;
683:000;
684:000;
685:000;
686:000;
687:000;
688:000;
689:000;
690:000;
691:000;
692:000;
693:000;
694:000;
695:000;
696:000;
697:000;
698:000;
699:000;
700:000;
701:000;
702:000;
703:000;
704:000;
705:000;
706:000;
707:000;
708:000;
709:000;
710:000;
711:000;
712:000;
713:000;
714:000;
715:000;
716:000;
717:000;
718:000;
719:000;
720:000;
721:000;
722:000;
723:000;
724:000;
725:000;
726:000;
727:000;
728:000;
729:000;
730:000;
731:000;
732:000;
733:000;
734:001;
735:001;
736:001;
737:001;
738:001;
739:000;
740:000;
741:000;
742:000;
743:000;
744:000;
745:000;
746:000;
747:000;
748:000;
749:000;
750:000;
751:000;
752:000;
753:000;
754:000;
755:000;
756:000;
757:000;
758:000;
759:000;
760:000;
761:000;
762:000;
763:000;
764:000;
765:000;
766:000;
767:000;
768:000;
769:000;
770:000;
771:000;
772:000;
773:000;
774:000;
775:000;
776:000;
777:000;
778:000;
779:000;
780:000;
781:000;
782:000;
783:000;
784:000;
785:000;
786:000;
787:000;
788:000;
789:000;
790:000;
791:000;
792:000;
793:000;
794:000;
795:000;
796:000;
797:001;
798:001;
799:001;
800:001;
801:001;
802:000;
803:000;
804:000;
805:000;
806:000;
807:000;
808:000;
809:000;
810:000;
811:000;
812:000;
813:000;
814:000;
815:000;
816:000;
817:000;
818:000;
819:000;
820:000;
821:000;
822:000;
823:000;
824:000;
825:000;
826:001;
827:001;
828:001;
829:000;
830:000;
831:000;
832:000;
833:000;
834:000;
835:000;
836:000;
837:000;
838:000;
839:000;
840:000;
841:000;
842:000;
843:000;
844:000;
845:000;
846:000;
847:000;
848:000;
849:000;
850:000;
851:000;
852:000;
853:000;
854:000;
855:000;
856:000;
857:000;
858:000;
859:000;
860:000;
861:000;
862:000;
863:000;
864:000;
865:000;
866:000;
867:000;
868:000;
869:000;
870:000;
871:000;
872:000;
873:000;
874:000;
875:000;
876:000;
877:000;
878:000;
879:000;
880:000;
881:001;
882:001;
883:001;
884:000;
885:000;
886:000;
887:000;
888:000;
889:000;
890:000;
891:000;
892:000;
893:000;
894:000;
895:000;
896:000;
897:000;
898:000;
899:000;
900:000;
901:000;
902:000;
903:000;
904:000;
905:000;
906:000;
907:000;
908:000;
909:000;
910:000;
911:000;
912:000;
913:000;
914:000;
915:000;
916:000;
917:000;
918:000;
919:000;
920:000;
921:000;
922:000;
923:000;
924:000;
925:000;
926:000;
927:000;
928:000;
929:000;
930:000;
931:000;
932:000;
933:000;
934:000;
935:000;
936:000;
937:000;
938:000;
939:000;
940:000;
941:000;
942:000;
943:000;
944:000;
945:000;
946:000;
947:000;
948:000;
949:000;
950:000;
951:000;
952:000;
953:000;
954:000;
955:000;
956:000;
957:000;
958:000;
959:000;
960:000;
961:000;
962:000;
963:000;
964:000;
965:000;
966:000;
967:000;
968:000;
969:000;
970:000;
971:000;
972:000;
973:001;
974:001;
975:001;
976:007;
977:001;
978:001;
979:001;
980:000;
981:000;
982:000;
983:000;
984:000;
985:000;
986:000;
987:000;
988:000;
989:000;
990:000;
991:000;
992:000;
993:000;
994:000;
995:000;
996:000;
997:000;
998:000;
999:000;
1000:000;
1001:000;
1002:000;
1003:000;
1004:000;
1005:000;
1006:000;
1007:000;
1008:000;
1009:000;
1010:000;
1011:000;
1012:000;
1013:000;
1014:000;
1015:000;
1016:000;
1017:000;
1018:000;
1019:000;
1020:000;
1021:000;
1022:000;
1023:000;
1024:000;
1025:000;
1026:000;
1027:000;
1028:000;
1029:000;
1030:000;
1031:000;
1032:000;
1033:000;
1034:000;
1035:000;
1036:001;
1037:001;
1038:001;
1039:007;
1040:001;
1041:001;
1042:001;
1043:000;
1044:000;
1045:000;
1046:000;
1047:000;
1048:000;
1049:000;
1050:000;
1051:000;
1052:000;
1053:000;
1054:000;
1055:000;
1056:000;
1057:000;
1058:000;
1059:000;
1060:000;
1061:000;
1062:000;
1063:000;
1064:000;
1065:001;
1066:001;
1067:001;
1068:001;
1069:001;
1070:000;
1071:000;
1072:000;
1073:000;
1074:000;
1075:000;
1076:000;
1077:000;
1078:000;
1079:000;
1080:000;
1081:000;
1082:000;
1083:000;
1084:000;
1085:000;
1086:000;
1087:000;
1088:000;
1089:000;
1090:000;
1091:000;
1092:000;
1093:000;
1094:000;
1095:000;
1096:000;
1097:000;
1098:000;
1099:000;
1100:000;
1101:000;
1102:000;
1103:000;
1104:000;
1105:000;
1106:000;
1107:000;
1108:000;
1109:000;
1110:000;
1111:000;
1112:000;
1113:000;
1114:000;
1115:000;
1116:000;
1117:000;
1118:000;
1119:000;
1120:001;
1121:001;
1122:001;
1123:001;
1124:001;
1125:000;
1126:000;
1127:000;
1128:000;
1129:000;
1130:000;
1131:000;
1132:000;
1133:000;
1134:000;
1135:000;
1136:000;
1137:000;
1138:000;
1139:000;
1140:000;
1141:000;
1142:000;
1143:000;
1144:000;
1145:000;
1146:000;
1147:000;
1148:000;
1149:000;
1150:000;
1151:000;
1152:000;
1153:000;
1154:000;
1155:000;
1156:000;
1157:000;
1158:000;
1159:000;
1160:000;
1161:000;
1162:000;
1163:000;
1164:000;
1165:000;
1166:000;
1167:000;
1168:000;
1169:000;
1170:000;
1171:000;
1172:000;
1173:000;
1174:000;
1175:000;
1176:000;
1177:000;
1178:000;
1179:000;
1180:000;
1181:000;
1182:000;
1183:000;
1184:000;
1185:000;
1186:000;
1187:000;
1188:000;
1189:000;
1190:000;
1191:000;
1192:000;
1193:000;
1194:000;
1195:000;
1196:000;
1197:000;
1198:000;
1199:000;
1200:000;
1201:000;
1202:000;
1203:000;
1204:000;
1205:000;
1206:000;
1207:000;
1208:000;
1209:000;
1210:000;
1211:000;
1212:000;
1213:001;
1214:001;
1215:007;
1216:007;
1217:007;
1218:001;
1219:001;
1220:000;
1221:000;
1222:000;
1223:000;
1224:000;
1225:000;
1226:000;
1227:000;
1228:000;
1229:000;
1230:000;
1231:000;
1232:000;
1233:001;
1234:001;
1235:001;
1236:000;
1237:000;
1238:000;
1239:000;
1240:000;
1241:000;
1242:000;
1243:000;
1244:000;
1245:000;
1246:000;
1247:000;
1248:000;
1249:000;
1250:000;
1251:000;
1252:000;
1253:000;
1254:000;
1255:000;
1256:000;
1257:000;
1258:000;
1259:000;
1260:000;
1261:000;
1262:000;
1263:000;
1264:000;
1265:000;
1266:000;
1267:000;
1268:000;
1269:000;
1270:000;
1271:000;
1272:000;
1273:000;
1274:000;
1275:000;
1276:001;
1277:001;
1278:007;
1279:007;
1280:007;
1281:001;
1282:001;
1283:000;
1284:000;
1285:000;
1286:000;
1287:000;
1288:000;
1289:000;
1290:000;
1291:000;
1292:000;
1293:000;
1294:000;
1295:000;
1296:000;
1297:000;
1298:000;
1299:000;
1300:000;
1301:000;
1302:000;
1303:000;
1304:001;
1305:001;
1306:001;
1307:007;
1308:001;
1309:001;
1310:001;
1311:000;
1312:000;
1313:000;
1314:000;
1315:000;
1316:000;
1317:000;
1318:000;
1319:000;
1320:000;
1321:000;
1322:000;
1323:000;
1324:000;
1325:000;
1326:000;
1327:000;
1328:000;
1329:000;
1330:000;
1331:000;
1332:000;
1333:000;
1334:000;
1335:000;
1336:000;
1337:000;
1338:000;
1339:000;
1340:000;
1341:000;
1342:000;
1343:000;
1344:000;
1345:000;
1346:000;
1347:000;
1348:000;
1349:000;
1350:000;
1351:000;
1352:000;
1353:000;
1354:000;
1355:000;
1356:000;
1357:000;
1358:000;
1359:001;
1360:001;
1361:001;
1362:007;
1363:001;
1364:001;
1365:001;
1366:000;
1367:000;
1368:000;
1369:000;
1370:000;
1371:000;
1372:000;
1373:000;
1374:000;
1375:000;
1376:000;
1377:000;
1378:000;
1379:000;
1380:000;
1381:000;
1382:000;
1383:000;
1384:000;
1385:000;
1386:000;
1387:000;
1388:000;
1389:000;
1390:000;
1391:000;
1392:000;
1393:000;
1394:000;
1395:000;
1396:000;
1397:000;
1398:000;
1399:000;
1400:000;
1401:000;
1402:000;
1403:000;
1404:000;
1405:000;
1406:000;
1407:000;
1408:000;
1409:000;
1410:000;
1411:000;
1412:000;
1413:000;
1414:000;
1415:000;
1416:000;
1417:000;
1418:000;
1419:000;
1420:000;
1421:000;
1422:000;
1423:000;
1424:000;
1425:000;
1426:000;
1427:000;
1428:000;
1429:000;
1430:000;
1431:000;
1432:000;
1433:000;
1434:000;
1435:000;
1436:000;
1437:000;
1438:000;
1439:000;
1440:000;
1441:000;
1442:000;
1443:000;
1444:000;
1445:000;
1446:000;
1447:000;
1448:000;
1449:000;
1450:000;
1451:000;
1452:000;
1453:001;
1454:001;
1455:007;
1456:007;
1457:007;
1458:001;
1459:001;
1460:001;
1461:000;
1462:000;
1463:000;
1464:000;
1465:000;
1466:000;
1467:000;
1468:000;
1469:000;
1470:000;
1471:000;
1472:001;
1473:001;
1474:001;
1475:001;
1476:001;
1477:000;
1478:000;
1479:000;
1480:000;
1481:000;
1482:000;
1483:000;
1484:000;
1485:000;
1486:000;
1487:000;
1488:000;
1489:000;
1490:000;
1491:000;
1492:000;
1493:000;
1494:000;
1495:000;
1496:000;
1497:000;
1498:000;
1499:000;
1500:000;
1501:000;
1502:000;
1503:000;
1504:000;
1505:000;
1506:000;
1507:000;
1508:000;
1509:000;
1510:000;
1511:000;
1512:000;
1513:000;
1514:000;
1515:000;
1516:001;
1517:001;
1518:007;
1519:007;
1520:007;
1521:001;
1522:001;
1523:000;
1524:000;
1525:000;
1526:000;
1527:000;
1528:000;
1529:000;
1530:000;
1531:000;
1532:000;
1533:000;
1534:000;
1535:000;
1536:000;
1537:000;
1538:000;
1539:000;
1540:000;
1541:000;
1542:000;
1543:000;
1544:001;
1545:001;
1546:007;
1547:007;
1548:007;
1549:001;
1550:001;
1551:000;
1552:000;
1553:000;
1554:000;
1555:000;
1556:000;
1557:000;
1558:000;
1559:000;
1560:000;
1561:000;
1562:000;
1563:000;
1564:000;
1565:000;
1566:000;
1567:000;
1568:000;
1569:000;
1570:000;
1571:000;
1572:000;
1573:000;
1574:000;
1575:000;
1576:000;
1577:000;
1578:000;
1579:000;
1580:000;
1581:000;
1582:000;
1583:000;
1584:000;
1585:000;
1586:000;
1587:000;
1588:000;
1589:000;
1590:000;
1591:000;
1592:000;
1593:000;
1594:000;
1595:000;
1596:000;
1597:000;
1598:000;
1599:001;
1600:001;
1601:007;
1602:007;
1603:007;
1604:001;
1605:001;
1606:000;
1607:000;
1608:000;
1609:000;
1610:000;
1611:000;
1612:000;
1613:000;
1614:000;
1615:000;
1616:000;
1617:000;
1618:000;
1619:000;
1620:000;
1621:000;
1622:000;
1623:000;
1624:000;
1625:000;
1626:000;
1627:000;
1628:000;
1629:000;
1630:000;
1631:000;
1632:000;
1633:000;
1634:000;
1635:000;
1636:000;
1637:000;
1638:000;
1639:000;
1640:000;
1641:000;
1642:000;
1643:000;
1644:000;
1645:000;
1646:000;
1647:000;
1648:000;
1649:000;
1650:000;
1651:000;
1652:000;
1653:000;
1654:000;
1655:000;
1656:000;
1657:000;
1658:000;
1659:000;
1660:000;
1661:000;
1662:000;
1663:000;
1664:000;
1665:000;
1666:000;
1667:000;
1668:000;
1669:000;
1670:000;
1671:000;
1672:000;
1673:000;
1674:000;
1675:000;
1676:000;
1677:000;
1678:000;
1679:000;
1680:000;
1681:000;
1682:000;
1683:000;
1684:000;
1685:000;
1686:000;
1687:000;
1688:000;
1689:000;
1690:000;
1691:000;
1692:000;
1693:001;
1694:001;
1695:007;
1696:007;
1697:007;
1698:007;
1699:001;
1700:001;
1701:000;
1702:000;
1703:000;
1704:000;
1705:000;
1706:000;
1707:000;
1708:000;
1709:000;
1710:000;
1711:001;
1712:001;
1713:001;
1714:007;
1715:001;
1716:001;
1717:001;
1718:000;
1719:000;
1720:000;
1721:000;
1722:000;
1723:000;
1724:000;
1725:000;
1726:000;
1727:000;
1728:000;
1729:000;
1730:000;
1731:000;
1732:000;
1733:000;
1734:000;
1735:000;
1736:000;
1737:000;
1738:000;
1739:000;
1740:000;
1741:000;
1742:000;
1743:000;
1744:000;
1745:000;
1746:000;
1747:000;
1748:000;
1749:000;
1750:000;
1751:000;
1752:000;
1753:000;
1754:000;
1755:000;
1756:001;
1757:001;
1758:007;
1759:007;
1760:007;
1761:001;
1762:001;
1763:001;
1764:000;
1765:000;
1766:000;
1767:000;
1768:000;
1769:000;
1770:000;
1771:000;
1772:000;
1773:000;
1774:000;
1775:000;
1776:000;
1777:000;
1778:000;
1779:000;
1780:000;
1781:000;
1782:000;
1783:000;
1784:001;
1785:001;
1786:007;
1787:007;
1788:007;
1789:001;
1790:001;
1791:000;
1792:000;
1793:000;
1794:000;
1795:000;
1796:000;
1797:000;
1798:000;
1799:000;
1800:000;
1801:000;
1802:000;
1803:000;
1804:000;
1805:000;
1806:000;
1807:000;
1808:000;
1809:000;
1810:000;
1811:000;
1812:000;
1813:000;
1814:000;
1815:000;
1816:000;
1817:000;
1818:000;
1819:000;
1820:000;
1821:000;
1822:000;
1823:000;
1824:000;
1825:000;
1826:000;
1827:000;
1828:000;
1829:000;
1830:000;
1831:000;
1832:000;
1833:000;
1834:000;
1835:000;
1836:000;
1837:000;
1838:000;
1839:001;
1840:001;
1841:007;
1842:007;
1843:007;
1844:001;
1845:001;
1846:000;
1847:000;
1848:000;
1849:000;
1850:000;
1851:000;
1852:000;
1853:000;
1854:000;
1855:000;
1856:000;
1857:000;
1858:000;
1859:000;
1860:000;
1861:000;
1862:000;
1863:000;
1864:000;
1865:000;
1866:000;
1867:000;
1868:000;
1869:000;
1870:000;
1871:000;
1872:000;
1873:000;
1874:000;
1875:000;
1876:000;
1877:000;
1878:000;
1879:000;
1880:000;
1881:000;
1882:000;
1883:000;
1884:000;
1885:000;
1886:000;
1887:000;
1888:000;
1889:000;
1890:000;
1891:000;
1892:000;
1893:000;
1894:000;
1895:000;
1896:000;
1897:000;
1898:000;
1899:000;
1900:000;
1901:000;
1902:000;
1903:000;
1904:000;
1905:000;
1906:000;
1907:000;
1908:000;
1909:000;
1910:000;
1911:000;
1912:000;
1913:000;
1914:000;
1915:000;
1916:000;
1917:000;
1918:000;
1919:000;
1920:000;
1921:000;
1922:000;
1923:000;
1924:000;
1925:000;
1926:000;
1927:000;
1928:000;
1929:000;
1930:000;
1931:000;
1932:000;
1933:001;
1934:001;
1935:001;
1936:007;
1937:007;
1938:007;
1939:001;
1940:001;
1941:000;
1942:000;
1943:000;
1944:000;
1945:000;
1946:000;
1947:000;
1948:000;
1949:000;
1950:000;
1951:001;
1952:001;
1953:007;
1954:007;
1955:007;
1956:001;
1957:001;
1958:000;
1959:000;
1960:000;
1961:000;
1962:000;
1963:000;
1964:000;
1965:000;
1966:000;
1967:000;
1968:000;
1969:000;
1970:000;
1971:000;
1972:000;
1973:000;
1974:000;
1975:000;
1976:000;
1977:000;
1978:000;
1979:000;
1980:000;
1981:000;
1982:000;
1983:000;
1984:000;
1985:000;
1986:000;
1987:000;
1988:000;
1989:000;
1990:000;
1991:000;
1992:000;
1993:000;
1994:000;
1995:000;
1996:001;
1997:001;
1998:001;
1999:007;
2000:007;
2001:007;
2002:001;
2003:001;
2004:000;
2005:000;
2006:000;
2007:000;
2008:000;
2009:000;
2010:000;
2011:000;
2012:000;
2013:000;
2014:000;
2015:000;
2016:000;
2017:000;
2018:000;
2019:000;
2020:000;
2021:000;
2022:000;
2023:000;
2024:001;
2025:001;
2026:007;
2027:007;
2028:007;
2029:001;
2030:001;
2031:001;
2032:000;
2033:000;
2034:000;
2035:000;
2036:000;
2037:000;
2038:000;
2039:000;
2040:000;
2041:000;
2042:000;
2043:000;
2044:000;
2045:000;
2046:000;
2047:000;
2048:000;
2049:000;
2050:000;
2051:000;
2052:000;
2053:000;
2054:000;
2055:000;
2056:000;
2057:000;
2058:000;
2059:000;
2060:000;
2061:000;
2062:000;
2063:000;
2064:000;
2065:000;
2066:000;
2067:000;
2068:000;
2069:000;
2070:000;
2071:000;
2072:000;
2073:000;
2074:000;
2075:000;
2076:000;
2077:000;
2078:000;
2079:001;
2080:001;
2081:007;
2082:007;
2083:007;
2084:001;
2085:001;
2086:000;
2087:000;
2088:000;
2089:000;
2090:000;
2091:000;
2092:000;
2093:000;
2094:000;
2095:000;
2096:000;
2097:000;
2098:000;
2099:000;
2100:000;
2101:000;
2102:000;
2103:000;
2104:000;
2105:000;
2106:000;
2107:000;
2108:000;
2109:000;
2110:000;
2111:000;
2112:000;
2113:000;
2114:000;
2115:000;
2116:000;
2117:000;
2118:000;
2119:000;
2120:000;
2121:000;
2122:000;
2123:000;
2124:000;
2125:000;
2126:000;
2127:000;
2128:000;
2129:000;
2130:000;
2131:000;
2132:000;
2133:000;
2134:000;
2135:000;
2136:000;
2137:000;
2138:000;
2139:000;
2140:000;
2141:000;
2142:000;
2143:000;
2144:000;
2145:000;
2146:000;
2147:000;
2148:000;
2149:000;
2150:000;
2151:000;
2152:000;
2153:000;
2154:000;
2155:000;
2156:000;
2157:000;
2158:000;
2159:000;
2160:000;
2161:000;
2162:000;
2163:000;
2164:000;
2165:000;
2166:000;
2167:000;
2168:000;
2169:000;
2170:000;
2171:000;
2172:000;
2173:000;
2174:001;
2175:001;
2176:007;
2177:007;
2178:007;
2179:001;
2180:001;
2181:000;
2182:000;
2183:000;
2184:000;
2185:000;
2186:000;
2187:000;
2188:000;
2189:000;
2190:000;
2191:001;
2192:001;
2193:007;
2194:007;
2195:007;
2196:001;
2197:001;
2198:000;
2199:000;
2200:000;
2201:000;
2202:000;
2203:000;
2204:000;
2205:000;
2206:000;
2207:000;
2208:000;
2209:000;
2210:000;
2211:000;
2212:000;
2213:000;
2214:000;
2215:000;
2216:000;
2217:000;
2218:000;
2219:000;
2220:000;
2221:000;
2222:000;
2223:000;
2224:000;
2225:000;
2226:000;
2227:000;
2228:000;
2229:000;
2230:000;
2231:000;
2232:000;
2233:000;
2234:000;
2235:000;
2236:000;
2237:001;
2238:001;
2239:007;
2240:007;
2241:007;
2242:001;
2243:001;
2244:000;
2245:000;
2246:000;
2247:000;
2248:000;
2249:000;
2250:000;
2251:000;
2252:000;
2253:000;
2254:000;
2255:000;
2256:000;
2257:000;
2258:000;
2259:000;
2260:000;
2261:000;
2262:000;
2263:000;
2264:001;
2265:001;
2266:001;
2267:007;
2268:007;
2269:007;
2270:001;
2271:001;
2272:000;
2273:000;
2274:000;
2275:000;
2276:000;
2277:000;
2278:000;
2279:000;
2280:000;
2281:000;
2282:000;
2283:000;
2284:000;
2285:000;
2286:000;
2287:000;
2288:000;
2289:000;
2290:000;
2291:000;
2292:000;
2293:000;
2294:000;
2295:000;
2296:000;
2297:000;
2298:000;
2299:000;
2300:000;
2301:000;
2302:000;
2303:000;
2304:000;
2305:000;
2306:000;
2307:000;
2308:000;
2309:000;
2310:000;
2311:000;
2312:000;
2313:000;
2314:000;
2315:000;
2316:000;
2317:000;
2318:000;
2319:001;
2320:001;
2321:007;
2322:007;
2323:007;
2324:001;
2325:001;
2326:000;
2327:000;
2328:000;
2329:000;
2330:000;
2331:000;
2332:000;
2333:000;
2334:000;
2335:000;
2336:000;
2337:000;
2338:000;
2339:000;
2340:000;
2341:000;
2342:000;
2343:000;
2344:000;
2345:000;
2346:000;
2347:000;
2348:000;
2349:000;
2350:000;
2351:000;
2352:000;
2353:000;
2354:000;
2355:000;
2356:000;
2357:000;
2358:000;
2359:000;
2360:000;
2361:000;
2362:000;
2363:000;
2364:000;
2365:000;
2366:000;
2367:000;
2368:000;
2369:000;
2370:000;
2371:000;
2372:000;
2373:000;
2374:000;
2375:000;
2376:000;
2377:000;
2378:000;
2379:000;
2380:000;
2381:000;
2382:000;
2383:000;
2384:000;
2385:000;
2386:000;
2387:000;
2388:000;
2389:000;
2390:000;
2391:000;
2392:000;
2393:000;
2394:000;
2395:000;
2396:000;
2397:000;
2398:000;
2399:000;
2400:000;
2401:000;
2402:000;
2403:000;
2404:000;
2405:000;
2406:000;
2407:000;
2408:000;
2409:000;
2410:000;
2411:000;
2412:000;
2413:000;
2414:001;
2415:001;
2416:007;
2417:007;
2418:007;
2419:001;
2420:001;
2421:000;
2422:000;
2423:000;
2424:000;
2425:000;
2426:000;
2427:000;
2428:000;
2429:000;
2430:000;
2431:001;
2432:001;
2433:007;
2434:007;
2435:007;
2436:001;
2437:001;
2438:000;
2439:000;
2440:000;
2441:000;
2442:000;
2443:000;
2444:000;
2445:000;
2446:000;
2447:000;
2448:000;
2449:000;
2450:000;
2451:000;
2452:000;
2453:000;
2454:000;
2455:000;
2456:000;
2457:000;
2458:000;
2459:000;
2460:000;
2461:000;
2462:000;
2463:000;
2464:000;
2465:000;
2466:000;
2467:000;
2468:000;
2469:000;
2470:000;
2471:000;
2472:000;
2473:000;
2474:000;
2475:000;
2476:000;
2477:001;
2478:001;
2479:007;
2480:007;
2481:007;
2482:001;
2483:001;
2484:000;
2485:000;
2486:000;
2487:000;
2488:000;
2489:000;
2490:000;
2491:000;
2492:000;
2493:000;
2494:000;
2495:000;
2496:000;
2497:000;
2498:000;
2499:000;
2500:000;
2501:000;
2502:000;
2503:000;
2504:000;
2505:001;
2506:001;
2507:007;
2508:007;
2509:007;
2510:001;
2511:001;
2512:000;
2513:000;
2514:000;
2515:000;
2516:000;
2517:000;
2518:000;
2519:000;
2520:000;
2521:000;
2522:000;
2523:000;
2524:000;
2525:000;
2526:000;
2527:000;
2528:000;
2529:000;
2530:000;
2531:000;
2532:000;
2533:000;
2534:000;
2535:000;
2536:000;
2537:000;
2538:000;
2539:000;
2540:000;
2541:000;
2542:000;
2543:000;
2544:000;
2545:000;
2546:000;
2547:000;
2548:000;
2549:000;
2550:000;
2551:000;
2552:000;
2553:000;
2554:000;
2555:000;
2556:000;
2557:000;
2558:001;
2559:001;
2560:001;
2561:007;
2562:007;
2563:007;
2564:001;
2565:001;
2566:000;
2567:000;
2568:000;
2569:000;
2570:000;
2571:000;
2572:000;
2573:000;
2574:000;
2575:000;
2576:000;
2577:000;
2578:000;
2579:000;
2580:000;
2581:000;
2582:000;
2583:000;
2584:000;
2585:000;
2586:000;
2587:000;
2588:000;
2589:000;
2590:000;
2591:000;
2592:000;
2593:000;
2594:000;
2595:000;
2596:000;
2597:000;
2598:000;
2599:000;
2600:000;
2601:000;
2602:000;
2603:000;
2604:000;
2605:000;
2606:000;
2607:000;
2608:000;
2609:000;
2610:000;
2611:000;
2612:000;
2613:000;
2614:000;
2615:000;
2616:000;
2617:000;
2618:000;
2619:000;
2620:000;
2621:000;
2622:000;
2623:000;
2624:000;
2625:000;
2626:000;
2627:000;
2628:000;
2629:000;
2630:000;
2631:000;
2632:000;
2633:000;
2634:000;
2635:000;
2636:000;
2637:000;
2638:000;
2639:000;
2640:000;
2641:000;
2642:000;
2643:000;
2644:000;
2645:000;
2646:000;
2647:000;
2648:000;
2649:000;
2650:000;
2651:000;
2652:000;
2653:000;
2654:001;
2655:001;
2656:007;
2657:007;
2658:007;
2659:001;
2660:001;
2661:000;
2662:000;
2663:000;
2664:000;
2665:000;
2666:000;
2667:000;
2668:000;
2669:000;
2670:000;
2671:001;
2672:001;
2673:007;
2674:007;
2675:007;
2676:001;
2677:001;
2678:000;
2679:000;
2680:000;
2681:000;
2682:000;
2683:000;
2684:000;
2685:000;
2686:000;
2687:000;
2688:000;
2689:000;
2690:000;
2691:000;
2692:000;
2693:000;
2694:000;
2695:000;
2696:000;
2697:000;
2698:000;
2699:000;
2700:000;
2701:000;
2702:000;
2703:000;
2704:000;
2705:000;
2706:000;
2707:000;
2708:000;
2709:000;
2710:000;
2711:000;
2712:000;
2713:000;
2714:000;
2715:000;
2716:000;
2717:001;
2718:001;
2719:007;
2720:007;
2721:007;
2722:001;
2723:001;
2724:001;
2725:001;
2726:000;
2727:000;
2728:000;
2729:000;
2730:000;
2731:000;
2732:000;
2733:000;
2734:000;
2735:000;
2736:000;
2737:000;
2738:000;
2739:000;
2740:000;
2741:000;
2742:000;
2743:000;
2744:000;
2745:001;
2746:001;
2747:007;
2748:007;
2749:007;
2750:001;
2751:001;
2752:000;
2753:000;
2754:000;
2755:000;
2756:000;
2757:000;
2758:000;
2759:000;
2760:000;
2761:000;
2762:000;
2763:000;
2764:000;
2765:000;
2766:000;
2767:000;
2768:000;
2769:000;
2770:000;
2771:000;
2772:000;
2773:000;
2774:000;
2775:000;
2776:000;
2777:000;
2778:000;
2779:000;
2780:000;
2781:000;
2782:000;
2783:000;
2784:000;
2785:000;
2786:000;
2787:000;
2788:000;
2789:000;
2790:000;
2791:000;
2792:000;
2793:000;
2794:000;
2795:000;
2796:000;
2797:000;
2798:001;
2799:001;
2800:007;
2801:007;
2802:007;
2803:007;
2804:001;
2805:001;
2806:000;
2807:000;
2808:000;
2809:000;
2810:000;
2811:000;
2812:000;
2813:000;
2814:000;
2815:000;
2816:000;
2817:000;
2818:000;
2819:000;
2820:000;
2821:000;
2822:000;
2823:000;
2824:000;
2825:000;
2826:000;
2827:000;
2828:000;
2829:000;
2830:000;
2831:000;
2832:000;
2833:000;
2834:000;
2835:000;
2836:000;
2837:000;
2838:000;
2839:000;
2840:000;
2841:000;
2842:000;
2843:000;
2844:000;
2845:000;
2846:000;
2847:000;
2848:000;
2849:000;
2850:000;
2851:000;
2852:000;
2853:000;
2854:000;
2855:000;
2856:000;
2857:000;
2858:000;
2859:000;
2860:000;
2861:000;
2862:000;
2863:000;
2864:000;
2865:000;
2866:000;
2867:000;
2868:000;
2869:000;
2870:000;
2871:000;
2872:000;
2873:000;
2874:000;
2875:000;
2876:000;
2877:000;
2878:000;
2879:000;
2880:000;
2881:000;
2882:000;
2883:000;
2884:000;
2885:000;
2886:000;
2887:000;
2888:000;
2889:000;
2890:000;
2891:000;
2892:000;
2893:000;
2894:001;
2895:001;
2896:007;
2897:007;
2898:007;
2899:001;
2900:001;
2901:001;
2902:000;
2903:000;
2904:000;
2905:000;
2906:000;
2907:000;
2908:000;
2909:000;
2910:000;
2911:001;
2912:001;
2913:007;
2914:007;
2915:007;
2916:001;
2917:001;
2918:000;
2919:000;
2920:000;
2921:000;
2922:000;
2923:000;
2924:000;
2925:000;
2926:000;
2927:000;
2928:000;
2929:000;
2930:000;
2931:000;
2932:000;
2933:000;
2934:000;
2935:000;
2936:000;
2937:000;
2938:000;
2939:000;
2940:000;
2941:000;
2942:000;
2943:000;
2944:000;
2945:000;
2946:000;
2947:000;
2948:000;
2949:000;
2950:000;
2951:000;
2952:000;
2953:000;
2954:000;
2955:000;
2956:000;
2957:001;
2958:001;
2959:007;
2960:007;
2961:007;
2962:001;
2963:001;
2964:001;
2965:001;
2966:001;
2967:000;
2968:000;
2969:000;
2970:000;
2971:000;
2972:000;
2973:000;
2974:000;
2975:000;
2976:000;
2977:000;
2978:000;
2979:000;
2980:000;
2981:000;
2982:000;
2983:000;
2984:000;
2985:001;
2986:001;
2987:007;
2988:007;
2989:007;
2990:001;
2991:001;
2992:000;
2993:000;
2994:000;
2995:000;
2996:000;
2997:000;
2998:000;
2999:000;
3000:000;
3001:000;
3002:000;
3003:000;
3004:000;
3005:000;
3006:000;
3007:000;
3008:000;
3009:000;
3010:000;
3011:000;
3012:000;
3013:000;
3014:000;
3015:000;
3016:000;
3017:000;
3018:000;
3019:000;
3020:000;
3021:000;
3022:000;
3023:000;
3024:000;
3025:000;
3026:001;
3027:001;
3028:001;
3029:000;
3030:000;
3031:000;
3032:000;
3033:000;
3034:000;
3035:000;
3036:000;
3037:000;
3038:001;
3039:001;
3040:007;
3041:007;
3042:007;
3043:001;
3044:001;
3045:001;
3046:000;
3047:000;
3048:000;
3049:000;
3050:000;
3051:000;
3052:000;
3053:000;
3054:000;
3055:000;
3056:000;
3057:000;
3058:000;
3059:000;
3060:000;
3061:000;
3062:000;
3063:000;
3064:000;
3065:000;
3066:000;
3067:000;
3068:000;
3069:000;
3070:000;
3071:000;
3072:000;
3073:000;
3074:000;
3075:000;
3076:000;
3077:000;
3078:000;
3079:000;
3080:000;
3081:000;
3082:000;
3083:000;
3084:000;
3085:000;
3086:000;
3087:000;
3088:000;
3089:000;
3090:000;
3091:000;
3092:000;
3093:000;
3094:000;
3095:000;
3096:000;
3097:000;
3098:000;
3099:000;
3100:000;
3101:000;
3102:000;
3103:000;
3104:000;
3105:000;
3106:000;
3107:000;
3108:000;
3109:000;
3110:000;
3111:000;
3112:000;
3113:000;
3114:000;
3115:000;
3116:000;
3117:000;
3118:000;
3119:000;
3120:000;
3121:000;
3122:000;
3123:000;
3124:000;
3125:000;
3126:000;
3127:000;
3128:000;
3129:000;
3130:000;
3131:000;
3132:000;
3133:000;
3134:001;
3135:001;
3136:001;
3137:007;
3138:007;
3139:007;
3140:001;
3141:001;
3142:000;
3143:000;
3144:000;
3145:000;
3146:000;
3147:000;
3148:000;
3149:000;
3150:000;
3151:001;
3152:001;
3153:007;
3154:007;
3155:007;
3156:001;
3157:001;
3158:000;
3159:000;
3160:000;
3161:000;
3162:000;
3163:000;
3164:000;
3165:000;
3166:000;
3167:000;
3168:000;
3169:000;
3170:000;
3171:000;
3172:000;
3173:000;
3174:000;
3175:000;
3176:000;
3177:000;
3178:000;
3179:000;
3180:000;
3181:000;
3182:000;
3183:000;
3184:000;
3185:000;
3186:000;
3187:000;
3188:000;
3189:000;
3190:000;
3191:000;
3192:000;
3193:000;
3194:000;
3195:000;
3196:000;
3197:001;
3198:001;
3199:007;
3200:007;
3201:007;
3202:007;
3203:007;
3204:007;
3205:001;
3206:001;
3207:001;
3208:000;
3209:000;
3210:000;
3211:000;
3212:000;
3213:000;
3214:000;
3215:000;
3216:000;
3217:000;
3218:000;
3219:000;
3220:000;
3221:000;
3222:000;
3223:000;
3224:000;
3225:001;
3226:001;
3227:007;
3228:007;
3229:007;
3230:001;
3231:001;
3232:000;
3233:000;
3234:000;
3235:000;
3236:000;
3237:000;
3238:000;
3239:000;
3240:000;
3241:000;
3242:000;
3243:000;
3244:000;
3245:000;
3246:000;
3247:000;
3248:000;
3249:000;
3250:000;
3251:000;
3252:000;
3253:000;
3254:000;
3255:000;
3256:000;
3257:000;
3258:000;
3259:000;
3260:000;
3261:000;
3262:000;
3263:000;
3264:000;
3265:001;
3266:001;
3267:001;
3268:001;
3269:001;
3270:000;
3271:000;
3272:000;
3273:000;
3274:000;
3275:000;
3276:000;
3277:000;
3278:001;
3279:001;
3280:007;
3281:007;
3282:007;
3283:001;
3284:001;
3285:000;
3286:000;
3287:000;
3288:000;
3289:000;
3290:000;
3291:000;
3292:000;
3293:000;
3294:000;
3295:000;
3296:000;
3297:000;
3298:000;
3299:000;
3300:000;
3301:000;
3302:000;
3303:000;
3304:000;
3305:000;
3306:000;
3307:000;
3308:000;
3309:000;
3310:000;
3311:000;
3312:000;
3313:000;
3314:000;
3315:000;
3316:000;
3317:000;
3318:000;
3319:000;
3320:000;
3321:000;
3322:000;
3323:000;
3324:000;
3325:000;
3326:000;
3327:000;
3328:000;
3329:000;
3330:000;
3331:000;
3332:000;
3333:000;
3334:000;
3335:000;
3336:000;
3337:000;
3338:000;
3339:000;
3340:000;
3341:000;
3342:000;
3343:000;
3344:000;
3345:000;
3346:000;
3347:000;
3348:000;
3349:000;
3350:000;
3351:000;
3352:000;
3353:000;
3354:000;
3355:000;
3356:000;
3357:000;
3358:000;
3359:000;
3360:000;
3361:000;
3362:000;
3363:000;
3364:000;
3365:000;
3366:000;
3367:000;
3368:000;
3369:000;
3370:000;
3371:000;
3372:000;
3373:000;
3374:000;
3375:001;
3376:001;
3377:006;
3378:006;
3379:006;
3380:001;
3381:001;
3382:000;
3383:000;
3384:000;
3385:000;
3386:000;
3387:000;
3388:000;
3389:000;
3390:000;
3391:001;
3392:001;
3393:006;
3394:006;
3395:006;
3396:001;
3397:001;
3398:000;
3399:000;
3400:000;
3401:000;
3402:000;
3403:000;
3404:000;
3405:000;
3406:000;
3407:000;
3408:000;
3409:000;
3410:000;
3411:000;
3412:000;
3413:000;
3414:000;
3415:000;
3416:000;
3417:000;
3418:001;
3419:001;
3420:001;
3421:001;
3422:001;
3423:000;
3424:000;
3425:000;
3426:000;
3427:000;
3428:000;
3429:000;
3430:000;
3431:001;
3432:001;
3433:001;
3434:001;
3435:000;
3436:000;
3437:001;
3438:001;
3439:006;
3440:006;
3441:006;
3442:006;
3443:006;
3444:006;
3445:006;
3446:001;
3447:001;
3448:000;
3449:000;
3450:000;
3451:000;
3452:000;
3453:000;
3454:000;
3455:000;
3456:000;
3457:000;
3458:000;
3459:000;
3460:000;
3461:000;
3462:000;
3463:000;
3464:000;
3465:001;
3466:001;
3467:006;
3468:006;
3469:006;
3470:001;
3471:001;
3472:000;
3473:000;
3474:000;
3475:000;
3476:000;
3477:000;
3478:000;
3479:000;
3480:000;
3481:000;
3482:000;
3483:000;
3484:000;
3485:000;
3486:000;
3487:000;
3488:000;
3489:000;
3490:000;
3491:000;
3492:000;
3493:000;
3494:000;
3495:000;
3496:000;
3497:000;
3498:000;
3499:000;
3500:000;
3501:000;
3502:000;
3503:000;
3504:001;
3505:001;
3506:001;
3507:006;
3508:001;
3509:001;
3510:001;
3511:000;
3512:000;
3513:000;
3514:000;
3515:000;
3516:000;
3517:000;
3518:001;
3519:001;
3520:006;
3521:006;
3522:006;
3523:001;
3524:001;
3525:000;
3526:000;
3527:000;
3528:000;
3529:000;
3530:000;
3531:000;
3532:000;
3533:000;
3534:001;
3535:001;
3536:001;
3537:000;
3538:000;
3539:000;
3540:000;
3541:000;
3542:000;
3543:000;
3544:000;
3545:000;
3546:000;
3547:000;
3548:000;
3549:000;
3550:000;
3551:000;
3552:000;
3553:000;
3554:000;
3555:000;
3556:000;
3557:000;
3558:000;
3559:000;
3560:000;
3561:000;
3562:000;
3563:000;
3564:000;
3565:000;
3566:000;
3567:000;
3568:000;
3569:000;
3570:000;
3571:000;
3572:000;
3573:000;
3574:000;
3575:000;
3576:000;
3577:000;
3578:000;
3579:000;
3580:000;
3581:000;
3582:000;
3583:000;
3584:000;
3585:000;
3586:000;
3587:000;
3588:000;
3589:000;
3590:000;
3591:000;
3592:000;
3593:000;
3594:000;
3595:000;
3596:000;
3597:000;
3598:000;
3599:000;
3600:000;
3601:000;
3602:000;
3603:000;
3604:000;
3605:000;
3606:000;
3607:000;
3608:000;
3609:000;
3610:000;
3611:000;
3612:000;
3613:000;
3614:000;
3615:001;
3616:001;
3617:006;
3618:006;
3619:006;
3620:001;
3621:001;
3622:000;
3623:000;
3624:000;
3625:000;
3626:000;
3627:000;
3628:000;
3629:000;
3630:000;
3631:001;
3632:001;
3633:006;
3634:006;
3635:006;
3636:001;
3637:001;
3638:001;
3639:000;
3640:001;
3641:001;
3642:001;
3643:001;
3644:001;
3645:001;
3646:001;
3647:001;
3648:001;
3649:001;
3650:001;
3651:001;
3652:001;
3653:000;
3654:000;
3655:000;
3656:000;
3657:001;
3658:001;
3659:001;
3660:001;
3661:001;
3662:001;
3663:001;
3664:000;
3665:000;
3666:000;
3667:000;
3668:000;
3669:000;
3670:001;
3671:001;
3672:001;
3673:001;
3674:001;
3675:001;
3676:001;
3677:001;
3678:001;
3679:006;
3680:006;
3681:006;
3682:006;
3683:006;
3684:006;
3685:006;
3686:001;
3687:001;
3688:000;
3689:000;
3690:000;
3691:000;
3692:000;
3693:000;
3694:000;
3695:000;
3696:000;
3697:000;
3698:000;
3699:000;
3700:000;
3701:000;
3702:000;
3703:000;
3704:000;
3705:001;
3706:001;
3707:006;
3708:006;
3709:006;
3710:001;
3711:001;
3712:000;
3713:000;
3714:000;
3715:000;
3716:000;
3717:000;
3718:000;
3719:000;
3720:000;
3721:000;
3722:000;
3723:000;
3724:000;
3725:000;
3726:000;
3727:000;
3728:000;
3729:000;
3730:000;
3731:000;
3732:000;
3733:000;
3734:000;
3735:000;
3736:000;
3737:000;
3738:000;
3739:000;
3740:000;
3741:000;
3742:000;
3743:000;
3744:001;
3745:001;
3746:006;
3747:006;
3748:006;
3749:001;
3750:001;
3751:000;
3752:000;
3753:000;
3754:000;
3755:000;
3756:000;
3757:000;
3758:001;
3759:001;
3760:006;
3761:006;
3762:006;
3763:001;
3764:001;
3765:000;
3766:000;
3767:000;
3768:000;
3769:000;
3770:000;
3771:000;
3772:001;
3773:001;
3774:001;
3775:001;
3776:001;
3777:001;
3778:000;
3779:000;
3780:000;
3781:000;
3782:000;
3783:000;
3784:000;
3785:000;
3786:000;
3787:000;
3788:000;
3789:000;
3790:000;
3791:000;
3792:000;
3793:000;
3794:000;
3795:000;
3796:000;
3797:000;
3798:000;
3799:000;
3800:000;
3801:000;
3802:000;
3803:000;
3804:000;
3805:000;
3806:000;
3807:000;
3808:000;
3809:000;
3810:000;
3811:000;
3812:000;
3813:000;
3814:000;
3815:000;
3816:000;
3817:000;
3818:000;
3819:000;
3820:000;
3821:000;
3822:000;
3823:000;
3824:000;
3825:000;
3826:000;
3827:000;
3828:000;
3829:000;
3830:000;
3831:000;
3832:000;
3833:000;
3834:000;
3835:000;
3836:000;
3837:000;
3838:000;
3839:000;
3840:000;
3841:000;
3842:000;
3843:000;
3844:000;
3845:000;
3846:000;
3847:000;
3848:000;
3849:000;
3850:000;
3851:000;
3852:000;
3853:000;
3854:000;
3855:001;
3856:001;
3857:006;
3858:006;
3859:006;
3860:001;
3861:001;
3862:000;
3863:000;
3864:000;
3865:000;
3866:000;
3867:000;
3868:000;
3869:000;
3870:000;
3871:001;
3872:001;
3873:001;
3874:006;
3875:006;
3876:006;
3877:001;
3878:001;
3879:001;
3880:001;
3881:001;
3882:001;
3883:001;
3884:001;
3885:001;
3886:001;
3887:001;
3888:001;
3889:001;
3890:001;
3891:001;
3892:001;
3893:001;
3894:000;
3895:000;
3896:001;
3897:001;
3898:001;
3899:006;
3900:001;
3901:006;
3902:001;
3903:001;
3904:001;
3905:000;
3906:000;
3907:000;
3908:000;
3909:001;
3910:001;
3911:001;
3912:006;
3913:006;
3914:001;
3915:001;
3916:001;
3917:001;
3918:006;
3919:006;
3920:006;
3921:006;
3922:001;
3923:006;
3924:006;
3925:006;
3926:001;
3927:001;
3928:000;
3929:000;
3930:000;
3931:000;
3932:000;
3933:000;
3934:000;
3935:000;
3936:000;
3937:000;
3938:000;
3939:000;
3940:000;
3941:000;
3942:000;
3943:000;
3944:000;
3945:001;
3946:001;
3947:006;
3948:006;
3949:006;
3950:001;
3951:001;
3952:000;
3953:000;
3954:000;
3955:000;
3956:000;
3957:000;
3958:000;
3959:000;
3960:000;
3961:000;
3962:000;
3963:000;
3964:000;
3965:000;
3966:000;
3967:000;
3968:000;
3969:000;
3970:000;
3971:000;
3972:000;
3973:000;
3974:000;
3975:000;
3976:000;
3977:000;
3978:000;
3979:000;
3980:000;
3981:000;
3982:000;
3983:000;
3984:001;
3985:001;
3986:006;
3987:006;
3988:006;
3989:001;
3990:001;
3991:000;
3992:000;
3993:000;
3994:000;
3995:000;
3996:000;
3997:000;
3998:001;
3999:001;
4000:006;
4001:006;
4002:006;
4003:001;
4004:001;
4005:000;
4006:000;
4007:000;
4008:000;
4009:000;
4010:000;
4011:001;
4012:001;
4013:001;
4014:001;
4015:006;
4016:001;
4017:001;
4018:001;
4019:000;
4020:000;
4021:000;
4022:000;
4023:000;
4024:000;
4025:000;
4026:000;
4027:000;
4028:000;
4029:000;
4030:000;
4031:000;
4032:000;
4033:000;
4034:000;
4035:000;
4036:000;
4037:000;
4038:000;
4039:000;
4040:000;
4041:000;
4042:000;
4043:000;
4044:000;
4045:000;
4046:000;
4047:000;
4048:000;
4049:000;
4050:000;
4051:000;
4052:000;
4053:000;
4054:000;
4055:000;
4056:000;
4057:000;
4058:000;
4059:000;
4060:000;
4061:000;
4062:000;
4063:000;
4064:000;
4065:000;
4066:000;
4067:000;
4068:000;
4069:000;
4070:000;
4071:000;
4072:000;
4073:000;
4074:000;
4075:000;
4076:000;
4077:000;
4078:000;
4079:000;
4080:000;
4081:000;
4082:000;
4083:000;
4084:000;
4085:000;
4086:000;
4087:000;
4088:000;
4089:000;
4090:000;
4091:000;
4092:000;
4093:000;
4094:000;
4095:001;
4096:001;
4097:006;
4098:006;
4099:006;
4100:001;
4101:001;
4102:000;
4103:000;
4104:000;
4105:000;
4106:000;
4107:000;
4108:000;
4109:000;
4110:000;
4111:000;
4112:001;
4113:001;
4114:006;
4115:006;
4116:006;
4117:001;
4118:001;
4119:001;
4120:001;
4121:006;
4122:006;
4123:001;
4124:006;
4125:006;
4126:006;
4127:006;
4128:006;
4129:006;
4130:006;
4131:006;
4132:001;
4133:001;
4134:001;
4135:001;
4136:001;
4137:001;
4138:006;
4139:006;
4140:006;
4141:006;
4142:006;
4143:001;
4144:001;
4145:001;
4146:000;
4147:000;
4148:001;
4149:001;
4150:001;
4151:006;
4152:006;
4153:006;
4154:006;
4155:001;
4156:001;
4157:001;
4158:001;
4159:006;
4160:006;
4161:006;
4162:001;
4163:006;
4164:006;
4165:006;
4166:001;
4167:001;
4168:000;
4169:000;
4170:000;
4171:000;
4172:000;
4173:000;
4174:000;
4175:000;
4176:000;
4177:000;
4178:000;
4179:000;
4180:000;
4181:000;
4182:000;
4183:000;
4184:000;
4185:001;
4186:001;
4187:006;
4188:006;
4189:006;
4190:001;
4191:001;
4192:000;
4193:000;
4194:000;
4195:000;
4196:000;
4197:000;
4198:000;
4199:000;
4200:000;
4201:000;
4202:000;
4203:000;
4204:000;
4205:000;
4206:000;
4207:000;
4208:000;
4209:000;
4210:000;
4211:000;
4212:000;
4213:000;
4214:000;
4215:000;
4216:000;
4217:000;
4218:000;
4219:000;
4220:000;
4221:000;
4222:000;
4223:000;
4224:001;
4225:001;
4226:006;
4227:006;
4228:006;
4229:001;
4230:001;
4231:000;
4232:000;
4233:000;
4234:000;
4235:000;
4236:000;
4237:000;
4238:001;
4239:001;
4240:006;
4241:006;
4242:006;
4243:001;
4244:001;
4245:000;
4246:000;
4247:000;
4248:000;
4249:000;
4250:001;
4251:001;
4252:001;
4253:006;
4254:006;
4255:006;
4256:006;
4257:001;
4258:001;
4259:000;
4260:000;
4261:000;
4262:000;
4263:000;
4264:000;
4265:000;
4266:000;
4267:000;
4268:000;
4269:000;
4270:000;
4271:000;
4272:000;
4273:000;
4274:000;
4275:000;
4276:000;
4277:000;
4278:000;
4279:000;
4280:000;
4281:000;
4282:000;
4283:000;
4284:000;
4285:000;
4286:000;
4287:000;
4288:000;
4289:000;
4290:000;
4291:000;
4292:000;
4293:000;
4294:000;
4295:000;
4296:000;
4297:000;
4298:000;
4299:000;
4300:000;
4301:000;
4302:000;
4303:000;
4304:000;
4305:000;
4306:000;
4307:000;
4308:000;
4309:000;
4310:000;
4311:000;
4312:000;
4313:000;
4314:000;
4315:000;
4316:000;
4317:000;
4318:000;
4319:000;
4320:000;
4321:000;
4322:000;
4323:000;
4324:000;
4325:000;
4326:000;
4327:000;
4328:000;
4329:000;
4330:000;
4331:000;
4332:000;
4333:000;
4334:000;
4335:001;
4336:001;
4337:006;
4338:006;
4339:006;
4340:001;
4341:001;
4342:000;
4343:000;
4344:000;
4345:000;
4346:000;
4347:000;
4348:000;
4349:000;
4350:000;
4351:000;
4352:001;
4353:001;
4354:006;
4355:006;
4356:006;
4357:006;
4358:006;
4359:006;
4360:006;
4361:006;
4362:006;
4363:006;
4364:006;
4365:006;
4366:006;
4367:006;
4368:006;
4369:006;
4370:006;
4371:006;
4372:006;
4373:001;
4374:001;
4375:001;
4376:001;
4377:006;
4378:006;
4379:006;
4380:006;
4381:006;
4382:006;
4383:006;
4384:001;
4385:001;
4386:000;
4387:000;
4388:001;
4389:001;
4390:006;
4391:006;
4392:006;
4393:006;
4394:001;
4395:001;
4396:001;
4397:001;
4398:001;
4399:001;
4400:006;
4401:006;
4402:006;
4403:006;
4404:006;
4405:001;
4406:001;
4407:001;
4408:000;
4409:000;
4410:000;
4411:000;
4412:000;
4413:000;
4414:000;
4415:000;
4416:000;
4417:000;
4418:000;
4419:000;
4420:000;
4421:000;
4422:000;
4423:000;
4424:000;
4425:001;
4426:001;
4427:006;
4428:006;
4429:006;
4430:001;
4431:001;
4432:001;
4433:001;
4434:001;
4435:001;
4436:001;
4437:001;
4438:001;
4439:000;
4440:000;
4441:000;
4442:000;
4443:000;
4444:000;
4445:000;
4446:000;
4447:000;
4448:000;
4449:000;
4450:000;
4451:000;
4452:000;
4453:000;
4454:000;
4455:000;
4456:000;
4457:000;
4458:000;
4459:000;
4460:000;
4461:000;
4462:000;
4463:000;
4464:001;
4465:001;
4466:001;
4467:006;
4468:001;
4469:001;
4470:001;
4471:000;
4472:000;
4473:000;
4474:000;
4475:000;
4476:000;
4477:001;
4478:001;
4479:001;
4480:006;
4481:006;
4482:006;
4483:001;
4484:001;
4485:000;
4486:000;
4487:000;
4488:000;
4489:001;
4490:001;
4491:001;
4492:006;
4493:006;
4494:006;
4495:006;
4496:006;
4497:001;
4498:001;
4499:000;
4500:000;
4501:000;
4502:000;
4503:000;
4504:000;
4505:000;
4506:000;
4507:000;
4508:000;
4509:000;
4510:000;
4511:000;
4512:000;
4513:000;
4514:000;
4515:000;
4516:000;
4517:000;
4518:000;
4519:000;
4520:000;
4521:000;
4522:000;
4523:000;
4524:000;
4525:000;
4526:000;
4527:000;
4528:000;
4529:000;
4530:000;
4531:000;
4532:000;
4533:000;
4534:000;
4535:000;
4536:000;
4537:000;
4538:000;
4539:000;
4540:000;
4541:000;
4542:000;
4543:000;
4544:000;
4545:000;
4546:000;
4547:000;
4548:000;
4549:000;
4550:000;
4551:000;
4552:000;
4553:000;
4554:000;
4555:000;
4556:000;
4557:000;
4558:000;
4559:000;
4560:000;
4561:000;
4562:000;
4563:000;
4564:000;
4565:000;
4566:000;
4567:000;
4568:000;
4569:000;
4570:000;
4571:000;
4572:000;
4573:000;
4574:000;
4575:001;
4576:001;
4577:006;
4578:006;
4579:006;
4580:001;
4581:001;
4582:000;
4583:000;
4584:000;
4585:000;
4586:000;
4587:000;
4588:000;
4589:000;
4590:001;
4591:001;
4592:001;
4593:001;
4594:006;
4595:006;
4596:006;
4597:006;
4598:006;
4599:006;
4600:006;
4601:006;
4602:006;
4603:006;
4604:006;
4605:006;
4606:006;
4607:006;
4608:006;
4609:006;
4610:006;
4611:006;
4612:006;
4613:006;
4614:001;
4615:001;
4616:006;
4617:006;
4618:006;
4619:006;
4620:001;
4621:006;
4622:006;
4623:006;
4624:001;
4625:001;
4626:000;
4627:001;
4628:001;
4629:001;
4630:006;
4631:006;
4632:006;
4633:001;
4634:001;
4635:001;
4636:000;
4637:000;
4638:001;
4639:001;
4640:006;
4641:006;
4642:006;
4643:006;
4644:006;
4645:001;
4646:001;
4647:000;
4648:000;
4649:000;
4650:000;
4651:000;
4652:000;
4653:000;
4654:000;
4655:000;
4656:000;
4657:000;
4658:000;
4659:000;
4660:000;
4661:000;
4662:000;
4663:000;
4664:000;
4665:001;
4666:001;
4667:006;
4668:006;
4669:006;
4670:001;
4671:001;
4672:001;
4673:001;
4674:001;
4675:001;
4676:001;
4677:001;
4678:001;
4679:001;
4680:000;
4681:000;
4682:001;
4683:001;
4684:001;
4685:000;
4686:000;
4687:000;
4688:000;
4689:000;
4690:000;
4691:000;
4692:000;
4693:000;
4694:000;
4695:000;
4696:000;
4697:000;
4698:000;
4699:001;
4700:001;
4701:001;
4702:001;
4703:001;
4704:000;
4705:001;
4706:001;
4707:001;
4708:001;
4709:001;
4710:000;
4711:000;
4712:000;
4713:000;
4714:000;
4715:000;
4716:001;
4717:001;
4718:001;
4719:006;
4720:006;
4721:006;
4722:006;
4723:001;
4724:001;
4725:000;
4726:000;
4727:000;
4728:000;
4729:001;
4730:001;
4731:006;
4732:006;
4733:006;
4734:006;
4735:006;
4736:006;
4737:001;
4738:001;
4739:000;
4740:000;
4741:000;
4742:000;
4743:000;
4744:000;
4745:000;
4746:000;
4747:000;
4748:000;
4749:000;
4750:000;
4751:000;
4752:000;
4753:000;
4754:000;
4755:000;
4756:000;
4757:000;
4758:000;
4759:000;
4760:000;
4761:000;
4762:000;
4763:000;
4764:000;
4765:000;
4766:000;
4767:000;
4768:000;
4769:000;
4770:000;
4771:000;
4772:000;
4773:000;
4774:000;
4775:000;
4776:000;
4777:000;
4778:000;
4779:000;
4780:000;
4781:000;
4782:000;
4783:000;
4784:000;
4785:000;
4786:000;
4787:000;
4788:000;
4789:000;
4790:000;
4791:000;
4792:000;
4793:000;
4794:000;
4795:000;
4796:000;
4797:000;
4798:000;
4799:000;
4800:000;
4801:000;
4802:000;
4803:000;
4804:000;
4805:000;
4806:000;
4807:000;
4808:000;
4809:000;
4810:000;
4811:000;
4812:000;
4813:000;
4814:000;
4815:001;
4816:001;
4817:006;
4818:006;
4819:006;
4820:001;
4821:001;
4822:000;
4823:000;
4824:000;
4825:000;
4826:000;
4827:000;
4828:001;
4829:001;
4830:001;
4831:001;
4832:001;
4833:006;
4834:006;
4835:006;
4836:006;
4837:006;
4838:006;
4839:006;
4840:006;
4841:001;
4842:001;
4843:006;
4844:006;
4845:006;
4846:001;
4847:001;
4848:001;
4849:001;
4850:001;
4851:001;
4852:006;
4853:006;
4854:006;
4855:001;
4856:006;
4857:006;
4858:006;
4859:001;
4860:001;
4861:006;
4862:006;
4863:006;
4864:001;
4865:001;
4866:001;
4867:001;
4868:001;
4869:006;
4870:006;
4871:006;
4872:001;
4873:001;
4874:001;
4875:000;
4876:000;
4877:000;
4878:001;
4879:001;
4880:006;
4881:006;
4882:006;
4883:006;
4884:001;
4885:001;
4886:001;
4887:000;
4888:000;
4889:000;
4890:000;
4891:000;
4892:000;
4893:000;
4894:000;
4895:000;
4896:000;
4897:000;
4898:000;
4899:000;
4900:000;
4901:000;
4902:000;
4903:000;
4904:000;
4905:001;
4906:001;
4907:006;
4908:006;
4909:006;
4910:001;
4911:001;
4912:001;
4913:006;
4914:006;
4915:006;
4916:006;
4917:006;
4918:001;
4919:001;
4920:001;
4921:001;
4922:001;
4923:001;
4924:001;
4925:001;
4926:000;
4927:000;
4928:001;
4929:001;
4930:001;
4931:000;
4932:000;
4933:000;
4934:000;
4935:000;
4936:001;
4937:001;
4938:001;
4939:001;
4940:001;
4941:001;
4942:001;
4943:001;
4944:001;
4945:001;
4946:001;
4947:001;
4948:001;
4949:001;
4950:000;
4951:000;
4952:000;
4953:000;
4954:000;
4955:001;
4956:001;
4957:001;
4958:006;
4959:006;
4960:006;
4961:006;
4962:006;
4963:001;
4964:001;
4965:000;
4966:000;
4967:000;
4968:001;
4969:001;
4970:001;
4971:006;
4972:006;
4973:006;
4974:006;
4975:006;
4976:006;
4977:001;
4978:001;
4979:000;
4980:000;
4981:000;
4982:000;
4983:000;
4984:000;
4985:000;
4986:000;
4987:000;
4988:000;
4989:000;
4990:000;
4991:000;
4992:000;
4993:000;
4994:000;
4995:000;
4996:000;
4997:000;
4998:000;
4999:000;
5000:000;
5001:000;
5002:000;
5003:000;
5004:000;
5005:000;
5006:000;
5007:000;
5008:000;
5009:000;
5010:000;
5011:000;
5012:000;
5013:000;
5014:000;
5015:000;
5016:000;
5017:000;
5018:000;
5019:000;
5020:000;
5021:000;
5022:000;
5023:000;
5024:000;
5025:000;
5026:000;
5027:000;
5028:000;
5029:000;
5030:000;
5031:000;
5032:000;
5033:000;
5034:000;
5035:000;
5036:000;
5037:000;
5038:000;
5039:000;
5040:000;
5041:000;
5042:000;
5043:000;
5044:000;
5045:000;
5046:000;
5047:000;
5048:000;
5049:000;
5050:000;
5051:000;
5052:000;
5053:000;
5054:000;
5055:001;
5056:001;
5057:006;
5058:006;
5059:006;
5060:001;
5061:001;
5062:000;
5063:001;
5064:001;
5065:001;
5066:000;
5067:001;
5068:001;
5069:001;
5070:001;
5071:006;
5072:006;
5073:006;
5074:006;
5075:006;
5076:006;
5077:001;
5078:001;
5079:001;
5080:001;
5081:001;
5082:001;
5083:006;
5084:006;
5085:006;
5086:006;
5087:001;
5088:001;
5089:001;
5090:001;
5091:001;
5092:001;
5093:006;
5094:006;
5095:006;
5096:006;
5097:006;
5098:006;
5099:001;
5100:001;
5101:006;
5102:006;
5103:006;
5104:006;
5105:001;
5106:001;
5107:001;
5108:001;
5109:006;
5110:006;
5111:006;
5112:001;
5113:001;
5114:000;
5115:000;
5116:000;
5117:000;
5118:001;
5119:001;
5120:006;
5121:006;
5122:006;
5123:006;
5124:001;
5125:001;
5126:000;
5127:000;
5128:000;
5129:000;
5130:000;
5131:000;
5132:000;
5133:000;
5134:000;
5135:000;
5136:000;
5137:000;
5138:000;
5139:000;
5140:000;
5141:000;
5142:000;
5143:000;
5144:000;
5145:001;
5146:001;
5147:006;
5148:006;
5149:006;
5150:001;
5151:006;
5152:006;
5153:006;
5154:006;
5155:006;
5156:006;
5157:006;
5158:006;
5159:001;
5160:001;
5161:001;
5162:001;
5163:006;
5164:001;
5165:001;
5166:001;
5167:001;
5168:001;
5169:001;
5170:001;
5171:001;
5172:000;
5173:000;
5174:000;
5175:001;
5176:001;
5177:001;
5178:001;
5179:001;
5180:006;
5181:006;
5182:006;
5183:001;
5184:001;
5185:001;
5186:001;
5187:006;
5188:001;
5189:001;
5190:001;
5191:000;
5192:000;
5193:000;
5194:001;
5195:001;
5196:001;
5197:006;
5198:006;
5199:006;
5200:006;
5201:006;
5202:006;
5203:001;
5204:001;
5205:000;
5206:000;
5207:000;
5208:001;
5209:001;
5210:006;
5211:006;
5212:006;
5213:006;
5214:006;
5215:006;
5216:001;
5217:001;
5218:001;
5219:000;
5220:000;
5221:000;
5222:000;
5223:000;
5224:000;
5225:000;
5226:000;
5227:000;
5228:000;
5229:000;
5230:000;
5231:000;
5232:000;
5233:000;
5234:000;
5235:000;
5236:000;
5237:000;
5238:000;
5239:000;
5240:000;
5241:000;
5242:000;
5243:000;
5244:000;
5245:000;
5246:000;
5247:000;
5248:000;
5249:000;
5250:000;
5251:000;
5252:000;
5253:000;
5254:000;
5255:000;
5256:000;
5257:000;
5258:000;
5259:000;
5260:000;
5261:000;
5262:000;
5263:000;
5264:000;
5265:000;
5266:000;
5267:000;
5268:000;
5269:000;
5270:000;
5271:000;
5272:000;
5273:000;
5274:000;
5275:000;
5276:000;
5277:000;
5278:000;
5279:000;
5280:000;
5281:000;
5282:000;
5283:000;
5284:000;
5285:000;
5286:000;
5287:000;
5288:000;
5289:000;
5290:000;
5291:000;
5292:000;
5293:000;
5294:000;
5295:001;
5296:001;
5297:006;
5298:006;
5299:006;
5300:001;
5301:001;
5302:001;
5303:001;
5304:001;
5305:001;
5306:001;
5307:001;
5308:001;
5309:006;
5310:006;
5311:006;
5312:006;
5313:006;
5314:006;
5315:006;
5316:006;
5317:001;
5318:001;
5319:001;
5320:001;
5321:001;
5322:001;
5323:001;
5324:006;
5325:006;
5326:006;
5327:001;
5328:001;
5329:000;
5330:000;
5331:001;
5332:001;
5333:006;
5334:006;
5335:006;
5336:006;
5337:006;
5338:001;
5339:001;
5340:001;
5341:001;
5342:006;
5343:006;
5344:006;
5345:001;
5346:001;
5347:001;
5348:001;
5349:006;
5350:006;
5351:006;
5352:001;
5353:001;
5354:000;
5355:000;
5356:000;
5357:000;
5358:001;
5359:001;
5360:006;
5361:006;
5362:006;
5363:001;
5364:001;
5365:001;
5366:000;
5367:000;
5368:000;
5369:000;
5370:000;
5371:000;
5372:000;
5373:000;
5374:000;
5375:000;
5376:000;
5377:000;
5378:000;
5379:000;
5380:000;
5381:000;
5382:000;
5383:000;
5384:000;
5385:001;
5386:001;
5387:006;
5388:006;
5389:006;
5390:006;
5391:006;
5392:006;
5393:006;
5394:006;
5395:006;
5396:006;
5397:006;
5398:006;
5399:006;
5400:001;
5401:001;
5402:006;
5403:006;
5404:006;
5405:001;
5406:001;
5407:001;
5408:001;
5409:006;
5410:001;
5411:001;
5412:001;
5413:000;
5414:001;
5415:001;
5416:001;
5417:006;
5418:001;
5419:006;
5420:006;
5421:006;
5422:006;
5423:006;
5424:001;
5425:001;
5426:006;
5427:006;
5428:006;
5429:001;
5430:001;
5431:000;
5432:000;
5433:000;
5434:001;
5435:001;
5436:006;
5437:006;
5438:006;
5439:006;
5440:006;
5441:006;
5442:006;
5443:001;
5444:001;
5445:000;
5446:000;
5447:001;
5448:001;
5449:001;
5450:006;
5451:006;
5452:006;
5453:006;
5454:006;
5455:001;
5456:001;
5457:001;
5458:000;
5459:000;
5460:000;
5461:000;
5462:000;
5463:000;
5464:000;
5465:000;
5466:000;
5467:000;
5468:000;
5469:000;
5470:000;
5471:000;
5472:000;
5473:000;
5474:000;
5475:000;
5476:000;
5477:000;
5478:000;
5479:000;
5480:000;
5481:000;
5482:000;
5483:000;
5484:000;
5485:000;
5486:000;
5487:000;
5488:000;
5489:000;
5490:000;
5491:000;
5492:000;
5493:000;
5494:000;
5495:000;
5496:000;
5497:000;
5498:000;
5499:000;
5500:000;
5501:000;
5502:000;
5503:000;
5504:000;
5505:000;
5506:000;
5507:000;
5508:000;
5509:000;
5510:000;
5511:000;
5512:000;
5513:000;
5514:000;
5515:000;
5516:000;
5517:000;
5518:000;
5519:000;
5520:000;
5521:000;
5522:000;
5523:000;
5524:000;
5525:000;
5526:000;
5527:000;
5528:000;
5529:000;
5530:000;
5531:000;
5532:000;
5533:000;
5534:000;
5535:001;
5536:001;
5537:006;
5538:006;
5539:006;
5540:001;
5541:001;
5542:001;
5543:001;
5544:006;
5545:001;
5546:001;
5547:001;
5548:006;
5549:006;
5550:006;
5551:006;
5552:006;
5553:001;
5554:001;
5555:006;
5556:006;
5557:006;
5558:001;
5559:001;
5560:000;
5561:000;
5562:001;
5563:001;
5564:006;
5565:006;
5566:006;
5567:001;
5568:001;
5569:001;
5570:000;
5571:001;
5572:001;
5573:006;
5574:006;
5575:006;
5576:006;
5577:006;
5578:001;
5579:001;
5580:001;
5581:001;
5582:006;
5583:006;
5584:006;
5585:006;
5586:001;
5587:001;
5588:001;
5589:006;
5590:006;
5591:006;
5592:001;
5593:001;
5594:000;
5595:001;
5596:001;
5597:001;
5598:001;
5599:001;
5600:006;
5601:006;
5602:006;
5603:006;
5604:001;
5605:001;
5606:001;
5607:001;
5608:000;
5609:000;
5610:000;
5611:000;
5612:000;
5613:000;
5614:000;
5615:000;
5616:000;
5617:000;
5618:000;
5619:000;
5620:000;
5621:000;
5622:000;
5623:000;
5624:000;
5625:001;
5626:001;
5627:006;
5628:006;
5629:006;
5630:006;
5631:006;
5632:006;
5633:001;
5634:001;
5635:001;
5636:001;
5637:001;
5638:006;
5639:006;
5640:006;
5641:001;
5642:006;
5643:006;
5644:006;
5645:006;
5646:001;
5647:001;
5648:006;
5649:006;
5650:006;
5651:001;
5652:001;
5653:001;
5654:001;
5655:001;
5656:006;
5657:006;
5658:006;
5659:006;
5660:006;
5661:006;
5662:006;
5663:001;
5664:001;
5665:001;
5666:006;
5667:006;
5668:006;
5669:001;
5670:001;
5671:000;
5672:000;
5673:001;
5674:001;
5675:001;
5676:006;
5677:006;
5678:006;
5679:006;
5680:006;
5681:006;
5682:006;
5683:001;
5684:001;
5685:000;
5686:000;
5687:001;
5688:001;
5689:006;
5690:006;
5691:006;
5692:006;
5693:006;
5694:001;
5695:001;
5696:001;
5697:000;
5698:000;
5699:000;
5700:000;
5701:000;
5702:000;
5703:000;
5704:000;
5705:000;
5706:000;
5707:000;
5708:000;
5709:000;
5710:000;
5711:000;
5712:000;
5713:000;
5714:000;
5715:000;
5716:000;
5717:000;
5718:000;
5719:000;
5720:000;
5721:000;
5722:000;
5723:000;
5724:000;
5725:000;
5726:000;
5727:000;
5728:000;
5729:000;
5730:000;
5731:000;
5732:000;
5733:000;
5734:000;
5735:000;
5736:000;
5737:000;
5738:000;
5739:000;
5740:000;
5741:000;
5742:000;
5743:000;
5744:000;
5745:000;
5746:000;
5747:000;
5748:000;
5749:000;
5750:000;
5751:000;
5752:000;
5753:000;
5754:000;
5755:000;
5756:000;
5757:000;
5758:000;
5759:000;
5760:000;
5761:000;
5762:000;
5763:000;
5764:000;
5765:000;
5766:000;
5767:000;
5768:000;
5769:000;
5770:000;
5771:000;
5772:000;
5773:000;
5774:000;
5775:001;
5776:001;
5777:001;
5778:005;
5779:005;
5780:005;
5781:001;
5782:001;
5783:005;
5784:005;
5785:005;
5786:001;
5787:005;
5788:005;
5789:005;
5790:005;
5791:001;
5792:001;
5793:001;
5794:001;
5795:005;
5796:005;
5797:005;
5798:001;
5799:001;
5800:000;
5801:000;
5802:001;
5803:001;
5804:001;
5805:005;
5806:005;
5807:005;
5808:001;
5809:001;
5810:000;
5811:001;
5812:001;
5813:005;
5814:005;
5815:005;
5816:005;
5817:005;
5818:001;
5819:001;
5820:001;
5821:001;
5822:005;
5823:005;
5824:005;
5825:005;
5826:001;
5827:001;
5828:001;
5829:005;
5830:005;
5831:005;
5832:001;
5833:001;
5834:001;
5835:001;
5836:001;
5837:001;
5838:001;
5839:001;
5840:005;
5841:005;
5842:005;
5843:005;
5844:005;
5845:001;
5846:001;
5847:001;
5848:001;
5849:001;
5850:000;
5851:000;
5852:000;
5853:000;
5854:000;
5855:000;
5856:000;
5857:000;
5858:000;
5859:000;
5860:000;
5861:000;
5862:000;
5863:000;
5864:000;
5865:001;
5866:001;
5867:005;
5868:005;
5869:005;
5870:005;
5871:005;
5872:005;
5873:001;
5874:001;
5875:001;
5876:001;
5877:001;
5878:005;
5879:005;
5880:005;
5881:001;
5882:001;
5883:005;
5884:005;
5885:005;
5886:001;
5887:005;
5888:005;
5889:005;
5890:005;
5891:005;
5892:001;
5893:001;
5894:001;
5895:001;
5896:005;
5897:005;
5898:005;
5899:005;
5900:005;
5901:001;
5902:001;
5903:001;
5904:001;
5905:001;
5906:005;
5907:005;
5908:005;
5909:001;
5910:001;
5911:000;
5912:000;
5913:001;
5914:001;
5915:005;
5916:005;
5917:005;
5918:001;
5919:005;
5920:005;
5921:005;
5922:005;
5923:001;
5924:001;
5925:000;
5926:000;
5927:001;
5928:001;
5929:005;
5930:005;
5931:005;
5932:005;
5933:001;
5934:001;
5935:001;
5936:000;
5937:000;
5938:000;
5939:000;
5940:000;
5941:000;
5942:000;
5943:000;
5944:000;
5945:000;
5946:000;
5947:000;
5948:000;
5949:000;
5950:000;
5951:000;
5952:000;
5953:000;
5954:000;
5955:000;
5956:000;
5957:000;
5958:000;
5959:000;
5960:000;
5961:000;
5962:000;
5963:000;
5964:000;
5965:000;
5966:000;
5967:000;
5968:000;
5969:000;
5970:000;
5971:000;
5972:000;
5973:000;
5974:000;
5975:000;
5976:000;
5977:000;
5978:000;
5979:000;
5980:000;
5981:000;
5982:000;
5983:000;
5984:000;
5985:000;
5986:000;
5987:000;
5988:000;
5989:000;
5990:000;
5991:000;
5992:000;
5993:000;
5994:000;
5995:000;
5996:000;
5997:000;
5998:000;
5999:000;
6000:000;
6001:000;
6002:000;
6003:000;
6004:000;
6005:000;
6006:000;
6007:000;
6008:000;
6009:000;
6010:000;
6011:000;
6012:000;
6013:000;
6014:000;
6015:000;
6016:001;
6017:001;
6018:005;
6019:005;
6020:005;
6021:001;
6022:005;
6023:005;
6024:005;
6025:005;
6026:001;
6027:001;
6028:005;
6029:005;
6030:001;
6031:001;
6032:001;
6033:001;
6034:001;
6035:005;
6036:005;
6037:005;
6038:001;
6039:001;
6040:000;
6041:000;
6042:000;
6043:001;
6044:001;
6045:005;
6046:005;
6047:005;
6048:001;
6049:001;
6050:001;
6051:001;
6052:001;
6053:005;
6054:005;
6055:005;
6056:005;
6057:001;
6058:001;
6059:001;
6060:001;
6061:001;
6062:005;
6063:005;
6064:005;
6065:005;
6066:001;
6067:001;
6068:001;
6069:005;
6070:005;
6071:005;
6072:001;
6073:001;
6074:001;
6075:001;
6076:005;
6077:001;
6078:001;
6079:001;
6080:005;
6081:005;
6082:005;
6083:005;
6084:005;
6085:005;
6086:005;
6087:001;
6088:001;
6089:001;
6090:001;
6091:001;
6092:001;
6093:000;
6094:000;
6095:000;
6096:000;
6097:000;
6098:000;
6099:000;
6100:000;
6101:000;
6102:000;
6103:000;
6104:000;
6105:001;
6106:001;
6107:005;
6108:005;
6109:005;
6110:005;
6111:005;
6112:005;
6113:001;
6114:001;
6115:000;
6116:001;
6117:001;
6118:005;
6119:005;
6120:005;
6121:001;
6122:001;
6123:005;
6124:005;
6125:005;
6126:001;
6127:005;
6128:005;
6129:005;
6130:005;
6131:005;
6132:005;
6133:001;
6134:001;
6135:001;
6136:005;
6137:005;
6138:005;
6139:001;
6140:001;
6141:001;
6142:001;
6143:001;
6144:001;
6145:001;
6146:005;
6147:005;
6148:005;
6149:001;
6150:001;
6151:001;
6152:001;
6153:001;
6154:001;
6155:005;
6156:005;
6157:005;
6158:005;
6159:005;
6160:005;
6161:005;
6162:005;
6163:001;
6164:001;
6165:000;
6166:001;
6167:001;
6168:001;
6169:005;
6170:005;
6171:005;
6172:001;
6173:001;
6174:001;
6175:000;
6176:000;
6177:000;
6178:000;
6179:000;
6180:000;
6181:000;
6182:000;
6183:000;
6184:000;
6185:000;
6186:000;
6187:000;
6188:000;
6189:000;
6190:000;
6191:000;
6192:000;
6193:000;
6194:000;
6195:000;
6196:000;
6197:000;
6198:000;
6199:000;
6200:000;
6201:000;
6202:000;
6203:000;
6204:000;
6205:000;
6206:000;
6207:000;
6208:000;
6209:000;
6210:000;
6211:000;
6212:000;
6213:000;
6214:000;
6215:000;
6216:000;
6217:000;
6218:000;
6219:000;
6220:000;
6221:000;
6222:000;
6223:000;
6224:000;
6225:000;
6226:000;
6227:000;
6228:000;
6229:000;
6230:000;
6231:000;
6232:000;
6233:000;
6234:000;
6235:000;
6236:000;
6237:000;
6238:000;
6239:000;
6240:000;
6241:000;
6242:000;
6243:000;
6244:000;
6245:000;
6246:000;
6247:000;
6248:000;
6249:000;
6250:000;
6251:000;
6252:000;
6253:000;
6254:000;
6255:000;
6256:001;
6257:001;
6258:005;
6259:005;
6260:005;
6261:001;
6262:005;
6263:005;
6264:005;
6265:005;
6266:001;
6267:001;
6268:001;
6269:001;
6270:001;
6271:001;
6272:000;
6273:001;
6274:001;
6275:005;
6276:005;
6277:005;
6278:001;
6279:001;
6280:000;
6281:000;
6282:000;
6283:001;
6284:001;
6285:005;
6286:005;
6287:005;
6288:001;
6289:001;
6290:001;
6291:001;
6292:005;
6293:005;
6294:005;
6295:005;
6296:005;
6297:001;
6298:001;
6299:001;
6300:001;
6301:005;
6302:005;
6303:005;
6304:005;
6305:005;
6306:001;
6307:001;
6308:001;
6309:005;
6310:005;
6311:005;
6312:001;
6313:001;
6314:001;
6315:005;
6316:005;
6317:005;
6318:001;
6319:001;
6320:005;
6321:005;
6322:005;
6323:005;
6324:005;
6325:005;
6326:005;
6327:005;
6328:005;
6329:001;
6330:001;
6331:001;
6332:001;
6333:001;
6334:000;
6335:000;
6336:000;
6337:000;
6338:000;
6339:000;
6340:000;
6341:000;
6342:000;
6343:000;
6344:000;
6345:001;
6346:001;
6347:005;
6348:005;
6349:005;
6350:005;
6351:005;
6352:005;
6353:001;
6354:001;
6355:000;
6356:001;
6357:001;
6358:005;
6359:005;
6360:005;
6361:001;
6362:001;
6363:005;
6364:005;
6365:005;
6366:001;
6367:005;
6368:005;
6369:005;
6370:005;
6371:005;
6372:005;
6373:001;
6374:001;
6375:001;
6376:005;
6377:005;
6378:005;
6379:001;
6380:001;
6381:001;
6382:000;
6383:000;
6384:001;
6385:001;
6386:001;
6387:005;
6388:005;
6389:005;
6390:001;
6391:001;
6392:001;
6393:001;
6394:005;
6395:005;
6396:005;
6397:005;
6398:005;
6399:005;
6400:005;
6401:005;
6402:005;
6403:001;
6404:001;
6405:001;
6406:001;
6407:001;
6408:005;
6409:005;
6410:005;
6411:001;
6412:001;
6413:001;
6414:000;
6415:000;
6416:000;
6417:000;
6418:000;
6419:000;
6420:000;
6421:000;
6422:000;
6423:000;
6424:000;
6425:000;
6426:000;
6427:000;
6428:000;
6429:000;
6430:000;
6431:000;
6432:000;
6433:000;
6434:000;
6435:000;
6436:000;
6437:000;
6438:000;
6439:000;
6440:000;
6441:000;
6442:000;
6443:000;
6444:000;
6445:000;
6446:000;
6447:000;
6448:000;
6449:000;
6450:000;
6451:000;
6452:000;
6453:000;
6454:000;
6455:000;
6456:000;
6457:000;
6458:000;
6459:000;
6460:000;
6461:000;
6462:000;
6463:000;
6464:000;
6465:000;
6466:000;
6467:000;
6468:000;
6469:000;
6470:000;
6471:000;
6472:000;
6473:000;
6474:000;
6475:000;
6476:000;
6477:000;
6478:000;
6479:000;
6480:000;
6481:000;
6482:000;
6483:000;
6484:000;
6485:000;
6486:000;
6487:000;
6488:000;
6489:000;
6490:000;
6491:000;
6492:000;
6493:000;
6494:000;
6495:000;
6496:001;
6497:001;
6498:005;
6499:005;
6500:005;
6501:001;
6502:005;
6503:005;
6504:005;
6505:001;
6506:001;
6507:001;
6508:001;
6509:001;
6510:001;
6511:000;
6512:000;
6513:001;
6514:001;
6515:005;
6516:005;
6517:005;
6518:001;
6519:001;
6520:000;
6521:000;
6522:000;
6523:001;
6524:001;
6525:001;
6526:005;
6527:005;
6528:005;
6529:001;
6530:001;
6531:001;
6532:005;
6533:005;
6534:005;
6535:005;
6536:005;
6537:001;
6538:001;
6539:001;
6540:005;
6541:005;
6542:005;
6543:005;
6544:005;
6545:005;
6546:005;
6547:005;
6548:005;
6549:005;
6550:005;
6551:005;
6552:005;
6553:005;
6554:005;
6555:005;
6556:005;
6557:001;
6558:001;
6559:001;
6560:005;
6561:005;
6562:005;
6563:001;
6564:005;
6565:005;
6566:005;
6567:005;
6568:005;
6569:005;
6570:005;
6571:005;
6572:001;
6573:001;
6574:001;
6575:000;
6576:000;
6577:000;
6578:000;
6579:000;
6580:000;
6581:000;
6582:000;
6583:000;
6584:000;
6585:001;
6586:001;
6587:005;
6588:005;
6589:005;
6590:005;
6591:005;
6592:001;
6593:001;
6594:001;
6595:000;
6596:001;
6597:001;
6598:005;
6599:005;
6600:005;
6601:001;
6602:001;
6603:005;
6604:005;
6605:005;
6606:005;
6607:005;
6608:005;
6609:001;
6610:005;
6611:005;
6612:005;
6613:001;
6614:001;
6615:005;
6616:005;
6617:005;
6618:005;
6619:005;
6620:001;
6621:001;
6622:000;
6623:000;
6624:000;
6625:001;
6626:001;
6627:005;
6628:005;
6629:005;
6630:001;
6631:001;
6632:001;
6633:001;
6634:005;
6635:005;
6636:005;
6637:001;
6638:005;
6639:005;
6640:005;
6641:005;
6642:005;
6643:005;
6644:001;
6645:001;
6646:001;
6647:001;
6648:005;
6649:005;
6650:005;
6651:001;
6652:001;
6653:000;
6654:000;
6655:000;
6656:000;
6657:000;
6658:000;
6659:000;
6660:000;
6661:000;
6662:000;
6663:000;
6664:000;
6665:000;
6666:000;
6667:000;
6668:000;
6669:000;
6670:000;
6671:000;
6672:000;
6673:000;
6674:000;
6675:000;
6676:000;
6677:000;
6678:000;
6679:000;
6680:000;
6681:000;
6682:000;
6683:000;
6684:000;
6685:000;
6686:000;
6687:000;
6688:000;
6689:000;
6690:000;
6691:000;
6692:000;
6693:000;
6694:000;
6695:000;
6696:000;
6697:000;
6698:000;
6699:000;
6700:000;
6701:000;
6702:000;
6703:000;
6704:000;
6705:000;
6706:000;
6707:000;
6708:000;
6709:000;
6710:000;
6711:000;
6712:000;
6713:000;
6714:000;
6715:000;
6716:000;
6717:000;
6718:000;
6719:000;
6720:000;
6721:000;
6722:000;
6723:000;
6724:000;
6725:000;
6726:000;
6727:000;
6728:000;
6729:000;
6730:000;
6731:000;
6732:000;
6733:000;
6734:000;
6735:000;
6736:001;
6737:001;
6738:005;
6739:005;
6740:005;
6741:001;
6742:005;
6743:005;
6744:005;
6745:001;
6746:001;
6747:000;
6748:000;
6749:000;
6750:000;
6751:000;
6752:001;
6753:001;
6754:001;
6755:005;
6756:005;
6757:005;
6758:001;
6759:001;
6760:001;
6761:000;
6762:000;
6763:000;
6764:001;
6765:001;
6766:005;
6767:005;
6768:005;
6769:001;
6770:001;
6771:005;
6772:005;
6773:005;
6774:005;
6775:005;
6776:005;
6777:001;
6778:005;
6779:005;
6780:005;
6781:005;
6782:001;
6783:001;
6784:005;
6785:005;
6786:005;
6787:005;
6788:005;
6789:005;
6790:005;
6791:005;
6792:005;
6793:005;
6794:005;
6795:005;
6796:001;
6797:001;
6798:001;
6799:001;
6800:005;
6801:005;
6802:005;
6803:001;
6804:001;
6805:001;
6806:005;
6807:005;
6808:005;
6809:005;
6810:005;
6811:005;
6812:005;
6813:001;
6814:001;
6815:000;
6816:000;
6817:000;
6818:000;
6819:000;
6820:000;
6821:000;
6822:000;
6823:000;
6824:000;
6825:001;
6826:001;
6827:005;
6828:005;
6829:005;
6830:005;
6831:005;
6832:001;
6833:001;
6834:000;
6835:000;
6836:001;
6837:001;
6838:005;
6839:005;
6840:005;
6841:001;
6842:001;
6843:001;
6844:005;
6845:005;
6846:005;
6847:005;
6848:005;
6849:001;
6850:005;
6851:005;
6852:005;
6853:005;
6854:001;
6855:005;
6856:005;
6857:005;
6858:005;
6859:005;
6860:001;
6861:001;
6862:000;
6863:000;
6864:000;
6865:001;
6866:001;
6867:005;
6868:005;
6869:005;
6870:001;
6871:001;
6872:001;
6873:005;
6874:005;
6875:005;
6876:001;
6877:005;
6878:005;
6879:005;
6880:001;
6881:005;
6882:005;
6883:005;
6884:001;
6885:001;
6886:001;
6887:001;
6888:005;
6889:005;
6890:005;
6891:001;
6892:001;
6893:000;
6894:000;
6895:000;
6896:000;
6897:000;
6898:000;
6899:000;
6900:000;
6901:000;
6902:000;
6903:000;
6904:000;
6905:000;
6906:000;
6907:000;
6908:000;
6909:000;
6910:000;
6911:000;
6912:000;
6913:000;
6914:000;
6915:000;
6916:000;
6917:000;
6918:000;
6919:000;
6920:000;
6921:000;
6922:000;
6923:000;
6924:000;
6925:000;
6926:000;
6927:000;
6928:000;
6929:000;
6930:000;
6931:000;
6932:000;
6933:000;
6934:000;
6935:000;
6936:000;
6937:000;
6938:000;
6939:000;
6940:000;
6941:000;
6942:000;
6943:000;
6944:000;
6945:000;
6946:000;
6947:000;
6948:000;
6949:000;
6950:005;
6951:005;
6952:005;
6953:005;
6954:005;
6955:005;
6956:005;
6957:005;
6958:000;
6959:000;
6960:000;
6961:000;
6962:000;
6963:000;
6964:000;
6965:000;
6966:000;
6967:000;
6968:000;
6969:000;
6970:000;
6971:000;
6972:000;
6973:000;
6974:000;
6975:000;
6976:001;
6977:001;
6978:005;
6979:005;
6980:005;
6981:005;
6982:005;
6983:005;
6984:005;
6985:001;
6986:001;
6987:000;
6988:000;
6989:000;
6990:000;
6991:001;
6992:001;
6993:001;
6994:001;
6995:001;
6996:005;
6997:005;
6998:005;
6999:001;
7000:001;
7001:000;
7002:000;
7003:000;
7004:001;
7005:001;
7006:005;
7007:005;
7008:005;
7009:005;
7010:005;
7011:005;
7012:005;
7013:005;
7014:005;
7015:005;
7016:005;
7017:005;
7018:005;
7019:005;
7020:005;
7021:001;
7022:001;
7023:001;
7024:001;
7025:005;
7026:005;
7027:005;
7028:005;
7029:001;
7030:001;
7031:005;
7032:005;
7033:005;
7034:005;
7035:001;
7036:001;
7037:001;
7038:001;
7039:001;
7040:005;
7041:005;
7042:005;
7043:001;
7044:001;
7045:001;
7046:001;
7047:001;
7048:005;
7049:005;
7050:005;
7051:005;
7052:001;
7053:001;
7054:001;
7055:001;
7056:000;
7057:000;
7058:000;
7059:000;
7060:000;
7061:000;
7062:000;
7063:000;
7064:000;
7065:001;
7066:001;
7067:005;
7068:005;
7069:005;
7070:005;
7071:005;
7072:001;
7073:001;
7074:000;
7075:000;
7076:001;
7077:001;
7078:005;
7079:005;
7080:005;
7081:001;
7082:001;
7083:001;
7084:005;
7085:005;
7086:005;
7087:005;
7088:005;
7089:001;
7090:001;
7091:005;
7092:005;
7093:005;
7094:001;
7095:005;
7096:005;
7097:005;
7098:005;
7099:005;
7100:001;
7101:001;
7102:000;
7103:000;
7104:000;
7105:001;
7106:001;
7107:005;
7108:005;
7109:005;
7110:001;
7111:001;
7112:001;
7113:005;
7114:005;
7115:005;
7116:001;
7117:005;
7118:005;
7119:005;
7120:001;
7121:005;
7122:005;
7123:005;
7124:001;
7125:001;
7126:001;
7127:001;
7128:005;
7129:005;
7130:005;
7131:001;
7132:001;
7133:000;
7134:000;
7135:000;
7136:000;
7137:000;
7138:000;
7139:000;
7140:000;
7141:000;
7142:000;
7143:000;
7144:000;
7145:000;
7146:000;
7147:000;
7148:000;
7149:000;
7150:000;
7151:000;
7152:000;
7153:000;
7154:000;
7155:000;
7156:000;
7157:000;
7158:000;
7159:000;
7160:000;
7161:000;
7162:000;
7163:000;
7164:000;
7165:000;
7166:000;
7167:000;
7168:000;
7169:000;
7170:000;
7171:000;
7172:000;
7173:000;
7174:000;
7175:000;
7176:000;
7177:000;
7178:000;
7179:000;
7180:000;
7181:000;
7182:000;
7183:000;
7184:000;
7185:000;
7186:000;
7187:000;
7188:000;
7189:005;
7190:005;
7191:005;
7192:005;
7193:005;
7194:005;
7195:005;
7196:005;
7197:005;
7198:005;
7199:000;
7200:000;
7201:000;
7202:000;
7203:000;
7204:000;
7205:000;
7206:000;
7207:000;
7208:000;
7209:000;
7210:000;
7211:000;
7212:000;
7213:000;
7214:000;
7215:001;
7216:001;
7217:001;
7218:005;
7219:005;
7220:005;
7221:005;
7222:005;
7223:005;
7224:001;
7225:001;
7226:001;
7227:000;
7228:000;
7229:000;
7230:001;
7231:001;
7232:001;
7233:005;
7234:001;
7235:001;
7236:005;
7237:005;
7238:005;
7239:001;
7240:001;
7241:000;
7242:000;
7243:000;
7244:001;
7245:001;
7246:001;
7247:005;
7248:005;
7249:005;
7250:005;
7251:005;
7252:005;
7253:001;
7254:005;
7255:005;
7256:005;
7257:005;
7258:005;
7259:005;
7260:001;
7261:001;
7262:001;
7263:001;
7264:001;
7265:001;
7266:001;
7267:001;
7268:001;
7269:001;
7270:001;
7271:001;
7272:001;
7273:001;
7274:001;
7275:001;
7276:001;
7277:000;
7278:001;
7279:001;
7280:001;
7281:005;
7282:005;
7283:005;
7284:001;
7285:001;
7286:001;
7287:001;
7288:001;
7289:001;
7290:001;
7291:001;
7292:001;
7293:001;
7294:001;
7295:001;
7296:001;
7297:000;
7298:000;
7299:000;
7300:000;
7301:000;
7302:000;
7303:000;
7304:001;
7305:001;
7306:001;
7307:005;
7308:005;
7309:005;
7310:005;
7311:005;
7312:001;
7313:001;
7314:000;
7315:001;
7316:001;
7317:001;
7318:005;
7319:005;
7320:005;
7321:001;
7322:001;
7323:001;
7324:001;
7325:005;
7326:005;
7327:005;
7328:001;
7329:001;
7330:001;
7331:005;
7332:005;
7333:005;
7334:001;
7335:001;
7336:005;
7337:005;
7338:005;
7339:005;
7340:001;
7341:001;
7342:000;
7343:000;
7344:000;
7345:001;
7346:001;
7347:005;
7348:005;
7349:005;
7350:001;
7351:001;
7352:001;
7353:005;
7354:005;
7355:005;
7356:005;
7357:005;
7358:005;
7359:001;
7360:001;
7361:005;
7362:005;
7363:005;
7364:001;
7365:001;
7366:001;
7367:005;
7368:005;
7369:005;
7370:001;
7371:001;
7372:001;
7373:000;
7374:000;
7375:000;
7376:000;
7377:000;
7378:000;
7379:000;
7380:000;
7381:000;
7382:000;
7383:000;
7384:000;
7385:000;
7386:000;
7387:000;
7388:000;
7389:000;
7390:000;
7391:000;
7392:000;
7393:000;
7394:000;
7395:000;
7396:000;
7397:000;
7398:000;
7399:000;
7400:000;
7401:000;
7402:000;
7403:000;
7404:000;
7405:000;
7406:000;
7407:000;
7408:000;
7409:000;
7410:000;
7411:000;
7412:000;
7413:000;
7414:000;
7415:000;
7416:000;
7417:000;
7418:000;
7419:000;
7420:000;
7421:000;
7422:000;
7423:000;
7424:000;
7425:000;
7426:000;
7427:000;
7428:000;
7429:005;
7430:005;
7431:003;
7432:003;
7433:005;
7434:005;
7435:003;
7436:003;
7437:005;
7438:005;
7439:000;
7440:000;
7441:000;
7442:000;
7443:000;
7444:000;
7445:000;
7446:001;
7447:001;
7448:001;
7449:000;
7450:000;
7451:000;
7452:000;
7453:000;
7454:000;
7455:001;
7456:001;
7457:005;
7458:005;
7459:005;
7460:001;
7461:005;
7462:005;
7463:005;
7464:001;
7465:001;
7466:000;
7467:000;
7468:000;
7469:000;
7470:001;
7471:001;
7472:005;
7473:005;
7474:005;
7475:001;
7476:005;
7477:005;
7478:005;
7479:001;
7480:001;
7481:000;
7482:000;
7483:000;
7484:001;
7485:001;
7486:001;
7487:005;
7488:005;
7489:005;
7490:005;
7491:001;
7492:001;
7493:001;
7494:001;
7495:005;
7496:005;
7497:005;
7498:005;
7499:001;
7500:001;
7501:001;
7502:000;
7503:000;
7504:001;
7505:001;
7506:001;
7507:001;
7508:001;
7509:001;
7510:001;
7511:001;
7512:001;
7513:001;
7514:001;
7515:001;
7516:000;
7517:000;
7518:000;
7519:001;
7520:001;
7521:001;
7522:005;
7523:001;
7524:001;
7525:001;
7526:000;
7527:001;
7528:001;
7529:001;
7530:001;
7531:001;
7532:001;
7533:001;
7534:005;
7535:001;
7536:001;
7537:001;
7538:000;
7539:000;
7540:000;
7541:000;
7542:000;
7543:000;
7544:001;
7545:001;
7546:005;
7547:005;
7548:005;
7549:005;
7550:005;
7551:005;
7552:001;
7553:001;
7554:001;
7555:001;
7556:001;
7557:005;
7558:005;
7559:005;
7560:001;
7561:001;
7562:001;
7563:001;
7564:001;
7565:001;
7566:005;
7567:001;
7568:001;
7569:001;
7570:001;
7571:005;
7572:005;
7573:005;
7574:001;
7575:001;
7576:005;
7577:005;
7578:005;
7579:005;
7580:001;
7581:001;
7582:000;
7583:000;
7584:000;
7585:001;
7586:001;
7587:005;
7588:005;
7589:005;
7590:001;
7591:001;
7592:001;
7593:005;
7594:005;
7595:005;
7596:005;
7597:005;
7598:005;
7599:001;
7600:001;
7601:005;
7602:005;
7603:005;
7604:005;
7605:001;
7606:001;
7607:005;
7608:005;
7609:005;
7610:001;
7611:001;
7612:001;
7613:000;
7614:000;
7615:000;
7616:000;
7617:000;
7618:000;
7619:000;
7620:000;
7621:000;
7622:000;
7623:000;
7624:000;
7625:000;
7626:000;
7627:000;
7628:000;
7629:000;
7630:000;
7631:000;
7632:000;
7633:000;
7634:000;
7635:000;
7636:000;
7637:000;
7638:000;
7639:000;
7640:000;
7641:000;
7642:000;
7643:000;
7644:000;
7645:000;
7646:000;
7647:000;
7648:000;
7649:000;
7650:000;
7651:000;
7652:000;
7653:000;
7654:000;
7655:000;
7656:000;
7657:000;
7658:000;
7659:000;
7660:000;
7661:000;
7662:000;
7663:000;
7664:000;
7665:000;
7666:000;
7667:000;
7668:005;
7669:005;
7670:005;
7671:003;
7672:003;
7673:005;
7674:003;
7675:003;
7676:003;
7677:005;
7678:005;
7679:000;
7680:000;
7681:000;
7682:000;
7683:000;
7684:000;
7685:001;
7686:001;
7687:001;
7688:001;
7689:001;
7690:000;
7691:000;
7692:000;
7693:000;
7694:000;
7695:001;
7696:001;
7697:005;
7698:005;
7699:005;
7700:005;
7701:005;
7702:005;
7703:005;
7704:001;
7705:001;
7706:000;
7707:000;
7708:000;
7709:001;
7710:001;
7711:001;
7712:005;
7713:005;
7714:005;
7715:001;
7716:005;
7717:005;
7718:005;
7719:001;
7720:001;
7721:001;
7722:000;
7723:000;
7724:001;
7725:001;
7726:005;
7727:005;
7728:005;
7729:005;
7730:001;
7731:001;
7732:001;
7733:001;
7734:001;
7735:001;
7736:001;
7737:001;
7738:001;
7739:001;
7740:001;
7741:000;
7742:000;
7743:000;
7744:000;
7745:000;
7746:000;
7747:000;
7748:000;
7749:000;
7750:000;
7751:000;
7752:000;
7753:000;
7754:000;
7755:000;
7756:000;
7757:000;
7758:000;
7759:000;
7760:001;
7761:001;
7762:001;
7763:001;
7764:001;
7765:000;
7766:000;
7767:000;
7768:000;
7769:000;
7770:000;
7771:001;
7772:001;
7773:005;
7774:005;
7775:005;
7776:001;
7777:001;
7778:000;
7779:000;
7780:000;
7781:000;
7782:000;
7783:000;
7784:001;
7785:001;
7786:005;
7787:005;
7788:005;
7789:005;
7790:005;
7791:005;
7792:001;
7793:001;
7794:001;
7795:001;
7796:005;
7797:005;
7798:005;
7799:005;
7800:001;
7801:001;
7802:000;
7803:000;
7804:001;
7805:001;
7806:001;
7807:001;
7808:001;
7809:001;
7810:001;
7811:005;
7812:005;
7813:005;
7814:001;
7815:001;
7816:005;
7817:005;
7818:005;
7819:005;
7820:001;
7821:001;
7822:000;
7823:000;
7824:000;
7825:001;
7826:001;
7827:001;
7828:005;
7829:001;
7830:001;
7831:001;
7832:005;
7833:005;
7834:005;
7835:005;
7836:005;
7837:005;
7838:001;
7839:001;
7840:001;
7841:001;
7842:005;
7843:005;
7844:005;
7845:001;
7846:001;
7847:001;
7848:005;
7849:005;
7850:005;
7851:001;
7852:001;
7853:001;
7854:000;
7855:000;
7856:000;
7857:000;
7858:000;
7859:000;
7860:001;
7861:001;
7862:001;
7863:001;
7864:000;
7865:000;
7866:000;
7867:000;
7868:000;
7869:000;
7870:000;
7871:000;
7872:000;
7873:000;
7874:000;
7875:000;
7876:000;
7877:000;
7878:000;
7879:000;
7880:000;
7881:000;
7882:000;
7883:000;
7884:005;
7885:005;
7886:005;
7887:005;
7888:005;
7889:005;
7890:000;
7891:000;
7892:000;
7893:000;
7894:000;
7895:000;
7896:000;
7897:000;
7898:000;
7899:000;
7900:000;
7901:000;
7902:000;
7903:000;
7904:000;
7905:000;
7906:000;
7907:000;
7908:005;
7909:005;
7910:003;
7911:003;
7912:003;
7913:005;
7914:003;
7915:003;
7916:003;
7917:005;
7918:005;
7919:000;
7920:000;
7921:000;
7922:000;
7923:000;
7924:001;
7925:001;
7926:001;
7927:005;
7928:001;
7929:001;
7930:001;
7931:000;
7932:000;
7933:000;
7934:000;
7935:001;
7936:001;
7937:005;
7938:005;
7939:005;
7940:005;
7941:005;
7942:005;
7943:005;
7944:001;
7945:001;
7946:000;
7947:000;
7948:001;
7949:001;
7950:001;
7951:005;
7952:005;
7953:005;
7954:001;
7955:001;
7956:001;
7957:005;
7958:005;
7959:005;
7960:001;
7961:001;
7962:000;
7963:000;
7964:001;
7965:001;
7966:001;
7967:005;
7968:005;
7969:005;
7970:001;
7971:001;
7972:001;
7973:000;
7974:001;
7975:001;
7976:001;
7977:001;
7978:001;
7979:001;
7980:000;
7981:000;
7982:000;
7983:000;
7984:000;
7985:000;
7986:000;
7987:000;
7988:000;
7989:000;
7990:000;
7991:000;
7992:000;
7993:000;
7994:000;
7995:000;
7996:000;
7997:000;
7998:000;
7999:000;
8000:000;
8001:001;
8002:001;
8003:001;
8004:000;
8005:000;
8006:000;
8007:000;
8008:000;
8009:000;
8010:000;
8011:001;
8012:001;
8013:005;
8014:005;
8015:005;
8016:001;
8017:001;
8018:001;
8019:000;
8020:000;
8021:000;
8022:000;
8023:001;
8024:001;
8025:001;
8026:005;
8027:005;
8028:005;
8029:005;
8030:005;
8031:005;
8032:001;
8033:001;
8034:001;
8035:001;
8036:005;
8037:005;
8038:005;
8039:001;
8040:001;
8041:001;
8042:000;
8043:000;
8044:000;
8045:001;
8046:001;
8047:001;
8048:000;
8049:001;
8050:001;
8051:005;
8052:005;
8053:005;
8054:001;
8055:001;
8056:001;
8057:005;
8058:005;
8059:001;
8060:001;
8061:001;
8062:000;
8063:000;
8064:000;
8065:000;
8066:001;
8067:001;
8068:001;
8069:001;
8070:001;
8071:001;
8072:005;
8073:005;
8074:005;
8075:005;
8076:005;
8077:005;
8078:001;
8079:001;
8080:001;
8081:001;
8082:005;
8083:005;
8084:005;
8085:005;
8086:005;
8087:005;
8088:005;
8089:005;
8090:005;
8091:005;
8092:001;
8093:001;
8094:001;
8095:001;
8096:001;
8097:001;
8098:001;
8099:001;
8100:001;
8101:001;
8102:001;
8103:001;
8104:001;
8105:000;
8106:000;
8107:000;
8108:000;
8109:000;
8110:000;
8111:000;
8112:000;
8113:000;
8114:000;
8115:000;
8116:000;
8117:000;
8118:000;
8119:000;
8120:000;
8121:005;
8122:005;
8123:005;
8124:005;
8125:005;
8126:005;
8127:005;
8128:005;
8129:005;
8130:005;
8131:000;
8132:000;
8133:000;
8134:000;
8135:000;
8136:000;
8137:000;
8138:000;
8139:000;
8140:000;
8141:000;
8142:000;
8143:000;
8144:000;
8145:000;
8146:000;
8147:000;
8148:005;
8149:005;
8150:003;
8151:003;
8152:003;
8153:005;
8154:003;
8155:003;
8156:005;
8157:005;
8158:005;
8159:000;
8160:000;
8161:000;
8162:000;
8163:000;
8164:001;
8165:001;
8166:004;
8167:004;
8168:004;
8169:001;
8170:001;
8171:000;
8172:000;
8173:000;
8174:000;
8175:001;
8176:001;
8177:004;
8178:004;
8179:004;
8180:004;
8181:004;
8182:004;
8183:004;
8184:001;
8185:001;
8186:000;
8187:001;
8188:001;
8189:001;
8190:004;
8191:004;
8192:004;
8193:001;
8194:001;
8195:001;
8196:001;
8197:004;
8198:004;
8199:004;
8200:001;
8201:001;
8202:001;
8203:000;
8204:000;
8205:001;
8206:001;
8207:001;
8208:004;
8209:004;
8210:004;
8211:001;
8212:001;
8213:000;
8214:000;
8215:000;
8216:000;
8217:000;
8218:000;
8219:000;
8220:000;
8221:000;
8222:000;
8223:000;
8224:000;
8225:000;
8226:000;
8227:000;
8228:000;
8229:000;
8230:000;
8231:000;
8232:000;
8233:000;
8234:000;
8235:000;
8236:000;
8237:000;
8238:000;
8239:000;
8240:000;
8241:000;
8242:000;
8243:000;
8244:000;
8245:000;
8246:000;
8247:000;
8248:000;
8249:000;
8250:000;
8251:001;
8252:001;
8253:001;
8254:004;
8255:004;
8256:004;
8257:001;
8258:001;
8259:001;
8260:000;
8261:000;
8262:000;
8263:001;
8264:001;
8265:004;
8266:004;
8267:004;
8268:001;
8269:001;
8270:004;
8271:004;
8272:004;
8273:001;
8274:004;
8275:004;
8276:004;
8277:004;
8278:001;
8279:001;
8280:001;
8281:000;
8282:000;
8283:000;
8284:000;
8285:000;
8286:000;
8287:000;
8288:000;
8289:001;
8290:001;
8291:004;
8292:004;
8293:004;
8294:001;
8295:001;
8296:001;
8297:001;
8298:001;
8299:001;
8300:001;
8301:000;
8302:000;
8303:000;
8304:000;
8305:000;
8306:000;
8307:001;
8308:001;
8309:001;
8310:001;
8311:001;
8312:004;
8313:004;
8314:004;
8315:004;
8316:004;
8317:001;
8318:001;
8319:001;
8320:001;
8321:001;
8322:001;
8323:004;
8324:004;
8325:004;
8326:004;
8327:004;
8328:004;
8329:004;
8330:004;
8331:004;
8332:004;
8333:001;
8334:001;
8335:001;
8336:001;
8337:001;
8338:001;
8339:001;
8340:001;
8341:004;
8342:004;
8343:001;
8344:001;
8345:001;
8346:000;
8347:000;
8348:000;
8349:000;
8350:000;
8351:000;
8352:000;
8353:000;
8354:000;
8355:000;
8356:000;
8357:000;
8358:000;
8359:000;
8360:005;
8361:005;
8362:005;
8363:005;
8364:005;
8365:003;
8366:003;
8367:003;
8368:003;
8369:005;
8370:005;
8371:000;
8372:000;
8373:000;
8374:000;
8375:000;
8376:000;
8377:000;
8378:000;
8379:000;
8380:000;
8381:000;
8382:000;
8383:000;
8384:000;
8385:000;
8386:000;
8387:000;
8388:005;
8389:005;
8390:003;
8391:003;
8392:005;
8393:005;
8394:003;
8395:003;
8396:005;
8397:005;
8398:000;
8399:000;
8400:000;
8401:000;
8402:000;
8403:000;
8404:001;
8405:001;
8406:004;
8407:004;
8408:004;
8409:001;
8410:001;
8411:001;
8412:000;
8413:000;
8414:000;
8415:001;
8416:001;
8417:004;
8418:004;
8419:004;
8420:004;
8421:004;
8422:004;
8423:004;
8424:001;
8425:001;
8426:001;
8427:001;
8428:001;
8429:004;
8430:004;
8431:004;
8432:004;
8433:001;
8434:001;
8435:001;
8436:001;
8437:004;
8438:004;
8439:004;
8440:004;
8441:001;
8442:001;
8443:001;
8444:000;
8445:000;
8446:001;
8447:001;
8448:004;
8449:004;
8450:004;
8451:001;
8452:001;
8453:000;
8454:000;
8455:000;
8456:000;
8457:000;
8458:000;
8459:000;
8460:000;
8461:000;
8462:000;
8463:000;
8464:000;
8465:000;
8466:000;
8467:000;
8468:000;
8469:000;
8470:000;
8471:000;
8472:000;
8473:000;
8474:000;
8475:000;
8476:000;
8477:000;
8478:000;
8479:000;
8480:000;
8481:000;
8482:000;
8483:000;
8484:000;
8485:000;
8486:000;
8487:000;
8488:000;
8489:000;
8490:000;
8491:000;
8492:001;
8493:001;
8494:001;
8495:004;
8496:004;
8497:004;
8498:001;
8499:001;
8500:001;
8501:001;
8502:001;
8503:001;
8504:001;
8505:004;
8506:004;
8507:004;
8508:001;
8509:001;
8510:004;
8511:004;
8512:004;
8513:004;
8514:004;
8515:004;
8516:004;
8517:001;
8518:001;
8519:001;
8520:000;
8521:000;
8522:000;
8523:000;
8524:000;
8525:000;
8526:000;
8527:000;
8528:000;
8529:001;
8530:001;
8531:004;
8532:004;
8533:004;
8534:001;
8535:001;
8536:001;
8537:001;
8538:001;
8539:001;
8540:000;
8541:000;
8542:000;
8543:000;
8544:000;
8545:000;
8546:000;
8547:000;
8548:000;
8549:000;
8550:001;
8551:001;
8552:001;
8553:004;
8554:004;
8555:004;
8556:001;
8557:001;
8558:001;
8559:000;
8560:000;
8561:001;
8562:001;
8563:001;
8564:004;
8565:004;
8566:004;
8567:004;
8568:004;
8569:004;
8570:004;
8571:004;
8572:004;
8573:004;
8574:004;
8575:004;
8576:004;
8577:004;
8578:004;
8579:004;
8580:004;
8581:004;
8582:004;
8583:004;
8584:001;
8585:001;
8586:000;
8587:000;
8588:000;
8589:000;
8590:000;
8591:000;
8592:000;
8593:000;
8594:000;
8595:000;
8596:005;
8597:005;
8598:005;
8599:005;
8600:005;
8601:005;
8602:003;
8603:003;
8604:003;
8605:003;
8606:003;
8607:003;
8608:003;
8609:005;
8610:005;
8611:000;
8612:000;
8613:000;
8614:000;
8615:000;
8616:000;
8617:000;
8618:000;
8619:000;
8620:000;
8621:000;
8622:000;
8623:000;
8624:000;
8625:000;
8626:000;
8627:000;
8628:005;
8629:005;
8630:003;
8631:003;
8632:005;
8633:005;
8634:003;
8635:003;
8636:005;
8637:005;
8638:000;
8639:000;
8640:000;
8641:000;
8642:000;
8643:000;
8644:001;
8645:001;
8646:001;
8647:004;
8648:004;
8649:004;
8650:001;
8651:001;
8652:000;
8653:000;
8654:001;
8655:001;
8656:001;
8657:004;
8658:004;
8659:004;
8660:001;
8661:004;
8662:004;
8663:004;
8664:001;
8665:001;
8666:001;
8667:001;
8668:004;
8669:004;
8670:004;
8671:004;
8672:001;
8673:001;
8674:001;
8675:001;
8676:001;
8677:001;
8678:004;
8679:004;
8680:004;
8681:004;
8682:001;
8683:001;
8684:000;
8685:000;
8686:001;
8687:001;
8688:004;
8689:004;
8690:004;
8691:001;
8692:001;
8693:000;
8694:000;
8695:000;
8696:000;
8697:000;
8698:000;
8699:000;
8700:000;
8701:000;
8702:000;
8703:000;
8704:000;
8705:000;
8706:000;
8707:000;
8708:000;
8709:000;
8710:000;
8711:000;
8712:000;
8713:000;
8714:000;
8715:000;
8716:000;
8717:000;
8718:000;
8719:000;
8720:000;
8721:000;
8722:000;
8723:000;
8724:000;
8725:000;
8726:000;
8727:000;
8728:000;
8729:000;
8730:000;
8731:000;
8732:000;
8733:001;
8734:001;
8735:004;
8736:004;
8737:004;
8738:004;
8739:001;
8740:001;
8741:001;
8742:001;
8743:001;
8744:004;
8745:004;
8746:004;
8747:004;
8748:001;
8749:001;
8750:004;
8751:004;
8752:004;
8753:004;
8754:004;
8755:004;
8756:001;
8757:001;
8758:001;
8759:000;
8760:000;
8761:000;
8762:000;
8763:000;
8764:000;
8765:000;
8766:000;
8767:000;
8768:000;
8769:001;
8770:001;
8771:004;
8772:004;
8773:004;
8774:001;
8775:001;
8776:000;
8777:000;
8778:000;
8779:000;
8780:000;
8781:000;
8782:000;
8783:000;
8784:000;
8785:000;
8786:000;
8787:000;
8788:000;
8789:000;
8790:000;
8791:001;
8792:001;
8793:001;
8794:001;
8795:001;
8796:001;
8797:001;
8798:000;
8799:000;
8800:000;
8801:000;
8802:001;
8803:001;
8804:001;
8805:001;
8806:001;
8807:001;
8808:001;
8809:001;
8810:004;
8811:004;
8812:004;
8813:004;
8814:004;
8815:004;
8816:004;
8817:004;
8818:004;
8819:004;
8820:004;
8821:004;
8822:004;
8823:001;
8824:001;
8825:001;
8826:000;
8827:000;
8828:000;
8829:000;
8830:000;
8831:005;
8832:005;
8833:005;
8834:005;
8835:005;
8836:005;
8837:005;
8838:005;
8839:005;
8840:005;
8841:003;
8842:003;
8843:003;
8844:003;
8845:003;
8846:005;
8847:005;
8848:005;
8849:005;
8850:005;
8851:000;
8852:000;
8853:000;
8854:000;
8855:000;
8856:000;
8857:000;
8858:000;
8859:000;
8860:000;
8861:000;
8862:000;
8863:000;
8864:000;
8865:000;
8866:000;
8867:000;
8868:005;
8869:005;
8870:003;
8871:002;
8872:005;
8873:005;
8874:002;
8875:002;
8876:005;
8877:005;
8878:000;
8879:000;
8880:000;
8881:000;
8882:000;
8883:000;
8884:000;
8885:001;
8886:001;
8887:004;
8888:004;
8889:004;
8890:001;
8891:001;
8892:001;
8893:000;
8894:001;
8895:001;
8896:004;
8897:004;
8898:004;
8899:001;
8900:001;
8901:004;
8902:004;
8903:004;
8904:004;
8905:001;
8906:004;
8907:004;
8908:004;
8909:004;
8910:004;
8911:001;
8912:001;
8913:001;
8914:000;
8915:000;
8916:001;
8917:001;
8918:001;
8919:004;
8920:004;
8921:001;
8922:001;
8923:001;
8924:000;
8925:000;
8926:001;
8927:001;
8928:004;
8929:004;
8930:004;
8931:001;
8932:001;
8933:000;
8934:000;
8935:000;
8936:000;
8937:000;
8938:000;
8939:000;
8940:000;
8941:000;
8942:000;
8943:000;
8944:000;
8945:000;
8946:000;
8947:000;
8948:000;
8949:000;
8950:000;
8951:000;
8952:000;
8953:000;
8954:000;
8955:000;
8956:000;
8957:000;
8958:000;
8959:000;
8960:000;
8961:000;
8962:000;
8963:000;
8964:000;
8965:000;
8966:000;
8967:000;
8968:000;
8969:000;
8970:000;
8971:000;
8972:000;
8973:001;
8974:001;
8975:001;
8976:004;
8977:004;
8978:004;
8979:004;
8980:004;
8981:001;
8982:001;
8983:001;
8984:004;
8985:004;
8986:004;
8987:001;
8988:001;
8989:001;
8990:001;
8991:004;
8992:004;
8993:004;
8994:004;
8995:001;
8996:001;
8997:001;
8998:000;
8999:000;
9000:000;
9001:000;
9002:000;
9003:000;
9004:000;
9005:000;
9006:000;
9007:000;
9008:001;
9009:001;
9010:001;
9011:004;
9012:004;
9013:004;
9014:001;
9015:001;
9016:000;
9017:000;
9018:000;
9019:000;
9020:000;
9021:000;
9022:000;
9023:000;
9024:000;
9025:000;
9026:000;
9027:000;
9028:000;
9029:000;
9030:000;
9031:000;
9032:001;
9033:001;
9034:001;
9035:001;
9036:001;
9037:000;
9038:000;
9039:005;
9040:005;
9041:005;
9042:005;
9043:001;
9044:001;
9045:001;
9046:001;
9047:001;
9048:001;
9049:001;
9050:001;
9051:001;
9052:004;
9053:004;
9054:004;
9055:004;
9056:004;
9057:004;
9058:004;
9059:004;
9060:004;
9061:001;
9062:001;
9063:001;
9064:001;
9065:005;
9066:000;
9067:000;
9068:000;
9069:000;
9070:005;
9071:005;
9072:005;
9073:005;
9074:005;
9075:005;
9076:005;
9077:003;
9078:003;
9079:005;
9080:005;
9081:003;
9082:003;
9083:003;
9084:005;
9085:005;
9086:005;
9087:005;
9088:005;
9089:005;
9090:000;
9091:000;
9092:000;
9093:000;
9094:000;
9095:000;
9096:000;
9097:000;
9098:000;
9099:000;
9100:000;
9101:000;
9102:000;
9103:000;
9104:000;
9105:005;
9106:005;
9107:005;
9108:005;
9109:005;
9110:005;
9111:005;
9112:005;
9113:005;
9114:002;
9115:002;
9116:005;
9117:005;
9118:000;
9119:000;
9120:000;
9121:000;
9122:000;
9123:000;
9124:000;
9125:001;
9126:001;
9127:001;
9128:004;
9129:004;
9130:004;
9131:001;
9132:001;
9133:001;
9134:001;
9135:001;
9136:004;
9137:004;
9138:004;
9139:001;
9140:001;
9141:001;
9142:004;
9143:004;
9144:004;
9145:004;
9146:004;
9147:004;
9148:004;
9149:004;
9150:001;
9151:001;
9152:001;
9153:000;
9154:000;
9155:000;
9156:000;
9157:001;
9158:001;
9159:001;
9160:001;
9161:001;
9162:001;
9163:000;
9164:000;
9165:000;
9166:001;
9167:001;
9168:004;
9169:004;
9170:004;
9171:001;
9172:001;
9173:000;
9174:000;
9175:000;
9176:000;
9177:000;
9178:000;
9179:000;
9180:000;
9181:000;
9182:000;
9183:000;
9184:000;
9185:000;
9186:000;
9187:000;
9188:000;
9189:000;
9190:000;
9191:000;
9192:000;
9193:000;
9194:000;
9195:000;
9196:000;
9197:000;
9198:000;
9199:000;
9200:000;
9201:000;
9202:000;
9203:000;
9204:000;
9205:000;
9206:000;
9207:000;
9208:000;
9209:000;
9210:000;
9211:000;
9212:000;
9213:000;
9214:001;
9215:001;
9216:001;
9217:004;
9218:004;
9219:004;
9220:004;
9221:004;
9222:004;
9223:004;
9224:004;
9225:004;
9226:001;
9227:001;
9228:001;
9229:001;
9230:001;
9231:001;
9232:001;
9233:001;
9234:001;
9235:001;
9236:001;
9237:000;
9238:000;
9239:000;
9240:000;
9241:000;
9242:000;
9243:000;
9244:000;
9245:000;
9246:000;
9247:000;
9248:001;
9249:001;
9250:004;
9251:004;
9252:004;
9253:004;
9254:001;
9255:001;
9256:000;
9257:000;
9258:000;
9259:000;
9260:000;
9261:000;
9262:000;
9263:000;
9264:000;
9265:000;
9266:000;
9267:000;
9268:000;
9269:000;
9270:000;
9271:000;
9272:000;
9273:000;
9274:000;
9275:000;
9276:000;
9277:000;
9278:005;
9279:005;
9280:005;
9281:005;
9282:005;
9283:005;
9284:005;
9285:005;
9286:005;
9287:005;
9288:005;
9289:001;
9290:001;
9291:001;
9292:001;
9293:001;
9294:001;
9295:001;
9296:001;
9297:001;
9298:001;
9299:001;
9300:001;
9301:001;
9302:001;
9303:001;
9304:005;
9305:005;
9306:005;
9307:000;
9308:000;
9309:000;
9310:005;
9311:005;
9312:003;
9313:003;
9314:003;
9315:005;
9316:005;
9317:003;
9318:003;
9319:005;
9320:005;
9321:003;
9322:003;
9323:005;
9324:005;
9325:005;
9326:005;
9327:005;
9328:005;
9329:005;
9330:005;
9331:000;
9332:000;
9333:000;
9334:000;
9335:000;
9336:000;
9337:005;
9338:005;
9339:005;
9340:005;
9341:005;
9342:005;
9343:005;
9344:005;
9345:005;
9346:005;
9347:005;
9348:005;
9349:005;
9350:005;
9351:005;
9352:005;
9353:005;
9354:005;
9355:005;
9356:005;
9357:005;
9358:000;
9359:000;
9360:000;
9361:000;
9362:000;
9363:000;
9364:000;
9365:000;
9366:001;
9367:001;
9368:001;
9369:004;
9370:004;
9371:004;
9372:001;
9373:001;
9374:001;
9375:004;
9376:004;
9377:004;
9378:004;
9379:001;
9380:001;
9381:001;
9382:001;
9383:004;
9384:004;
9385:004;
9386:004;
9387:004;
9388:004;
9389:001;
9390:001;
9391:001;
9392:000;
9393:000;
9394:000;
9395:000;
9396:000;
9397:000;
9398:001;
9399:001;
9400:001;
9401:001;
9402:000;
9403:000;
9404:000;
9405:000;
9406:001;
9407:001;
9408:004;
9409:004;
9410:004;
9411:001;
9412:001;
9413:000;
9414:000;
9415:000;
9416:000;
9417:000;
9418:000;
9419:000;
9420:000;
9421:000;
9422:000;
9423:000;
9424:000;
9425:000;
9426:000;
9427:000;
9428:000;
9429:000;
9430:000;
9431:000;
9432:000;
9433:000;
9434:000;
9435:000;
9436:000;
9437:000;
9438:000;
9439:000;
9440:000;
9441:000;
9442:000;
9443:000;
9444:000;
9445:000;
9446:000;
9447:000;
9448:000;
9449:000;
9450:000;
9451:000;
9452:000;
9453:000;
9454:000;
9455:001;
9456:001;
9457:001;
9458:004;
9459:004;
9460:004;
9461:004;
9462:004;
9463:004;
9464:004;
9465:001;
9466:001;
9467:001;
9468:000;
9469:000;
9470:001;
9471:001;
9472:001;
9473:001;
9474:001;
9475:001;
9476:000;
9477:001;
9478:001;
9479:001;
9480:000;
9481:000;
9482:000;
9483:000;
9484:000;
9485:000;
9486:000;
9487:000;
9488:001;
9489:001;
9490:004;
9491:004;
9492:004;
9493:001;
9494:001;
9495:001;
9496:000;
9497:000;
9498:005;
9499:005;
9500:005;
9501:005;
9502:005;
9503:000;
9504:000;
9505:000;
9506:000;
9507:000;
9508:000;
9509:000;
9510:000;
9511:000;
9512:000;
9513:000;
9514:000;
9515:000;
9516:000;
9517:000;
9518:005;
9519:005;
9520:003;
9521:003;
9522:005;
9523:005;
9524:005;
9525:005;
9526:005;
9527:005;
9528:005;
9529:005;
9530:005;
9531:003;
9532:003;
9533:001;
9534:003;
9535:003;
9536:003;
9537:003;
9538:003;
9539:001;
9540:001;
9541:001;
9542:005;
9543:003;
9544:003;
9545:005;
9546:005;
9547:000;
9548:000;
9549:000;
9550:005;
9551:005;
9552:003;
9553:003;
9554:003;
9555:005;
9556:005;
9557:003;
9558:003;
9559:005;
9560:005;
9561:003;
9562:003;
9563:005;
9564:003;
9565:003;
9566:003;
9567:002;
9568:002;
9569:005;
9570:005;
9571:005;
9572:005;
9573:000;
9574:000;
9575:000;
9576:005;
9577:005;
9578:005;
9579:005;
9580:005;
9581:005;
9582:005;
9583:005;
9584:005;
9585:005;
9586:002;
9587:002;
9588:002;
9589:002;
9590:005;
9591:005;
9592:000;
9593:005;
9594:005;
9595:005;
9596:005;
9597:000;
9598:000;
9599:000;
9600:000;
9601:000;
9602:000;
9603:000;
9604:000;
9605:000;
9606:000;
9607:001;
9608:001;
9609:001;
9610:004;
9611:004;
9612:004;
9613:004;
9614:004;
9615:004;
9616:004;
9617:004;
9618:001;
9619:001;
9620:001;
9621:001;
9622:001;
9623:001;
9624:004;
9625:004;
9626:004;
9627:001;
9628:001;
9629:001;
9630:001;
9631:000;
9632:000;
9633:000;
9634:000;
9635:000;
9636:000;
9637:000;
9638:000;
9639:000;
9640:000;
9641:000;
9642:000;
9643:000;
9644:000;
9645:000;
9646:001;
9647:001;
9648:004;
9649:004;
9650:004;
9651:001;
9652:001;
9653:000;
9654:000;
9655:000;
9656:000;
9657:000;
9658:000;
9659:000;
9660:000;
9661:000;
9662:000;
9663:000;
9664:000;
9665:000;
9666:000;
9667:000;
9668:000;
9669:000;
9670:000;
9671:000;
9672:000;
9673:000;
9674:000;
9675:000;
9676:000;
9677:000;
9678:000;
9679:000;
9680:000;
9681:000;
9682:000;
9683:000;
9684:000;
9685:000;
9686:000;
9687:000;
9688:000;
9689:000;
9690:000;
9691:000;
9692:000;
9693:000;
9694:000;
9695:000;
9696:001;
9697:001;
9698:001;
9699:001;
9700:004;
9701:004;
9702:004;
9703:004;
9704:001;
9705:001;
9706:001;
9707:000;
9708:000;
9709:000;
9710:000;
9711:000;
9712:000;
9713:000;
9714:000;
9715:000;
9716:001;
9717:001;
9718:001;
9719:001;
9720:001;
9721:000;
9722:000;
9723:000;
9724:000;
9725:000;
9726:000;
9727:001;
9728:001;
9729:001;
9730:004;
9731:004;
9732:004;
9733:001;
9734:001;
9735:000;
9736:000;
9737:005;
9738:005;
9739:005;
9740:005;
9741:005;
9742:005;
9743:005;
9744:000;
9745:000;
9746:000;
9747:000;
9748:000;
9749:000;
9750:000;
9751:000;
9752:000;
9753:000;
9754:000;
9755:000;
9756:000;
9757:000;
9758:005;
9759:005;
9760:003;
9761:003;
9762:003;
9763:005;
9764:005;
9765:003;
9766:003;
9767:005;
9768:003;
9769:003;
9770:005;
9771:003;
9772:003;
9773:005;
9774:003;
9775:003;
9776:003;
9777:003;
9778:003;
9779:003;
9780:005;
9781:005;
9782:005;
9783:003;
9784:003;
9785:005;
9786:005;
9787:000;
9788:000;
9789:000;
9790:005;
9791:005;
9792:005;
9793:003;
9794:003;
9795:003;
9796:005;
9797:003;
9798:003;
9799:002;
9800:005;
9801:002;
9802:002;
9803:002;
9804:002;
9805:002;
9806:002;
9807:002;
9808:002;
9809:005;
9810:005;
9811:005;
9812:005;
9813:005;
9814:005;
9815:005;
9816:005;
9817:005;
9818:002;
9819:002;
9820:002;
9821:002;
9822:002;
9823:005;
9824:005;
9825:002;
9826:002;
9827:002;
9828:002;
9829:002;
9830:005;
9831:005;
9832:000;
9833:000;
9834:000;
9835:000;
9836:000;
9837:000;
9838:000;
9839:000;
9840:000;
9841:000;
9842:000;
9843:000;
9844:000;
9845:000;
9846:000;
9847:000;
9848:001;
9849:001;
9850:001;
9851:004;
9852:004;
9853:004;
9854:004;
9855:004;
9856:004;
9857:001;
9858:001;
9859:001;
9860:000;
9861:000;
9862:001;
9863:001;
9864:001;
9865:001;
9866:001;
9867:001;
9868:001;
9869:001;
9870:000;
9871:000;
9872:000;
9873:000;
9874:000;
9875:000;
9876:000;
9877:000;
9878:000;
9879:000;
9880:000;
9881:000;
9882:000;
9883:000;
9884:000;
9885:000;
9886:001;
9887:001;
9888:004;
9889:004;
9890:004;
9891:001;
9892:001;
9893:000;
9894:000;
9895:000;
9896:000;
9897:000;
9898:000;
9899:000;
9900:000;
9901:000;
9902:000;
9903:000;
9904:000;
9905:000;
9906:000;
9907:000;
9908:000;
9909:000;
9910:000;
9911:000;
9912:000;
9913:000;
9914:000;
9915:000;
9916:000;
9917:000;
9918:000;
9919:000;
9920:000;
9921:000;
9922:000;
9923:000;
9924:000;
9925:000;
9926:000;
9927:000;
9928:000;
9929:000;
9930:000;
9931:000;
9932:000;
9933:000;
9934:000;
9935:000;
9936:000;
9937:001;
9938:001;
9939:001;
9940:001;
9941:001;
9942:001;
9943:001;
9944:001;
9945:001;
9946:000;
9947:000;
9948:000;
9949:000;
9950:000;
9951:000;
9952:000;
9953:000;
9954:000;
9955:001;
9956:001;
9957:001;
9958:004;
9959:001;
9960:001;
9961:001;
9962:000;
9963:000;
9964:000;
9965:000;
9966:000;
9967:001;
9968:001;
9969:004;
9970:004;
9971:004;
9972:001;
9973:001;
9974:001;
9975:000;
9976:000;
9977:005;
9978:005;
9979:003;
9980:003;
9981:003;
9982:005;
9983:005;
9984:000;
9985:000;
9986:000;
9987:000;
9988:000;
9989:000;
9990:000;
9991:000;
9992:000;
9993:000;
9994:000;
9995:000;
9996:000;
9997:000;
9998:005;
9999:005;
10000:003;
10001:003;
10002:003;
10003:005;
10004:005;
10005:003;
10006:003;
10007:005;
10008:003;
10009:003;
10010:005;
10011:003;
10012:003;
10013:005;
10014:003;
10015:003;
10016:003;
10017:003;
10018:003;
10019:003;
10020:003;
10021:005;
10022:005;
10023:003;
10024:003;
10025:005;
10026:005;
10027:005;
10028:000;
10029:000;
10030:000;
10031:005;
10032:005;
10033:002;
10034:002;
10035:002;
10036:005;
10037:005;
10038:002;
10039:002;
10040:005;
10041:002;
10042:002;
10043:002;
10044:002;
10045:002;
10046:005;
10047:005;
10048:005;
10049:002;
10050:002;
10051:002;
10052:005;
10053:005;
10054:005;
10055:005;
10056:005;
10057:002;
10058:002;
10059:002;
10060:002;
10061:002;
10062:002;
10063:002;
10064:005;
10065:001;
10066:001;
10067:001;
10068:001;
10069:005;
10070:005;
10071:005;
10072:000;
10073:000;
10074:000;
10075:000;
10076:000;
10077:000;
10078:000;
10079:000;
10080:000;
10081:000;
10082:000;
10083:000;
10084:000;
10085:000;
10086:000;
10087:000;
10088:000;
10089:001;
10090:001;
10091:001;
10092:004;
10093:004;
10094:004;
10095:004;
10096:001;
10097:001;
10098:001;
10099:000;
10100:000;
10101:000;
10102:000;
10103:001;
10104:001;
10105:001;
10106:001;
10107:001;
10108:000;
10109:000;
10110:000;
10111:000;
10112:000;
10113:000;
10114:000;
10115:000;
10116:000;
10117:000;
10118:000;
10119:000;
10120:000;
10121:000;
10122:000;
10123:000;
10124:000;
10125:000;
10126:001;
10127:001;
10128:004;
10129:004;
10130:004;
10131:001;
10132:001;
10133:000;
10134:000;
10135:000;
10136:000;
10137:000;
10138:000;
10139:000;
10140:000;
10141:000;
10142:000;
10143:000;
10144:000;
10145:000;
10146:000;
10147:000;
10148:000;
10149:000;
10150:000;
10151:000;
10152:000;
10153:000;
10154:000;
10155:000;
10156:000;
10157:000;
10158:000;
10159:000;
10160:000;
10161:000;
10162:000;
10163:000;
10164:000;
10165:000;
10166:000;
10167:000;
10168:000;
10169:000;
10170:000;
10171:000;
10172:000;
10173:000;
10174:000;
10175:000;
10176:000;
10177:000;
10178:000;
10179:001;
10180:001;
10181:001;
10182:001;
10183:001;
10184:001;
10185:000;
10186:000;
10187:000;
10188:000;
10189:000;
10190:000;
10191:000;
10192:000;
10193:000;
10194:000;
10195:001;
10196:001;
10197:004;
10198:004;
10199:004;
10200:001;
10201:001;
10202:000;
10203:000;
10204:000;
10205:000;
10206:001;
10207:001;
10208:001;
10209:004;
10210:004;
10211:004;
10212:001;
10213:001;
10214:000;
10215:000;
10216:000;
10217:005;
10218:005;
10219:003;
10220:003;
10221:003;
10222:005;
10223:005;
10224:000;
10225:000;
10226:000;
10227:000;
10228:000;
10229:000;
10230:000;
10231:000;
10232:000;
10233:000;
10234:000;
10235:000;
10236:000;
10237:000;
10238:005;
10239:005;
10240:005;
10241:003;
10242:003;
10243:005;
10244:005;
10245:003;
10246:003;
10247:005;
10248:003;
10249:003;
10250:005;
10251:003;
10252:003;
10253:005;
10254:005;
10255:003;
10256:003;
10257:005;
10258:005;
10259:003;
10260:003;
10261:003;
10262:005;
10263:003;
10264:002;
10265:002;
10266:005;
10267:005;
10268:000;
10269:000;
10270:000;
10271:005;
10272:005;
10273:005;
10274:002;
10275:002;
10276:005;
10277:005;
10278:005;
10279:005;
10280:005;
10281:005;
10282:002;
10283:002;
10284:005;
10285:005;
10286:005;
10287:005;
10288:002;
10289:002;
10290:002;
10291:002;
10292:002;
10293:002;
10294:005;
10295:005;
10296:001;
10297:001;
10298:001;
10299:001;
10300:005;
10301:001;
10302:001;
10303:001;
10304:005;
10305:005;
10306:001;
10307:001;
10308:001;
10309:001;
10310:005;
10311:005;
10312:000;
10313:000;
10314:000;
10315:000;
10316:000;
10317:000;
10318:000;
10319:000;
10320:000;
10321:000;
10322:000;
10323:000;
10324:000;
10325:000;
10326:000;
10327:000;
10328:000;
10329:000;
10330:001;
10331:001;
10332:001;
10333:001;
10334:001;
10335:001;
10336:001;
10337:001;
10338:000;
10339:000;
10340:000;
10341:000;
10342:000;
10343:000;
10344:000;
10345:000;
10346:000;
10347:000;
10348:000;
10349:000;
10350:000;
10351:000;
10352:000;
10353:000;
10354:000;
10355:000;
10356:000;
10357:000;
10358:000;
10359:000;
10360:000;
10361:000;
10362:000;
10363:000;
10364:000;
10365:000;
10366:001;
10367:001;
10368:004;
10369:004;
10370:004;
10371:001;
10372:001;
10373:000;
10374:000;
10375:000;
10376:000;
10377:000;
10378:000;
10379:000;
10380:000;
10381:000;
10382:000;
10383:000;
10384:000;
10385:000;
10386:000;
10387:000;
10388:000;
10389:000;
10390:000;
10391:000;
10392:000;
10393:000;
10394:000;
10395:000;
10396:000;
10397:000;
10398:000;
10399:000;
10400:000;
10401:000;
10402:000;
10403:000;
10404:000;
10405:000;
10406:000;
10407:000;
10408:000;
10409:000;
10410:000;
10411:000;
10412:000;
10413:000;
10414:000;
10415:000;
10416:000;
10417:000;
10418:000;
10419:000;
10420:000;
10421:000;
10422:000;
10423:000;
10424:000;
10425:000;
10426:000;
10427:000;
10428:000;
10429:000;
10430:000;
10431:000;
10432:000;
10433:000;
10434:000;
10435:001;
10436:001;
10437:004;
10438:004;
10439:004;
10440:001;
10441:001;
10442:000;
10443:000;
10444:000;
10445:001;
10446:001;
10447:001;
10448:004;
10449:004;
10450:004;
10451:001;
10452:001;
10453:001;
10454:000;
10455:000;
10456:000;
10457:005;
10458:005;
10459:005;
10460:003;
10461:003;
10462:005;
10463:005;
10464:005;
10465:000;
10466:000;
10467:000;
10468:000;
10469:000;
10470:000;
10471:000;
10472:000;
10473:000;
10474:000;
10475:000;
10476:000;
10477:000;
10478:000;
10479:005;
10480:005;
10481:003;
10482:003;
10483:005;
10484:005;
10485:003;
10486:003;
10487:005;
10488:003;
10489:003;
10490:005;
10491:003;
10492:003;
10493:003;
10494:005;
10495:003;
10496:002;
10497:005;
10498:005;
10499:005;
10500:002;
10501:002;
10502:005;
10503:002;
10504:002;
10505:002;
10506:005;
10507:005;
10508:000;
10509:000;
10510:000;
10511:000;
10512:005;
10513:005;
10514:005;
10515:005;
10516:005;
10517:005;
10518:005;
10519:005;
10520:005;
10521:005;
10522:002;
10523:002;
10524:005;
10525:005;
10526:005;
10527:002;
10528:001;
10529:001;
10530:001;
10531:001;
10532:001;
10533:001;
10534:005;
10535:005;
10536:001;
10537:001;
10538:001;
10539:005;
10540:005;
10541:001;
10542:001;
10543:001;
10544:001;
10545:001;
10546:001;
10547:001;
10548:001;
10549:001;
10550:005;
10551:005;
10552:000;
10553:000;
10554:000;
10555:000;
10556:000;
10557:000;
10558:000;
10559:000;
10560:000;
10561:000;
10562:000;
10563:000;
10564:000;
10565:000;
10566:000;
10567:000;
10568:000;
10569:000;
10570:000;
10571:001;
10572:001;
10573:001;
10574:001;
10575:001;
10576:001;
10577:000;
10578:000;
10579:000;
10580:000;
10581:000;
10582:000;
10583:000;
10584:000;
10585:000;
10586:000;
10587:000;
10588:000;
10589:000;
10590:000;
10591:000;
10592:000;
10593:000;
10594:000;
10595:000;
10596:000;
10597:000;
10598:000;
10599:000;
10600:000;
10601:000;
10602:000;
10603:000;
10604:000;
10605:000;
10606:001;
10607:001;
10608:004;
10609:004;
10610:004;
10611:001;
10612:001;
10613:000;
10614:000;
10615:000;
10616:000;
10617:000;
10618:000;
10619:000;
10620:000;
10621:000;
10622:000;
10623:000;
10624:000;
10625:000;
10626:000;
10627:000;
10628:000;
10629:000;
10630:000;
10631:000;
10632:000;
10633:000;
10634:000;
10635:000;
10636:000;
10637:000;
10638:000;
10639:000;
10640:000;
10641:000;
10642:000;
10643:000;
10644:000;
10645:000;
10646:000;
10647:000;
10648:000;
10649:000;
10650:000;
10651:000;
10652:000;
10653:000;
10654:000;
10655:000;
10656:000;
10657:000;
10658:000;
10659:000;
10660:000;
10661:000;
10662:000;
10663:000;
10664:000;
10665:000;
10666:000;
10667:000;
10668:000;
10669:000;
10670:000;
10671:000;
10672:000;
10673:000;
10674:000;
10675:001;
10676:001;
10677:004;
10678:004;
10679:004;
10680:001;
10681:001;
10682:001;
10683:001;
10684:001;
10685:001;
10686:001;
10687:001;
10688:004;
10689:004;
10690:004;
10691:001;
10692:001;
10693:000;
10694:000;
10695:000;
10696:000;
10697:000;
10698:005;
10699:005;
10700:003;
10701:003;
10702:003;
10703:005;
10704:005;
10705:005;
10706:005;
10707:005;
10708:005;
10709:005;
10710:000;
10711:000;
10712:000;
10713:000;
10714:000;
10715:000;
10716:000;
10717:000;
10718:000;
10719:005;
10720:005;
10721:003;
10722:003;
10723:005;
10724:005;
10725:003;
10726:003;
10727:005;
10728:002;
10729:002;
10730:005;
10731:005;
10732:002;
10733:002;
10734:005;
10735:002;
10736:002;
10737:005;
10738:005;
10739:005;
10740:002;
10741:002;
10742:002;
10743:005;
10744:002;
10745:002;
10746:005;
10747:005;
10748:000;
10749:000;
10750:000;
10751:000;
10752:000;
10753:005;
10754:005;
10755:005;
10756:005;
10757:000;
10758:000;
10759:000;
10760:005;
10761:005;
10762:001;
10763:001;
10764:005;
10765:005;
10766:001;
10767:001;
10768:001;
10769:001;
10770:001;
10771:001;
10772:001;
10773:001;
10774:001;
10775:005;
10776:001;
10777:001;
10778:001;
10779:005;
10780:005;
10781:001;
10782:001;
10783:001;
10784:001;
10785:001;
10786:001;
10787:001;
10788:001;
10789:001;
10790:005;
10791:005;
10792:000;
10793:000;
10794:000;
10795:000;
10796:000;
10797:000;
10798:000;
10799:000;
10800:000;
10801:000;
10802:000;
10803:000;
10804:000;
10805:000;
10806:000;
10807:000;
10808:000;
10809:000;
10810:000;
10811:000;
10812:000;
10813:000;
10814:000;
10815:000;
10816:000;
10817:000;
10818:000;
10819:000;
10820:000;
10821:000;
10822:000;
10823:000;
10824:000;
10825:000;
10826:000;
10827:000;
10828:000;
10829:000;
10830:000;
10831:000;
10832:000;
10833:000;
10834:000;
10835:000;
10836:000;
10837:000;
10838:000;
10839:000;
10840:000;
10841:000;
10842:000;
10843:000;
10844:000;
10845:000;
10846:001;
10847:001;
10848:004;
10849:004;
10850:004;
10851:001;
10852:001;
10853:000;
10854:000;
10855:000;
10856:000;
10857:000;
10858:000;
10859:000;
10860:000;
10861:000;
10862:000;
10863:000;
10864:000;
10865:000;
10866:000;
10867:000;
10868:000;
10869:000;
10870:000;
10871:000;
10872:000;
10873:000;
10874:000;
10875:000;
10876:000;
10877:000;
10878:000;
10879:000;
10880:000;
10881:000;
10882:000;
10883:000;
10884:000;
10885:000;
10886:000;
10887:000;
10888:000;
10889:000;
10890:000;
10891:000;
10892:000;
10893:000;
10894:000;
10895:000;
10896:000;
10897:000;
10898:000;
10899:000;
10900:000;
10901:000;
10902:000;
10903:000;
10904:000;
10905:000;
10906:000;
10907:000;
10908:000;
10909:000;
10910:000;
10911:000;
10912:000;
10913:000;
10914:000;
10915:001;
10916:001;
10917:004;
10918:004;
10919:004;
10920:004;
10921:001;
10922:001;
10923:001;
10924:001;
10925:001;
10926:004;
10927:004;
10928:004;
10929:004;
10930:001;
10931:001;
10932:001;
10933:000;
10934:000;
10935:000;
10936:000;
10937:000;
10938:005;
10939:005;
10940:003;
10941:003;
10942:003;
10943:005;
10944:005;
10945:005;
10946:005;
10947:005;
10948:005;
10949:005;
10950:005;
10951:005;
10952:005;
10953:000;
10954:000;
10955:000;
10956:000;
10957:000;
10958:000;
10959:005;
10960:005;
10961:002;
10962:002;
10963:005;
10964:005;
10965:002;
10966:002;
10967:005;
10968:002;
10969:002;
10970:002;
10971:002;
10972:002;
10973:002;
10974:005;
10975:002;
10976:002;
10977:005;
10978:005;
10979:005;
10980:002;
10981:002;
10982:002;
10983:005;
10984:002;
10985:002;
10986:005;
10987:005;
10988:000;
10989:000;
10990:000;
10991:000;
10992:000;
10993:000;
10994:000;
10995:000;
10996:000;
10997:000;
10998:000;
10999:000;
11000:005;
11001:005;
11002:001;
11003:001;
11004:005;
11005:005;
11006:001;
11007:001;
11008:001;
11009:001;
11010:001;
11011:001;
11012:005;
11013:001;
11014:001;
11015:001;
11016:001;
11017:001;
11018:005;
11019:005;
11020:005;
11021:005;
11022:001;
11023:001;
11024:005;
11025:001;
11026:001;
11027:001;
11028:001;
11029:005;
11030:005;
11031:005;
11032:000;
11033:000;
11034:000;
11035:000;
11036:000;
11037:000;
11038:000;
11039:000;
11040:000;
11041:000;
11042:000;
11043:000;
11044:000;
11045:000;
11046:000;
11047:000;
11048:000;
11049:000;
11050:000;
11051:000;
11052:000;
11053:000;
11054:000;
11055:000;
11056:000;
11057:000;
11058:000;
11059:000;
11060:000;
11061:000;
11062:000;
11063:000;
11064:000;
11065:000;
11066:000;
11067:000;
11068:000;
11069:000;
11070:000;
11071:000;
11072:000;
11073:000;
11074:000;
11075:000;
11076:000;
11077:000;
11078:000;
11079:000;
11080:000;
11081:000;
11082:000;
11083:000;
11084:000;
11085:000;
11086:001;
11087:001;
11088:004;
11089:004;
11090:004;
11091:001;
11092:001;
11093:000;
11094:000;
11095:000;
11096:000;
11097:000;
11098:000;
11099:000;
11100:000;
11101:000;
11102:000;
11103:000;
11104:000;
11105:000;
11106:000;
11107:000;
11108:000;
11109:000;
11110:000;
11111:000;
11112:000;
11113:000;
11114:000;
11115:000;
11116:000;
11117:000;
11118:000;
11119:000;
11120:000;
11121:000;
11122:000;
11123:000;
11124:000;
11125:000;
11126:000;
11127:000;
11128:000;
11129:000;
11130:000;
11131:000;
11132:000;
11133:000;
11134:000;
11135:000;
11136:000;
11137:000;
11138:000;
11139:000;
11140:000;
11141:000;
11142:000;
11143:000;
11144:000;
11145:000;
11146:000;
11147:000;
11148:000;
11149:000;
11150:000;
11151:000;
11152:000;
11153:000;
11154:000;
11155:001;
11156:001;
11157:001;
11158:004;
11159:004;
11160:004;
11161:004;
11162:004;
11163:001;
11164:004;
11165:004;
11166:004;
11167:004;
11168:004;
11169:001;
11170:001;
11171:001;
11172:000;
11173:000;
11174:000;
11175:000;
11176:000;
11177:000;
11178:005;
11179:005;
11180:003;
11181:003;
11182:003;
11183:003;
11184:003;
11185:005;
11186:005;
11187:003;
11188:003;
11189:005;
11190:005;
11191:005;
11192:005;
11193:005;
11194:000;
11195:000;
11196:000;
11197:000;
11198:000;
11199:005;
11200:005;
11201:002;
11202:002;
11203:002;
11204:005;
11205:002;
11206:002;
11207:005;
11208:002;
11209:002;
11210:002;
11211:002;
11212:002;
11213:002;
11214:005;
11215:002;
11216:002;
11217:005;
11218:005;
11219:005;
11220:002;
11221:002;
11222:002;
11223:005;
11224:002;
11225:001;
11226:005;
11227:005;
11228:005;
11229:005;
11230:005;
11231:005;
11232:000;
11233:000;
11234:000;
11235:000;
11236:000;
11237:000;
11238:000;
11239:000;
11240:005;
11241:005;
11242:001;
11243:001;
11244:005;
11245:005;
11246:001;
11247:001;
11248:001;
11249:001;
11250:001;
11251:005;
11252:005;
11253:001;
11254:001;
11255:001;
11256:001;
11257:001;
11258:005;
11259:005;
11260:005;
11261:005;
11262:005;
11263:005;
11264:005;
11265:005;
11266:005;
11267:005;
11268:005;
11269:005;
11270:005;
11271:000;
11272:000;
11273:000;
11274:000;
11275:000;
11276:000;
11277:000;
11278:000;
11279:000;
11280:000;
11281:000;
11282:000;
11283:000;
11284:000;
11285:000;
11286:000;
11287:000;
11288:000;
11289:000;
11290:000;
11291:000;
11292:000;
11293:000;
11294:000;
11295:000;
11296:000;
11297:000;
11298:000;
11299:000;
11300:000;
11301:000;
11302:000;
11303:000;
11304:000;
11305:000;
11306:000;
11307:000;
11308:000;
11309:000;
11310:000;
11311:000;
11312:000;
11313:000;
11314:000;
11315:000;
11316:000;
11317:000;
11318:000;
11319:000;
11320:000;
11321:000;
11322:000;
11323:000;
11324:000;
11325:000;
11326:001;
11327:001;
11328:004;
11329:004;
11330:004;
11331:001;
11332:001;
11333:000;
11334:000;
11335:000;
11336:000;
11337:000;
11338:000;
11339:000;
11340:000;
11341:000;
11342:000;
11343:000;
11344:000;
11345:000;
11346:000;
11347:000;
11348:000;
11349:000;
11350:000;
11351:000;
11352:000;
11353:000;
11354:000;
11355:000;
11356:000;
11357:000;
11358:000;
11359:000;
11360:000;
11361:000;
11362:000;
11363:000;
11364:000;
11365:000;
11366:000;
11367:000;
11368:000;
11369:000;
11370:000;
11371:000;
11372:000;
11373:000;
11374:000;
11375:000;
11376:000;
11377:000;
11378:000;
11379:000;
11380:000;
11381:000;
11382:000;
11383:000;
11384:000;
11385:000;
11386:000;
11387:000;
11388:000;
11389:000;
11390:000;
11391:000;
11392:000;
11393:000;
11394:000;
11395:000;
11396:001;
11397:001;
11398:001;
11399:004;
11400:004;
11401:004;
11402:004;
11403:004;
11404:004;
11405:004;
11406:004;
11407:004;
11408:001;
11409:001;
11410:001;
11411:000;
11412:000;
11413:000;
11414:000;
11415:000;
11416:000;
11417:000;
11418:005;
11419:005;
11420:003;
11421:003;
11422:003;
11423:003;
11424:002;
11425:002;
11426:005;
11427:002;
11428:002;
11429:002;
11430:002;
11431:002;
11432:005;
11433:005;
11434:000;
11435:000;
11436:000;
11437:000;
11438:000;
11439:005;
11440:005;
11441:005;
11442:002;
11443:002;
11444:005;
11445:002;
11446:002;
11447:005;
11448:002;
11449:002;
11450:002;
11451:002;
11452:002;
11453:002;
11454:005;
11455:002;
11456:002;
11457:005;
11458:005;
11459:001;
11460:001;
11461:001;
11462:005;
11463:005;
11464:001;
11465:001;
11466:005;
11467:005;
11468:005;
11469:005;
11470:005;
11471:005;
11472:005;
11473:000;
11474:000;
11475:000;
11476:000;
11477:000;
11478:000;
11479:000;
11480:005;
11481:005;
11482:001;
11483:001;
11484:005;
11485:005;
11486:001;
11487:001;
11488:001;
11489:001;
11490:005;
11491:005;
11492:005;
11493:005;
11494:005;
11495:005;
11496:005;
11497:005;
11498:005;
11499:005;
11500:000;
11501:005;
11502:005;
11503:005;
11504:005;
11505:005;
11506:005;
11507:005;
11508:005;
11509:005;
11510:000;
11511:000;
11512:000;
11513:000;
11514:000;
11515:000;
11516:000;
11517:000;
11518:000;
11519:000;
11520:000;
11521:000;
11522:000;
11523:000;
11524:000;
11525:000;
11526:000;
11527:000;
11528:000;
11529:000;
11530:000;
11531:000;
11532:000;
11533:000;
11534:000;
11535:000;
11536:000;
11537:000;
11538:000;
11539:000;
11540:000;
11541:000;
11542:000;
11543:000;
11544:000;
11545:000;
11546:000;
11547:000;
11548:000;
11549:000;
11550:000;
11551:000;
11552:000;
11553:000;
11554:000;
11555:000;
11556:000;
11557:000;
11558:000;
11559:000;
11560:000;
11561:000;
11562:000;
11563:000;
11564:000;
11565:000;
11566:001;
11567:001;
11568:004;
11569:004;
11570:004;
11571:001;
11572:001;
11573:000;
11574:000;
11575:000;
11576:000;
11577:000;
11578:000;
11579:000;
11580:000;
11581:000;
11582:000;
11583:000;
11584:000;
11585:000;
11586:000;
11587:000;
11588:000;
11589:000;
11590:000;
11591:000;
11592:000;
11593:000;
11594:000;
11595:000;
11596:000;
11597:000;
11598:000;
11599:000;
11600:000;
11601:000;
11602:000;
11603:000;
11604:000;
11605:000;
11606:000;
11607:000;
11608:000;
11609:000;
11610:000;
11611:000;
11612:000;
11613:000;
11614:000;
11615:000;
11616:000;
11617:000;
11618:000;
11619:000;
11620:000;
11621:000;
11622:000;
11623:000;
11624:000;
11625:000;
11626:000;
11627:000;
11628:000;
11629:000;
11630:000;
11631:000;
11632:000;
11633:000;
11634:000;
11635:000;
11636:000;
11637:001;
11638:001;
11639:001;
11640:004;
11641:004;
11642:004;
11643:004;
11644:004;
11645:004;
11646:004;
11647:001;
11648:001;
11649:001;
11650:000;
11651:000;
11652:000;
11653:000;
11654:000;
11655:000;
11656:000;
11657:000;
11658:005;
11659:005;
11660:005;
11661:002;
11662:002;
11663:002;
11664:002;
11665:002;
11666:005;
11667:002;
11668:002;
11669:002;
11670:002;
11671:002;
11672:005;
11673:005;
11674:000;
11675:000;
11676:000;
11677:000;
11678:000;
11679:000;
11680:005;
11681:005;
11682:002;
11683:002;
11684:002;
11685:002;
11686:002;
11687:005;
11688:002;
11689:001;
11690:001;
11691:005;
11692:001;
11693:001;
11694:005;
11695:001;
11696:001;
11697:005;
11698:001;
11699:001;
11700:001;
11701:001;
11702:005;
11703:005;
11704:001;
11705:001;
11706:001;
11707:001;
11708:001;
11709:001;
11710:001;
11711:005;
11712:005;
11713:000;
11714:000;
11715:000;
11716:000;
11717:000;
11718:000;
11719:000;
11720:005;
11721:005;
11722:001;
11723:001;
11724:005;
11725:005;
11726:005;
11727:005;
11728:005;
11729:005;
11730:005;
11731:005;
11732:005;
11733:005;
11734:005;
11735:005;
11736:005;
11737:005;
11738:005;
11739:000;
11740:000;
11741:000;
11742:000;
11743:000;
11744:000;
11745:000;
11746:000;
11747:000;
11748:000;
11749:000;
11750:000;
11751:000;
11752:000;
11753:000;
11754:000;
11755:000;
11756:000;
11757:000;
11758:000;
11759:000;
11760:000;
11761:000;
11762:000;
11763:000;
11764:000;
11765:000;
11766:000;
11767:000;
11768:000;
11769:000;
11770:000;
11771:000;
11772:000;
11773:000;
11774:000;
11775:000;
11776:000;
11777:000;
11778:000;
11779:000;
11780:000;
11781:000;
11782:000;
11783:000;
11784:000;
11785:000;
11786:000;
11787:000;
11788:000;
11789:000;
11790:000;
11791:000;
11792:000;
11793:000;
11794:000;
11795:000;
11796:000;
11797:000;
11798:000;
11799:000;
11800:000;
11801:000;
11802:000;
11803:000;
11804:000;
11805:000;
11806:001;
11807:001;
11808:001;
11809:004;
11810:001;
11811:001;
11812:001;
11813:000;
11814:000;
11815:000;
11816:000;
11817:000;
11818:000;
11819:000;
11820:000;
11821:000;
11822:000;
11823:000;
11824:000;
11825:000;
11826:000;
11827:000;
11828:000;
11829:000;
11830:000;
11831:000;
11832:000;
11833:000;
11834:000;
11835:000;
11836:000;
11837:000;
11838:000;
11839:000;
11840:000;
11841:000;
11842:000;
11843:000;
11844:000;
11845:000;
11846:000;
11847:000;
11848:000;
11849:000;
11850:000;
11851:000;
11852:000;
11853:000;
11854:000;
11855:000;
11856:000;
11857:000;
11858:000;
11859:000;
11860:000;
11861:000;
11862:000;
11863:000;
11864:000;
11865:000;
11866:000;
11867:000;
11868:000;
11869:000;
11870:000;
11871:000;
11872:000;
11873:000;
11874:000;
11875:000;
11876:000;
11877:000;
11878:001;
11879:001;
11880:001;
11881:001;
11882:001;
11883:004;
11884:001;
11885:001;
11886:001;
11887:001;
11888:001;
11889:000;
11890:000;
11891:000;
11892:000;
11893:000;
11894:000;
11895:000;
11896:000;
11897:000;
11898:000;
11899:005;
11900:005;
11901:002;
11902:002;
11903:005;
11904:002;
11905:002;
11906:005;
11907:002;
11908:002;
11909:002;
11910:002;
11911:002;
11912:005;
11913:005;
11914:000;
11915:000;
11916:000;
11917:000;
11918:000;
11919:000;
11920:005;
11921:005;
11922:001;
11923:001;
11924:001;
11925:001;
11926:001;
11927:005;
11928:005;
11929:001;
11930:001;
11931:005;
11932:001;
11933:001;
11934:005;
11935:001;
11936:001;
11937:001;
11938:001;
11939:001;
11940:001;
11941:005;
11942:005;
11943:005;
11944:001;
11945:001;
11946:001;
11947:001;
11948:001;
11949:001;
11950:001;
11951:005;
11952:005;
11953:000;
11954:000;
11955:000;
11956:000;
11957:000;
11958:000;
11959:000;
11960:005;
11961:005;
11962:005;
11963:005;
11964:005;
11965:005;
11966:005;
11967:005;
11968:005;
11969:005;
11970:005;
11971:000;
11972:000;
11973:000;
11974:000;
11975:000;
11976:000;
11977:000;
11978:000;
11979:000;
11980:000;
11981:000;
11982:000;
11983:000;
11984:000;
11985:000;
11986:000;
11987:000;
11988:000;
11989:000;
11990:000;
11991:000;
11992:000;
11993:000;
11994:000;
11995:000;
11996:000;
11997:000;
11998:000;
11999:000;
12000:000;
12001:000;
12002:000;
12003:000;
12004:000;
12005:000;
12006:000;
12007:000;
12008:000;
12009:000;
12010:000;
12011:000;
12012:000;
12013:000;
12014:000;
12015:000;
12016:000;
12017:000;
12018:000;
12019:000;
12020:000;
12021:000;
12022:000;
12023:000;
12024:000;
12025:000;
12026:000;
12027:000;
12028:000;
12029:000;
12030:000;
12031:000;
12032:000;
12033:000;
12034:000;
12035:000;
12036:000;
12037:000;
12038:000;
12039:000;
12040:000;
12041:000;
12042:000;
12043:000;
12044:000;
12045:000;
12046:000;
12047:001;
12048:001;
12049:001;
12050:001;
12051:001;
12052:000;
12053:000;
12054:000;
12055:000;
12056:000;
12057:000;
12058:000;
12059:000;
12060:000;
12061:000;
12062:000;
12063:000;
12064:000;
12065:000;
12066:000;
12067:000;
12068:000;
12069:000;
12070:000;
12071:000;
12072:000;
12073:000;
12074:000;
12075:000;
12076:000;
12077:000;
12078:000;
12079:000;
12080:000;
12081:000;
12082:000;
12083:000;
12084:000;
12085:000;
12086:000;
12087:000;
12088:000;
12089:000;
12090:000;
12091:000;
12092:000;
12093:000;
12094:000;
12095:000;
12096:000;
12097:000;
12098:000;
12099:000;
12100:000;
12101:000;
12102:000;
12103:000;
12104:000;
12105:000;
12106:000;
12107:000;
12108:000;
12109:000;
12110:000;
12111:000;
12112:000;
12113:000;
12114:000;
12115:000;
12116:000;
12117:000;
12118:000;
12119:001;
12120:001;
12121:001;
12122:001;
12123:001;
12124:001;
12125:001;
12126:001;
12127:001;
12128:000;
12129:000;
12130:000;
12131:000;
12132:000;
12133:000;
12134:000;
12135:000;
12136:000;
12137:000;
12138:000;
12139:005;
12140:005;
12141:002;
12142:002;
12143:002;
12144:002;
12145:002;
12146:005;
12147:002;
12148:002;
12149:002;
12150:002;
12151:002;
12152:005;
12153:005;
12154:000;
12155:000;
12156:000;
12157:000;
12158:000;
12159:000;
12160:005;
12161:005;
12162:005;
12163:001;
12164:001;
12165:001;
12166:001;
12167:005;
12168:005;
12169:001;
12170:001;
12171:005;
12172:001;
12173:001;
12174:005;
12175:005;
12176:001;
12177:001;
12178:001;
12179:001;
12180:005;
12181:005;
12182:005;
12183:005;
12184:001;
12185:001;
12186:001;
12187:001;
12188:005;
12189:005;
12190:005;
12191:005;
12192:005;
12193:000;
12194:000;
12195:000;
12196:000;
12197:000;
12198:000;
12199:000;
12200:000;
12201:005;
12202:005;
12203:005;
12204:005;
12205:000;
12206:000;
12207:000;
12208:000;
12209:000;
12210:000;
12211:000;
12212:000;
12213:000;
12214:000;
12215:000;
12216:000;
12217:000;
12218:000;
12219:000;
12220:000;
12221:000;
12222:000;
12223:000;
12224:000;
12225:000;
12226:000;
12227:000;
12228:000;
12229:000;
12230:000;
12231:000;
12232:000;
12233:000;
12234:000;
12235:000;
12236:000;
12237:000;
12238:000;
12239:000;
12240:000;
12241:000;
12242:000;
12243:000;
12244:000;
12245:000;
12246:000;
12247:000;
12248:000;
12249:000;
12250:000;
12251:000;
12252:000;
12253:000;
12254:000;
12255:000;
12256:000;
12257:000;
12258:000;
12259:000;
12260:000;
12261:000;
12262:000;
12263:000;
12264:000;
12265:000;
12266:000;
12267:000;
12268:000;
12269:000;
12270:000;
12271:000;
12272:000;
12273:000;
12274:000;
12275:000;
12276:000;
12277:000;
12278:000;
12279:000;
12280:000;
12281:000;
12282:000;
12283:000;
12284:000;
12285:000;
12286:000;
12287:000;
12288:001;
12289:001;
12290:001;
12291:000;
12292:000;
12293:000;
12294:000;
12295:000;
12296:000;
12297:000;
12298:000;
12299:000;
12300:000;
12301:000;
12302:000;
12303:000;
12304:000;
12305:000;
12306:000;
12307:000;
12308:000;
12309:000;
12310:000;
12311:000;
12312:000;
12313:000;
12314:000;
12315:000;
12316:000;
12317:000;
12318:000;
12319:000;
12320:000;
12321:000;
12322:000;
12323:000;
12324:000;
12325:000;
12326:000;
12327:000;
12328:000;
12329:000;
12330:000;
12331:000;
12332:000;
12333:000;
12334:000;
12335:000;
12336:000;
12337:000;
12338:000;
12339:000;
12340:000;
12341:000;
12342:000;
12343:000;
12344:000;
12345:000;
12346:000;
12347:000;
12348:000;
12349:000;
12350:000;
12351:000;
12352:000;
12353:000;
12354:000;
12355:000;
12356:000;
12357:000;
12358:000;
12359:000;
12360:000;
12361:000;
12362:001;
12363:001;
12364:001;
12365:000;
12366:000;
12367:000;
12368:000;
12369:000;
12370:000;
12371:000;
12372:000;
12373:000;
12374:000;
12375:000;
12376:000;
12377:000;
12378:000;
12379:005;
12380:005;
12381:002;
12382:002;
12383:002;
12384:002;
12385:001;
12386:005;
12387:005;
12388:005;
12389:005;
12390:001;
12391:001;
12392:005;
12393:005;
12394:005;
12395:000;
12396:000;
12397:000;
12398:000;
12399:000;
12400:000;
12401:005;
12402:005;
12403:001;
12404:001;
12405:001;
12406:001;
12407:005;
12408:005;
12409:001;
12410:001;
12411:005;
12412:001;
12413:001;
12414:001;
12415:005;
12416:001;
12417:001;
12418:005;
12419:005;
12420:005;
12421:005;
12422:005;
12423:005;
12424:005;
12425:005;
12426:005;
12427:005;
12428:005;
12429:005;
12430:005;
12431:005;
12432:000;
12433:000;
12434:000;
12435:000;
12436:000;
12437:000;
12438:000;
12439:000;
12440:000;
12441:000;
12442:000;
12443:000;
12444:000;
12445:000;
12446:000;
12447:000;
12448:000;
12449:000;
12450:000;
12451:000;
12452:000;
12453:000;
12454:000;
12455:000;
12456:000;
12457:000;
12458:000;
12459:000;
12460:000;
12461:000;
12462:000;
12463:000;
12464:000;
12465:000;
12466:000;
12467:000;
12468:000;
12469:000;
12470:000;
12471:000;
12472:000;
12473:000;
12474:000;
12475:000;
12476:000;
12477:000;
12478:000;
12479:000;
12480:000;
12481:000;
12482:000;
12483:000;
12484:000;
12485:000;
12486:000;
12487:000;
12488:000;
12489:000;
12490:000;
12491:000;
12492:000;
12493:000;
12494:000;
12495:000;
12496:000;
12497:000;
12498:000;
12499:000;
12500:000;
12501:000;
12502:000;
12503:000;
12504:000;
12505:000;
12506:000;
12507:000;
12508:000;
12509:000;
12510:000;
12511:000;
12512:000;
12513:000;
12514:000;
12515:000;
12516:000;
12517:000;
12518:000;
12519:000;
12520:000;
12521:000;
12522:000;
12523:000;
12524:000;
12525:000;
12526:000;
12527:000;
12528:000;
12529:000;
12530:000;
12531:000;
12532:000;
12533:000;
12534:000;
12535:000;
12536:000;
12537:000;
12538:000;
12539:000;
12540:000;
12541:000;
12542:000;
12543:000;
12544:000;
12545:000;
12546:000;
12547:000;
12548:000;
12549:000;
12550:000;
12551:000;
12552:000;
12553:000;
12554:000;
12555:000;
12556:000;
12557:000;
12558:000;
12559:000;
12560:000;
12561:000;
12562:000;
12563:000;
12564:000;
12565:000;
12566:000;
12567:000;
12568:000;
12569:000;
12570:000;
12571:000;
12572:000;
12573:000;
12574:000;
12575:000;
12576:000;
12577:000;
12578:000;
12579:000;
12580:000;
12581:000;
12582:000;
12583:000;
12584:000;
12585:000;
12586:000;
12587:000;
12588:000;
12589:000;
12590:000;
12591:000;
12592:000;
12593:000;
12594:000;
12595:000;
12596:000;
12597:000;
12598:000;
12599:000;
12600:000;
12601:000;
12602:000;
12603:000;
12604:000;
12605:000;
12606:000;
12607:000;
12608:000;
12609:000;
12610:000;
12611:000;
12612:000;
12613:000;
12614:000;
12615:000;
12616:000;
12617:000;
12618:000;
12619:005;
12620:005;
12621:001;
12622:001;
12623:001;
12624:001;
12625:005;
12626:005;
12627:005;
12628:005;
12629:005;
12630:001;
12631:001;
12632:001;
12633:005;
12634:005;
12635:000;
12636:000;
12637:000;
12638:000;
12639:000;
12640:000;
12641:005;
12642:005;
12643:001;
12644:001;
12645:001;
12646:005;
12647:005;
12648:005;
12649:001;
12650:001;
12651:005;
12652:001;
12653:001;
12654:001;
12655:005;
12656:005;
12657:005;
12658:005;
12659:005;
12660:005;
12661:000;
12662:000;
12663:005;
12664:005;
12665:005;
12666:005;
12667:005;
12668:005;
12669:000;
12670:000;
12671:000;
12672:000;
12673:000;
12674:000;
12675:000;
12676:000;
12677:000;
12678:000;
12679:000;
12680:000;
12681:000;
12682:000;
12683:000;
12684:000;
12685:000;
12686:000;
12687:000;
12688:000;
12689:000;
12690:000;
12691:000;
12692:000;
12693:000;
12694:000;
12695:000;
12696:000;
12697:000;
12698:000;
12699:000;
12700:000;
12701:000;
12702:000;
12703:000;
12704:000;
12705:000;
12706:000;
12707:000;
12708:000;
12709:000;
12710:000;
12711:000;
12712:000;
12713:000;
12714:000;
12715:000;
12716:000;
12717:000;
12718:000;
12719:000;
12720:000;
12721:000;
12722:000;
12723:000;
12724:000;
12725:000;
12726:000;
12727:000;
12728:000;
12729:000;
12730:000;
12731:000;
12732:000;
12733:000;
12734:000;
12735:000;
12736:000;
12737:000;
12738:000;
12739:000;
12740:000;
12741:000;
12742:000;
12743:000;
12744:000;
12745:000;
12746:000;
12747:000;
12748:000;
12749:000;
12750:000;
12751:000;
12752:000;
12753:000;
12754:000;
12755:000;
12756:000;
12757:000;
12758:000;
12759:000;
12760:000;
12761:000;
12762:000;
12763:000;
12764:000;
12765:000;
12766:000;
12767:000;
12768:000;
12769:000;
12770:000;
12771:000;
12772:000;
12773:000;
12774:000;
12775:000;
12776:000;
12777:000;
12778:000;
12779:000;
12780:000;
12781:000;
12782:000;
12783:000;
12784:000;
12785:000;
12786:000;
12787:000;
12788:000;
12789:000;
12790:000;
12791:000;
12792:000;
12793:000;
12794:000;
12795:000;
12796:000;
12797:000;
12798:000;
12799:000;
12800:000;
12801:000;
12802:000;
12803:000;
12804:000;
12805:000;
12806:000;
12807:000;
12808:000;
12809:000;
12810:000;
12811:000;
12812:000;
12813:000;
12814:000;
12815:000;
12816:000;
12817:000;
12818:000;
12819:000;
12820:000;
12821:000;
12822:000;
12823:000;
12824:000;
12825:000;
12826:000;
12827:000;
12828:000;
12829:000;
12830:000;
12831:000;
12832:000;
12833:000;
12834:000;
12835:000;
12836:000;
12837:000;
12838:000;
12839:000;
12840:000;
12841:000;
12842:000;
12843:000;
12844:000;
12845:000;
12846:000;
12847:000;
12848:000;
12849:000;
12850:000;
12851:000;
12852:000;
12853:000;
12854:000;
12855:000;
12856:000;
12857:000;
12858:000;
12859:005;
12860:005;
12861:001;
12862:001;
12863:001;
12864:005;
12865:005;
12866:005;
12867:005;
12868:005;
12869:005;
12870:001;
12871:001;
12872:001;
12873:005;
12874:005;
12875:000;
12876:000;
12877:000;
12878:000;
12879:000;
12880:000;
12881:005;
12882:005;
12883:005;
12884:001;
12885:001;
12886:005;
12887:005;
12888:005;
12889:001;
12890:001;
12891:005;
12892:005;
12893:005;
12894:005;
12895:005;
12896:005;
12897:005;
12898:005;
12899:000;
12900:000;
12901:000;
12902:000;
12903:000;
12904:000;
12905:000;
12906:000;
12907:000;
12908:000;
12909:000;
12910:000;
12911:000;
12912:000;
12913:000;
12914:000;
12915:000;
12916:000;
12917:000;
12918:000;
12919:000;
12920:000;
12921:000;
12922:000;
12923:000;
12924:000;
12925:000;
12926:000;
12927:000;
12928:000;
12929:000;
12930:000;
12931:000;
12932:000;
12933:000;
12934:000;
12935:000;
12936:000;
12937:000;
12938:000;
12939:000;
12940:000;
12941:000;
12942:000;
12943:000;
12944:000;
12945:000;
12946:000;
12947:000;
12948:000;
12949:000;
12950:000;
12951:000;
12952:000;
12953:000;
12954:000;
12955:000;
12956:000;
12957:000;
12958:000;
12959:000;
12960:000;
12961:000;
12962:000;
12963:000;
12964:000;
12965:000;
12966:000;
12967:000;
12968:000;
12969:000;
12970:000;
12971:000;
12972:000;
12973:000;
12974:000;
12975:000;
12976:000;
12977:000;
12978:000;
12979:000;
12980:000;
12981:000;
12982:000;
12983:000;
12984:000;
12985:000;
12986:000;
12987:000;
12988:000;
12989:000;
12990:000;
12991:000;
12992:000;
12993:000;
12994:000;
12995:000;
12996:000;
12997:000;
12998:000;
12999:000;
13000:000;
13001:000;
13002:000;
13003:000;
13004:000;
13005:000;
13006:000;
13007:000;
13008:000;
13009:000;
13010:000;
13011:000;
13012:000;
13013:000;
13014:000;
13015:000;
13016:000;
13017:000;
13018:000;
13019:000;
13020:000;
13021:000;
13022:000;
13023:000;
13024:000;
13025:000;
13026:000;
13027:000;
13028:000;
13029:000;
13030:000;
13031:000;
13032:000;
13033:000;
13034:000;
13035:000;
13036:000;
13037:000;
13038:000;
13039:000;
13040:000;
13041:000;
13042:000;
13043:000;
13044:000;
13045:000;
13046:000;
13047:000;
13048:000;
13049:000;
13050:000;
13051:000;
13052:000;
13053:000;
13054:000;
13055:000;
13056:000;
13057:000;
13058:000;
13059:000;
13060:000;
13061:000;
13062:000;
13063:000;
13064:000;
13065:000;
13066:000;
13067:000;
13068:000;
13069:000;
13070:000;
13071:000;
13072:000;
13073:000;
13074:000;
13075:000;
13076:000;
13077:000;
13078:000;
13079:000;
13080:000;
13081:000;
13082:000;
13083:000;
13084:000;
13085:000;
13086:000;
13087:000;
13088:000;
13089:000;
13090:000;
13091:000;
13092:000;
13093:000;
13094:000;
13095:000;
13096:000;
13097:000;
13098:000;
13099:005;
13100:005;
13101:005;
13102:005;
13103:005;
13104:005;
13105:001;
13106:001;
13107:001;
13108:005;
13109:005;
13110:001;
13111:001;
13112:001;
13113:005;
13114:005;
13115:000;
13116:000;
13117:000;
13118:000;
13119:000;
13120:000;
13121:000;
13122:005;
13123:005;
13124:005;
13125:005;
13126:005;
13127:005;
13128:005;
13129:005;
13130:005;
13131:005;
13132:005;
13133:005;
13134:005;
13135:005;
13136:000;
13137:000;
13138:000;
13139:000;
13140:000;
13141:000;
13142:000;
13143:000;
13144:000;
13145:000;
13146:000;
13147:000;
13148:000;
13149:000;
13150:000;
13151:000;
13152:000;
13153:000;
13154:000;
13155:000;
13156:000;
13157:000;
13158:000;
13159:000;
13160:000;
13161:000;
13162:000;
13163:000;
13164:000;
13165:000;
13166:000;
13167:000;
13168:000;
13169:000;
13170:000;
13171:000;
13172:000;
13173:000;
13174:000;
13175:000;
13176:000;
13177:000;
13178:000;
13179:000;
13180:000;
13181:000;
13182:000;
13183:000;
13184:000;
13185:000;
13186:000;
13187:000;
13188:000;
13189:000;
13190:000;
13191:000;
13192:000;
13193:000;
13194:000;
13195:000;
13196:000;
13197:000;
13198:000;
13199:000;
13200:000;
13201:000;
13202:000;
13203:000;
13204:000;
13205:000;
13206:000;
13207:000;
13208:000;
13209:000;
13210:000;
13211:000;
13212:000;
13213:000;
13214:000;
13215:000;
13216:000;
13217:000;
13218:000;
13219:000;
13220:000;
13221:000;
13222:000;
13223:000;
13224:000;
13225:000;
13226:000;
13227:000;
13228:000;
13229:000;
13230:000;
13231:000;
13232:000;
13233:000;
13234:000;
13235:000;
13236:000;
13237:000;
13238:000;
13239:000;
13240:000;
13241:000;
13242:000;
13243:000;
13244:000;
13245:000;
13246:000;
13247:000;
13248:000;
13249:000;
13250:000;
13251:000;
13252:000;
13253:000;
13254:000;
13255:000;
13256:000;
13257:000;
13258:000;
13259:000;
13260:000;
13261:000;
13262:000;
13263:000;
13264:000;
13265:000;
13266:000;
13267:000;
13268:000;
13269:000;
13270:000;
13271:000;
13272:000;
13273:000;
13274:000;
13275:000;
13276:000;
13277:000;
13278:000;
13279:000;
13280:000;
13281:000;
13282:000;
13283:000;
13284:000;
13285:000;
13286:000;
13287:000;
13288:000;
13289:000;
13290:000;
13291:000;
13292:000;
13293:000;
13294:000;
13295:000;
13296:000;
13297:000;
13298:000;
13299:000;
13300:000;
13301:000;
13302:000;
13303:000;
13304:000;
13305:000;
13306:000;
13307:000;
13308:000;
13309:000;
13310:000;
13311:000;
13312:000;
13313:000;
13314:000;
13315:000;
13316:000;
13317:000;
13318:000;
13319:000;
13320:000;
13321:000;
13322:000;
13323:000;
13324:000;
13325:000;
13326:000;
13327:000;
13328:000;
13329:000;
13330:000;
13331:000;
13332:000;
13333:000;
13334:000;
13335:000;
13336:000;
13337:000;
13338:000;
13339:000;
13340:005;
13341:005;
13342:005;
13343:005;
13344:005;
13345:001;
13346:001;
13347:001;
13348:001;
13349:001;
13350:001;
13351:001;
13352:005;
13353:005;
13354:005;
13355:000;
13356:000;
13357:000;
13358:000;
13359:000;
13360:000;
13361:000;
13362:000;
13363:005;
13364:005;
13365:005;
13366:005;
13367:000;
13368:005;
13369:005;
13370:005;
13371:005;
13372:000;
13373:000;
13374:000;
13375:000;
13376:000;
13377:000;
13378:000;
13379:000;
13380:000;
13381:000;
13382:000;
13383:000;
13384:000;
13385:000;
13386:000;
13387:000;
13388:000;
13389:000;
13390:000;
13391:000;
13392:000;
13393:000;
13394:000;
13395:000;
13396:000;
13397:000;
13398:000;
13399:000;
13400:000;
13401:000;
13402:000;
13403:000;
13404:000;
13405:000;
13406:000;
13407:000;
13408:000;
13409:000;
13410:000;
13411:000;
13412:000;
13413:000;
13414:000;
13415:000;
13416:000;
13417:000;
13418:000;
13419:000;
13420:000;
13421:000;
13422:000;
13423:000;
13424:000;
13425:000;
13426:000;
13427:000;
13428:000;
13429:000;
13430:000;
13431:000;
13432:000;
13433:000;
13434:000;
13435:000;
13436:000;
13437:000;
13438:000;
13439:000;
13440:000;
13441:000;
13442:000;
13443:000;
13444:000;
13445:000;
13446:000;
13447:000;
13448:000;
13449:000;
13450:000;
13451:000;
13452:000;
13453:000;
13454:000;
13455:000;
13456:000;
13457:000;
13458:000;
13459:000;
13460:000;
13461:000;
13462:000;
13463:000;
13464:000;
13465:000;
13466:000;
13467:000;
13468:000;
13469:000;
13470:000;
13471:000;
13472:000;
13473:000;
13474:000;
13475:000;
13476:000;
13477:000;
13478:000;
13479:000;
13480:000;
13481:000;
13482:000;
13483:000;
13484:000;
13485:000;
13486:000;
13487:000;
13488:000;
13489:000;
13490:000;
13491:000;
13492:000;
13493:000;
13494:000;
13495:000;
13496:000;
13497:000;
13498:000;
13499:000;
13500:000;
13501:000;
13502:000;
13503:000;
13504:000;
13505:000;
13506:000;
13507:000;
13508:000;
13509:000;
13510:000;
13511:000;
13512:000;
13513:000;
13514:000;
13515:000;
13516:000;
13517:000;
13518:000;
13519:000;
13520:000;
13521:000;
13522:000;
13523:000;
13524:000;
13525:000;
13526:000;
13527:000;
13528:000;
13529:000;
13530:000;
13531:000;
13532:000;
13533:000;
13534:000;
13535:000;
13536:000;
13537:000;
13538:000;
13539:000;
13540:000;
13541:000;
13542:000;
13543:000;
13544:000;
13545:000;
13546:000;
13547:000;
13548:000;
13549:000;
13550:000;
13551:000;
13552:000;
13553:000;
13554:000;
13555:000;
13556:000;
13557:000;
13558:000;
13559:000;
13560:000;
13561:000;
13562:000;
13563:000;
13564:000;
13565:000;
13566:000;
13567:000;
13568:000;
13569:000;
13570:000;
13571:000;
13572:000;
13573:000;
13574:000;
13575:000;
13576:000;
13577:000;
13578:000;
13579:000;
13580:000;
13581:000;
13582:000;
13583:005;
13584:005;
13585:005;
13586:001;
13587:001;
13588:001;
13589:001;
13590:001;
13591:001;
13592:005;
13593:005;
13594:000;
13595:000;
13596:000;
13597:000;
13598:000;
13599:000;
13600:000;
13601:000;
13602:000;
13603:000;
13604:000;
13605:000;
13606:000;
13607:000;
13608:000;
13609:000;
13610:000;
13611:000;
13612:000;
13613:000;
13614:000;
13615:000;
13616:000;
13617:000;
13618:000;
13619:000;
13620:000;
13621:000;
13622:000;
13623:000;
13624:000;
13625:000;
13626:000;
13627:000;
13628:000;
13629:000;
13630:000;
13631:000;
13632:000;
13633:000;
13634:000;
13635:000;
13636:000;
13637:000;
13638:000;
13639:000;
13640:000;
13641:000;
13642:000;
13643:000;
13644:000;
13645:000;
13646:000;
13647:000;
13648:000;
13649:000;
13650:000;
13651:000;
13652:000;
13653:000;
13654:000;
13655:000;
13656:000;
13657:000;
13658:000;
13659:000;
13660:000;
13661:000;
13662:000;
13663:000;
13664:000;
13665:000;
13666:000;
13667:000;
13668:000;
13669:000;
13670:000;
13671:000;
13672:000;
13673:000;
13674:000;
13675:000;
13676:000;
13677:000;
13678:000;
13679:000;
13680:000;
13681:000;
13682:000;
13683:000;
13684:000;
13685:000;
13686:000;
13687:000;
13688:000;
13689:000;
13690:000;
13691:000;
13692:000;
13693:000;
13694:000;
13695:000;
13696:000;
13697:000;
13698:000;
13699:000;
13700:000;
13701:000;
13702:000;
13703:000;
13704:000;
13705:000;
13706:000;
13707:000;
13708:000;
13709:000;
13710:000;
13711:000;
13712:000;
13713:000;
13714:000;
13715:000;
13716:000;
13717:000;
13718:000;
13719:000;
13720:000;
13721:000;
13722:000;
13723:000;
13724:000;
13725:000;
13726:000;
13727:000;
13728:000;
13729:000;
13730:000;
13731:000;
13732:000;
13733:000;
13734:000;
13735:000;
13736:000;
13737:000;
13738:000;
13739:000;
13740:000;
13741:000;
13742:000;
13743:000;
13744:000;
13745:000;
13746:000;
13747:000;
13748:000;
13749:000;
13750:000;
13751:000;
13752:000;
13753:000;
13754:000;
13755:000;
13756:000;
13757:000;
13758:000;
13759:000;
13760:000;
13761:000;
13762:000;
13763:000;
13764:000;
13765:000;
13766:000;
13767:000;
13768:000;
13769:000;
13770:000;
13771:000;
13772:000;
13773:000;
13774:000;
13775:000;
13776:000;
13777:000;
13778:000;
13779:000;
13780:000;
13781:000;
13782:000;
13783:000;
13784:000;
13785:000;
13786:000;
13787:000;
13788:000;
13789:000;
13790:000;
13791:000;
13792:000;
13793:000;
13794:000;
13795:000;
13796:000;
13797:000;
13798:000;
13799:000;
13800:000;
13801:000;
13802:000;
13803:000;
13804:000;
13805:000;
13806:000;
13807:000;
13808:000;
13809:000;
13810:000;
13811:000;
13812:000;
13813:000;
13814:000;
13815:000;
13816:000;
13817:000;
13818:000;
13819:000;
13820:000;
13821:000;
13822:000;
13823:000;
13824:005;
13825:005;
13826:005;
13827:005;
13828:005;
13829:005;
13830:005;
13831:005;
13832:005;
13833:005;
13834:000;
13835:000;
13836:000;
13837:000;
13838:000;
13839:000;
13840:000;
13841:000;
13842:000;
13843:000;
13844:000;
13845:000;
13846:000;
13847:000;
13848:000;
13849:000;
13850:000;
13851:000;
13852:000;
13853:000;
13854:000;
13855:000;
13856:000;
13857:000;
13858:000;
13859:000;
13860:000;
13861:000;
13862:000;
13863:000;
13864:000;
13865:000;
13866:000;
13867:000;
13868:000;
13869:000;
13870:000;
13871:000;
13872:000;
13873:000;
13874:000;
13875:000;
13876:000;
13877:000;
13878:000;
13879:000;
13880:000;
13881:000;
13882:000;
13883:000;
13884:000;
13885:000;
13886:000;
13887:000;
13888:000;
13889:000;
13890:000;
13891:000;
13892:000;
13893:000;
13894:000;
13895:000;
13896:000;
13897:000;
13898:000;
13899:000;
13900:000;
13901:000;
13902:000;
13903:000;
13904:000;
13905:000;
13906:000;
13907:000;
13908:000;
13909:000;
13910:000;
13911:000;
13912:000;
13913:000;
13914:000;
13915:000;
13916:000;
13917:000;
13918:000;
13919:000;
13920:000;
13921:000;
13922:000;
13923:000;
13924:000;
13925:000;
13926:000;
13927:000;
13928:000;
13929:000;
13930:000;
13931:000;
13932:000;
13933:000;
13934:000;
13935:000;
13936:000;
13937:000;
13938:000;
13939:000;
13940:000;
13941:000;
13942:000;
13943:000;
13944:000;
13945:000;
13946:000;
13947:000;
13948:000;
13949:000;
13950:000;
13951:000;
13952:000;
13953:000;
13954:000;
13955:000;
13956:000;
13957:000;
13958:000;
13959:000;
13960:000;
13961:000;
13962:000;
13963:000;
13964:000;
13965:000;
13966:000;
13967:000;
13968:000;
13969:000;
13970:000;
13971:000;
13972:000;
13973:000;
13974:000;
13975:000;
13976:000;
13977:000;
13978:000;
13979:000;
13980:000;
13981:000;
13982:000;
13983:000;
13984:000;
13985:000;
13986:000;
13987:000;
13988:000;
13989:000;
13990:000;
13991:000;
13992:000;
13993:000;
13994:000;
13995:000;
13996:000;
13997:000;
13998:000;
13999:000;
14000:000;
14001:000;
14002:000;
14003:000;
14004:000;
14005:000;
14006:000;
14007:000;
14008:000;
14009:000;
14010:000;
14011:000;
14012:000;
14013:000;
14014:000;
14015:000;
14016:000;
14017:000;
14018:000;
14019:000;
14020:000;
14021:000;
14022:000;
14023:000;
14024:000;
14025:000;
14026:000;
14027:000;
14028:000;
14029:000;
14030:000;
14031:000;
14032:000;
14033:000;
14034:000;
14035:000;
14036:000;
14037:000;
14038:000;
14039:000;
14040:000;
14041:000;
14042:000;
14043:000;
14044:000;
14045:000;
14046:000;
14047:000;
14048:000;
14049:000;
14050:000;
14051:000;
14052:000;
14053:000;
14054:000;
14055:000;
14056:000;
14057:000;
14058:000;
14059:000;
14060:000;
14061:000;
14062:000;
14063:000;
14064:000;
14065:005;
14066:005;
14067:005;
14068:005;
14069:005;
14070:005;
14071:005;
14072:005;
14073:000;
14074:000;
14075:000;
14076:000;
14077:000;
14078:000;
14079:000;
14080:000;
14081:000;
14082:000;
14083:000;
14084:000;
14085:000;
14086:000;
14087:000;
14088:000;
14089:000;
14090:000;
14091:000;
14092:000;
14093:000;
14094:000;
14095:000;
14096:000;
14097:000;
14098:000;
14099:000;
14100:000;
14101:000;
14102:000;
14103:000;
14104:000;
14105:000;
14106:000;
14107:000;
14108:000;
14109:000;
14110:000;
14111:000;
14112:000;
14113:000;
14114:000;
14115:000;
14116:000;
14117:000;
14118:000;
14119:000;
14120:000;
14121:000;
14122:000;
14123:000;
14124:000;
14125:000;
14126:000;
14127:000;
14128:000;
14129:000;
14130:000;
14131:000;
14132:000;
14133:000;
14134:000;
14135:000;
14136:000;
14137:000;
14138:000;
14139:000;
14140:000;
14141:000;
14142:000;
14143:000;
14144:000;
14145:000;
14146:000;
14147:000;
14148:000;
14149:000;
14150:000;
14151:000;
14152:000;
14153:000;
14154:000;
14155:000;
14156:000;
14157:000;
14158:000;
14159:000;
14160:000;
14161:000;
14162:000;
14163:000;
14164:000;
14165:000;
14166:000;
14167:000;
14168:000;
14169:000;
14170:000;
14171:000;
14172:000;
14173:000;
14174:000;
14175:000;
14176:000;
14177:000;
14178:000;
14179:000;
14180:000;
14181:000;
14182:000;
14183:000;
14184:000;
14185:000;
14186:000;
14187:000;
14188:000;
14189:000;
14190:000;
14191:000;
14192:000;
14193:000;
14194:000;
14195:000;
14196:000;
14197:000;
14198:000;
14199:000;
14200:000;
14201:000;
14202:000;
14203:000;
14204:000;
14205:000;
14206:000;
14207:000;
14208:000;
14209:000;
14210:000;
14211:000;
14212:000;
14213:000;
14214:000;
14215:000;
14216:000;
14217:000;
14218:000;
14219:000;
14220:000;
14221:000;
14222:000;
14223:000;
14224:000;
14225:000;
14226:000;
14227:000;
14228:000;
14229:000;
14230:000;
14231:000;
14232:000;
14233:000;
14234:000;
14235:000;
14236:000;
14237:000;
14238:000;
14239:000;
14240:000;
14241:000;
14242:000;
14243:000;
14244:000;
14245:000;
14246:000;
14247:000;
14248:000;
14249:000;
14250:000;
14251:000;
14252:000;
14253:000;
14254:000;
14255:000;
14256:000;
14257:000;
14258:000;
14259:000;
14260:000;
14261:000;
14262:000;
14263:000;
14264:000;
14265:000;
14266:000;
14267:000;
14268:000;
14269:000;
14270:000;
14271:000;
14272:000;
14273:000;
14274:000;
14275:000;
14276:000;
14277:000;
14278:000;
14279:000;
14280:000;
14281:000;
14282:000;
14283:000;
14284:000;
14285:000;
14286:000;
14287:000;
14288:000;
14289:000;
14290:000;
14291:000;
14292:000;
14293:000;
14294:000;
14295:000;
14296:000;
14297:000;
14298:000;
14299:000;
14300:000;
14301:000;
14302:000;
14303:000;
14304:000;
14305:000;
14306:000;
14307:000;
14308:000;
14309:000;
14310:000;
14311:000;
14312:000;
14313:000;
14314:000;
14315:000;
14316:000;
14317:000;
14318:000;
14319:000;
14320:000;
14321:000;
14322:000;
14323:000;
14324:000;
14325:000;
14326:000;
14327:000;
14328:000;
14329:000;
14330:000;
14331:000;
14332:000;
14333:000;
14334:000;
14335:000;
14336:000;
14337:000;
14338:000;
14339:000;
14340:000;
14341:000;
14342:000;
14343:000;
14344:000;
14345:000;
14346:000;
14347:000;
14348:000;
14349:000;
14350:000;
14351:000;
14352:000;
14353:000;
14354:000;
14355:000;
14356:000;
14357:000;
14358:000;
14359:000;
14360:000;
14361:000;
14362:000;
14363:000;
14364:000;
14365:000;
14366:000;
14367:000;
14368:000;
14369:000;
14370:000;
14371:000;
14372:000;
14373:000;
14374:000;
14375:000;
14376:000;
14377:000;
14378:000;
14379:000;
14380:000;
14381:000;
14382:000;
14383:000;
14384:000;
14385:000;
14386:000;
14387:000;
14388:000;
14389:000;
14390:000;
14391:000;
14392:000;
14393:000;
14394:000;
14395:000;
14396:000;
14397:000;
14398:000;
14399:000;
END;
